gamekey,date,seasontype,season,week,team,opponent,home_away,points_for,points_against,totalscore,stadium,scorequarter1,scorequarter2,scorequarter3,scorequarter4,scoreovertime,timeofpossessionminutes,timeofpossessionseconds,timeofpossession,firstdowns,firstdownsbyrushing,firstdownsbypassing,firstdownsbypenalty,offensiveplays,offensiveyards,offensiveyardsperplay,touchdowns,rushingattempts,rushingyards,rushingyardsperattempt,rushingtouchdowns,passingattempts,passingcompletions,passingyards,passingtouchdowns,passinginterceptions,passingyardsperattempt,passingyardspercompletion,completionpercentage,passerrating,thirddownattempts,thirddownconversions,thirddownpercentage,fourthdownattempts,fourthdownconversions,fourthdownpercentage,redzoneattempts,redzoneconversions,goaltogoattempts,goaltogoconversions,penalties,penaltyyards,fumbles,fumbleslost,timessacked,timessackedyards,quarterbackhits,tacklesforloss,punts,puntyards,puntaverage,giveaways,takeaways,turnoverdifferential,opponentscorequarter1,opponentscorequarter2,opponentscorequarter3,opponentscorequarter4,opponentscoreovertime,opponenttimeofpossessionminutes,opponenttimeofpossessionseconds,opponenttimeofpossession,opponentfirstdowns,opponentfirstdownsbyrushing,opponentfirstdownsbypassing,opponentfirstdownsbypenalty,opponentoffensiveplays,opponentoffensiveyards,opponentoffensiveyardsperplay,opponenttouchdowns,opponentrushingattempts,opponentrushingyards,opponentrushingyardsperattempt,opponentrushingtouchdowns,opponentpassingattempts,opponentpassingcompletions,opponentpassingyards,opponentpassingtouchdowns,opponentpassinginterceptions,opponentpassingyardsperattempt,opponentpassingyardspercompletion,opponentcompletionpercentage,opponentpasserrating,opponentthirddownattempts,opponentthirddownconversions,opponentthirddownpercentage,opponentfourthdownattempts,opponentfourthdownconversions,opponentfourthdownpercentage,opponentredzoneattempts,opponentredzoneconversions,opponentgoaltogoattempts,opponentgoaltogoconversions,opponentpenalties,opponentpenaltyyards,opponentfumbles,opponentfumbleslost,opponenttimessacked,opponenttimessackedyards,opponentquarterbackhits,opponenttacklesforloss,opponentpunts,opponentpuntyards,opponentpuntaverage,opponentgiveaways,opponenttakeaways,opponentturnoverdifferential,redzonepercentage,goaltogopercentage,opponentredzonepercentage,opponentgoaltogopercentage,extrapointkickingattempts,extrapointkickingconversions,extrapointshadblocked,extrapointpassingattempts,extrapointpassingconversions,extrapointrushingattempts,extrapointrushingconversions,fieldgoalattempts,fieldgoalsmade,opponentextrapointkickingattempts,opponentextrapointkickingconversions,opponentextrapointshadblocked,opponentextrapointpassingattempts,opponentextrapointpassingconversions,opponentextrapointrushingattempts,opponentextrapointrushingconversions,opponentfieldgoalattempts,opponentfieldgoalsmade,solotackles,assistedtackles,sacks,sackyards,passesdefended,fumblesforced,fumblesrecovered,opponentsolotackles,opponentassistedtackles,opponentsacks,opponentsackyards,opponentpassesdefended,opponentfumblesforced,opponentfumblesrecovered,dayofweek,teamgameid,teamid,opponentid,scoreid,point_diff,win,turnover_diff,third_down_pct,home,off_epa_per_play,off_success_rate,off_dropback_epa,off_rush_epa,def_epa_per_play,def_success_rate,def_dropback_epa_against,def_rush_epa_against,rolling_points_for_3,rolling_points_against_3,rolling_point_diff_3,rolling_yards_total_3,rolling_yards_allowed_3,rolling_turnover_diff_3,rolling_third_down_pct_3,rolling_win_rate_5,cumulative_points_for,cumulative_points_against,cumulative_wins,off_epa_per_play_rolling_3,off_success_rate_rolling_3,off_dropback_epa_rolling_3,off_rush_epa_rolling_3,def_epa_per_play_rolling_3,def_success_rate_rolling_3,def_dropback_epa_against_rolling_3,def_rush_epa_against_rolling_3,off_epa_per_play_rolling_5,def_epa_per_play_rolling_5,opp_gamekey,opp_date,opp_seasontype,opp_season,opp_week,opp_team,opp_opponent,opp_home_away,opp_points_for,opp_points_against,opp_totalscore,opp_stadium,opp_scorequarter1,opp_scorequarter2,opp_scorequarter3,opp_scorequarter4,opp_scoreovertime,opp_timeofpossessionminutes,opp_timeofpossessionseconds,opp_timeofpossession,opp_firstdowns,opp_firstdownsbyrushing,opp_firstdownsbypassing,opp_firstdownsbypenalty,opp_offensiveplays,opp_offensiveyards,opp_offensiveyardsperplay,opp_touchdowns,opp_rushingattempts,opp_rushingyards,opp_rushingyardsperattempt,opp_rushingtouchdowns,opp_passingattempts,opp_passingcompletions,opp_passingyards,opp_passingtouchdowns,opp_passinginterceptions,opp_passingyardsperattempt,opp_passingyardspercompletion,opp_completionpercentage,opp_passerrating,opp_thirddownattempts,opp_thirddownconversions,opp_thirddownpercentage,opp_fourthdownattempts,opp_fourthdownconversions,opp_fourthdownpercentage,opp_redzoneattempts,opp_redzoneconversions,opp_goaltogoattempts,opp_goaltogoconversions,opp_penalties,opp_penaltyyards,opp_fumbles,opp_fumbleslost,opp_timessacked,opp_timessackedyards,opp_quarterbackhits,opp_tacklesforloss,opp_punts,opp_puntyards,opp_puntaverage,opp_giveaways,opp_takeaways,opp_turnoverdifferential,opp_opponentscorequarter1,opp_opponentscorequarter2,opp_opponentscorequarter3,opp_opponentscorequarter4,opp_opponentscoreovertime,opp_opponenttimeofpossessionminutes,opp_opponenttimeofpossessionseconds,opp_opponenttimeofpossession,opp_opponentfirstdowns,opp_opponentfirstdownsbyrushing,opp_opponentfirstdownsbypassing,opp_opponentfirstdownsbypenalty,opp_opponentoffensiveplays,opp_opponentoffensiveyards,opp_opponentoffensiveyardsperplay,opp_opponenttouchdowns,opp_opponentrushingattempts,opp_opponentrushingyards,opp_opponentrushingyardsperattempt,opp_opponentrushingtouchdowns,opp_opponentpassingattempts,opp_opponentpassingcompletions,opp_opponentpassingyards,opp_opponentpassingtouchdowns,opp_opponentpassinginterceptions,opp_opponentpassingyardsperattempt,opp_opponentpassingyardspercompletion,opp_opponentcompletionpercentage,opp_opponentpasserrating,opp_opponentthirddownattempts,opp_opponentthirddownconversions,opp_opponentthirddownpercentage,opp_opponentfourthdownattempts,opp_opponentfourthdownconversions,opp_opponentfourthdownpercentage,opp_opponentredzoneattempts,opp_opponentredzoneconversions,opp_opponentgoaltogoattempts,opp_opponentgoaltogoconversions,opp_opponentpenalties,opp_opponentpenaltyyards,opp_opponentfumbles,opp_opponentfumbleslost,opp_opponenttimessacked,opp_opponenttimessackedyards,opp_opponentquarterbackhits,opp_opponenttacklesforloss,opp_opponentpunts,opp_opponentpuntyards,opp_opponentpuntaverage,opp_opponentgiveaways,opp_opponenttakeaways,opp_opponentturnoverdifferential,opp_redzonepercentage,opp_goaltogopercentage,opp_opponentredzonepercentage,opp_opponentgoaltogopercentage,opp_extrapointkickingattempts,opp_extrapointkickingconversions,opp_extrapointshadblocked,opp_extrapointpassingattempts,opp_extrapointpassingconversions,opp_extrapointrushingattempts,opp_extrapointrushingconversions,opp_fieldgoalattempts,opp_fieldgoalsmade,opp_opponentextrapointkickingattempts,opp_opponentextrapointkickingconversions,opp_opponentextrapointshadblocked,opp_opponentextrapointpassingattempts,opp_opponentextrapointpassingconversions,opp_opponentextrapointrushingattempts,opp_opponentextrapointrushingconversions,opp_opponentfieldgoalattempts,opp_opponentfieldgoalsmade,opp_solotackles,opp_assistedtackles,opp_sacks,opp_sackyards,opp_passesdefended,opp_fumblesforced,opp_fumblesrecovered,opp_opponentsolotackles,opp_opponentassistedtackles,opp_opponentsacks,opp_opponentsackyards,opp_opponentpassesdefended,opp_opponentfumblesforced,opp_opponentfumblesrecovered,opp_dayofweek,opp_teamgameid,opp_teamid,opp_opponentid,opp_scoreid,opp_point_diff,opp_win,opp_turnover_diff,opp_third_down_pct,opp_home,opp_off_epa_per_play,opp_off_success_rate,opp_off_dropback_epa,opp_off_rush_epa,opp_def_epa_per_play,opp_def_success_rate,opp_def_dropback_epa_against,opp_def_rush_epa_against,opp_rolling_points_for_3,opp_rolling_points_against_3,opp_rolling_point_diff_3,opp_rolling_yards_total_3,opp_rolling_yards_allowed_3,opp_rolling_turnover_diff_3,opp_rolling_third_down_pct_3,opp_rolling_win_rate_5,opp_cumulative_points_for,opp_cumulative_points_against,opp_cumulative_wins,opp_off_epa_per_play_rolling_3,opp_off_success_rate_rolling_3,opp_off_dropback_epa_rolling_3,opp_off_rush_epa_rolling_3,opp_def_epa_per_play_rolling_3,opp_def_success_rate_rolling_3,opp_def_dropback_epa_against_rolling_3,opp_def_rush_epa_against_rolling_3,opp_off_epa_per_play_rolling_5,opp_def_epa_per_play_rolling_5,strength_diff_rolling_point_diff_3,strength_sum_rolling_point_diff_3,strength_diff_rolling_win_rate_5,strength_sum_rolling_win_rate_5,strength_diff_rolling_yards_total_3,strength_sum_rolling_yards_total_3,strength_diff_rolling_yards_allowed_3,strength_sum_rolling_yards_allowed_3,strength_diff_cumulative_points_for,strength_sum_cumulative_points_for,strength_diff_cumulative_points_against,strength_sum_cumulative_points_against,strength_diff_cumulative_wins,strength_sum_cumulative_wins,epa_off_diff_rolling_3,epa_def_diff_rolling_3
202410116.0,2024-09-05T20:40:00,1,2024,1,KC,BAL,HOME,27.0,20.0,47.0,Arrowhead Stadium,7.0,6.0,7.0,7.0,0.0,,,26:17,,,,,,,,,,,,,,,,,,,,,,,,,,,,,,,,,,,,,,,,,,,,,,7.0,3.0,0.0,10.0,0.0,,,33:43,,,,,,,,,,,,,,,,,,,,,,,,,,,,,,,,,,,,,,,,,,,,,,,,,,,,,,,,,,,,,,,,,,,,,,,,,,,,,,,,,,Thursday,993004448,16,3,,7.0,1,,,,,,,,,,,,,,,,,,,,,,,,,,,,,,,,,202410116.0,2024-09-05T20:40:00,1,2024,1,BAL,KC,AWAY,20.0,27.0,47.0,Arrowhead Stadium,7.0,3.0,0.0,10.0,0.0,,,33:43,,,,,,,,,,,,,,,,,,,,,,,,,,,,,,,,,,,,,,,,,,,,,,7.0,6.0,7.0,7.0,0.0,,,26:17,,,,,,,,,,,,,,,,,,,,,,,,,,,,,,,,,,,,,,,,,,,,,,,,,,,,,,,,,,,,,,,,,,,,,,,,,,,,,,,,,,Thursday,993004447,3,16,,-7.0,0,,,,,,,,,,,,,,,,,,,,,,,,,,,,,,,,,,,,,,,,,,,,,,,,
202410126.0,2024-09-06T20:15:00,1,2024,1,PHI,GB,HOME,34.0,29.0,63.0,Arena Corinthians,0.0,17.0,14.0,3.0,0.0,,,32:47,,,,,,,,,,,,,,,,,,,,,,,,,,,,,,,,,,,,,,,,,,,,,,6.0,13.0,7.0,3.0,0.0,,,27:13,,,,,,,,,,,,,,,,,,,,,,,,,,,,,,,,,,,,,,,,,,,,,,,,,,,,,,,,,,,,,,,,,,,,,,,,,,,,,,,,,,Friday,993004450,26,12,,5.0,1,,,,,,,,,,,,,,,,,,,,,,,,,,,,,,,,,202410126.0,2024-09-06T20:15:00,1,2024,1,GB,PHI,AWAY,29.0,34.0,63.0,Arena Corinthians,6.0,13.0,7.0,3.0,0.0,,,27:13,,,,,,,,,,,,,,,,,,,,,,,,,,,,,,,,,,,,,,,,,,,,,,0.0,17.0,14.0,3.0,0.0,,,32:47,,,,,,,,,,,,,,,,,,,,,,,,,,,,,,,,,,,,,,,,,,,,,,,,,,,,,,,,,,,,,,,,,,,,,,,,,,,,,,,,,,Friday,993004449,12,26,,-5.0,0,,,,,,,,,,,,,,,,,,,,,,,,,,,,,,,,,,,,,,,,,,,,,,,,
202410123.0,2024-09-08T13:00:00,1,2024,1,NYG,MIN,HOME,6.0,28.0,34.0,MetLife Stadium,3.0,0.0,3.0,0.0,0.0,,,32:26,,,,,,,,,,,,,,,,,,,,,,,,,,,,,,,,,,,,,,,,,,,,,,7.0,7.0,14.0,0.0,0.0,,,27:34,,,,,,,,,,,,,,,,,,,,,,,,,,,,,,,,,,,,,,,,,,,,,,,,,,,,,,,,,,,,,,,,,,,,,,,,,,,,,,,,,,Sunday,993004452,23,20,,-22.0,0,,,,,,,,,,,,,,,,,,,,,,,,,,,,,,,,,202410123.0,2024-09-08T13:00:00,1,2024,1,MIN,NYG,AWAY,28.0,6.0,34.0,MetLife Stadium,7.0,7.0,14.0,0.0,0.0,,,27:34,,,,,,,,,,,,,,,,,,,,,,,,,,,,,,,,,,,,,,,,,,,,,,3.0,0.0,3.0,0.0,0.0,,,32:26,,,,,,,,,,,,,,,,,,,,,,,,,,,,,,,,,,,,,,,,,,,,,,,,,,,,,,,,,,,,,,,,,,,,,,,,,,,,,,,,,,Sunday,993004451,20,23,,22.0,1,,,,,,,,,,,,,,,,,,,,,,,,,,,,,,,,,,,,,,,,,,,,,,,,
202410107.0,2024-09-08T13:00:00,1,2024,1,CIN,NE,HOME,10.0,16.0,26.0,Paycor Stadium,0.0,0.0,7.0,3.0,0.0,,,25:57,,,,,,,,,,,,,,,,,,,,,,,,,,,,,,,,,,,,,,,,,,,,,,0.0,10.0,3.0,3.0,0.0,,,34:03,,,,,,,,,,,,,,,,,,,,,,,,,,,,,,,,,,,,,,,,,,,,,,,,,,,,,,,,,,,,,,,,,,,,,,,,,,,,,,,,,,Sunday,993004462,7,21,,-6.0,0,,,,,,,,,,,,,,,,,,,,,,,,,,,,,,,,,202410107.0,2024-09-08T13:00:00,1,2024,1,NE,CIN,AWAY,16.0,10.0,26.0,Paycor Stadium,0.0,10.0,3.0,3.0,0.0,,,34:03,,,,,,,,,,,,,,,,,,,,,,,,,,,,,,,,,,,,,,,,,,,,,,0.0,0.0,7.0,3.0,0.0,,,25:57,,,,,,,,,,,,,,,,,,,,,,,,,,,,,,,,,,,,,,,,,,,,,,,,,,,,,,,,,,,,,,,,,,,,,,,,,,,,,,,,,,Sunday,993004461,21,7,,6.0,1,,,,,,,,,,,,,,,,,,,,,,,,,,,,,,,,,,,,,,,,,,,,,,,,
202410122.0,2024-09-08T13:00:00,1,2024,1,NO,CAR,HOME,47.0,10.0,57.0,Caesars Superdome,17.0,13.0,7.0,10.0,0.0,,,36:39,,,,,,,,,,,,,,,,,,,,,,,,,,,,,,,,,,,,,,,,,,,,,,0.0,3.0,7.0,0.0,0.0,,,23:21,,,,,,,,,,,,,,,,,,,,,,,,,,,,,,,,,,,,,,,,,,,,,,,,,,,,,,,,,,,,,,,,,,,,,,,,,,,,,,,,,,Sunday,993004460,22,5,,37.0,1,,,,,,,,,,,,,,,,,,,,,,,,,,,,,,,,,202410122.0,2024-09-08T13:00:00,1,2024,1,CAR,NO,AWAY,10.0,47.0,57.0,Caesars Superdome,0.0,3.0,7.0,0.0,0.0,,,23:21,,,,,,,,,,,,,,,,,,,,,,,,,,,,,,,,,,,,,,,,,,,,,,17.0,13.0,7.0,10.0,0.0,,,36:39,,,,,,,,,,,,,,,,,,,,,,,,,,,,,,,,,,,,,,,,,,,,,,,,,,,,,,,,,,,,,,,,,,,,,,,,,,,,,,,,,,Sunday,993004459,5,22,,-37.0,0,,,,,,,,,,,,,,,,,,,,,,,,,,,,,,,,,,,,,,,,,,,,,,,,
202410114.0,2024-09-08T13:00:00,1,2024,1,IND,HOU,HOME,27.0,29.0,56.0,Lucas Oil Stadium,7.0,0.0,6.0,14.0,0.0,,,20:00,,,,,,,,,,,,,,,,,,,,,,,,,,,,,,,,,,,,,,,,,,,,,,6.0,6.0,3.0,14.0,0.0,,,40:00,,,,,,,,,,,,,,,,,,,,,,,,,,,,,,,,,,,,,,,,,,,,,,,,,,,,,,,,,,,,,,,,,,,,,,,,,,,,,,,,,,Sunday,993004464,14,13,,-2.0,0,,,,,,,,,,,,,,,,,,,,,,,,,,,,,,,,,202410114.0,2024-09-08T13:00:00,1,2024,1,HOU,IND,AWAY,29.0,27.0,56.0,Lucas Oil Stadium,6.0,6.0,3.0,14.0,0.0,,,40:00,,,,,,,,,,,,,,,,,,,,,,,,,,,,,,,,,,,,,,,,,,,,,,7.0,0.0,6.0,14.0,0.0,,,20:00,,,,,,,,,,,,,,,,,,,,,,,,,,,,,,,,,,,,,,,,,,,,,,,,,,,,,,,,,,,,,,,,,,,,,,,,,,,,,,,,,,Sunday,993004463,13,14,,2.0,1,,,,,,,,,,,,,,,,,,,,,,,,,,,,,,,,,,,,,,,,,,,,,,,,
202410106.0,2024-09-08T13:00:00,1,2024,1,CHI,TEN,HOME,24.0,17.0,41.0,Soldier Field,0.0,3.0,7.0,14.0,0.0,,,25:06,,,,,,,,,,,,,,,,,,,,,,,,,,,,,,,,,,,,,,,,,,,,,,7.0,10.0,0.0,0.0,0.0,,,34:54,,,,,,,,,,,,,,,,,,,,,,,,,,,,,,,,,,,,,,,,,,,,,,,,,,,,,,,,,,,,,,,,,,,,,,,,,,,,,,,,,,Sunday,993004454,6,34,,7.0,1,,,,,,,,,,,,,,,,,,,,,,,,,,,,,,,,,202410106.0,2024-09-08T13:00:00,1,2024,1,TEN,CHI,AWAY,17.0,24.0,41.0,Soldier Field,7.0,10.0,0.0,0.0,0.0,,,34:54,,,,,,,,,,,,,,,,,,,,,,,,,,,,,,,,,,,,,,,,,,,,,,0.0,3.0,7.0,14.0,0.0,,,25:06,,,,,,,,,,,,,,,,,,,,,,,,,,,,,,,,,,,,,,,,,,,,,,,,,,,,,,,,,,,,,,,,,,,,,,,,,,,,,,,,,,Sunday,993004453,34,6,,-7.0,0,,,,,,,,,,,,,,,,,,,,,,,,,,,,,,,,,,,,,,,,,,,,,,,,
202410104.0,2024-09-08T13:00:00,1,2024,1,BUF,ARI,HOME,34.0,28.0,62.0,Highmark Stadium,0.0,10.0,14.0,10.0,0.0,,,30:30,,,,,,,,,,,,,,,,,,,,,,,,,,,,,,,,,,,,,,,,,,,,,,7.0,10.0,0.0,11.0,0.0,,,29:30,,,,,,,,,,,,,,,,,,,,,,,,,,,,,,,,,,,,,,,,,,,,,,,,,,,,,,,,,,,,,,,,,,,,,,,,,,,,,,,,,,Sunday,993004466,4,1,,6.0,1,,,,,,,,,,,,,,,,,,,,,,,,,,,,,,,,,202410104.0,2024-09-08T13:00:00,1,2024,1,ARI,BUF,AWAY,28.0,34.0,62.0,Highmark Stadium,7.0,10.0,0.0,11.0,0.0,,,29:30,,,,,,,,,,,,,,,,,,,,,,,,,,,,,,,,,,,,,,,,,,,,,,0.0,10.0,14.0,10.0,0.0,,,30:30,,,,,,,,,,,,,,,,,,,,,,,,,,,,,,,,,,,,,,,,,,,,,,,,,,,,,,,,,,,,,,,,,,,,,,,,,,,,,,,,,,Sunday,993004465,1,4,,-6.0,0,,,,,,,,,,,,,,,,,,,,,,,,,,,,,,,,,,,,,,,,,,,,,,,,
202410102.0,2024-09-08T13:00:00,1,2024,1,ATL,PIT,HOME,10.0,18.0,28.0,Mercedes-Benz Stadium,3.0,7.0,0.0,0.0,0.0,,,24:24,,,,,,,,,,,,,,,,,,,,,,,,,,,,,,,,,,,,,,,,,,,,,,3.0,6.0,6.0,3.0,0.0,,,35:36,,,,,,,,,,,,,,,,,,,,,,,,,,,,,,,,,,,,,,,,,,,,,,,,,,,,,,,,,,,,,,,,,,,,,,,,,,,,,,,,,,Sunday,993004458,2,28,,-8.0,0,,,,,,,,,,,,,,,,,,,,,,,,,,,,,,,,,202410102.0,2024-09-08T13:00:00,1,2024,1,PIT,ATL,AWAY,18.0,10.0,28.0,Mercedes-Benz Stadium,3.0,6.0,6.0,3.0,0.0,,,35:36,,,,,,,,,,,,,,,,,,,,,,,,,,,,,,,,,,,,,,,,,,,,,,3.0,7.0,0.0,0.0,0.0,,,24:24,,,,,,,,,,,,,,,,,,,,,,,,,,,,,,,,,,,,,,,,,,,,,,,,,,,,,,,,,,,,,,,,,,,,,,,,,,,,,,,,,,Sunday,993004457,28,2,,8.0,1,,,,,,,,,,,,,,,,,,,,,,,,,,,,,,,,,,,,,,,,,,,,,,,,
202410119.0,2024-09-08T13:00:00,1,2024,1,MIA,JAX,HOME,20.0,17.0,37.0,Hard Rock Stadium,0.0,7.0,7.0,6.0,0.0,,,33:10,,,,,,,,,,,,,,,,,,,,,,,,,,,,,,,,,,,,,,,,,,,,,,7.0,10.0,0.0,0.0,0.0,,,26:50,,,,,,,,,,,,,,,,,,,,,,,,,,,,,,,,,,,,,,,,,,,,,,,,,,,,,,,,,,,,,,,,,,,,,,,,,,,,,,,,,,Sunday,993004456,19,15,,3.0,1,,,,,,,,,,,,,,,,,,,,,,,,,,,,,,,,,202410119.0,2024-09-08T13:00:00,1,2024,1,JAX,MIA,AWAY,17.0,20.0,37.0,Hard Rock Stadium,7.0,10.0,0.0,0.0,0.0,,,26:50,,,,,,,,,,,,,,,,,,,,,,,,,,,,,,,,,,,,,,,,,,,,,,0.0,7.0,7.0,6.0,0.0,,,33:10,,,,,,,,,,,,,,,,,,,,,,,,,,,,,,,,,,,,,,,,,,,,,,,,,,,,,,,,,,,,,,,,,,,,,,,,,,,,,,,,,,Sunday,993004455,15,19,,-3.0,0,,,,,,,,,,,,,,,,,,,,,,,,,,,,,,,,,,,,,,,,,,,,,,,,
202410130.0,2024-09-08T16:05:00,1,2024,1,SEA,DEN,HOME,26.0,20.0,46.0,Lumen Field,3.0,6.0,10.0,7.0,0.0,,,28:46,,,,,,,,,,,,,,,,,,,,,,,,,,,,,,,,,,,,,,,,,,,,,,3.0,10.0,0.0,7.0,0.0,,,31:14,,,,,,,,,,,,,,,,,,,,,,,,,,,,,,,,,,,,,,,,,,,,,,,,,,,,,,,,,,,,,,,,,,,,,,,,,,,,,,,,,,Sunday,993004470,30,10,,6.0,1,,,,,,,,,,,,,,,,,,,,,,,,,,,,,,,,,202410130.0,2024-09-08T16:05:00,1,2024,1,DEN,SEA,AWAY,20.0,26.0,46.0,Lumen Field,3.0,10.0,0.0,7.0,0.0,,,31:14,,,,,,,,,,,,,,,,,,,,,,,,,,,,,,,,,,,,,,,,,,,,,,3.0,6.0,10.0,7.0,0.0,,,28:46,,,,,,,,,,,,,,,,,,,,,,,,,,,,,,,,,,,,,,,,,,,,,,,,,,,,,,,,,,,,,,,,,,,,,,,,,,,,,,,,,,Sunday,993004469,10,30,,-6.0,0,,,,,,,,,,,,,,,,,,,,,,,,,,,,,,,,,,,,,,,,,,,,,,,,
202410129.0,2024-09-08T16:05:00,1,2024,1,LAC,LV,HOME,22.0,10.0,32.0,SoFi Stadium,3.0,3.0,3.0,13.0,0.0,,,28:16,,,,,,,,,,,,,,,,,,,,,,,,,,,,,,,,,,,,,,,,,,,,,,7.0,0.0,0.0,3.0,0.0,,,31:44,,,,,,,,,,,,,,,,,,,,,,,,,,,,,,,,,,,,,,,,,,,,,,,,,,,,,,,,,,,,,,,,,,,,,,,,,,,,,,,,,,Sunday,993004468,29,25,,12.0,1,,,,,,,,,,,,,,,,,,,,,,,,,,,,,,,,,202410129.0,2024-09-08T16:05:00,1,2024,1,LV,LAC,AWAY,10.0,22.0,32.0,SoFi Stadium,7.0,0.0,0.0,3.0,0.0,,,31:44,,,,,,,,,,,,,,,,,,,,,,,,,,,,,,,,,,,,,,,,,,,,,,3.0,3.0,3.0,13.0,0.0,,,28:16,,,,,,,,,,,,,,,,,,,,,,,,,,,,,,,,,,,,,,,,,,,,,,,,,,,,,,,,,,,,,,,,,,,,,,,,,,,,,,,,,,Sunday,993004467,25,29,,-12.0,0,,,,,,,,,,,,,,,,,,,,,,,,,,,,,,,,,,,,,,,,,,,,,,,,
202410133.0,2024-09-08T16:25:00,1,2024,1,TB,WAS,HOME,37.0,20.0,57.0,Raymond James Stadium,6.0,10.0,7.0,14.0,0.0,,,33:41,,,,,,,,,,,,,,,,,,,,,,,,,,,,,,,,,,,,,,,,,,,,,,0.0,7.0,7.0,6.0,0.0,,,26:19,,,,,,,,,,,,,,,,,,,,,,,,,,,,,,,,,,,,,,,,,,,,,,,,,,,,,,,,,,,,,,,,,,,,,,,,,,,,,,,,,,Sunday,993004472,33,35,,17.0,1,,,,,,,,,,,,,,,,,,,,,,,,,,,,,,,,,202410133.0,2024-09-08T16:25:00,1,2024,1,WAS,TB,AWAY,20.0,37.0,57.0,Raymond James Stadium,0.0,7.0,7.0,6.0,0.0,,,26:19,,,,,,,,,,,,,,,,,,,,,,,,,,,,,,,,,,,,,,,,,,,,,,6.0,10.0,7.0,14.0,0.0,,,33:41,,,,,,,,,,,,,,,,,,,,,,,,,,,,,,,,,,,,,,,,,,,,,,,,,,,,,,,,,,,,,,,,,,,,,,,,,,,,,,,,,,Sunday,993004471,35,33,,-17.0,0,,,,,,,,,,,,,,,,,,,,,,,,,,,,,,,,,,,,,,,,,,,,,,,,
202410108.0,2024-09-08T16:25:00,1,2024,1,CLE,DAL,HOME,17.0,33.0,50.0,Huntington Bank Field,3.0,0.0,7.0,7.0,0.0,,,30:54,,,,,,,,,,,,,,,,,,,,,,,,,,,,,,,,,,,,,,,,,,,,,,7.0,13.0,10.0,3.0,0.0,,,29:06,,,,,,,,,,,,,,,,,,,,,,,,,,,,,,,,,,,,,,,,,,,,,,,,,,,,,,,,,,,,,,,,,,,,,,,,,,,,,,,,,,Sunday,993004474,8,9,,-16.0,0,,,,,,,,,,,,,,,,,,,,,,,,,,,,,,,,,202410108.0,2024-09-08T16:25:00,1,2024,1,DAL,CLE,AWAY,33.0,17.0,50.0,Huntington Bank Field,7.0,13.0,10.0,3.0,0.0,,,29:06,,,,,,,,,,,,,,,,,,,,,,,,,,,,,,,,,,,,,,,,,,,,,,3.0,0.0,7.0,7.0,0.0,,,30:54,,,,,,,,,,,,,,,,,,,,,,,,,,,,,,,,,,,,,,,,,,,,,,,,,,,,,,,,,,,,,,,,,,,,,,,,,,,,,,,,,,Sunday,993004473,9,8,,16.0,1,,,,,,,,,,,,,,,,,,,,,,,,,,,,,,,,,,,,,,,,,,,,,,,,
202410111.0,2024-09-08T20:20:00,1,2024,1,DET,LAR,HOME,26.0,20.0,46.0,Ford Field,0.0,10.0,7.0,3.0,6.0,,,29:45,,,,,,,,,,,,,,,,,,,,,,,,,,,,,,,,,,,,,,,,,,,,,,3.0,0.0,7.0,10.0,0.0,,,34:56,,,,,,,,,,,,,,,,,,,,,,,,,,,,,,,,,,,,,,,,,,,,,,,,,,,,,,,,,,,,,,,,,,,,,,,,,,,,,,,,,,Sunday,993004476,11,32,,6.0,1,,,,,,,,,,,,,,,,,,,,,,,,,,,,,,,,,202410111.0,2024-09-08T20:20:00,1,2024,1,LAR,DET,AWAY,20.0,26.0,46.0,Ford Field,3.0,0.0,7.0,10.0,0.0,,,34:56,,,,,,,,,,,,,,,,,,,,,,,,,,,,,,,,,,,,,,,,,,,,,,0.0,10.0,7.0,3.0,6.0,,,29:45,,,,,,,,,,,,,,,,,,,,,,,,,,,,,,,,,,,,,,,,,,,,,,,,,,,,,,,,,,,,,,,,,,,,,,,,,,,,,,,,,,Sunday,993004475,32,11,,-6.0,0,,,,,,,,,,,,,,,,,,,,,,,,,,,,,,,,,,,,,,,,,,,,,,,,
202410131.0,2024-09-09T20:15:00,1,2024,1,SF,NYJ,HOME,32.0,19.0,51.0,Levi's Stadium,3.0,13.0,10.0,6.0,0.0,,,38:40,,,,,,,,,,,,,,,,,,,,,,,,,,,,,,,,,,,,,,,,,,,,,,7.0,0.0,6.0,6.0,0.0,,,21:20,,,,,,,,,,,,,,,,,,,,,,,,,,,,,,,,,,,,,,,,,,,,,,,,,,,,,,,,,,,,,,,,,,,,,,,,,,,,,,,,,,Monday,993004478,31,24,,13.0,1,,,,,,,,,,,,,,,,,,,,,,,,,,,,,,,,,202410131.0,2024-09-09T20:15:00,1,2024,1,NYJ,SF,AWAY,19.0,32.0,51.0,Levi's Stadium,7.0,0.0,6.0,6.0,0.0,,,21:20,,,,,,,,,,,,,,,,,,,,,,,,,,,,,,,,,,,,,,,,,,,,,,3.0,13.0,10.0,6.0,0.0,,,38:40,,,,,,,,,,,,,,,,,,,,,,,,,,,,,,,,,,,,,,,,,,,,,,,,,,,,,,,,,,,,,,,,,,,,,,,,,,,,,,,,,,Monday,993004477,24,31,,-13.0,0,,,,,,,,,,,,,,,,,,,,,,,,,,,,,,,,,,,,,,,,,,,,,,,,
202410219.0,2024-09-12T20:15:00,1,2024,2,MIA,BUF,HOME,10.0,31.0,41.0,Hard Rock Stadium,7.0,3.0,0.0,0.0,0.0,33.0,10.0,36:19,18.0,5.0,11.0,2.0,65.0,400.0,6.2,2.0,25.0,81.0,3.2,1.0,37.0,23.0,319.0,1.0,0.0,8.6,13.9,62.2,98.82,16.0,8.0,50.0,2.0,0.0,0.0,2.0,1.0,0.0,0.0,9.0,103.0,0.0,0.0,3.0,19.0,4.0,6.0,4.0,198.0,49.5,0.0,1.0,1.0,7.0,17.0,7.0,0.0,0.0,26.0,50.0,23:41,17.0,7.0,8.0,2.0,50.0,267.0,5.3,2.0,26.0,128.0,4.9,1.0,21.0,12.0,139.0,1.0,0.0,6.6,11.6,57.1,93.15,10.0,2.0,20.0,1.0,0.0,0.0,3.0,2.0,0.0,0.0,8.0,71.0,2.0,1.0,3.0,23.0,4.0,9.0,6.0,311.0,51.8,1.0,0.0,-1.0,50.0,0.0,66.7,0.0,2.0,2.0,0.0,0.0,0.0,0.0,0.0,3.0,2.0,2.0,2.0,0.0,0.0,0.0,0.0,0.0,1.0,1.0,32.0,20.0,3.0,23.0,1.0,2.0,1.0,40.0,22.0,3.0,19.0,5.0,0.0,0.0,Thursday,993004480,19,4,18680.0,-21.0,0,1.0,0.5,0.0,-0.0062852202411204,0.4352941176470588,0.1650722249031524,-0.2313714377056858,-0.0417520733183819,0.4305555555555556,0.2317276482928643,-0.4277407117680503,20.0,17.0,3.0,400.0,267.0,1.0,0.5,1.0,20.0,17.0,1.0,-0.0062852202411204,0.4352941176470588,0.1650722249031524,-0.2313714377056858,-0.0417520733183819,0.4305555555555556,0.2317276482928643,-0.4277407117680503,-0.0062852202411204,-0.0417520733183819,202410219.0,2024-09-12T20:15:00,1,2024,2,BUF,MIA,AWAY,31.0,10.0,41.0,Hard Rock Stadium,7.0,17.0,7.0,0.0,0.0,30.0,30.0,23:41,23.0,8.0,11.0,4.0,58.0,352.0,6.1,4.0,33.0,130.0,3.9,2.0,23.0,18.0,222.0,2.0,0.0,9.7,12.3,78.3,135.87,9.0,3.0,33.3,2.0,2.0,100.0,6.0,4.0,0.0,0.0,9.0,65.0,1.0,1.0,2.0,10.0,5.0,4.0,2.0,85.0,42.5,1.0,1.0,0.0,7.0,3.0,0.0,0.0,0.0,29.0,30.0,36:19,18.0,7.0,10.0,1.0,60.0,270.0,4.5,3.0,25.0,124.0,5.0,1.0,31.0,21.0,146.0,1.0,0.0,4.7,7.0,67.7,88.91,13.0,7.0,53.8,1.0,0.0,0.0,4.0,2.0,0.0,0.0,5.0,31.0,1.0,1.0,4.0,16.0,3.0,5.0,2.0,78.0,39.0,1.0,1.0,0.0,66.7,0.0,50.0,0.0,4.0,4.0,0.0,0.0,0.0,0.0,0.0,2.0,2.0,2.0,2.0,0.0,0.0,0.0,1.0,1.0,2.0,2.0,44.0,16.0,4.0,16.0,3.0,1.0,1.0,41.0,27.0,2.0,10.0,2.0,1.0,1.0,Thursday,993004479,4,19,18676.0,21.0,1,0.0,0.333,0.0,0.191357432358954,0.6125,0.5300736523866493,-0.1526085979343646,0.1411628308160444,0.4473684210526316,0.1589813220939017,-0.1018722851216671,34.0,28.0,6.0,352.0,270.0,0.0,0.333,1.0,34.0,28.0,1.0,0.191357432358954,0.6125,0.5300736523866493,-0.1526085979343646,0.1411628308160444,0.4473684210526316,0.1589813220939017,-0.1018722851216671,0.191357432358954,0.1411628308160444,-3.0,9.0,0.0,2.0,48.0,752.0,-3.0,537.0,-14.0,54.0,-11.0,45.0,0.0,2.0,-0.1976426526000744,-0.1829149041344263
202410235.0,2024-09-15T13:00:00,1,2024,2,WAS,NYG,HOME,21.0,18.0,39.0,Northwest Stadium,3.0,6.0,6.0,6.0,0.0,26.0,19.0,37:32,22.0,12.0,7.0,3.0,56.0,299.0,5.3,3.0,30.0,138.0,4.6,3.0,24.0,17.0,161.0,0.0,0.0,6.7,9.5,70.8,89.06,8.0,2.0,25.0,1.0,1.0,100.0,3.0,3.0,0.0,0.0,7.0,51.0,3.0,0.0,2.0,23.0,4.0,8.0,3.0,139.0,46.3,0.0,0.0,0.0,6.0,6.0,0.0,6.0,0.0,33.0,41.0,22:28,22.0,4.0,15.0,3.0,61.0,392.0,6.4,4.0,30.0,112.0,3.7,0.0,30.0,24.0,280.0,4.0,0.0,9.3,11.7,80.0,145.14,13.0,9.0,69.2,0.0,0.0,0.0,5.0,3.0,0.0,0.0,7.0,46.0,0.0,0.0,1.0,9.0,2.0,3.0,1.0,38.0,38.0,0.0,0.0,0.0,100.0,0.0,60.0,0.0,2.0,2.0,0.0,2.0,0.0,0.0,0.0,2.0,0.0,4.0,4.0,0.0,0.0,0.0,0.0,0.0,3.0,3.0,40.0,20.0,1.0,9.0,2.0,0.0,0.0,32.0,24.0,2.0,23.0,2.0,2.0,0.0,Sunday,993004494,35,23,18672.0,3.0,1,0.0,0.25,0.0,0.0516651539335492,0.5,0.2325879249088833,0.0368524272053036,0.2729520553595327,0.5555555555555556,0.6890775746760047,-0.2157282323355321,20.0,37.0,-17.0,299.0,392.0,0.0,0.25,0.0,20.0,37.0,0.0,0.0516651539335492,0.5,0.2325879249088833,0.0368524272053036,0.2729520553595327,0.5555555555555556,0.6890775746760047,-0.2157282323355321,0.0516651539335492,0.2729520553595327,202410235.0,2024-09-15T13:00:00,1,2024,2,NYG,WAS,AWAY,18.0,21.0,39.0,Northwest Stadium,6.0,6.0,0.0,6.0,0.0,32.0,26.0,22:28,14.0,5.0,8.0,1.0,68.0,240.0,3.5,0.0,21.0,74.0,3.5,0.0,42.0,22.0,166.0,0.0,2.0,4.0,7.5,52.4,42.36,18.0,7.0,38.9,3.0,1.0,33.3,3.0,0.0,0.0,0.0,9.0,95.0,1.0,0.0,5.0,20.0,2.0,4.0,6.0,277.0,46.2,2.0,2.0,0.0,3.0,6.0,6.0,6.0,0.0,27.0,34.0,37:32,17.0,7.0,8.0,2.0,51.0,312.0,6.1,4.0,26.0,111.0,4.3,1.0,24.0,19.0,201.0,2.0,1.0,8.4,10.6,79.2,111.98,10.0,3.0,30.0,1.0,1.0,100.0,2.0,2.0,0.0,0.0,7.0,63.0,1.0,1.0,1.0,7.0,12.0,6.0,4.0,168.0,42.0,2.0,2.0,0.0,0.0,0.0,100.0,0.0,0.0,0.0,0.0,0.0,0.0,0.0,0.0,2.0,2.0,4.0,4.0,0.0,0.0,0.0,0.0,0.0,0.0,0.0,39.0,9.0,1.0,7.0,4.0,1.0,1.0,41.0,24.0,5.0,20.0,6.0,0.0,0.0,Sunday,993004493,23,35,18682.0,-3.0,0,0.0,0.389,0.0,-0.2345986908270318,0.3820224719101123,-0.4257494982516452,-0.1601281575981135,0.0943946393976765,0.4626865671641791,0.3193807779462077,-0.0041167873916072,6.0,28.0,-22.0,240.0,312.0,0.0,0.389,0.0,6.0,28.0,0.0,-0.2345986908270318,0.3820224719101123,-0.4257494982516452,-0.1601281575981135,0.0943946393976765,0.4626865671641791,0.3193807779462077,-0.0041167873916072,-0.2345986908270318,0.0943946393976765,5.0,-39.0,0.0,0.0,59.0,539.0,80.0,704.0,14.0,26.0,9.0,65.0,0.0,0.0,0.286263844760581,0.1785574159618562
202410205.0,2024-09-15T13:00:00,1,2024,2,CAR,LAC,HOME,3.0,26.0,29.0,Bank of America Stadium,0.0,0.0,3.0,0.0,0.0,23.0,21.0,23:42,11.0,2.0,7.0,2.0,55.0,193.0,3.5,1.0,20.0,58.0,2.9,1.0,31.0,13.0,135.0,0.0,2.0,4.4,10.4,41.9,28.29,10.0,1.0,10.0,3.0,1.0,33.3,2.0,1.0,0.0,0.0,6.0,80.0,1.0,1.0,4.0,26.0,1.0,6.0,5.0,191.0,38.2,3.0,1.0,-2.0,6.0,14.0,3.0,3.0,0.0,36.0,39.0,36:18,22.0,13.0,7.0,2.0,62.0,379.0,6.1,5.0,37.0,180.0,4.9,2.0,24.0,19.0,199.0,3.0,0.0,8.3,10.5,79.2,140.8,13.0,7.0,53.8,0.0,0.0,0.0,4.0,4.0,0.0,0.0,10.0,95.0,1.0,1.0,1.0,1.0,5.0,4.0,2.0,73.0,36.5,1.0,3.0,2.0,50.0,0.0,100.0,0.0,1.0,1.0,0.0,0.0,0.0,0.0,0.0,1.0,1.0,5.0,5.0,0.0,0.0,0.0,0.0,0.0,4.0,4.0,43.0,29.0,1.0,1.0,3.0,0.0,1.0,27.0,16.0,4.0,26.0,6.0,1.0,1.0,Sunday,993004496,5,29,18681.0,-23.0,0,-2.0,0.1,0.0,-0.3748216510351601,0.3846153846153846,-0.3357187777997037,-0.7684812226832625,0.1967065273778136,0.4938271604938271,0.341233320729292,0.1089326342047769,10.0,47.0,-37.0,193.0,379.0,-2.0,0.1,0.0,10.0,47.0,0.0,-0.3748216510351601,0.3846153846153846,-0.3357187777997037,-0.7684812226832625,0.1967065273778136,0.4938271604938271,0.341233320729292,0.1089326342047769,-0.3748216510351601,0.1967065273778136,202410205.0,2024-09-15T13:00:00,1,2024,2,LAC,CAR,AWAY,26.0,3.0,29.0,Bank of America Stadium,6.0,14.0,3.0,3.0,0.0,28.0,16.0,36:18,11.0,5.0,6.0,0.0,54.0,316.0,5.9,2.0,27.0,176.0,6.5,1.0,26.0,17.0,140.0,1.0,0.0,5.4,8.2,65.4,91.83,15.0,4.0,26.7,0.0,0.0,0.0,4.0,2.0,0.0,0.0,7.0,50.0,0.0,0.0,1.0,4.0,6.0,3.0,7.0,332.0,47.4,0.0,3.0,3.0,0.0,0.0,3.0,0.0,0.0,31.0,44.0,23:42,14.0,1.0,12.0,1.0,59.0,296.0,5.0,1.0,22.0,71.0,3.2,0.0,33.0,25.0,225.0,1.0,1.0,6.8,9.0,75.8,91.1,14.0,5.0,35.7,1.0,0.0,0.0,1.0,0.0,0.0,0.0,2.0,15.0,2.0,2.0,4.0,32.0,5.0,2.0,5.0,265.0,53.0,3.0,0.0,-3.0,50.0,0.0,0.0,0.0,1.0,1.0,0.0,1.0,0.0,0.0,0.0,3.0,3.0,1.0,1.0,0.0,0.0,0.0,0.0,0.0,2.0,1.0,42.0,17.0,4.0,32.0,5.0,1.0,2.0,33.0,21.0,1.0,4.0,2.0,0.0,0.0,Sunday,993004495,29,5,18673.0,23.0,1,3.0,0.267,0.0,-0.1247514651722513,0.3636363636363636,-0.1623538860911542,-0.0105074215709418,-0.3124944470496895,0.3918918918918919,-0.094747481488117,-0.8017593360273167,22.0,10.0,12.0,316.0,296.0,3.0,0.267,1.0,22.0,10.0,1.0,-0.1247514651722513,0.3636363636363636,-0.1623538860911542,-0.0105074215709418,-0.3124944470496895,0.3918918918918919,-0.094747481488117,-0.8017593360273167,-0.1247514651722513,-0.3124944470496895,-49.0,-25.0,-1.0,1.0,-123.0,509.0,83.0,675.0,-12.0,32.0,37.0,57.0,-1.0,1.0,-0.25007018586290874,0.5092009744275031
202410203.0,2024-09-15T13:00:00,1,2024,2,BAL,LV,HOME,23.0,26.0,49.0,M&T Bank Stadium,3.0,6.0,7.0,7.0,0.0,33.0,43.0,29:17,25.0,13.0,11.0,1.0,74.0,452.0,6.1,2.0,32.0,185.0,5.8,1.0,41.0,26.0,267.0,1.0,0.0,6.5,10.3,63.4,90.19,14.0,7.0,50.0,2.0,1.0,50.0,4.0,1.0,0.0,0.0,7.0,64.0,1.0,1.0,1.0,6.0,7.0,2.0,2.0,75.0,37.5,1.0,1.0,0.0,0.0,6.0,7.0,13.0,0.0,26.0,17.0,30:43,21.0,4.0,15.0,2.0,50.0,353.0,7.1,3.0,20.0,72.0,3.6,2.0,28.0,20.0,281.0,1.0,1.0,10.0,14.0,71.4,100.45,9.0,4.0,44.4,0.0,0.0,0.0,3.0,1.0,0.0,0.0,6.0,45.0,0.0,0.0,2.0,10.0,1.0,3.0,3.0,144.0,48.0,1.0,1.0,0.0,25.0,0.0,33.3,0.0,2.0,2.0,0.0,0.0,0.0,0.0,0.0,3.0,2.0,3.0,3.0,0.0,0.0,0.0,0.0,0.0,2.0,2.0,31.0,18.0,2.0,10.0,4.0,0.0,0.0,48.0,23.0,1.0,6.0,4.0,1.0,1.0,Sunday,993004500,3,25,18684.0,-3.0,0,0.0,0.5,0.0,0.0207958515497698,0.5578947368421052,-0.0443658493721202,0.2595066674773327,0.1241838203412792,0.4714285714285714,0.4180005352988223,-0.2068950746834161,20.0,27.0,-7.0,452.0,353.0,0.0,0.5,0.0,20.0,27.0,0.0,0.0207958515497698,0.5578947368421052,-0.0443658493721202,0.2595066674773327,0.1241838203412792,0.4714285714285714,0.4180005352988223,-0.2068950746834161,0.0207958515497698,0.1241838203412792,202410203.0,2024-09-15T13:00:00,1,2024,2,LV,BAL,AWAY,26.0,23.0,49.0,M&T Bank Stadium,0.0,6.0,7.0,13.0,0.0,31.0,44.0,30:43,14.0,1.0,12.0,1.0,59.0,296.0,5.0,1.0,22.0,71.0,3.2,0.0,33.0,25.0,225.0,1.0,1.0,6.8,9.0,75.8,91.1,14.0,5.0,35.7,1.0,0.0,0.0,1.0,0.0,0.0,0.0,2.0,15.0,2.0,2.0,4.0,32.0,5.0,2.0,5.0,265.0,53.0,3.0,0.0,-3.0,3.0,6.0,7.0,7.0,0.0,28.0,16.0,29:17,11.0,5.0,6.0,0.0,54.0,316.0,5.9,2.0,27.0,176.0,6.5,1.0,26.0,17.0,140.0,1.0,0.0,5.4,8.2,65.4,91.83,15.0,4.0,26.7,0.0,0.0,0.0,4.0,2.0,0.0,0.0,7.0,50.0,0.0,0.0,1.0,4.0,6.0,3.0,7.0,332.0,47.4,0.0,3.0,3.0,0.0,0.0,50.0,0.0,1.0,1.0,0.0,0.0,0.0,0.0,0.0,2.0,1.0,1.0,1.0,0.0,1.0,0.0,0.0,0.0,3.0,3.0,33.0,21.0,1.0,4.0,2.0,0.0,0.0,42.0,17.0,4.0,32.0,5.0,1.0,2.0,Sunday,993004499,25,3,18673.0,3.0,1,-3.0,0.357,0.0,-0.3124944470496895,0.3918918918918919,-0.094747481488117,-0.8017593360273167,-0.1247514651722513,0.3636363636363636,-0.1623538860911542,-0.0105074215709418,10.0,22.0,-12.0,296.0,316.0,-3.0,0.357,0.0,10.0,22.0,0.0,-0.3124944470496895,0.3918918918918919,-0.094747481488117,-0.8017593360273167,-0.1247514651722513,0.3636363636363636,-0.1623538860911542,-0.0105074215709418,-0.3124944470496895,-0.1247514651722513,5.0,-19.0,0.0,0.0,156.0,748.0,37.0,669.0,10.0,30.0,5.0,49.0,0.0,0.0,0.3332902985994593,0.2489352855135305
202410212.0,2024-09-15T13:00:00,1,2024,2,GB,IND,HOME,16.0,10.0,26.0,Lambeau Field,10.0,0.0,3.0,3.0,0.0,27.0,13.0,40:11,19.0,7.0,9.0,3.0,58.0,414.0,7.1,3.0,21.0,163.0,7.8,1.0,35.0,17.0,251.0,2.0,1.0,7.2,14.8,48.6,79.58,11.0,3.0,27.3,1.0,1.0,100.0,4.0,1.0,0.0,0.0,10.0,71.0,1.0,0.0,2.0,9.0,5.0,7.0,2.0,74.0,37.0,1.0,3.0,2.0,0.0,0.0,3.0,7.0,0.0,32.0,47.0,19:49,25.0,8.0,14.0,3.0,74.0,410.0,5.5,4.0,38.0,144.0,3.8,2.0,34.0,20.0,266.0,2.0,2.0,7.8,13.3,58.8,78.8,14.0,4.0,28.6,1.0,1.0,100.0,6.0,3.0,0.0,0.0,7.0,57.0,2.0,1.0,2.0,12.0,5.0,4.0,2.0,101.0,50.5,3.0,1.0,-2.0,25.0,0.0,50.0,0.0,2.0,2.0,0.0,1.0,0.0,0.0,0.0,4.0,3.0,4.0,4.0,0.0,0.0,0.0,0.0,0.0,2.0,2.0,46.0,26.0,2.0,12.0,6.0,0.0,1.0,30.0,24.0,2.0,9.0,4.0,1.0,0.0,Sunday,993004486,12,14,18683.0,6.0,1,2.0,0.273,0.0,0.0915969554592703,0.4705882352941176,0.0903825377184479,0.1993178266304358,0.1035854556812443,0.5263157894736842,0.3622327596531249,-0.2866811436617315,29.0,34.0,-5.0,414.0,410.0,2.0,0.273,0.0,29.0,34.0,0.0,0.0915969554592703,0.4705882352941176,0.0903825377184479,0.1993178266304358,0.1035854556812443,0.5263157894736842,0.3622327596531249,-0.2866811436617315,0.0915969554592703,0.1035854556812443,202410212.0,2024-09-15T13:00:00,1,2024,2,IND,GB,AWAY,10.0,16.0,26.0,Lambeau Field,0.0,0.0,3.0,7.0,0.0,20.0,0.0,19:49,14.0,9.0,4.0,1.0,43.0,303.0,7.0,4.0,22.0,104.0,4.7,2.0,19.0,9.0,199.0,2.0,1.0,10.5,22.1,47.4,98.36,10.0,5.0,50.0,2.0,1.0,50.0,3.0,2.0,0.0,0.0,4.0,20.0,0.0,0.0,2.0,13.0,10.0,4.0,3.0,152.0,50.7,1.0,0.0,-1.0,10.0,0.0,3.0,3.0,0.0,40.0,0.0,40:11,26.0,11.0,13.0,2.0,76.0,417.0,5.5,3.0,40.0,213.0,5.3,1.0,32.0,24.0,204.0,2.0,0.0,6.4,8.5,75.0,111.98,14.0,7.0,50.0,2.0,2.0,100.0,3.0,3.0,0.0,0.0,5.0,30.0,0.0,0.0,4.0,30.0,2.0,5.0,1.0,56.0,56.0,0.0,1.0,1.0,66.7,0.0,100.0,0.0,3.0,3.0,0.0,1.0,0.0,0.0,0.0,0.0,0.0,2.0,2.0,0.0,1.0,0.0,0.0,0.0,3.0,3.0,55.0,29.0,4.0,30.0,1.0,0.0,0.0,25.0,15.0,2.0,13.0,7.0,0.0,0.0,Sunday,993004485,14,12,18679.0,-6.0,0,-1.0,0.5,0.0,0.0946765126137267,0.5423728813559322,0.1568638980900868,-0.0703518797941738,0.1276207623698687,0.5104166666666666,0.245703532288848,0.0992991249906906,27.0,29.0,-2.0,303.0,417.0,-1.0,0.5,0.0,27.0,29.0,0.0,0.0946765126137267,0.5423728813559322,0.1568638980900868,-0.0703518797941738,0.1276207623698687,0.5104166666666666,0.245703532288848,0.0992991249906906,0.0946765126137267,0.1276207623698687,-3.0,-7.0,0.0,0.0,111.0,717.0,-7.0,827.0,2.0,56.0,5.0,63.0,0.0,0.0,-0.0030795571544564027,-0.024035306688624386
202410209.0,2024-09-15T13:00:00,1,2024,2,DAL,NO,HOME,19.0,44.0,63.0,AT&T Stadium,3.0,13.0,3.0,0.0,0.0,29.0,6.0,29:29,15.0,7.0,8.0,0.0,60.0,265.0,4.4,3.0,25.0,102.0,4.1,1.0,32.0,19.0,163.0,1.0,0.0,5.1,8.6,59.4,83.2,14.0,4.0,28.6,0.0,0.0,0.0,1.0,1.0,0.0,0.0,11.0,85.0,1.0,0.0,3.0,16.0,17.0,6.0,6.0,294.0,49.0,0.0,2.0,2.0,14.0,21.0,6.0,3.0,0.0,30.0,54.0,30:31,15.0,5.0,8.0,2.0,70.0,230.0,3.3,2.0,19.0,93.0,4.9,1.0,45.0,24.0,137.0,1.0,2.0,3.0,5.7,53.3,48.1,15.0,2.0,13.3,5.0,3.0,60.0,2.0,2.0,0.0,0.0,11.0,64.0,1.0,0.0,6.0,32.0,4.0,6.0,7.0,357.0,51.0,2.0,0.0,-2.0,100.0,0.0,100.0,0.0,3.0,3.0,0.0,0.0,0.0,0.0,0.0,4.0,4.0,2.0,2.0,0.0,0.0,0.0,0.0,0.0,1.0,1.0,40.0,24.0,6.0,32.0,8.0,1.0,0.0,44.0,19.0,3.0,16.0,6.0,1.0,0.0,Sunday,993004482,9,22,18671.0,-25.0,0,2.0,0.286,0.0,-0.0377979124610196,0.4166666666666667,-0.1664456183058426,-0.0096782218147731,-0.24428348270978,0.2959183673469387,-0.3645758147055555,-0.0669410015998437,33.0,17.0,16.0,265.0,230.0,2.0,0.286,1.0,33.0,17.0,1.0,-0.0377979124610196,0.4166666666666667,-0.1664456183058426,-0.0096782218147731,-0.24428348270978,0.2959183673469387,-0.3645758147055555,-0.0669410015998437,-0.0377979124610196,-0.24428348270978,202410209.0,2024-09-15T13:00:00,1,2024,2,NO,DAL,AWAY,44.0,19.0,63.0,AT&T Stadium,14.0,21.0,6.0,3.0,0.0,36.0,39.0,30:31,22.0,13.0,7.0,2.0,62.0,379.0,6.1,5.0,37.0,180.0,4.9,2.0,24.0,19.0,199.0,3.0,0.0,8.3,10.5,79.2,140.8,13.0,7.0,53.8,0.0,0.0,0.0,4.0,4.0,0.0,0.0,10.0,95.0,1.0,1.0,1.0,1.0,5.0,4.0,2.0,73.0,36.5,1.0,3.0,2.0,3.0,13.0,3.0,0.0,0.0,23.0,21.0,29:29,11.0,2.0,7.0,2.0,55.0,193.0,3.5,1.0,20.0,58.0,2.9,1.0,31.0,13.0,135.0,0.0,2.0,4.4,10.4,41.9,28.29,10.0,1.0,10.0,3.0,1.0,33.3,2.0,1.0,0.0,0.0,6.0,80.0,1.0,1.0,4.0,26.0,1.0,6.0,5.0,191.0,38.2,3.0,1.0,-2.0,100.0,0.0,50.0,0.0,5.0,5.0,0.0,0.0,0.0,0.0,0.0,4.0,4.0,1.0,1.0,0.0,0.0,0.0,0.0,0.0,1.0,1.0,27.0,16.0,4.0,26.0,6.0,1.0,1.0,43.0,29.0,1.0,1.0,3.0,0.0,1.0,Sunday,993004481,22,9,18681.0,25.0,1,2.0,0.538,0.0,0.1967065273778136,0.4938271604938271,0.341233320729292,0.1089326342047769,-0.3748216510351601,0.3846153846153846,-0.3357187777997037,-0.7684812226832625,47.0,10.0,37.0,379.0,193.0,2.0,0.538,1.0,47.0,10.0,1.0,0.1967065273778136,0.4938271604938271,0.341233320729292,0.1089326342047769,-0.3748216510351601,0.3846153846153846,-0.3357187777997037,-0.7684812226832625,0.1967065273778136,-0.3748216510351601,-21.0,53.0,0.0,2.0,-114.0,644.0,37.0,423.0,-14.0,80.0,7.0,27.0,0.0,2.0,-0.2345044398388332,0.13053816832538007
202410220.0,2024-09-15T13:00:00,1,2024,2,MIN,SF,HOME,23.0,17.0,40.0,U.S. Bank Stadium,3.0,10.0,7.0,3.0,0.0,27.0,34.0,25:12,17.0,7.0,8.0,2.0,51.0,312.0,6.1,4.0,26.0,111.0,4.3,1.0,24.0,19.0,201.0,2.0,1.0,8.4,10.6,79.2,111.98,10.0,3.0,30.0,1.0,1.0,100.0,2.0,2.0,0.0,0.0,7.0,63.0,1.0,1.0,1.0,7.0,12.0,6.0,4.0,168.0,42.0,2.0,2.0,0.0,0.0,7.0,0.0,10.0,0.0,32.0,26.0,34:48,14.0,5.0,8.0,1.0,68.0,240.0,3.5,0.0,21.0,74.0,3.5,0.0,42.0,22.0,166.0,0.0,2.0,4.0,7.5,52.4,42.36,18.0,7.0,38.9,3.0,1.0,33.3,3.0,0.0,0.0,0.0,9.0,95.0,1.0,0.0,5.0,20.0,2.0,4.0,6.0,277.0,46.2,2.0,2.0,0.0,100.0,0.0,0.0,0.0,4.0,4.0,0.0,0.0,0.0,0.0,0.0,0.0,0.0,0.0,0.0,0.0,0.0,0.0,0.0,0.0,2.0,2.0,41.0,24.0,5.0,20.0,6.0,0.0,0.0,39.0,9.0,1.0,7.0,4.0,1.0,1.0,Sunday,993004492,20,31,18682.0,6.0,1,0.0,0.3,0.0,0.0943946393976765,0.4626865671641791,0.3193807779462077,-0.0041167873916072,-0.2345986908270318,0.3820224719101123,-0.4257494982516452,-0.1601281575981135,28.0,6.0,22.0,312.0,240.0,0.0,0.3,1.0,28.0,6.0,1.0,0.0943946393976765,0.4626865671641791,0.3193807779462077,-0.0041167873916072,-0.2345986908270318,0.3820224719101123,-0.4257494982516452,-0.1601281575981135,0.0943946393976765,-0.2345986908270318,202410220.0,2024-09-15T13:00:00,1,2024,2,SF,MIN,AWAY,17.0,23.0,40.0,U.S. Bank Stadium,0.0,7.0,0.0,10.0,0.0,38.0,40.0,34:48,24.0,10.0,12.0,2.0,70.0,401.0,5.7,2.0,38.0,180.0,4.7,2.0,29.0,19.0,221.0,0.0,0.0,7.6,11.6,65.5,88.43,13.0,6.0,46.2,0.0,0.0,0.0,5.0,2.0,0.0,0.0,4.0,40.0,0.0,0.0,3.0,10.0,4.0,1.0,1.0,58.0,58.0,0.0,2.0,2.0,3.0,10.0,7.0,3.0,0.0,21.0,20.0,25:12,14.0,3.0,11.0,0.0,49.0,266.0,5.4,3.0,19.0,68.0,3.6,1.0,29.0,19.0,198.0,2.0,1.0,6.8,10.4,65.5,93.75,10.0,6.0,60.0,1.0,0.0,0.0,2.0,2.0,0.0,0.0,3.0,10.0,1.0,1.0,1.0,5.0,4.0,3.0,3.0,160.0,53.3,2.0,0.0,-2.0,40.0,0.0,100.0,0.0,2.0,2.0,0.0,0.0,0.0,0.0,0.0,6.0,6.0,1.0,1.0,0.0,3.0,0.0,0.0,0.0,0.0,0.0,29.0,13.0,1.0,5.0,4.0,1.0,1.0,49.0,20.0,3.0,10.0,4.0,0.0,0.0,Sunday,993004491,31,20,18669.0,-6.0,0,2.0,0.462,0.0,0.1739016485493883,0.5,0.1978844299340746,0.0518930857053621,-0.0026216831108621,0.484375,0.0419228396344842,-0.2116500986812688,32.0,19.0,13.0,401.0,266.0,2.0,0.462,1.0,32.0,19.0,1.0,0.1739016485493883,0.5,0.1978844299340746,0.0518930857053621,-0.0026216831108621,0.484375,0.0419228396344842,-0.2116500986812688,0.1739016485493883,-0.0026216831108621,9.0,35.0,0.0,2.0,-89.0,713.0,-26.0,506.0,-4.0,60.0,-13.0,25.0,0.0,2.0,-0.0795070091517118,-0.2319770077161697
202410234.0,2024-09-15T13:00:00,1,2024,2,TEN,NYJ,HOME,17.0,24.0,41.0,Nissan Stadium,7.0,3.0,7.0,0.0,0.0,34.0,54.0,29:57,16.0,9.0,6.0,1.0,61.0,244.0,4.0,2.0,26.0,140.0,5.4,1.0,32.0,19.0,104.0,1.0,2.0,3.2,5.5,59.4,49.48,14.0,3.0,21.4,2.0,1.0,50.0,2.0,1.0,0.0,0.0,8.0,50.0,1.0,1.0,3.0,23.0,4.0,8.0,5.0,268.0,53.6,3.0,1.0,-2.0,0.0,7.0,10.0,7.0,0.0,25.0,6.0,30:03,11.0,6.0,5.0,0.0,53.0,148.0,2.8,2.0,22.0,84.0,3.8,0.0,29.0,14.0,64.0,0.0,0.0,2.2,4.6,48.3,54.81,13.0,2.0,15.4,2.0,2.0,100.0,1.0,0.0,0.0,0.0,7.0,55.0,3.0,1.0,2.0,29.0,10.0,8.0,6.0,270.0,45.0,1.0,3.0,2.0,50.0,0.0,0.0,0.0,2.0,2.0,0.0,0.0,0.0,0.0,0.0,1.0,1.0,1.0,1.0,0.0,2.0,1.0,0.0,0.0,3.0,3.0,34.0,17.0,2.0,29.0,5.0,1.0,1.0,41.0,21.0,3.0,23.0,4.0,1.0,1.0,Sunday,993004488,34,24,18677.0,-7.0,0,-2.0,0.214,0.0,-0.2782829253775001,0.3975903614457831,-0.3892258076036451,-0.0604311305785086,-0.2012001051284131,0.4133333333333333,-0.2818663537104027,-0.2026929001195209,17.0,24.0,-7.0,244.0,148.0,-2.0,0.214,0.0,17.0,24.0,0.0,-0.2782829253775001,0.3975903614457831,-0.3892258076036451,-0.0604311305785086,-0.2012001051284131,0.4133333333333333,-0.2818663537104027,-0.2026929001195209,-0.2782829253775001,-0.2012001051284131,202410234.0,2024-09-15T13:00:00,1,2024,2,NYJ,TEN,AWAY,24.0,17.0,41.0,Nissan Stadium,0.0,7.0,10.0,7.0,0.0,21.0,20.0,30:03,14.0,3.0,11.0,0.0,49.0,266.0,5.4,3.0,19.0,68.0,3.6,1.0,29.0,19.0,198.0,2.0,1.0,6.8,10.4,65.5,93.75,10.0,6.0,60.0,1.0,0.0,0.0,2.0,2.0,0.0,0.0,3.0,10.0,1.0,1.0,1.0,5.0,4.0,3.0,3.0,160.0,53.3,2.0,0.0,-2.0,7.0,3.0,7.0,0.0,0.0,38.0,40.0,29:57,24.0,10.0,12.0,2.0,70.0,401.0,5.7,2.0,38.0,180.0,4.7,2.0,29.0,19.0,221.0,0.0,0.0,7.6,11.6,65.5,88.43,13.0,6.0,46.2,0.0,0.0,0.0,5.0,2.0,0.0,0.0,4.0,40.0,0.0,0.0,3.0,10.0,4.0,1.0,1.0,58.0,58.0,0.0,2.0,2.0,100.0,0.0,40.0,0.0,1.0,1.0,0.0,3.0,0.0,0.0,0.0,0.0,0.0,2.0,2.0,0.0,0.0,0.0,0.0,0.0,6.0,6.0,49.0,20.0,3.0,10.0,4.0,0.0,0.0,29.0,13.0,1.0,5.0,4.0,1.0,1.0,Sunday,993004487,24,34,18669.0,7.0,1,-2.0,0.6,0.0,-0.0026216831108621,0.484375,0.0419228396344842,-0.2116500986812688,0.1739016485493883,0.5,0.1978844299340746,0.0518930857053621,19.0,32.0,-13.0,266.0,401.0,-2.0,0.6,0.0,19.0,32.0,0.0,-0.0026216831108621,0.484375,0.0419228396344842,-0.2116500986812688,0.1739016485493883,0.5,0.1978844299340746,0.0518930857053621,-0.0026216831108621,0.1739016485493883,6.0,-20.0,0.0,0.0,-22.0,510.0,-253.0,549.0,-2.0,36.0,-8.0,56.0,0.0,0.0,-0.275661242266638,-0.3751017536778014
202410221.0,2024-09-15T13:00:00,1,2024,2,NE,SEA,HOME,20.0,23.0,43.0,Gillette Stadium,7.0,6.0,0.0,7.0,0.0,34.0,3.0,35:42,17.0,11.0,6.0,0.0,64.0,290.0,4.5,1.0,39.0,170.0,4.4,1.0,24.0,15.0,120.0,0.0,0.0,5.0,8.0,62.5,75.0,15.0,6.0,40.0,0.0,0.0,0.0,4.0,1.0,0.0,0.0,5.0,40.0,1.0,0.0,1.0,1.0,4.0,3.0,5.0,250.0,50.0,0.0,2.0,2.0,7.0,10.0,0.0,3.0,3.0,25.0,57.0,29:41,13.0,5.0,7.0,1.0,48.0,224.0,4.7,1.0,16.0,70.0,4.4,1.0,29.0,21.0,154.0,0.0,0.0,5.3,7.3,72.4,84.55,11.0,4.0,36.4,1.0,0.0,0.0,2.0,1.0,0.0,0.0,2.0,10.0,3.0,2.0,3.0,10.0,7.0,5.0,4.0,258.0,64.5,2.0,0.0,-2.0,25.0,0.0,50.0,0.0,1.0,1.0,0.0,0.0,0.0,0.0,0.0,3.0,3.0,1.0,1.0,0.0,0.0,0.0,0.0,0.0,1.0,1.0,28.0,23.0,3.0,10.0,3.0,3.0,2.0,40.0,32.0,1.0,1.0,3.0,1.0,0.0,Sunday,993004490,21,30,18678.0,-3.0,0,2.0,0.4,0.0,0.0777772269123745,0.4938271604938271,0.0463360092576981,-0.0551437608355627,-0.0384047210302792,0.4918032786885246,-0.2285087472253057,0.1952082755832145,16.0,10.0,6.0,290.0,224.0,2.0,0.4,1.0,16.0,10.0,1.0,0.0777772269123745,0.4938271604938271,0.0463360092576981,-0.0551437608355627,-0.0384047210302792,0.4918032786885246,-0.2285087472253057,0.1952082755832145,0.0777772269123745,-0.0384047210302792,202410221.0,2024-09-15T13:00:00,1,2024,2,SEA,NE,AWAY,23.0,20.0,43.0,Gillette Stadium,7.0,10.0,0.0,3.0,3.0,28.0,46.0,29:41,19.0,5.0,11.0,3.0,60.0,304.0,5.1,3.0,33.0,146.0,4.4,2.0,25.0,18.0,158.0,1.0,1.0,6.3,8.8,72.0,85.08,12.0,4.0,33.3,0.0,0.0,0.0,1.0,0.0,0.0,0.0,6.0,41.0,1.0,1.0,2.0,13.0,8.0,6.0,5.0,241.0,48.2,2.0,3.0,1.0,7.0,6.0,0.0,7.0,0.0,31.0,14.0,35:42,13.0,7.0,6.0,0.0,69.0,231.0,3.3,1.0,25.0,99.0,4.0,1.0,42.0,26.0,132.0,0.0,2.0,3.1,5.1,61.9,46.92,18.0,5.0,27.8,1.0,1.0,100.0,4.0,1.0,0.0,0.0,8.0,60.0,2.0,1.0,2.0,6.0,7.0,9.0,8.0,389.0,48.6,3.0,2.0,-1.0,0.0,0.0,25.0,0.0,2.0,2.0,0.0,2.0,0.0,0.0,0.0,2.0,2.0,1.0,1.0,0.0,0.0,0.0,0.0,0.0,3.0,3.0,53.0,15.0,2.0,6.0,6.0,2.0,1.0,40.0,28.0,2.0,13.0,2.0,0.0,1.0,Sunday,993004489,30,21,18674.0,3.0,1,1.0,0.333,0.0,-0.0476145802724707,0.4705882352941176,-0.0553010868186667,-0.0798000224669271,-0.1329954274536005,0.3763440860215054,-0.3585417883181376,-0.1947893719770945,26.0,20.0,6.0,304.0,231.0,1.0,0.333,1.0,26.0,20.0,1.0,-0.0476145802724707,0.4705882352941176,-0.0553010868186667,-0.0798000224669271,-0.1329954274536005,0.3763440860215054,-0.3585417883181376,-0.1947893719770945,-0.0476145802724707,-0.1329954274536005,0.0,12.0,0.0,2.0,-14.0,594.0,-7.0,455.0,-10.0,42.0,-10.0,30.0,0.0,2.0,0.12539180718484522,0.09459070642332129
202410215.0,2024-09-15T13:00:00,1,2024,2,JAX,CLE,HOME,13.0,18.0,31.0,EverBank Stadium,0.0,3.0,7.0,3.0,0.0,26.0,50.0,25:37,17.0,7.0,8.0,2.0,50.0,267.0,5.3,2.0,26.0,128.0,4.9,1.0,21.0,12.0,139.0,1.0,0.0,6.6,11.6,57.1,93.15,10.0,2.0,20.0,1.0,0.0,0.0,3.0,2.0,0.0,0.0,8.0,71.0,2.0,1.0,3.0,23.0,4.0,9.0,6.0,311.0,51.8,1.0,0.0,-1.0,7.0,6.0,3.0,2.0,0.0,33.0,10.0,34:23,18.0,5.0,11.0,2.0,65.0,400.0,6.2,2.0,25.0,81.0,3.2,1.0,37.0,23.0,319.0,1.0,0.0,8.6,13.9,62.2,98.82,16.0,8.0,50.0,2.0,0.0,0.0,2.0,1.0,0.0,0.0,9.0,103.0,0.0,0.0,3.0,19.0,4.0,6.0,4.0,198.0,49.5,0.0,1.0,1.0,66.7,0.0,50.0,0.0,2.0,2.0,0.0,0.0,0.0,0.0,0.0,1.0,1.0,2.0,2.0,0.0,0.0,0.0,0.0,0.0,3.0,2.0,40.0,22.0,3.0,19.0,5.0,0.0,0.0,32.0,20.0,3.0,23.0,1.0,2.0,1.0,Sunday,993004484,15,8,18680.0,-5.0,0,-1.0,0.2,0.0,-0.0417520733183819,0.4305555555555556,0.2317276482928643,-0.4277407117680503,-0.0062852202411204,0.4352941176470588,0.1650722249031524,-0.2313714377056858,17.0,20.0,-3.0,267.0,400.0,-1.0,0.2,0.0,17.0,20.0,0.0,-0.0417520733183819,0.4305555555555556,0.2317276482928643,-0.4277407117680503,-0.0062852202411204,0.4352941176470588,0.1650722249031524,-0.2313714377056858,-0.0417520733183819,-0.0062852202411204,202410215.0,2024-09-15T13:00:00,1,2024,2,CLE,JAX,AWAY,18.0,13.0,31.0,EverBank Stadium,7.0,6.0,3.0,2.0,0.0,30.0,54.0,34:23,15.0,5.0,8.0,2.0,70.0,230.0,3.3,2.0,19.0,93.0,4.9,1.0,45.0,24.0,137.0,1.0,2.0,3.0,5.7,53.3,48.1,15.0,2.0,13.3,5.0,3.0,60.0,2.0,2.0,0.0,0.0,11.0,64.0,1.0,0.0,6.0,32.0,4.0,6.0,7.0,357.0,51.0,2.0,0.0,-2.0,0.0,3.0,7.0,3.0,0.0,29.0,6.0,25:37,15.0,7.0,8.0,0.0,60.0,265.0,4.4,3.0,25.0,102.0,4.1,1.0,32.0,19.0,163.0,1.0,0.0,5.1,8.6,59.4,83.2,14.0,4.0,28.6,0.0,0.0,0.0,1.0,1.0,0.0,0.0,11.0,85.0,1.0,0.0,3.0,16.0,17.0,6.0,6.0,294.0,49.0,0.0,2.0,2.0,100.0,0.0,100.0,0.0,2.0,2.0,0.0,0.0,0.0,0.0,0.0,1.0,1.0,3.0,3.0,0.0,0.0,0.0,0.0,0.0,4.0,4.0,44.0,19.0,3.0,16.0,6.0,1.0,0.0,40.0,24.0,6.0,32.0,8.0,1.0,0.0,Sunday,993004483,8,15,18671.0,5.0,1,-2.0,0.133,0.0,-0.24428348270978,0.2959183673469387,-0.3645758147055555,-0.0669410015998437,-0.0377979124610196,0.4166666666666667,-0.1664456183058426,-0.0096782218147731,17.0,33.0,-16.0,230.0,265.0,-2.0,0.133,0.0,17.0,33.0,0.0,-0.24428348270978,0.2959183673469387,-0.3645758147055555,-0.0669410015998437,-0.0377979124610196,0.4166666666666667,-0.1664456183058426,-0.0096782218147731,-0.24428348270978,-0.0377979124610196,13.0,-19.0,0.0,0.0,37.0,497.0,135.0,665.0,0.0,34.0,-13.0,53.0,0.0,0.0,0.2025314093913981,0.0315126922198992
202410211.0,2024-09-15T13:00:00,1,2024,2,DET,TB,HOME,16.0,20.0,36.0,Ford Field,3.0,3.0,10.0,0.0,0.0,29.0,45.0,33:53,21.0,12.0,7.0,2.0,61.0,363.0,6.0,3.0,31.0,163.0,5.3,2.0,28.0,18.0,200.0,1.0,1.0,7.1,11.1,64.3,82.44,13.0,6.0,46.2,1.0,1.0,100.0,4.0,2.0,0.0,0.0,6.0,56.0,0.0,0.0,2.0,17.0,12.0,7.0,4.0,230.0,57.5,1.0,1.0,0.0,6.0,7.0,7.0,0.0,0.0,34.0,56.0,26:07,26.0,8.0,15.0,3.0,74.0,387.0,5.2,2.0,23.0,83.0,3.6,1.0,49.0,34.0,304.0,1.0,1.0,6.2,8.9,69.4,84.06,12.0,5.0,41.7,2.0,1.0,50.0,5.0,2.0,0.0,0.0,6.0,50.0,0.0,0.0,2.0,13.0,5.0,3.0,3.0,141.0,47.0,1.0,1.0,0.0,50.0,0.0,40.0,0.0,2.0,2.0,0.0,0.0,0.0,0.0,0.0,2.0,2.0,2.0,2.0,0.0,0.0,0.0,0.0,0.0,2.0,2.0,46.0,28.0,2.0,13.0,5.0,0.0,0.0,35.0,36.0,2.0,17.0,3.0,0.0,0.0,Sunday,993004498,11,33,18670.0,-4.0,0,0.0,0.462,0.0,0.0933521214973103,0.5512820512820513,-0.1031917697582508,0.3217101626078753,0.052882054540614,0.4946236559139785,0.1603748648664887,-0.1041777160719634,26.0,20.0,6.0,363.0,387.0,0.0,0.462,1.0,26.0,20.0,1.0,0.0933521214973103,0.5512820512820513,-0.1031917697582508,0.3217101626078753,0.052882054540614,0.4946236559139785,0.1603748648664887,-0.1041777160719634,0.0933521214973103,0.052882054540614,202410211.0,2024-09-15T13:00:00,1,2024,2,TB,DET,AWAY,20.0,16.0,36.0,Ford Field,6.0,7.0,7.0,0.0,0.0,33.0,41.0,26:07,22.0,4.0,15.0,3.0,61.0,392.0,6.4,4.0,30.0,112.0,3.7,0.0,30.0,24.0,280.0,4.0,0.0,9.3,11.7,80.0,145.14,13.0,9.0,69.2,0.0,0.0,0.0,5.0,3.0,0.0,0.0,7.0,46.0,0.0,0.0,1.0,9.0,2.0,3.0,1.0,38.0,38.0,0.0,0.0,0.0,3.0,3.0,10.0,0.0,0.0,26.0,19.0,33:53,22.0,12.0,7.0,3.0,56.0,299.0,5.3,3.0,30.0,138.0,4.6,3.0,24.0,17.0,161.0,0.0,0.0,6.7,9.5,70.8,89.06,8.0,2.0,25.0,1.0,1.0,100.0,3.0,3.0,0.0,0.0,7.0,51.0,3.0,0.0,2.0,23.0,4.0,8.0,3.0,139.0,46.3,0.0,0.0,0.0,60.0,0.0,100.0,0.0,4.0,4.0,0.0,0.0,0.0,0.0,0.0,3.0,3.0,2.0,2.0,0.0,2.0,0.0,0.0,0.0,2.0,0.0,32.0,24.0,2.0,23.0,2.0,2.0,0.0,40.0,20.0,1.0,9.0,2.0,0.0,0.0,Sunday,993004497,33,11,18672.0,4.0,1,0.0,0.692,0.0,0.2729520553595327,0.5555555555555556,0.6890775746760047,-0.2157282323355321,0.0516651539335492,0.5,0.2325879249088833,0.0368524272053036,37.0,20.0,17.0,392.0,299.0,0.0,0.692,1.0,37.0,20.0,1.0,0.2729520553595327,0.5555555555555556,0.6890775746760047,-0.2157282323355321,0.0516651539335492,0.5,0.2325879249088833,0.0368524272053036,0.2729520553595327,0.0516651539335492,-11.0,23.0,0.0,2.0,-29.0,755.0,88.0,686.0,-11.0,63.0,0.0,40.0,0.0,2.0,-0.1795999338622224,0.0012169006070648011
202410201.0,2024-09-15T16:05:00,1,2024,2,ARI,LAR,HOME,41.0,10.0,51.0,State Farm Stadium,14.0,10.0,10.0,7.0,0.0,29.0,30.0,36:54,18.0,7.0,10.0,1.0,60.0,270.0,4.5,3.0,25.0,124.0,5.0,1.0,31.0,21.0,146.0,1.0,0.0,4.7,7.0,67.7,88.91,13.0,7.0,53.8,1.0,0.0,0.0,4.0,2.0,0.0,0.0,5.0,31.0,1.0,1.0,4.0,16.0,3.0,5.0,2.0,78.0,39.0,1.0,1.0,0.0,0.0,3.0,7.0,0.0,0.0,30.0,30.0,23:06,23.0,8.0,11.0,4.0,58.0,352.0,6.1,4.0,33.0,130.0,3.9,2.0,23.0,18.0,222.0,2.0,0.0,9.7,12.3,78.3,135.87,9.0,3.0,33.3,2.0,2.0,100.0,6.0,4.0,0.0,0.0,9.0,65.0,1.0,1.0,2.0,10.0,5.0,4.0,2.0,85.0,42.5,1.0,1.0,0.0,50.0,0.0,66.7,0.0,2.0,2.0,0.0,0.0,0.0,1.0,1.0,2.0,2.0,4.0,4.0,0.0,0.0,0.0,0.0,0.0,2.0,2.0,41.0,27.0,2.0,10.0,2.0,1.0,1.0,44.0,16.0,4.0,16.0,3.0,1.0,1.0,Sunday,993004502,1,32,18676.0,31.0,1,0.0,0.538,0.0,0.1411628308160444,0.4473684210526316,0.1589813220939017,-0.1018722851216671,0.191357432358954,0.6125,0.5300736523866493,-0.1526085979343646,28.0,34.0,-6.0,270.0,352.0,0.0,0.538,0.0,28.0,34.0,0.0,0.1411628308160444,0.4473684210526316,0.1589813220939017,-0.1018722851216671,0.191357432358954,0.6125,0.5300736523866493,-0.1526085979343646,0.1411628308160444,0.191357432358954,202410201.0,2024-09-15T16:05:00,1,2024,2,LAR,ARI,AWAY,10.0,41.0,51.0,State Farm Stadium,0.0,3.0,7.0,0.0,0.0,34.0,56.0,23:06,26.0,8.0,15.0,3.0,74.0,387.0,5.2,2.0,23.0,83.0,3.6,1.0,49.0,34.0,304.0,1.0,1.0,6.2,8.9,69.4,84.06,12.0,5.0,41.7,2.0,1.0,50.0,5.0,2.0,0.0,0.0,6.0,50.0,0.0,0.0,2.0,13.0,5.0,3.0,3.0,141.0,47.0,1.0,1.0,0.0,14.0,10.0,10.0,7.0,0.0,29.0,45.0,36:54,21.0,12.0,7.0,2.0,61.0,363.0,6.0,3.0,31.0,163.0,5.3,2.0,28.0,18.0,200.0,1.0,1.0,7.1,11.1,64.3,82.44,13.0,6.0,46.2,1.0,1.0,100.0,4.0,2.0,0.0,0.0,6.0,56.0,0.0,0.0,2.0,17.0,12.0,7.0,4.0,230.0,57.5,1.0,1.0,0.0,40.0,0.0,50.0,0.0,2.0,2.0,0.0,0.0,0.0,0.0,0.0,2.0,2.0,2.0,2.0,0.0,0.0,0.0,0.0,0.0,2.0,2.0,35.0,36.0,2.0,17.0,3.0,0.0,0.0,46.0,28.0,2.0,13.0,5.0,0.0,0.0,Sunday,993004501,32,1,18670.0,-31.0,0,0.0,0.417,0.0,0.052882054540614,0.4946236559139785,0.1603748648664887,-0.1041777160719634,0.0933521214973103,0.5512820512820513,-0.1031917697582508,0.3217101626078753,20.0,26.0,-6.0,387.0,363.0,0.0,0.417,0.0,20.0,26.0,0.0,0.052882054540614,0.4946236559139785,0.1603748648664887,-0.1041777160719634,0.0933521214973103,0.5512820512820513,-0.1031917697582508,0.3217101626078753,0.052882054540614,0.0933521214973103,0.0,-12.0,0.0,0.0,-117.0,657.0,-11.0,715.0,8.0,48.0,8.0,60.0,0.0,0.0,0.08828077627543038,0.0980053108616437
202410210.0,2024-09-15T16:25:00,1,2024,2,DEN,PIT,HOME,6.0,13.0,19.0,Empower Field at Mile High,0.0,0.0,0.0,6.0,0.0,31.0,14.0,27:41,13.0,7.0,6.0,0.0,69.0,231.0,3.3,1.0,25.0,99.0,4.0,1.0,42.0,26.0,132.0,0.0,2.0,3.1,5.1,61.9,46.92,18.0,5.0,27.8,1.0,1.0,100.0,4.0,1.0,0.0,0.0,8.0,60.0,2.0,1.0,2.0,6.0,7.0,9.0,8.0,389.0,48.6,3.0,2.0,-1.0,7.0,3.0,3.0,0.0,0.0,28.0,46.0,32:19,19.0,5.0,11.0,3.0,60.0,304.0,5.1,3.0,33.0,146.0,4.4,2.0,25.0,18.0,158.0,1.0,1.0,6.3,8.8,72.0,85.08,12.0,4.0,33.3,0.0,0.0,0.0,1.0,0.0,0.0,0.0,6.0,41.0,1.0,1.0,2.0,13.0,8.0,6.0,5.0,241.0,48.2,2.0,3.0,1.0,25.0,0.0,0.0,0.0,1.0,1.0,0.0,0.0,0.0,0.0,0.0,3.0,3.0,2.0,2.0,0.0,2.0,0.0,0.0,0.0,2.0,2.0,40.0,28.0,2.0,13.0,2.0,0.0,1.0,53.0,15.0,2.0,6.0,6.0,2.0,1.0,Sunday,993004504,10,28,18674.0,-7.0,0,-1.0,0.278,0.0,-0.1329954274536005,0.3763440860215054,-0.3585417883181376,-0.1947893719770945,-0.0476145802724707,0.4705882352941176,-0.0553010868186667,-0.0798000224669271,20.0,26.0,-6.0,231.0,304.0,-1.0,0.278,0.0,20.0,26.0,0.0,-0.1329954274536005,0.3763440860215054,-0.3585417883181376,-0.1947893719770945,-0.0476145802724707,0.4705882352941176,-0.0553010868186667,-0.0798000224669271,-0.1329954274536005,-0.0476145802724707,202410210.0,2024-09-15T16:25:00,1,2024,2,PIT,DEN,AWAY,13.0,6.0,19.0,Empower Field at Mile High,7.0,3.0,3.0,0.0,0.0,35.0,36.0,32:19,16.0,9.0,6.0,1.0,66.0,270.0,4.1,0.0,41.0,137.0,3.3,0.0,23.0,17.0,133.0,0.0,0.0,5.8,7.8,73.9,87.77,17.0,8.0,47.1,1.0,0.0,0.0,2.0,0.0,0.0,0.0,9.0,60.0,1.0,0.0,2.0,23.0,7.0,3.0,3.0,146.0,48.7,0.0,3.0,3.0,0.0,0.0,0.0,6.0,0.0,24.0,24.0,27:41,15.0,6.0,8.0,1.0,50.0,226.0,4.5,1.0,22.0,89.0,4.0,0.0,26.0,16.0,137.0,1.0,2.0,5.3,8.6,61.5,56.09,9.0,2.0,22.2,1.0,1.0,100.0,2.0,1.0,0.0,0.0,5.0,34.0,1.0,1.0,2.0,18.0,5.0,7.0,4.0,210.0,52.5,3.0,0.0,-3.0,0.0,0.0,50.0,0.0,0.0,0.0,0.0,0.0,0.0,0.0,0.0,6.0,6.0,1.0,1.0,0.0,0.0,0.0,0.0,0.0,1.0,1.0,32.0,19.0,2.0,18.0,5.0,0.0,1.0,51.0,29.0,2.0,23.0,1.0,0.0,0.0,Sunday,993004503,28,10,18675.0,7.0,1,3.0,0.471,0.0,-0.0405557290948871,0.4285714285714285,-0.0344022052816795,-0.1973939374102311,-0.2430108862247381,0.4782608695652174,-0.3171815607441643,-0.3232812671491917,18.0,10.0,8.0,270.0,226.0,3.0,0.471,1.0,18.0,10.0,1.0,-0.0405557290948871,0.4285714285714285,-0.0344022052816795,-0.1973939374102311,-0.2430108862247381,0.4782608695652174,-0.3171815607441643,-0.3232812671491917,-0.0405557290948871,-0.2430108862247381,-14.0,2.0,-1.0,1.0,-39.0,501.0,78.0,530.0,2.0,38.0,16.0,36.0,-1.0,1.0,-0.09243969835871339,0.1953963059522674
202410216.0,2024-09-15T16:25:00,1,2024,2,KC,CIN,HOME,26.0,25.0,51.0,Arrowhead Stadium,3.0,7.0,7.0,9.0,0.0,26.0,17.0,28:31,21.0,4.0,15.0,2.0,50.0,353.0,7.1,3.0,20.0,72.0,3.6,2.0,28.0,20.0,281.0,1.0,1.0,10.0,14.0,71.4,100.45,9.0,4.0,44.4,0.0,0.0,0.0,3.0,1.0,0.0,0.0,6.0,45.0,0.0,0.0,2.0,10.0,1.0,3.0,3.0,144.0,48.0,1.0,1.0,0.0,3.0,13.0,6.0,3.0,0.0,33.0,43.0,31:29,25.0,13.0,11.0,1.0,74.0,452.0,6.1,2.0,32.0,185.0,5.8,1.0,41.0,26.0,267.0,1.0,0.0,6.5,10.3,63.4,90.19,14.0,7.0,50.0,2.0,1.0,50.0,4.0,1.0,0.0,0.0,7.0,64.0,1.0,1.0,1.0,6.0,7.0,2.0,2.0,75.0,37.5,1.0,1.0,0.0,33.3,0.0,25.0,0.0,3.0,3.0,0.0,0.0,0.0,0.0,0.0,2.0,2.0,2.0,2.0,0.0,0.0,0.0,0.0,0.0,3.0,2.0,48.0,23.0,1.0,6.0,4.0,1.0,1.0,31.0,18.0,2.0,10.0,4.0,0.0,0.0,Sunday,993004506,16,7,18684.0,1.0,1,0.0,0.444,0.0,0.1241838203412792,0.4714285714285714,0.4180005352988223,-0.2068950746834161,0.0207958515497698,0.5578947368421052,-0.0443658493721202,0.2595066674773327,27.0,20.0,7.0,353.0,452.0,0.0,0.444,1.0,27.0,20.0,1.0,0.1241838203412792,0.4714285714285714,0.4180005352988223,-0.2068950746834161,0.0207958515497698,0.5578947368421052,-0.0443658493721202,0.2595066674773327,0.1241838203412792,0.0207958515497698,202410216.0,2024-09-15T16:25:00,1,2024,2,CIN,KC,AWAY,25.0,26.0,51.0,Arrowhead Stadium,3.0,13.0,6.0,3.0,0.0,25.0,57.0,31:29,13.0,5.0,7.0,1.0,48.0,224.0,4.7,1.0,16.0,70.0,4.4,1.0,29.0,21.0,154.0,0.0,0.0,5.3,7.3,72.4,84.55,11.0,4.0,36.4,1.0,0.0,0.0,2.0,1.0,0.0,0.0,2.0,10.0,3.0,2.0,3.0,10.0,7.0,5.0,4.0,258.0,64.5,2.0,0.0,-2.0,3.0,7.0,7.0,9.0,0.0,34.0,3.0,28:31,17.0,11.0,6.0,0.0,64.0,290.0,4.5,1.0,39.0,170.0,4.4,1.0,24.0,15.0,120.0,0.0,0.0,5.0,8.0,62.5,75.0,15.0,6.0,40.0,0.0,0.0,0.0,4.0,1.0,0.0,0.0,5.0,40.0,1.0,0.0,1.0,1.0,4.0,3.0,5.0,250.0,50.0,0.0,2.0,2.0,50.0,0.0,25.0,0.0,1.0,1.0,0.0,0.0,0.0,0.0,0.0,1.0,1.0,1.0,1.0,0.0,0.0,0.0,0.0,0.0,3.0,3.0,40.0,32.0,1.0,1.0,3.0,1.0,0.0,28.0,23.0,3.0,10.0,3.0,3.0,2.0,Sunday,993004505,7,16,18678.0,-1.0,0,-2.0,0.364,0.0,-0.0384047210302792,0.4918032786885246,-0.2285087472253057,0.1952082755832145,0.0777772269123745,0.4938271604938271,0.0463360092576981,-0.0551437608355627,10.0,16.0,-6.0,224.0,290.0,-2.0,0.364,0.0,10.0,16.0,0.0,-0.0384047210302792,0.4918032786885246,-0.2285087472253057,0.1952082755832145,0.0777772269123745,0.4938271604938271,0.0463360092576981,-0.0551437608355627,-0.0384047210302792,0.0777772269123745,13.0,1.0,1.0,1.0,129.0,577.0,162.0,742.0,17.0,37.0,4.0,36.0,1.0,1.0,0.1625885413715584,-0.0569813753626047
202410213.0,2024-09-15T20:20:00,1,2024,2,HOU,CHI,HOME,19.0,13.0,32.0,NRG Stadium,3.0,13.0,0.0,3.0,0.0,40.0,0.0,28:47,26.0,11.0,13.0,2.0,76.0,417.0,5.5,3.0,40.0,213.0,5.3,1.0,32.0,24.0,204.0,2.0,0.0,6.4,8.5,75.0,111.98,14.0,7.0,50.0,2.0,2.0,100.0,3.0,3.0,0.0,0.0,5.0,30.0,0.0,0.0,4.0,30.0,2.0,5.0,1.0,56.0,56.0,0.0,1.0,1.0,3.0,7.0,0.0,3.0,0.0,20.0,0.0,31:13,14.0,9.0,4.0,1.0,43.0,303.0,7.0,4.0,22.0,104.0,4.7,2.0,19.0,9.0,199.0,2.0,1.0,10.5,22.1,47.4,98.36,10.0,5.0,50.0,2.0,1.0,50.0,3.0,2.0,0.0,0.0,4.0,20.0,0.0,0.0,2.0,13.0,10.0,4.0,3.0,152.0,50.7,1.0,0.0,-1.0,100.0,0.0,66.7,0.0,2.0,2.0,0.0,1.0,0.0,0.0,0.0,3.0,3.0,3.0,3.0,0.0,1.0,0.0,0.0,0.0,0.0,0.0,25.0,15.0,2.0,13.0,7.0,0.0,0.0,55.0,29.0,4.0,30.0,1.0,0.0,0.0,Sunday,993004508,13,6,18679.0,6.0,1,1.0,0.5,0.0,0.1276207623698687,0.5104166666666666,0.245703532288848,0.0992991249906906,0.0946765126137267,0.5423728813559322,0.1568638980900868,-0.0703518797941738,29.0,27.0,2.0,417.0,303.0,1.0,0.5,1.0,29.0,27.0,1.0,0.1276207623698687,0.5104166666666666,0.245703532288848,0.0992991249906906,0.0946765126137267,0.5423728813559322,0.1568638980900868,-0.0703518797941738,0.1276207623698687,0.0946765126137267,202410213.0,2024-09-15T20:20:00,1,2024,2,CHI,HOU,AWAY,13.0,19.0,32.0,NRG Stadium,3.0,7.0,0.0,3.0,0.0,25.0,6.0,31:13,11.0,6.0,5.0,0.0,53.0,148.0,2.8,2.0,22.0,84.0,3.8,0.0,29.0,14.0,64.0,0.0,0.0,2.2,4.6,48.3,54.81,13.0,2.0,15.4,2.0,2.0,100.0,1.0,0.0,0.0,0.0,7.0,55.0,3.0,1.0,2.0,29.0,10.0,8.0,6.0,270.0,45.0,1.0,3.0,2.0,3.0,13.0,0.0,3.0,0.0,34.0,54.0,28:47,16.0,9.0,6.0,1.0,61.0,244.0,4.0,2.0,26.0,140.0,5.4,1.0,32.0,19.0,104.0,1.0,2.0,3.2,5.5,59.4,49.48,14.0,3.0,21.4,2.0,1.0,50.0,2.0,1.0,0.0,0.0,8.0,50.0,1.0,1.0,3.0,23.0,4.0,8.0,5.0,268.0,53.6,3.0,1.0,-2.0,0.0,0.0,50.0,0.0,1.0,1.0,0.0,2.0,1.0,0.0,0.0,3.0,3.0,2.0,2.0,0.0,0.0,0.0,0.0,0.0,1.0,1.0,41.0,21.0,3.0,23.0,4.0,1.0,1.0,34.0,17.0,2.0,29.0,5.0,1.0,1.0,Sunday,993004507,6,13,18677.0,-6.0,0,2.0,0.154,0.0,-0.2012001051284131,0.4133333333333333,-0.2818663537104027,-0.2026929001195209,-0.2782829253775001,0.3975903614457831,-0.3892258076036451,-0.0604311305785086,24.0,17.0,7.0,148.0,244.0,2.0,0.154,1.0,24.0,17.0,1.0,-0.2012001051284131,0.4133333333333333,-0.2818663537104027,-0.2026929001195209,-0.2782829253775001,0.3975903614457831,-0.3892258076036451,-0.0604311305785086,-0.2012001051284131,-0.2782829253775001,-5.0,9.0,0.0,2.0,269.0,565.0,59.0,547.0,5.0,53.0,10.0,44.0,0.0,2.0,0.32882086749828177,0.37295943799122677
202410226.0,2024-09-16T20:15:00,1,2024,2,PHI,ATL,HOME,21.0,22.0,43.0,Lincoln Financial Field,0.0,7.0,3.0,11.0,0.0,32.0,47.0,35:39,25.0,8.0,14.0,3.0,74.0,410.0,5.5,4.0,38.0,144.0,3.8,2.0,34.0,20.0,266.0,2.0,2.0,7.8,13.3,58.8,78.8,14.0,4.0,28.6,1.0,1.0,100.0,6.0,3.0,0.0,0.0,7.0,57.0,2.0,1.0,2.0,12.0,5.0,4.0,2.0,101.0,50.5,3.0,1.0,-2.0,0.0,6.0,9.0,7.0,0.0,27.0,13.0,24:21,19.0,7.0,9.0,3.0,58.0,414.0,7.1,3.0,21.0,163.0,7.8,1.0,35.0,17.0,251.0,2.0,1.0,7.2,14.8,48.6,79.58,11.0,3.0,27.3,1.0,1.0,100.0,4.0,1.0,0.0,0.0,10.0,71.0,1.0,0.0,2.0,9.0,5.0,7.0,2.0,74.0,37.0,1.0,3.0,2.0,50.0,0.0,25.0,0.0,4.0,4.0,0.0,0.0,0.0,0.0,0.0,2.0,2.0,2.0,2.0,0.0,1.0,0.0,0.0,0.0,4.0,3.0,30.0,24.0,2.0,9.0,4.0,1.0,0.0,46.0,26.0,2.0,12.0,6.0,0.0,1.0,Monday,993004510,26,2,18683.0,-1.0,0,-2.0,0.286,0.0,0.1035854556812443,0.5263157894736842,0.3622327596531249,-0.2866811436617315,0.0915969554592703,0.4705882352941176,0.0903825377184479,0.1993178266304358,34.0,29.0,5.0,410.0,414.0,-2.0,0.286,1.0,34.0,29.0,1.0,0.1035854556812443,0.5263157894736842,0.3622327596531249,-0.2866811436617315,0.0915969554592703,0.4705882352941176,0.0903825377184479,0.1993178266304358,0.1035854556812443,0.0915969554592703,202410226.0,2024-09-16T20:15:00,1,2024,2,ATL,PHI,AWAY,22.0,21.0,43.0,Lincoln Financial Field,0.0,6.0,9.0,7.0,0.0,24.0,24.0,24:21,15.0,6.0,8.0,1.0,50.0,226.0,4.5,1.0,22.0,89.0,4.0,0.0,26.0,16.0,137.0,1.0,2.0,5.3,8.6,61.5,56.09,9.0,2.0,22.2,1.0,1.0,100.0,2.0,1.0,0.0,0.0,5.0,34.0,1.0,1.0,2.0,18.0,5.0,7.0,4.0,210.0,52.5,3.0,0.0,-3.0,0.0,7.0,3.0,11.0,0.0,35.0,36.0,35:39,16.0,9.0,6.0,1.0,66.0,270.0,4.1,0.0,41.0,137.0,3.3,0.0,23.0,17.0,133.0,0.0,0.0,5.8,7.8,73.9,87.77,17.0,8.0,47.1,1.0,0.0,0.0,2.0,0.0,0.0,0.0,9.0,60.0,1.0,0.0,2.0,23.0,7.0,3.0,3.0,146.0,48.7,0.0,3.0,3.0,50.0,0.0,0.0,0.0,1.0,1.0,0.0,0.0,0.0,0.0,0.0,1.0,1.0,0.0,0.0,0.0,0.0,0.0,0.0,0.0,6.0,6.0,51.0,29.0,2.0,23.0,1.0,0.0,0.0,32.0,19.0,2.0,18.0,5.0,0.0,1.0,Monday,993004509,2,26,18675.0,1.0,1,-3.0,0.222,0.0,-0.2430108862247381,0.4782608695652174,-0.3171815607441643,-0.3232812671491917,-0.0405557290948871,0.4285714285714285,-0.0344022052816795,-0.1973939374102311,10.0,18.0,-8.0,226.0,270.0,-3.0,0.222,0.0,10.0,18.0,0.0,-0.2430108862247381,0.4782608695652174,-0.3171815607441643,-0.3232812671491917,-0.0405557290948871,0.4285714285714285,-0.0344022052816795,-0.1973939374102311,-0.2430108862247381,-0.0405557290948871,13.0,-3.0,1.0,1.0,184.0,636.0,144.0,684.0,24.0,44.0,11.0,47.0,1.0,1.0,0.34659634190598243,0.1321526845541574
202410324.0,2024-09-19T20:15:00,1,2024,3,NYJ,NE,HOME,24.0,3.0,27.0,MetLife Stadium,7.0,7.0,7.0,3.0,0.0,30.0,3.0,40:04,16.0,6.0,9.0,1.0,56.0,265.0,4.7,3.0,24.0,101.0,4.2,1.0,30.0,18.0,164.0,2.0,0.0,5.5,9.1,60.0,97.08,12.0,5.0,41.7,0.0,0.0,0.0,2.0,1.0,0.0,0.0,7.0,70.0,0.0,0.0,2.0,12.0,6.0,6.0,6.0,302.0,50.3,0.0,2.0,2.0,0.0,3.0,0.0,0.0,0.0,29.0,57.0,19:56,20.0,9.0,7.0,4.0,60.0,300.0,5.0,2.0,28.0,130.0,4.6,1.0,28.0,19.0,170.0,1.0,1.0,6.1,8.9,67.9,80.95,12.0,5.0,41.7,1.0,0.0,0.0,4.0,1.0,0.0,0.0,5.0,45.0,1.0,1.0,4.0,22.0,3.0,6.0,4.0,226.0,56.5,2.0,0.0,-2.0,50.0,0.0,25.0,0.0,3.0,3.0,0.0,0.0,0.0,0.0,0.0,1.0,1.0,2.0,2.0,0.0,0.0,0.0,0.0,0.0,1.0,1.0,47.0,15.0,4.0,22.0,5.0,1.0,1.0,38.0,14.0,2.0,12.0,2.0,0.0,0.0,Thursday,993004512,24,21,18698.0,21.0,1,2.0,0.417,0.0,0.0865483474078241,0.4594594594594595,0.1194900115225804,0.0288213454927741,-0.066402308896418,0.4625,-0.0811192025384547,-0.0418863043994664,21.5,24.5,-3.0,265.5,350.5,0.0,0.508,0.5,43.0,49.0,1.0,0.041963332148481,0.4719172297297297,0.0807064255785323,-0.0914143765942473,0.0537496698264851,0.48125,0.0583826136978099,0.0050033906529478,0.041963332148481,0.0537496698264851,202410324.0,2024-09-19T20:15:00,1,2024,3,NE,NYJ,AWAY,3.0,24.0,27.0,MetLife Stadium,0.0,3.0,0.0,0.0,0.0,35.0,42.0,19:56,19.0,8.0,9.0,2.0,66.0,310.0,4.7,2.0,36.0,185.0,5.1,1.0,27.0,15.0,125.0,1.0,0.0,4.6,8.3,55.6,80.02,16.0,6.0,37.5,0.0,0.0,0.0,4.0,2.0,0.0,0.0,3.0,42.0,1.0,0.0,3.0,24.0,6.0,4.0,6.0,342.0,57.0,0.0,0.0,0.0,7.0,7.0,7.0,3.0,0.0,29.0,41.0,40:04,18.0,5.0,11.0,2.0,66.0,358.0,5.4,2.0,19.0,46.0,2.4,1.0,44.0,33.0,312.0,1.0,0.0,7.1,9.5,75.0,101.7,15.0,7.0,46.7,2.0,1.0,50.0,3.0,1.0,0.0,0.0,6.0,50.0,0.0,0.0,3.0,15.0,8.0,5.0,5.0,269.0,53.8,0.0,0.0,0.0,50.0,0.0,33.3,0.0,2.0,2.0,0.0,0.0,0.0,0.0,0.0,3.0,2.0,2.0,2.0,0.0,0.0,0.0,0.0,0.0,3.0,3.0,42.0,26.0,3.0,15.0,5.0,0.0,0.0,41.0,33.0,3.0,24.0,2.0,1.0,0.0,Thursday,993004511,21,24,18697.0,-21.0,0,0.0,0.375,0.0,0.0265199192579781,0.4883720930232558,0.0565450911170185,0.0436638049032938,0.0612862431240288,0.5287356321839081,0.2378528296271813,-0.466287014992513,18.0,16.5,1.5,300.0,291.0,1.0,0.388,0.5,36.0,33.0,1.0,0.0521485730851763,0.4910996267585414,0.0514405501873583,-0.0057399779661344,0.0114407610468748,0.5102694554362164,0.0046720412009377,-0.1355393697046492,0.0521485730851763,0.0114407610468748,-4.5,-1.5,0.0,1.0,-34.5,565.5,59.5,641.5,7.0,79.0,16.0,82.0,0.0,2.0,-0.010185240936695303,0.0423089087796103
202410328.0,2024-09-22T13:00:00,1,2024,3,PIT,LAC,HOME,20.0,10.0,30.0,Acrisure Stadium,0.0,7.0,3.0,10.0,0.0,32.0,19.0,33:51,16.0,4.0,7.0,5.0,58.0,251.0,4.3,1.0,36.0,141.0,3.9,0.0,20.0,13.0,110.0,1.0,0.0,5.5,8.5,65.0,95.83,13.0,4.0,30.8,0.0,0.0,0.0,2.0,1.0,0.0,0.0,10.0,78.0,1.0,0.0,2.0,7.0,7.0,6.0,8.0,424.0,53.0,0.0,2.0,2.0,7.0,3.0,0.0,0.0,0.0,27.0,41.0,26:09,13.0,5.0,8.0,0.0,56.0,295.0,5.3,0.0,19.0,64.0,3.4,0.0,35.0,20.0,231.0,0.0,2.0,6.6,11.6,57.1,53.39,12.0,2.0,16.7,2.0,1.0,50.0,3.0,0.0,0.0,0.0,9.0,124.0,0.0,0.0,2.0,15.0,6.0,4.0,6.0,315.0,52.5,2.0,0.0,-2.0,50.0,0.0,0.0,0.0,1.0,1.0,0.0,0.0,0.0,0.0,0.0,2.0,2.0,0.0,0.0,0.0,0.0,0.0,0.0,0.0,2.0,2.0,36.0,20.0,2.0,15.0,6.0,0.0,0.0,38.0,30.0,2.0,7.0,1.0,0.0,0.0,Sunday,993004518,28,29,18687.0,10.0,1,2.0,0.308,0.0,-0.0094508793893156,0.3780487804878049,0.146751124924501,-0.3005504179774992,-0.1199667746914201,0.4473684210526316,-0.2336595847361269,-0.2546594585668679,15.5,8.0,7.5,260.5,260.5,2.5,0.389,1.0,31.0,16.0,2.0,-0.0250033042421013,0.4033101045296167,0.0561744598214107,-0.2489721776938651,-0.1814888304580791,0.4628146453089244,-0.2754205727401456,-0.2889703628580298,-0.0250033042421013,-0.1814888304580791,202410328.0,2024-09-22T13:00:00,1,2024,3,LAC,PIT,AWAY,10.0,20.0,30.0,Acrisure Stadium,7.0,3.0,0.0,0.0,0.0,36.0,18.0,26:09,21.0,10.0,8.0,3.0,65.0,349.0,5.4,3.0,44.0,219.0,5.0,1.0,20.0,14.0,130.0,2.0,1.0,6.5,9.3,70.0,100.0,16.0,9.0,56.2,0.0,0.0,0.0,2.0,1.0,0.0,0.0,3.0,15.0,1.0,1.0,1.0,0.0,2.0,4.0,3.0,129.0,43.0,2.0,1.0,-1.0,0.0,7.0,3.0,10.0,0.0,23.0,42.0,33:51,7.0,4.0,3.0,0.0,46.0,159.0,3.5,0.0,18.0,90.0,5.0,0.0,26.0,18.0,69.0,0.0,1.0,2.7,3.8,69.2,56.25,12.0,1.0,8.3,3.0,1.0,33.3,0.0,0.0,0.0,0.0,9.0,90.0,0.0,0.0,2.0,15.0,2.0,1.0,7.0,311.0,44.4,1.0,2.0,1.0,50.0,0.0,0.0,0.0,3.0,2.0,0.0,0.0,0.0,0.0,0.0,2.0,2.0,0.0,0.0,0.0,0.0,0.0,0.0,0.0,1.0,1.0,29.0,23.0,2.0,15.0,5.0,0.0,0.0,44.0,35.0,1.0,0.0,2.0,1.0,1.0,Sunday,993004517,29,28,18691.0,-10.0,0,-1.0,0.562,0.0,0.0549212708827526,0.5125,0.1360145191585499,0.0836834924451089,-0.3832779668025278,0.3076923076923077,-0.7579521568034528,-0.0408941171857911,24.0,6.5,17.5,332.5,227.5,1.0,0.415,1.0,48.0,13.0,2.0,-0.0349150971447493,0.4380681818181817,-0.0131696834663021,0.0365880354370835,-0.3478862069261086,0.3497920997920998,-0.4263498191457849,-0.4213267266065539,-0.0349150971447493,-0.3478862069261086,-10.0,25.0,0.0,2.0,-72.0,593.0,33.0,488.0,-17.0,79.0,3.0,29.0,0.0,4.0,0.009911792902648,0.16639737646802952
202410322.0,2024-09-22T13:00:00,1,2024,3,NO,PHI,HOME,12.0,15.0,27.0,Caesars Superdome,3.0,0.0,0.0,9.0,0.0,30.0,31.0,27:45,24.0,15.0,8.0,1.0,56.0,432.0,7.7,6.0,39.0,190.0,4.9,4.0,16.0,11.0,242.0,2.0,1.0,15.1,22.0,68.8,125.0,8.0,5.0,62.5,0.0,0.0,0.0,5.0,4.0,0.0,0.0,5.0,40.0,0.0,0.0,1.0,1.0,3.0,4.0,1.0,49.0,49.0,1.0,2.0,1.0,0.0,0.0,0.0,15.0,0.0,29.0,29.0,32:15,20.0,5.0,13.0,2.0,66.0,353.0,5.3,1.0,21.0,68.0,3.2,0.0,42.0,28.0,285.0,1.0,2.0,6.8,10.2,66.7,74.01,13.0,6.0,46.2,3.0,1.0,33.3,3.0,0.0,0.0,0.0,4.0,26.0,1.0,0.0,3.0,14.0,1.0,2.0,1.0,53.0,53.0,2.0,1.0,-1.0,80.0,0.0,0.0,0.0,6.0,5.0,1.0,0.0,0.0,0.0,0.0,1.0,1.0,1.0,1.0,0.0,0.0,0.0,0.0,0.0,4.0,4.0,42.0,23.0,3.0,14.0,9.0,1.0,0.0,35.0,24.0,1.0,1.0,3.0,0.0,0.0,Sunday,993004520,22,26,18692.0,-3.0,0,1.0,0.625,0.0,0.3375163788503267,0.5972222222222222,0.7835279257759746,0.2406582961549135,-0.0741754052942401,0.4597701149425287,-0.2094350251626606,-0.0465529844979755,45.5,14.5,31.0,405.5,273.0,1.5,0.582,1.0,91.0,29.0,2.0,0.2671114531140701,0.5455246913580246,0.5623806232526334,0.1747954651798452,-0.2244985281647001,0.4221927497789566,-0.2725769014811822,-0.407517103590619,0.2671114531140701,-0.2244985281647001,202410322.0,2024-09-22T13:00:00,1,2024,3,PHI,NO,AWAY,15.0,12.0,27.0,Caesars Superdome,0.0,0.0,0.0,15.0,0.0,35.0,39.0,32:15,22.0,10.0,12.0,0.0,68.0,365.0,5.4,2.0,37.0,186.0,5.0,1.0,30.0,23.0,179.0,1.0,1.0,6.0,7.8,76.7,88.06,13.0,6.0,46.2,3.0,2.0,66.7,5.0,2.0,0.0,0.0,9.0,53.0,0.0,0.0,1.0,4.0,2.0,3.0,2.0,93.0,46.5,1.0,0.0,-1.0,3.0,0.0,0.0,9.0,0.0,24.0,21.0,27:45,22.0,9.0,11.0,2.0,58.0,385.0,6.6,2.0,28.0,152.0,5.4,0.0,29.0,20.0,233.0,2.0,0.0,8.0,11.6,69.0,116.02,9.0,2.0,22.2,2.0,1.0,50.0,3.0,1.0,0.0,0.0,3.0,40.0,1.0,0.0,1.0,8.0,5.0,4.0,2.0,89.0,44.5,0.0,1.0,1.0,40.0,0.0,33.3,0.0,1.0,1.0,0.0,0.0,0.0,1.0,1.0,2.0,2.0,1.0,1.0,0.0,2.0,0.0,0.0,0.0,3.0,3.0,40.0,17.0,1.0,8.0,4.0,0.0,0.0,47.0,29.0,1.0,4.0,5.0,0.0,0.0,Sunday,993004519,26,22,18685.0,3.0,1,-1.0,0.462,0.0,0.0886313649822443,0.4767441860465116,0.1410312138607449,0.0199923212512142,0.1395598696242186,0.5068493150684932,0.2628339471085147,0.0183026335819158,27.5,25.5,2.0,387.5,399.5,-1.5,0.374,0.5,55.0,51.0,1.0,0.0961084103317443,0.5015299877600978,0.2516319867569349,-0.1333444112052586,0.1155784125417444,0.4887187751813053,0.1766082424134813,0.1088102301061758,0.0961084103317443,0.1155784125417444,29.0,33.0,0.5,1.5,18.0,793.0,-126.5,672.5,36.0,146.0,-22.0,80.0,1.0,3.0,0.17100304278232578,-0.3400769407064445
202410314.0,2024-09-22T13:00:00,1,2024,3,IND,CHI,HOME,21.0,16.0,37.0,Lucas Oil Stadium,0.0,7.0,7.0,7.0,0.0,19.0,49.0,24:59,19.0,8.0,10.0,1.0,53.0,338.0,6.4,1.0,18.0,140.0,7.8,0.0,34.0,17.0,198.0,1.0,3.0,5.8,11.6,50.0,41.05,9.0,2.0,22.2,2.0,1.0,50.0,2.0,1.0,0.0,0.0,3.0,20.0,3.0,0.0,1.0,6.0,0.0,6.0,3.0,161.0,53.7,3.0,1.0,-2.0,0.0,0.0,3.0,13.0,0.0,40.0,11.0,35:01,19.0,13.0,6.0,0.0,67.0,383.0,5.7,1.0,53.0,261.0,4.9,0.0,14.0,12.0,122.0,1.0,0.0,8.7,10.2,85.7,126.79,17.0,10.0,58.8,0.0,0.0,0.0,3.0,1.0,0.0,0.0,6.0,50.0,2.0,1.0,0.0,0.0,3.0,4.0,3.0,139.0,46.3,1.0,3.0,2.0,50.0,0.0,33.3,0.0,1.0,1.0,0.0,0.0,0.0,0.0,0.0,2.0,1.0,1.0,1.0,0.0,0.0,0.0,0.0,0.0,4.0,3.0,58.0,33.0,0.0,0.0,1.0,1.0,1.0,30.0,11.0,1.0,6.0,7.0,1.0,0.0,Sunday,993004514,14,6,18694.0,5.0,1,-2.0,0.222,0.0,-0.0979898379403983,0.463768115942029,-0.1197076731721,-0.0484050159034395,0.0009397620758518,0.3975903614457831,0.4418844655554188,-0.2107874665018287,18.5,22.5,-4.0,320.5,400.0,-1.5,0.361,0.0,37.0,45.0,0.0,-0.0016566626633357,0.5030704986489806,0.0185781124589934,-0.0593784478488066,0.0642802622228602,0.4540035140562248,0.3437939989221334,-0.055744170755569,-0.0016566626633357,0.0642802622228602,202410314.0,2024-09-22T13:00:00,1,2024,3,CHI,IND,AWAY,16.0,21.0,37.0,Lucas Oil Stadium,0.0,0.0,3.0,13.0,0.0,31.0,13.0,35:01,15.0,3.0,7.0,5.0,66.0,205.0,3.1,1.0,22.0,71.0,3.2,1.0,37.0,23.0,134.0,0.0,2.0,3.6,5.8,62.2,46.45,17.0,6.0,35.3,2.0,1.0,50.0,1.0,1.0,0.0,0.0,9.0,60.0,0.0,0.0,7.0,40.0,4.0,6.0,6.0,284.0,47.3,2.0,1.0,-1.0,0.0,7.0,7.0,7.0,0.0,28.0,47.0,24:59,15.0,4.0,11.0,0.0,61.0,310.0,5.1,1.0,22.0,75.0,3.4,0.0,36.0,23.0,235.0,1.0,0.0,6.5,10.2,63.9,91.78,14.0,4.0,28.6,1.0,1.0,100.0,2.0,1.0,0.0,0.0,12.0,115.0,1.0,1.0,3.0,25.0,11.0,9.0,6.0,267.0,44.5,1.0,2.0,1.0,100.0,0.0,50.0,0.0,1.0,1.0,0.0,0.0,0.0,0.0,0.0,2.0,2.0,1.0,1.0,0.0,0.0,0.0,0.0,0.0,4.0,4.0,43.0,17.0,3.0,25.0,5.0,1.0,1.0,46.0,18.0,7.0,40.0,3.0,0.0,0.0,Sunday,993004513,6,14,18686.0,-5.0,0,-1.0,0.353,0.0,-0.1298716733441653,0.4,-0.2222483834724035,-0.1371496618456957,-0.0613280481863274,0.3902439024390244,0.0242536433428514,-0.504268946774703,18.5,18.0,0.5,176.5,277.0,0.5,0.253,0.5,37.0,36.0,1.0,-0.1655358892362892,0.4066666666666666,-0.2520573685914031,-0.1699212809826082,-0.1698054867819137,0.3939171319424037,-0.1824860821303968,-0.2823500386766058,-0.1655358892362892,-0.1698054867819137,-4.5,-3.5,-0.5,0.5,144.0,497.0,123.0,677.0,0.0,74.0,9.0,81.0,-1.0,1.0,0.1638792265729535,0.2340857490047739
202410320.0,2024-09-22T13:00:00,1,2024,3,MIN,HOU,HOME,34.0,7.0,41.0,U.S. Bank Stadium,14.0,0.0,7.0,13.0,0.0,25.0,12.0,29:18,17.0,8.0,9.0,0.0,54.0,403.0,7.5,2.0,24.0,146.0,6.1,0.0,26.0,17.0,257.0,2.0,1.0,9.9,15.1,65.4,107.37,12.0,7.0,58.3,0.0,0.0,0.0,3.0,1.0,0.0,0.0,7.0,53.0,3.0,1.0,4.0,11.0,7.0,8.0,3.0,151.0,50.3,2.0,2.0,0.0,0.0,0.0,7.0,0.0,0.0,34.0,48.0,30:42,24.0,5.0,17.0,2.0,67.0,396.0,5.9,2.0,25.0,102.0,4.1,1.0,36.0,28.0,294.0,1.0,1.0,8.2,10.5,77.8,98.38,10.0,2.0,20.0,3.0,1.0,33.3,4.0,2.0,0.0,0.0,4.0,30.0,3.0,1.0,6.0,25.0,6.0,5.0,2.0,99.0,49.5,2.0,2.0,0.0,33.3,0.0,50.0,0.0,2.0,2.0,0.0,0.0,0.0,0.0,0.0,3.0,3.0,2.0,2.0,0.0,0.0,0.0,0.0,0.0,1.0,1.0,41.0,33.0,6.0,25.0,6.0,1.0,1.0,36.0,19.0,4.0,11.0,5.0,2.0,1.0,Sunday,993004524,20,13,18696.0,27.0,1,0.0,0.583,0.0,-0.0535165447474094,0.5294117647058824,-0.1186964061810028,0.0763348227050258,-0.1330567598999834,0.4941176470588235,-0.0233392642000002,-0.1651639381513644,25.5,11.5,14.0,357.5,318.0,0.0,0.442,1.0,51.0,23.0,2.0,0.0204390473251335,0.4960491659350307,0.1003421858826024,0.0361090176567093,-0.1838277253635076,0.4380700594844678,-0.2245443812258227,-0.1626460478747389,0.0204390473251335,-0.1838277253635076,202410320.0,2024-09-22T13:00:00,1,2024,3,HOU,MIN,AWAY,7.0,34.0,41.0,U.S. Bank Stadium,0.0,0.0,7.0,0.0,0.0,28.0,47.0,30:42,15.0,4.0,11.0,0.0,61.0,310.0,5.1,1.0,22.0,75.0,3.4,0.0,36.0,23.0,235.0,1.0,0.0,6.5,10.2,63.9,91.78,14.0,4.0,28.6,1.0,1.0,100.0,2.0,1.0,0.0,0.0,12.0,115.0,1.0,1.0,3.0,25.0,11.0,9.0,6.0,267.0,44.5,1.0,2.0,1.0,14.0,0.0,7.0,13.0,0.0,31.0,13.0,29:18,15.0,3.0,7.0,5.0,66.0,205.0,3.1,1.0,22.0,71.0,3.2,1.0,37.0,23.0,134.0,0.0,2.0,3.6,5.8,62.2,46.45,17.0,6.0,35.3,2.0,1.0,50.0,1.0,1.0,0.0,0.0,9.0,60.0,0.0,0.0,7.0,40.0,4.0,6.0,6.0,284.0,47.3,2.0,1.0,-1.0,50.0,0.0,100.0,0.0,1.0,1.0,0.0,0.0,0.0,0.0,0.0,4.0,4.0,1.0,1.0,0.0,0.0,0.0,0.0,0.0,2.0,2.0,46.0,18.0,7.0,40.0,3.0,0.0,0.0,43.0,17.0,3.0,25.0,5.0,1.0,1.0,Sunday,993004523,13,20,18686.0,-27.0,0,1.0,0.286,0.0,-0.0613280481863274,0.3902439024390244,0.0242536433428514,-0.504268946774703,-0.1298716733441653,0.4,-0.2222483834724035,-0.1371496618456957,24.0,20.0,4.0,363.5,254.0,1.0,0.393,1.0,48.0,40.0,2.0,0.0331463570917706,0.4503302845528455,0.1349785878158497,-0.2024849108920062,-0.0175975803652193,0.4711864406779661,-0.0326922426911583,-0.1037507708199347,0.0331463570917706,-0.0175975803652193,10.0,18.0,0.0,2.0,-6.0,721.0,64.0,572.0,3.0,99.0,-17.0,63.0,0.0,4.0,-0.012707309766637101,-0.1662301449982883
202410333.0,2024-09-22T13:00:00,1,2024,3,TB,DEN,HOME,7.0,26.0,33.0,Raymond James Stadium,0.0,7.0,0.0,0.0,0.0,26.0,7.0,27:52,14.0,3.0,9.0,2.0,47.0,216.0,4.6,2.0,23.0,70.0,3.0,1.0,19.0,12.0,146.0,1.0,1.0,7.7,12.2,63.2,82.35,10.0,2.0,20.0,0.0,0.0,0.0,2.0,1.0,0.0,0.0,4.0,35.0,2.0,0.0,5.0,39.0,10.0,4.0,5.0,230.0,46.0,1.0,2.0,1.0,14.0,6.0,0.0,6.0,0.0,33.0,53.0,32:08,26.0,7.0,16.0,3.0,83.0,463.0,5.6,1.0,27.0,139.0,5.1,1.0,56.0,35.0,324.0,0.0,2.0,5.8,9.3,62.5,63.39,17.0,7.0,41.2,5.0,3.0,60.0,7.0,1.0,0.0,0.0,4.0,71.0,0.0,0.0,0.0,0.0,5.0,7.0,2.0,67.0,33.5,2.0,1.0,-1.0,50.0,0.0,14.3,0.0,2.0,2.0,0.0,0.0,0.0,0.0,0.0,2.0,2.0,1.0,1.0,0.0,0.0,0.0,0.0,0.0,3.0,3.0,54.0,30.0,0.0,0.0,9.0,0.0,0.0,33.0,13.0,5.0,39.0,4.0,2.0,0.0,Sunday,993004522,33,10,18693.0,-19.0,0,1.0,0.2,0.0,-0.0187344520651506,0.4603174603174603,0.0712959131124307,-0.1838576646190823,-0.0815804671199095,0.45,-0.1642727529703795,0.1172866518407737,28.5,18.0,10.5,304.0,381.0,0.5,0.446,1.0,57.0,36.0,2.0,0.127108801647191,0.5079365079365079,0.3801867438942177,-0.1997929484773072,-0.0149576565931801,0.475,0.0341575859692519,0.0770695395230386,0.127108801647191,-0.0149576565931801,202410333.0,2024-09-22T13:00:00,1,2024,3,DEN,TB,AWAY,26.0,7.0,33.0,Raymond James Stadium,14.0,6.0,0.0,6.0,0.0,27.0,41.0,32:08,13.0,5.0,8.0,0.0,56.0,295.0,5.3,0.0,19.0,64.0,3.4,0.0,35.0,20.0,231.0,0.0,2.0,6.6,11.6,57.1,53.39,12.0,2.0,16.7,2.0,1.0,50.0,3.0,0.0,0.0,0.0,9.0,124.0,0.0,0.0,2.0,15.0,6.0,4.0,6.0,315.0,52.5,2.0,0.0,-2.0,0.0,7.0,0.0,0.0,0.0,32.0,19.0,27:52,16.0,4.0,7.0,5.0,58.0,251.0,4.3,1.0,36.0,141.0,3.9,0.0,20.0,13.0,110.0,1.0,0.0,5.5,8.5,65.0,95.83,13.0,4.0,30.8,0.0,0.0,0.0,2.0,1.0,0.0,0.0,10.0,78.0,1.0,0.0,2.0,7.0,7.0,6.0,8.0,424.0,53.0,0.0,2.0,2.0,0.0,0.0,50.0,0.0,0.0,0.0,0.0,0.0,0.0,0.0,0.0,2.0,2.0,1.0,1.0,0.0,0.0,0.0,0.0,0.0,2.0,2.0,38.0,30.0,2.0,7.0,1.0,0.0,0.0,36.0,20.0,2.0,15.0,6.0,0.0,0.0,Sunday,993004521,10,33,18687.0,19.0,1,-2.0,0.167,0.0,-0.1199667746914201,0.4473684210526316,-0.2336595847361269,-0.2546594585668679,-0.0094508793893156,0.3780487804878049,0.146751124924501,-0.3005504179774992,13.0,19.5,-6.5,263.0,277.5,-1.5,0.222,0.0,26.0,39.0,0.0,-0.1264811010725103,0.4118562535370684,-0.2961006865271323,-0.2247244152719812,-0.0285327298308931,0.4243185078909612,0.0457250190529171,-0.1901752202222131,-0.1264811010725103,-0.0285327298308931,17.0,4.0,1.0,1.0,41.0,567.0,103.5,658.5,31.0,83.0,-3.0,75.0,2.0,2.0,0.2535899027197013,0.013575073237713
202410334.0,2024-09-22T13:00:00,1,2024,3,TEN,GB,HOME,14.0,30.0,44.0,Nissan Stadium,7.0,0.0,7.0,0.0,0.0,29.0,57.0,27:32,20.0,9.0,7.0,4.0,60.0,300.0,5.0,2.0,28.0,130.0,4.6,1.0,28.0,19.0,170.0,1.0,1.0,6.1,8.9,67.9,80.95,12.0,5.0,41.7,1.0,0.0,0.0,4.0,1.0,0.0,0.0,5.0,45.0,1.0,1.0,4.0,22.0,3.0,6.0,4.0,226.0,56.5,2.0,0.0,-2.0,17.0,3.0,7.0,3.0,0.0,30.0,3.0,32:28,16.0,6.0,9.0,1.0,56.0,265.0,4.7,3.0,24.0,101.0,4.2,1.0,30.0,18.0,164.0,2.0,0.0,5.5,9.1,60.0,97.08,12.0,5.0,41.7,0.0,0.0,0.0,2.0,1.0,0.0,0.0,7.0,70.0,0.0,0.0,2.0,12.0,6.0,6.0,6.0,302.0,50.3,0.0,2.0,2.0,25.0,0.0,50.0,0.0,2.0,2.0,0.0,0.0,0.0,0.0,0.0,1.0,1.0,3.0,3.0,0.0,0.0,0.0,0.0,0.0,1.0,1.0,38.0,14.0,2.0,12.0,2.0,0.0,0.0,47.0,15.0,4.0,22.0,5.0,1.0,1.0,Sunday,993004516,34,12,18698.0,-16.0,0,-2.0,0.417,0.0,-0.066402308896418,0.4625,-0.0811192025384547,-0.0418863043994664,0.0865483474078241,0.4594594594594595,0.1194900115225804,0.0288213454927741,17.0,24.0,-7.0,272.0,206.5,-2.0,0.315,0.0,34.0,48.0,0.0,-0.172342617136959,0.4300451807228915,-0.2351725050710499,-0.0511587174889874,-0.0573258788602945,0.4363963963963964,-0.0811881710939111,-0.0869357773133734,-0.172342617136959,-0.0573258788602945,202410334.0,2024-09-22T13:00:00,1,2024,3,GB,TEN,AWAY,30.0,14.0,44.0,Nissan Stadium,17.0,3.0,7.0,3.0,0.0,40.0,11.0,32:28,19.0,13.0,6.0,0.0,67.0,383.0,5.7,1.0,53.0,261.0,4.9,0.0,14.0,12.0,122.0,1.0,0.0,8.7,10.2,85.7,126.79,17.0,10.0,58.8,0.0,0.0,0.0,3.0,1.0,0.0,0.0,6.0,50.0,2.0,1.0,0.0,0.0,3.0,4.0,3.0,139.0,46.3,1.0,3.0,2.0,7.0,0.0,7.0,0.0,0.0,19.0,49.0,27:32,19.0,8.0,10.0,1.0,53.0,338.0,6.4,1.0,18.0,140.0,7.8,0.0,34.0,17.0,198.0,1.0,3.0,5.8,11.6,50.0,41.05,9.0,2.0,22.2,2.0,1.0,50.0,2.0,1.0,0.0,0.0,3.0,20.0,3.0,0.0,1.0,6.0,0.0,6.0,3.0,161.0,53.7,3.0,1.0,-2.0,33.3,0.0,50.0,0.0,1.0,1.0,0.0,0.0,0.0,0.0,0.0,4.0,3.0,1.0,1.0,0.0,0.0,0.0,0.0,0.0,2.0,1.0,30.0,11.0,1.0,6.0,7.0,1.0,0.0,58.0,33.0,0.0,0.0,1.0,1.0,1.0,Sunday,993004515,12,34,18694.0,16.0,1,2.0,0.588,0.0,0.0009397620758518,0.3975903614457831,0.4418844655554188,-0.2107874665018287,-0.0979898379403983,0.463768115942029,-0.1197076731721,-0.0484050159034395,22.5,22.0,0.5,398.5,374.0,2.0,0.43,0.5,45.0,44.0,1.0,0.046268358767561,0.4340892983699503,0.2661335016369334,-0.0057348199356964,0.002797808870423,0.4950419527078565,0.1212625432405124,-0.1675430797825854,0.046268358767561,0.002797808870423,-7.5,-6.5,-0.5,0.5,-126.5,670.5,-167.5,580.5,-11.0,79.0,4.0,92.0,-1.0,1.0,-0.21861097590452,-0.060123687730717496
202410308.0,2024-09-22T13:00:00,1,2024,3,CLE,NYG,HOME,15.0,21.0,36.0,Huntington Bank Field,7.0,0.0,0.0,8.0,0.0,34.0,23.0,26:04,17.0,7.0,7.0,3.0,65.0,297.0,4.6,1.0,29.0,125.0,4.3,1.0,34.0,22.0,172.0,0.0,0.0,5.1,7.8,64.7,77.08,14.0,2.0,14.3,3.0,3.0,100.0,1.0,1.0,0.0,0.0,13.0,100.0,1.0,0.0,2.0,14.0,7.0,9.0,5.0,218.0,43.6,0.0,0.0,0.0,7.0,14.0,0.0,0.0,0.0,25.0,37.0,33:56,18.0,7.0,9.0,2.0,55.0,323.0,5.9,1.0,21.0,127.0,6.0,1.0,30.0,14.0,196.0,0.0,0.0,6.5,14.0,46.7,68.19,9.0,3.0,33.3,0.0,0.0,0.0,4.0,1.0,0.0,0.0,6.0,52.0,1.0,0.0,4.0,24.0,8.0,6.0,3.0,156.0,52.0,0.0,0.0,0.0,100.0,0.0,25.0,0.0,1.0,1.0,0.0,0.0,0.0,0.0,0.0,3.0,3.0,1.0,1.0,0.0,0.0,0.0,0.0,0.0,3.0,2.0,37.0,6.0,4.0,24.0,5.0,1.0,0.0,44.0,21.0,2.0,14.0,4.0,1.0,0.0,Sunday,993004526,8,23,18695.0,-6.0,0,0.0,0.143,0.0,0.0478710466359249,0.4431818181818182,0.0305957041995917,-0.0901537002937402,-0.0345320864259964,0.4594594594594595,-0.0423005784157653,0.0113581595099898,17.5,23.0,-5.5,263.5,294.0,-1.0,0.138,0.5,35.0,46.0,1.0,-0.0982062180369275,0.3695500927643784,-0.1669900552529819,-0.0785473509467919,-0.036164999443508,0.4380630630630631,-0.1043730983608039,0.0008399688476083,-0.0982062180369275,-0.036164999443508,202410308.0,2024-09-22T13:00:00,1,2024,3,NYG,CLE,AWAY,21.0,15.0,36.0,Huntington Bank Field,7.0,14.0,0.0,0.0,0.0,22.0,28.0,33:56,18.0,5.0,11.0,2.0,51.0,304.0,6.0,3.0,22.0,129.0,5.9,1.0,28.0,16.0,175.0,2.0,0.0,6.2,10.9,57.1,99.55,8.0,4.0,50.0,2.0,1.0,50.0,3.0,3.0,0.0,0.0,5.0,20.0,1.0,1.0,1.0,3.0,7.0,10.0,2.0,87.0,43.5,1.0,0.0,-1.0,7.0,0.0,0.0,8.0,0.0,37.0,32.0,26:04,22.0,9.0,11.0,2.0,69.0,425.0,6.2,0.0,35.0,215.0,6.1,0.0,29.0,23.0,210.0,0.0,0.0,7.2,9.1,79.3,96.84,14.0,7.0,50.0,1.0,1.0,100.0,6.0,0.0,0.0,0.0,10.0,69.0,0.0,0.0,5.0,16.0,4.0,2.0,0.0,0.0,0.0,0.0,1.0,1.0,100.0,0.0,0.0,0.0,1.0,0.0,0.0,4.0,0.0,0.0,0.0,0.0,0.0,0.0,0.0,0.0,0.0,0.0,0.0,0.0,7.0,7.0,53.0,27.0,5.0,16.0,3.0,0.0,0.0,29.0,21.0,1.0,3.0,4.0,1.0,1.0,Sunday,993004525,23,8,18699.0,6.0,1,-1.0,0.5,0.0,0.0898550352681393,0.4558823529411764,0.2263258243443613,-0.0536801066229362,0.132861236930142,0.4719101123595505,0.2496180486059853,0.0977127277945152,12.0,24.5,-12.5,272.0,368.5,-0.5,0.444,0.0,24.0,49.0,0.0,-0.0723718277794462,0.4189524124256443,-0.0997118369536419,-0.1069041321105248,0.1136279381639092,0.4672983397618648,0.2844994132760965,0.046797970201454,-0.0723718277794462,0.1136279381639092,7.0,-18.0,0.5,0.5,-8.5,535.5,-74.5,662.5,11.0,59.0,-3.0,95.0,1.0,1.0,-0.0258343902574813,-0.1497929376074172
202410330.0,2024-09-22T16:05:00,1,2024,3,SEA,MIA,HOME,24.0,3.0,27.0,Lumen Field,17.0,0.0,0.0,7.0,0.0,29.0,41.0,31:28,18.0,5.0,11.0,2.0,66.0,358.0,5.4,2.0,19.0,46.0,2.4,1.0,44.0,33.0,312.0,1.0,0.0,7.1,9.5,75.0,101.7,15.0,7.0,46.7,2.0,1.0,50.0,3.0,1.0,0.0,0.0,6.0,50.0,0.0,0.0,3.0,15.0,8.0,5.0,5.0,269.0,53.8,0.0,0.0,0.0,3.0,0.0,0.0,0.0,0.0,35.0,42.0,28:32,19.0,8.0,9.0,2.0,66.0,310.0,4.7,2.0,36.0,185.0,5.1,1.0,27.0,15.0,125.0,1.0,0.0,4.6,8.3,55.6,80.02,16.0,6.0,37.5,0.0,0.0,0.0,4.0,2.0,0.0,0.0,3.0,42.0,1.0,0.0,3.0,24.0,6.0,4.0,6.0,342.0,57.0,0.0,0.0,0.0,33.3,0.0,50.0,0.0,2.0,2.0,0.0,0.0,0.0,0.0,0.0,3.0,3.0,2.0,2.0,0.0,0.0,0.0,0.0,0.0,3.0,2.0,41.0,33.0,3.0,24.0,2.0,1.0,0.0,42.0,26.0,3.0,15.0,5.0,0.0,0.0,Sunday,993004530,30,19,18697.0,21.0,1,0.0,0.467,0.0,0.0612862431240288,0.5287356321839081,0.2378528296271813,-0.466287014992513,0.0265199192579781,0.4883720930232558,0.0565450911170185,0.0436638049032938,24.5,20.0,4.5,331.0,270.5,0.5,0.4,1.0,49.0,40.0,2.0,0.006835831425779,0.4996619337390128,0.0912758714042573,-0.27304351872972,-0.0532377540978111,0.4323580895223806,-0.1509983486005595,-0.0755627835369003,0.006835831425779,-0.0532377540978111,202410330.0,2024-09-22T16:05:00,1,2024,3,MIA,SEA,AWAY,3.0,24.0,27.0,Lumen Field,3.0,0.0,0.0,0.0,0.0,36.0,19.0,28:32,20.0,8.0,12.0,0.0,75.0,351.0,4.7,1.0,34.0,139.0,4.1,0.0,39.0,25.0,212.0,1.0,3.0,5.4,8.5,64.1,54.65,15.0,7.0,46.7,5.0,1.0,20.0,4.0,1.0,0.0,0.0,7.0,50.0,0.0,0.0,2.0,13.0,0.0,4.0,1.0,48.0,48.0,3.0,0.0,-3.0,17.0,0.0,0.0,7.0,0.0,23.0,41.0,31:28,13.0,7.0,5.0,1.0,45.0,247.0,5.5,4.0,26.0,108.0,4.2,2.0,19.0,13.0,139.0,1.0,0.0,7.3,10.7,68.4,107.13,9.0,3.0,33.3,1.0,1.0,100.0,2.0,2.0,0.0,0.0,1.0,5.0,1.0,0.0,0.0,0.0,5.0,10.0,3.0,149.0,49.7,0.0,3.0,3.0,25.0,0.0,100.0,0.0,1.0,1.0,0.0,0.0,0.0,0.0,0.0,1.0,1.0,4.0,4.0,0.0,0.0,0.0,0.0,0.0,2.0,1.0,30.0,18.0,0.0,0.0,3.0,0.0,0.0,52.0,20.0,2.0,13.0,4.0,0.0,0.0,Sunday,993004529,19,30,18700.0,-21.0,0,-3.0,0.467,0.0,-0.2355250187580782,0.4719101123595505,-0.3442820041925059,-0.1878812665509031,0.1133151067421195,0.4166666666666667,0.5411838519268977,-0.0515270915308395,15.0,24.0,-9.0,375.5,257.0,-1.0,0.483,0.5,30.0,48.0,1.0,-0.1209051194995993,0.4536021150033046,-0.0896048896446767,-0.2096263521282944,0.0357815167118688,0.4236111111111111,0.386455750109881,-0.2396339016494449,-0.1209051194995993,0.0357815167118688,13.5,-4.5,0.5,1.5,-44.5,706.5,13.5,527.5,19.0,79.0,-8.0,88.0,1.0,3.0,0.1277409509253783,-0.08901927080967989
202410325.0,2024-09-22T16:05:00,1,2024,3,LV,CAR,HOME,22.0,36.0,58.0,Allegiant Stadium,7.0,0.0,0.0,15.0,0.0,30.0,43.0,23:58,18.0,1.0,14.0,3.0,60.0,260.0,4.3,2.0,17.0,27.0,1.6,1.0,38.0,30.0,233.0,1.0,1.0,6.1,7.8,78.9,90.02,12.0,4.0,33.3,1.0,0.0,0.0,3.0,2.0,0.0,0.0,3.0,15.0,1.0,0.0,5.0,43.0,2.0,5.0,3.0,128.0,42.7,1.0,1.0,0.0,7.0,14.0,6.0,9.0,0.0,29.0,17.0,36:02,21.0,5.0,14.0,2.0,63.0,383.0,6.1,2.0,27.0,151.0,5.6,1.0,34.0,21.0,232.0,1.0,1.0,6.8,11.0,61.8,79.53,11.0,3.0,27.3,1.0,1.0,100.0,3.0,2.0,0.0,0.0,11.0,109.0,0.0,0.0,2.0,15.0,10.0,9.0,4.0,173.0,43.2,1.0,1.0,0.0,66.7,0.0,66.7,0.0,2.0,2.0,0.0,0.0,0.0,0.0,0.0,4.0,4.0,2.0,2.0,0.0,0.0,0.0,0.0,0.0,4.0,3.0,42.0,14.0,2.0,15.0,7.0,0.0,0.0,43.0,22.0,5.0,43.0,3.0,1.0,0.0,Sunday,993004528,25,5,18690.0,-14.0,0,0.0,0.333,0.0,0.0301420167913866,0.4936708860759494,0.082739295897185,-0.4582880433189756,-0.0345130302901496,0.4545454545454545,0.0203505341645412,-0.0790996072925433,18.0,22.5,-4.5,278.0,349.5,-1.5,0.345,0.5,36.0,45.0,1.0,-0.1411762151291514,0.4427813889839206,-0.006004092795466,-0.6300236896731461,-0.0796322477312004,0.409090909090909,-0.0710016759633065,-0.0448035144317425,-0.1411762151291514,-0.0796322477312004,202410325.0,2024-09-22T16:05:00,1,2024,3,CAR,LV,AWAY,36.0,22.0,58.0,Allegiant Stadium,7.0,14.0,6.0,9.0,0.0,23.0,42.0,36:02,7.0,4.0,3.0,0.0,46.0,159.0,3.5,0.0,18.0,90.0,5.0,0.0,26.0,18.0,69.0,0.0,1.0,2.7,3.8,69.2,56.25,12.0,1.0,8.3,3.0,1.0,33.3,0.0,0.0,0.0,0.0,9.0,90.0,0.0,0.0,2.0,15.0,2.0,1.0,7.0,311.0,44.4,1.0,2.0,1.0,7.0,0.0,0.0,15.0,0.0,36.0,18.0,23:58,21.0,10.0,8.0,3.0,65.0,349.0,5.4,3.0,44.0,219.0,5.0,1.0,20.0,14.0,130.0,2.0,1.0,6.5,9.3,70.0,100.0,16.0,9.0,56.2,0.0,0.0,0.0,2.0,1.0,0.0,0.0,3.0,15.0,1.0,1.0,1.0,0.0,2.0,4.0,3.0,129.0,43.0,2.0,1.0,-1.0,0.0,0.0,50.0,0.0,0.0,0.0,0.0,0.0,0.0,0.0,0.0,1.0,1.0,3.0,2.0,0.0,0.0,0.0,0.0,0.0,2.0,2.0,44.0,35.0,1.0,0.0,2.0,1.0,1.0,29.0,23.0,2.0,15.0,5.0,0.0,0.0,Sunday,993004527,5,25,18691.0,14.0,1,1.0,0.083,0.0,-0.3832779668025278,0.3076923076923077,-0.7579521568034528,-0.0408941171857911,0.0549212708827526,0.5125,0.1360145191585499,0.0836834924451089,6.5,36.5,-30.0,176.0,364.0,-0.5,0.092,0.0,13.0,73.0,0.0,-0.3790498089188439,0.3461538461538461,-0.5468354673015783,-0.4046876699345267,0.1258138991302831,0.5031635802469135,0.2386239199439209,0.0963080633249429,-0.3790498089188439,0.1258138991302831,25.5,-34.5,0.5,0.5,102.0,454.0,-14.5,713.5,23.0,49.0,-28.0,118.0,1.0,1.0,0.23787359378969247,-0.2054461468614835
202410309.0,2024-09-22T16:25:00,1,2024,3,DAL,BAL,HOME,25.0,28.0,53.0,AT&T Stadium,3.0,3.0,0.0,19.0,0.0,29.0,29.0,25:15,20.0,5.0,13.0,2.0,66.0,353.0,5.3,1.0,21.0,68.0,3.2,0.0,42.0,28.0,285.0,1.0,2.0,6.8,10.2,66.7,74.01,13.0,6.0,46.2,3.0,1.0,33.3,3.0,0.0,0.0,0.0,4.0,26.0,1.0,0.0,3.0,14.0,1.0,2.0,1.0,53.0,53.0,2.0,1.0,-1.0,14.0,7.0,7.0,0.0,0.0,30.0,31.0,34:45,24.0,15.0,8.0,1.0,56.0,432.0,7.7,6.0,39.0,190.0,4.9,4.0,16.0,11.0,242.0,2.0,1.0,15.1,22.0,68.8,125.0,8.0,5.0,62.5,0.0,0.0,0.0,5.0,4.0,0.0,0.0,5.0,40.0,0.0,0.0,1.0,1.0,3.0,4.0,1.0,49.0,49.0,1.0,2.0,1.0,0.0,0.0,80.0,0.0,1.0,1.0,0.0,0.0,0.0,0.0,0.0,4.0,4.0,6.0,5.0,1.0,0.0,0.0,0.0,0.0,1.0,1.0,35.0,24.0,1.0,1.0,3.0,0.0,0.0,42.0,23.0,3.0,14.0,9.0,1.0,0.0,Sunday,993004534,9,3,18692.0,-3.0,0,-1.0,0.462,0.0,-0.0741754052942401,0.4597701149425287,-0.2094350251626606,-0.0465529844979755,0.3375163788503267,0.5972222222222222,0.7835279257759746,0.2406582961549135,26.0,30.5,-4.5,309.0,331.0,0.5,0.374,0.5,52.0,61.0,1.0,-0.0559866588776298,0.4382183908045977,-0.1879403217342516,-0.0281156031563743,0.0466164480702733,0.4465702947845804,0.2094760555352095,0.0868586472775349,-0.0559866588776298,0.0466164480702733,202410309.0,2024-09-22T16:25:00,1,2024,3,BAL,DAL,AWAY,28.0,25.0,53.0,AT&T Stadium,14.0,7.0,7.0,0.0,0.0,29.0,17.0,34:45,21.0,5.0,14.0,2.0,63.0,383.0,6.1,2.0,27.0,151.0,5.6,1.0,34.0,21.0,232.0,1.0,1.0,6.8,11.0,61.8,79.53,11.0,3.0,27.3,1.0,1.0,100.0,3.0,2.0,0.0,0.0,11.0,109.0,0.0,0.0,2.0,15.0,10.0,9.0,4.0,173.0,43.2,1.0,1.0,0.0,3.0,3.0,0.0,19.0,0.0,30.0,43.0,25:15,18.0,1.0,14.0,3.0,60.0,260.0,4.3,2.0,17.0,27.0,1.6,1.0,38.0,30.0,233.0,1.0,1.0,6.1,7.8,78.9,90.02,12.0,4.0,33.3,1.0,0.0,0.0,3.0,2.0,0.0,0.0,3.0,15.0,1.0,0.0,5.0,43.0,2.0,5.0,3.0,128.0,42.7,1.0,1.0,0.0,66.7,0.0,66.7,0.0,2.0,2.0,0.0,0.0,0.0,0.0,0.0,4.0,3.0,2.0,2.0,0.0,0.0,0.0,0.0,0.0,4.0,4.0,43.0,22.0,5.0,43.0,3.0,1.0,0.0,42.0,14.0,2.0,15.0,7.0,0.0,0.0,Sunday,993004533,3,9,18690.0,3.0,1,0.0,0.273,0.0,-0.0345130302901496,0.4545454545454545,0.0203505341645412,-0.0790996072925433,0.0301420167913866,0.4936708860759494,0.082739295897185,-0.4582880433189756,21.5,26.5,-5.0,417.5,306.5,0.0,0.386,0.0,43.0,53.0,0.0,-0.0068585893701899,0.5062200956937799,-0.0120076576037895,0.0902035300923947,0.0771629185663329,0.4825497287522604,0.2503699155980036,-0.3325915590011958,-0.0068585893701899,0.0771629185663329,0.5,-9.5,0.5,0.5,-108.5,726.5,24.5,637.5,9.0,95.0,8.0,114.0,1.0,1.0,-0.0491280695074399,-0.030546470496059595
202410332.0,2024-09-22T16:25:00,1,2024,3,LAR,SF,HOME,27.0,24.0,51.0,SoFi Stadium,0.0,7.0,7.0,13.0,0.0,23.0,6.0,26:33,14.0,4.0,9.0,1.0,52.0,245.0,4.7,1.0,20.0,53.0,2.6,1.0,27.0,19.0,192.0,0.0,0.0,7.1,10.1,70.4,90.35,11.0,2.0,18.2,3.0,1.0,33.3,3.0,1.0,0.0,0.0,2.0,10.0,1.0,1.0,5.0,24.0,1.0,6.0,4.0,215.0,53.8,1.0,1.0,0.0,14.0,0.0,7.0,3.0,0.0,36.0,54.0,33:27,24.0,14.0,9.0,1.0,62.0,489.0,7.9,5.0,40.0,231.0,5.8,2.0,21.0,17.0,258.0,3.0,0.0,12.3,15.2,81.0,157.44,11.0,7.0,63.6,0.0,0.0,0.0,4.0,3.0,0.0,0.0,5.0,52.0,2.0,1.0,1.0,8.0,9.0,12.0,1.0,60.0,60.0,1.0,1.0,0.0,33.3,0.0,75.0,0.0,1.0,1.0,0.0,0.0,0.0,0.0,0.0,1.0,1.0,5.0,5.0,0.0,0.0,0.0,0.0,0.0,2.0,2.0,45.0,26.0,1.0,8.0,1.0,1.0,1.0,35.0,24.0,5.0,24.0,2.0,1.0,1.0,Sunday,993004532,32,31,18689.0,3.0,1,0.0,0.182,0.0,-0.1442365207056694,0.5303030303030303,-0.3487372697369558,-0.1259297728349338,0.3216522889575764,0.5875,0.8420860500198496,-0.0278503522142553,15.0,33.5,-18.5,316.0,426.0,0.0,0.299,0.0,30.0,67.0,0.0,-0.0456772330825276,0.5124633431085044,-0.0941812024352335,-0.1150537444534486,0.2075022052274433,0.5693910256410257,0.3694471401307994,0.14692990519681,-0.0456772330825276,0.2075022052274433,202410332.0,2024-09-22T16:25:00,1,2024,3,SF,LAR,AWAY,24.0,27.0,51.0,SoFi Stadium,14.0,0.0,7.0,3.0,0.0,34.0,48.0,33:27,24.0,5.0,17.0,2.0,67.0,396.0,5.9,2.0,25.0,102.0,4.1,1.0,36.0,28.0,294.0,1.0,1.0,8.2,10.5,77.8,98.38,10.0,2.0,20.0,3.0,1.0,33.3,4.0,2.0,0.0,0.0,4.0,30.0,3.0,1.0,6.0,25.0,6.0,5.0,2.0,99.0,49.5,2.0,2.0,0.0,0.0,7.0,7.0,13.0,0.0,25.0,12.0,26:33,17.0,8.0,9.0,0.0,54.0,403.0,7.5,2.0,24.0,146.0,6.1,0.0,26.0,17.0,257.0,2.0,1.0,9.9,15.1,65.4,107.37,12.0,7.0,58.3,0.0,0.0,0.0,3.0,1.0,0.0,0.0,7.0,53.0,3.0,1.0,4.0,11.0,7.0,8.0,3.0,151.0,50.3,2.0,2.0,0.0,50.0,0.0,33.3,0.0,2.0,2.0,0.0,0.0,0.0,0.0,0.0,1.0,1.0,2.0,2.0,0.0,0.0,0.0,0.0,0.0,3.0,3.0,36.0,19.0,4.0,11.0,5.0,2.0,1.0,41.0,33.0,6.0,25.0,6.0,1.0,1.0,Sunday,993004531,31,32,18696.0,-3.0,0,0.0,0.2,0.0,-0.1330567598999834,0.4941176470588235,-0.0233392642000002,-0.1651639381513644,-0.0535165447474094,0.5294117647058824,-0.1186964061810028,0.0763348227050258,24.5,21.0,3.5,398.5,334.5,1.0,0.331,0.5,49.0,42.0,1.0,0.0204224443247024,0.4970588235294118,0.0872725828670372,-0.0566354262230011,-0.0280691139291357,0.5068933823529411,-0.0383867832732593,-0.0676576379881215,0.0204224443247024,-0.0280691139291357,-22.0,-15.0,-0.5,0.5,-82.5,714.5,91.5,760.5,-19.0,79.0,25.0,109.0,-1.0,1.0,-0.06609967740723,0.235571319156579
202410301.0,2024-09-22T16:25:00,1,2024,3,ARI,DET,HOME,13.0,20.0,33.0,State Farm Stadium,7.0,3.0,0.0,3.0,0.0,36.0,54.0,23:11,24.0,14.0,9.0,1.0,62.0,489.0,7.9,5.0,40.0,231.0,5.8,2.0,21.0,17.0,258.0,3.0,0.0,12.3,15.2,81.0,157.44,11.0,7.0,63.6,0.0,0.0,0.0,4.0,3.0,0.0,0.0,5.0,52.0,2.0,1.0,1.0,8.0,9.0,12.0,1.0,60.0,60.0,1.0,1.0,0.0,7.0,13.0,0.0,0.0,0.0,23.0,6.0,36:49,14.0,4.0,9.0,1.0,52.0,245.0,4.7,1.0,20.0,53.0,2.6,1.0,27.0,19.0,192.0,0.0,0.0,7.1,10.1,70.4,90.35,11.0,2.0,18.2,3.0,1.0,33.3,3.0,1.0,0.0,0.0,2.0,10.0,1.0,1.0,5.0,24.0,1.0,6.0,4.0,215.0,53.8,1.0,1.0,0.0,75.0,0.0,33.3,0.0,5.0,5.0,0.0,0.0,0.0,0.0,0.0,2.0,2.0,1.0,1.0,0.0,0.0,0.0,0.0,0.0,1.0,1.0,35.0,24.0,5.0,24.0,2.0,1.0,1.0,45.0,26.0,1.0,8.0,1.0,1.0,1.0,Sunday,993004536,1,11,18689.0,-7.0,0,0.0,0.636,0.0,0.3216522889575764,0.5875,0.8420860500198496,-0.0278503522142553,-0.1442365207056694,0.5303030303030303,-0.3487372697369558,-0.1259297728349338,34.5,22.0,12.5,379.5,298.5,0.0,0.587,0.5,69.0,44.0,1.0,0.2314075598868104,0.5174342105263158,0.5005336860568756,-0.0648613186679612,0.0235604558266423,0.5714015151515152,0.0906681913248467,-0.1392691853846492,0.2314075598868104,0.0235604558266423,202410301.0,2024-09-22T16:25:00,1,2024,3,DET,ARI,AWAY,20.0,13.0,33.0,State Farm Stadium,7.0,13.0,0.0,0.0,0.0,33.0,53.0,36:49,26.0,7.0,16.0,3.0,83.0,463.0,5.6,1.0,27.0,139.0,5.1,1.0,56.0,35.0,324.0,0.0,2.0,5.8,9.3,62.5,63.39,17.0,7.0,41.2,5.0,3.0,60.0,7.0,1.0,0.0,0.0,4.0,71.0,0.0,0.0,0.0,0.0,5.0,7.0,2.0,67.0,33.5,2.0,1.0,-1.0,7.0,3.0,0.0,3.0,0.0,26.0,7.0,23:11,14.0,3.0,9.0,2.0,47.0,216.0,4.6,2.0,23.0,70.0,3.0,1.0,19.0,12.0,146.0,1.0,1.0,7.7,12.2,63.2,82.35,10.0,2.0,20.0,0.0,0.0,0.0,2.0,1.0,0.0,0.0,4.0,35.0,2.0,0.0,5.0,39.0,10.0,4.0,5.0,230.0,46.0,1.0,2.0,1.0,14.3,0.0,50.0,0.0,1.0,1.0,0.0,0.0,0.0,0.0,0.0,3.0,3.0,2.0,2.0,0.0,0.0,0.0,0.0,0.0,2.0,2.0,33.0,13.0,5.0,39.0,4.0,2.0,0.0,54.0,30.0,0.0,0.0,9.0,0.0,0.0,Sunday,993004535,11,1,18693.0,7.0,1,-1.0,0.412,0.0,-0.0815804671199095,0.45,-0.1642727529703795,0.1172866518407737,-0.0187344520651506,0.4603174603174603,0.0712959131124307,-0.1838576646190823,21.0,20.0,1.0,413.0,301.5,-0.5,0.437,0.5,42.0,40.0,1.0,0.0058858271887003,0.5006410256410256,-0.1337322613643151,0.2194984072243245,0.0170738012377317,0.4774705581157193,0.1158353889894596,-0.1440176903455228,0.0058858271887003,0.0170738012377317,11.5,13.5,0.0,1.0,-33.5,792.5,-3.0,600.0,27.0,111.0,4.0,84.0,0.0,2.0,0.2255217326981101,0.006486654588910602
202410302.0,2024-09-22T20:20:00,1,2024,3,ATL,KC,HOME,17.0,22.0,39.0,Mercedes-Benz Stadium,7.0,7.0,0.0,3.0,0.0,24.0,21.0,25:03,22.0,9.0,11.0,2.0,58.0,385.0,6.6,2.0,28.0,152.0,5.4,0.0,29.0,20.0,233.0,2.0,0.0,8.0,11.6,69.0,116.02,9.0,2.0,22.2,2.0,1.0,50.0,3.0,1.0,0.0,0.0,3.0,40.0,1.0,0.0,1.0,8.0,5.0,4.0,2.0,89.0,44.5,0.0,1.0,1.0,0.0,13.0,9.0,0.0,0.0,35.0,39.0,34:57,22.0,10.0,12.0,0.0,68.0,365.0,5.4,2.0,37.0,186.0,5.0,1.0,30.0,23.0,179.0,1.0,1.0,6.0,7.8,76.7,88.06,13.0,6.0,46.2,3.0,2.0,66.7,5.0,2.0,0.0,0.0,9.0,53.0,0.0,0.0,1.0,4.0,2.0,3.0,2.0,93.0,46.5,1.0,0.0,-1.0,33.3,0.0,40.0,0.0,1.0,1.0,0.0,2.0,0.0,0.0,0.0,3.0,3.0,1.0,1.0,0.0,0.0,0.0,1.0,1.0,2.0,2.0,47.0,29.0,1.0,4.0,5.0,0.0,0.0,40.0,17.0,1.0,8.0,4.0,0.0,0.0,Sunday,993004538,2,16,18685.0,-5.0,0,1.0,0.222,0.0,0.1395598696242186,0.5068493150684932,0.2628339471085147,0.0183026335819158,0.0886313649822443,0.4767441860465116,0.1410312138607449,0.0199923212512142,16.0,19.5,-3.5,305.5,317.5,-1.0,0.222,0.5,32.0,39.0,1.0,-0.0517255083002597,0.4925550923168553,-0.0271738068178248,-0.1524893167836379,0.0240378179436786,0.45265780730897,0.0533145042895327,-0.0887008080795084,-0.0517255083002597,0.0240378179436786,202410302.0,2024-09-22T20:20:00,1,2024,3,KC,ATL,AWAY,22.0,17.0,39.0,Mercedes-Benz Stadium,0.0,13.0,9.0,0.0,0.0,28.0,31.0,34:57,19.0,9.0,7.0,3.0,59.0,286.0,4.8,3.0,32.0,149.0,4.7,0.0,25.0,18.0,137.0,2.0,2.0,5.5,7.6,72.0,78.25,8.0,1.0,12.5,2.0,2.0,100.0,2.0,1.0,0.0,0.0,4.0,44.0,1.0,1.0,2.0,14.0,6.0,4.0,2.0,112.0,56.0,3.0,1.0,-2.0,7.0,7.0,0.0,3.0,0.0,31.0,29.0,25:03,18.0,6.0,11.0,1.0,61.0,320.0,5.2,2.0,22.0,74.0,3.4,0.0,36.0,23.0,246.0,2.0,0.0,6.8,10.7,63.9,102.31,13.0,4.0,30.8,2.0,2.0,100.0,4.0,2.0,0.0,0.0,8.0,79.0,3.0,1.0,3.0,12.0,4.0,2.0,2.0,98.0,49.0,1.0,3.0,2.0,50.0,0.0,50.0,0.0,2.0,2.0,0.0,2.0,0.0,0.0,0.0,2.0,2.0,2.0,1.0,0.0,0.0,0.0,0.0,0.0,4.0,4.0,38.0,24.0,3.0,12.0,4.0,2.0,1.0,37.0,33.0,2.0,14.0,3.0,1.0,1.0,Sunday,993004537,16,2,18688.0,5.0,1,-2.0,0.125,0.0,-0.0062131986239376,0.5384615384615384,-0.1900784478071277,0.1004894323439286,0.0549320965825085,0.5185185185185185,0.0591953394739325,-0.0449966366286389,26.5,22.5,4.0,319.5,386.0,-1.0,0.285,1.0,53.0,45.0,2.0,0.0589853108586708,0.5049450549450549,0.1139610437458473,-0.0532028211697437,0.0378639740661391,0.5382066276803119,0.0074147450509061,0.1072550154243469,0.0589853108586708,0.0378639740661391,-7.5,0.5,-0.5,1.5,-14.0,625.0,-68.5,703.5,-21.0,85.0,-6.0,84.0,-1.0,3.0,-0.1107108191589305,-0.013826156122460503
202410304.0,2024-09-23T19:30:00,1,2024,3,BUF,JAX,HOME,47.0,10.0,57.0,Highmark Stadium,13.0,21.0,3.0,10.0,0.0,23.0,41.0,31:40,13.0,7.0,5.0,1.0,45.0,247.0,5.5,4.0,26.0,108.0,4.2,2.0,19.0,13.0,139.0,1.0,0.0,7.3,10.7,68.4,107.13,9.0,3.0,33.3,1.0,1.0,100.0,2.0,2.0,0.0,0.0,1.0,5.0,1.0,0.0,0.0,0.0,5.0,10.0,3.0,149.0,49.7,0.0,3.0,3.0,0.0,3.0,7.0,0.0,0.0,36.0,19.0,28:20,20.0,8.0,12.0,0.0,75.0,351.0,4.7,1.0,34.0,139.0,4.1,0.0,39.0,25.0,212.0,1.0,3.0,5.4,8.5,64.1,54.65,15.0,7.0,46.7,5.0,1.0,20.0,4.0,1.0,0.0,0.0,7.0,50.0,0.0,0.0,2.0,13.0,0.0,4.0,1.0,48.0,48.0,3.0,0.0,-3.0,100.0,0.0,25.0,0.0,4.0,4.0,0.0,0.0,0.0,0.0,0.0,2.0,1.0,1.0,1.0,0.0,0.0,0.0,0.0,0.0,1.0,1.0,52.0,20.0,2.0,13.0,4.0,0.0,0.0,30.0,18.0,0.0,0.0,3.0,0.0,0.0,Monday,993004540,4,15,18700.0,37.0,1,3.0,0.333,0.0,0.1133151067421195,0.4166666666666667,0.5411838519268977,-0.0515270915308395,-0.2355250187580782,0.4719101123595505,-0.3442820041925059,-0.1878812665509031,32.5,19.0,13.5,299.5,310.5,1.5,0.333,1.0,65.0,38.0,2.0,0.1523362695505367,0.5145833333333334,0.5356287521567735,-0.102067844732602,-0.0471810939710169,0.459639266706091,-0.092650341049302,-0.1448767758362851,0.1523362695505367,-0.0471810939710169,202410304.0,2024-09-23T19:30:00,1,2024,3,JAX,BUF,AWAY,10.0,47.0,57.0,Highmark Stadium,0.0,3.0,7.0,0.0,0.0,25.0,37.0,28:20,18.0,7.0,9.0,2.0,55.0,323.0,5.9,1.0,21.0,127.0,6.0,1.0,30.0,14.0,196.0,0.0,0.0,6.5,14.0,46.7,68.19,9.0,3.0,33.3,0.0,0.0,0.0,4.0,1.0,0.0,0.0,6.0,52.0,1.0,0.0,4.0,24.0,8.0,6.0,3.0,156.0,52.0,0.0,0.0,0.0,13.0,21.0,3.0,10.0,0.0,34.0,23.0,31:40,17.0,7.0,7.0,3.0,65.0,297.0,4.6,1.0,29.0,125.0,4.3,1.0,34.0,22.0,172.0,0.0,0.0,5.1,7.8,64.7,77.08,14.0,2.0,14.3,3.0,3.0,100.0,1.0,1.0,0.0,0.0,13.0,100.0,1.0,0.0,2.0,14.0,7.0,9.0,5.0,218.0,43.6,0.0,0.0,0.0,25.0,0.0,100.0,0.0,1.0,1.0,0.0,0.0,0.0,0.0,0.0,3.0,2.0,1.0,1.0,0.0,0.0,0.0,0.0,0.0,3.0,3.0,44.0,21.0,2.0,14.0,4.0,1.0,0.0,37.0,6.0,4.0,24.0,5.0,1.0,0.0,Monday,993004539,15,4,18695.0,-37.0,0,0.0,0.333,0.0,-0.0345320864259964,0.4594594594594595,-0.0423005784157653,0.0113581595099898,0.0478710466359249,0.4431818181818182,0.0305957041995917,-0.0901537002937402,15.0,19.0,-4.0,295.0,348.5,-0.5,0.267,0.0,30.0,38.0,0.0,-0.0381420798721891,0.4450075075075075,0.0947135349385495,-0.2081912761290302,0.0207929131974022,0.4392379679144385,0.097833964551372,-0.160762568999713,-0.0381420798721891,0.0207929131974022,17.5,9.5,1.0,1.0,4.5,594.5,-38.0,659.0,35.0,95.0,0.0,76.0,2.0,2.0,0.1904783494227258,-0.0679740071684191
202410307.0,2024-09-23T20:15:00,1,2024,3,CIN,WAS,HOME,33.0,38.0,71.0,Paycor Stadium,7.0,6.0,7.0,13.0,0.0,31.0,29.0,26:54,18.0,6.0,11.0,1.0,61.0,320.0,5.2,2.0,22.0,74.0,3.4,0.0,36.0,23.0,246.0,2.0,0.0,6.8,10.7,63.9,102.31,13.0,4.0,30.8,2.0,2.0,100.0,4.0,2.0,0.0,0.0,8.0,79.0,3.0,1.0,3.0,12.0,4.0,2.0,2.0,98.0,49.0,1.0,3.0,2.0,7.0,14.0,7.0,10.0,0.0,28.0,31.0,33:06,19.0,9.0,7.0,3.0,59.0,286.0,4.8,3.0,32.0,149.0,4.7,0.0,25.0,18.0,137.0,2.0,2.0,5.5,7.6,72.0,78.25,8.0,1.0,12.5,2.0,2.0,100.0,2.0,1.0,0.0,0.0,4.0,44.0,1.0,1.0,2.0,14.0,6.0,4.0,2.0,112.0,56.0,3.0,1.0,-2.0,50.0,0.0,50.0,0.0,2.0,1.0,0.0,0.0,0.0,0.0,0.0,4.0,4.0,2.0,2.0,0.0,2.0,0.0,0.0,0.0,2.0,2.0,37.0,33.0,2.0,14.0,3.0,1.0,1.0,38.0,24.0,3.0,12.0,4.0,2.0,1.0,Monday,993004542,7,35,18688.0,-5.0,0,2.0,0.308,0.0,0.0549320965825085,0.5185185185185185,0.0591953394739325,-0.0449966366286389,-0.0062131986239376,0.5384615384615384,-0.1900784478071277,0.1004894323439286,17.5,21.0,-3.5,272.0,288.0,0.0,0.336,0.0,35.0,42.0,0.0,0.0082636877761146,0.5051608986035215,-0.0846567038756866,0.0751058194772878,0.0357820141442184,0.5161443494776827,-0.0718712192747148,0.0226728357541829,0.0082636877761146,0.0357820141442184,202410307.0,2024-09-23T20:15:00,1,2024,3,WAS,CIN,AWAY,38.0,33.0,71.0,Paycor Stadium,7.0,14.0,7.0,10.0,0.0,37.0,32.0,33:06,22.0,9.0,11.0,2.0,69.0,425.0,6.2,0.0,35.0,215.0,6.1,0.0,29.0,23.0,210.0,0.0,0.0,7.2,9.1,79.3,96.84,14.0,7.0,50.0,1.0,1.0,100.0,6.0,0.0,0.0,0.0,10.0,69.0,0.0,0.0,5.0,16.0,4.0,2.0,0.0,0.0,0.0,0.0,1.0,1.0,7.0,6.0,7.0,13.0,0.0,22.0,28.0,26:54,18.0,5.0,11.0,2.0,51.0,304.0,6.0,3.0,22.0,129.0,5.9,1.0,28.0,16.0,175.0,2.0,0.0,6.2,10.9,57.1,99.55,8.0,4.0,50.0,2.0,1.0,50.0,3.0,3.0,0.0,0.0,5.0,20.0,1.0,1.0,1.0,3.0,7.0,10.0,2.0,87.0,43.5,1.0,0.0,-1.0,0.0,0.0,100.0,0.0,0.0,0.0,0.0,0.0,0.0,0.0,0.0,7.0,7.0,1.0,0.0,0.0,4.0,0.0,0.0,0.0,0.0,0.0,29.0,21.0,1.0,3.0,4.0,1.0,1.0,53.0,27.0,5.0,16.0,3.0,0.0,0.0,Monday,993004541,35,7,18699.0,5.0,1,1.0,0.5,0.0,0.132861236930142,0.4719101123595505,0.2496180486059853,0.0977127277945152,0.0898550352681393,0.4558823529411764,0.2263258243443613,-0.0536801066229362,20.5,27.5,-7.0,362.0,348.0,0.5,0.375,0.5,41.0,55.0,1.0,0.0922631954318456,0.4859550561797752,0.2411029867574343,0.0672825774999094,0.181403545313836,0.505718954248366,0.457701699510183,-0.1347041694792341,0.0922631954318456,0.181403545313836,3.5,-10.5,-0.5,0.5,-90.0,634.0,-60.0,636.0,-6.0,76.0,-13.0,97.0,-1.0,1.0,-0.083999507655731,-0.14562153116961762
202410423.0,2024-09-26T20:15:00,1,2024,4,NYG,DAL,HOME,15.0,20.0,35.0,MetLife Stadium,3.0,6.0,3.0,3.0,0.0,33.0,56.0,35:37,21.0,7.0,13.0,1.0,69.0,340.0,4.9,3.0,32.0,112.0,3.5,1.0,35.0,24.0,228.0,2.0,0.0,6.5,9.5,68.6,105.42,14.0,4.0,28.6,1.0,1.0,100.0,4.0,3.0,0.0,0.0,9.0,68.0,3.0,2.0,2.0,8.0,17.0,5.0,7.0,361.0,51.6,2.0,2.0,0.0,7.0,7.0,3.0,3.0,0.0,26.0,4.0,24:23,16.0,7.0,7.0,2.0,63.0,217.0,3.4,2.0,18.0,69.0,3.8,0.0,37.0,21.0,148.0,2.0,0.0,4.0,7.0,56.8,84.07,14.0,4.0,28.6,3.0,1.0,33.3,1.0,1.0,0.0,0.0,5.0,48.0,2.0,2.0,8.0,48.0,9.0,4.0,6.0,306.0,51.0,2.0,2.0,0.0,75.0,0.0,100.0,0.0,3.0,3.0,0.0,0.0,0.0,0.0,0.0,1.0,0.0,1.0,1.0,0.0,2.0,1.0,0.0,0.0,1.0,0.0,36.0,31.0,8.0,48.0,3.0,1.0,2.0,42.0,27.0,2.0,8.0,4.0,2.0,2.0,Thursday,993004544,23,9,18709.0,-5.0,0,0.0,0.286,0.0,-0.1451307733670772,0.4333333333333333,0.1966300808928237,-0.1949461470518032,-0.2516612349444972,0.4390243902439024,-0.2938487109394735,-0.4971352337937181,15.0,21.3,-6.3,294.6666666666667,318.0,-0.333,0.392,0.333,45.0,64.0,1.0,-0.0966248096419899,0.4237460527282073,-0.0009311976714867,-0.1362514704242843,-0.0081351195388928,0.457873689922544,0.0917167052042398,-0.1345130977969366,-0.0966248096419899,-0.0081351195388928,202410423.0,2024-09-26T20:15:00,1,2024,4,DAL,NYG,AWAY,20.0,15.0,35.0,MetLife Stadium,7.0,7.0,3.0,3.0,0.0,25.0,15.0,24:23,26.0,2.0,18.0,6.0,70.0,412.0,5.9,3.0,16.0,51.0,3.2,1.0,51.0,28.0,361.0,2.0,0.0,7.1,12.9,54.9,90.4,13.0,7.0,53.8,1.0,0.0,0.0,4.0,3.0,0.0,0.0,6.0,44.0,2.0,1.0,3.0,18.0,1.0,0.0,4.0,209.0,52.2,1.0,0.0,-1.0,3.0,6.0,3.0,3.0,0.0,34.0,45.0,35:37,24.0,16.0,8.0,0.0,60.0,456.0,7.6,4.0,45.0,274.0,6.1,3.0,15.0,12.0,182.0,1.0,0.0,12.1,15.2,80.0,139.44,9.0,4.0,44.4,0.0,0.0,0.0,3.0,3.0,0.0,0.0,13.0,105.0,0.0,0.0,0.0,0.0,7.0,2.0,4.0,171.0,42.8,0.0,1.0,1.0,75.0,0.0,100.0,0.0,1.0,1.0,0.0,4.0,0.0,0.0,0.0,2.0,2.0,4.0,4.0,0.0,0.0,0.0,0.0,0.0,1.0,0.0,39.0,30.0,0.0,0.0,0.0,0.0,0.0,36.0,19.0,3.0,18.0,9.0,1.0,1.0,Thursday,993004543,9,23,18705.0,5.0,1,-1.0,0.538,0.0,0.0628907791304712,0.4123711340206185,0.101567008251856,-0.1281455010212084,0.1252546001923636,0.4691358024691358,0.51522183535336,0.2296002481910122,25.7,29.7,-4.0,343.3333333333333,372.6666666666667,0.0,0.429,0.333,77.0,89.0,1.0,-0.0163608462082628,0.4296026385432712,-0.091437878405549,-0.0614589024446523,0.0728291654443034,0.4540921306794322,0.311391315474593,0.1344391809153606,-0.0163608462082628,0.0728291654443034,-2.3,-10.3,0.0,0.666,-48.66666666666663,638.0,-54.666666666666686,690.6666666666667,-32.0,122.0,-25.0,153.0,0.0,2.0,-0.0802639634337271,-0.0809642849831962
202410405.0,2024-09-29T13:00:00,1,2024,4,CAR,CIN,HOME,24.0,34.0,58.0,Bank of America Stadium,0.0,14.0,7.0,3.0,0.0,36.0,2.0,31:02,24.0,8.0,15.0,1.0,70.0,437.0,6.2,4.0,31.0,131.0,4.2,1.0,37.0,26.0,306.0,3.0,0.0,8.3,11.8,70.3,122.13,12.0,5.0,41.7,0.0,0.0,0.0,5.0,3.0,0.0,0.0,7.0,51.0,0.0,0.0,2.0,13.0,6.0,3.0,4.0,177.0,44.2,0.0,1.0,1.0,7.0,14.0,10.0,3.0,0.0,23.0,58.0,28:58,20.0,3.0,15.0,2.0,59.0,331.0,5.6,3.0,16.0,55.0,3.4,1.0,40.0,27.0,276.0,2.0,1.0,6.9,10.2,67.5,93.33,11.0,3.0,27.3,3.0,1.0,33.3,3.0,3.0,0.0,0.0,6.0,54.0,0.0,0.0,3.0,20.0,5.0,3.0,5.0,261.0,52.2,1.0,0.0,-1.0,60.0,0.0,100.0,0.0,3.0,3.0,0.0,2.0,0.0,0.0,0.0,3.0,3.0,2.0,2.0,0.0,2.0,1.0,0.0,0.0,1.0,0.0,36.0,18.0,3.0,20.0,7.0,0.0,0.0,44.0,28.0,2.0,13.0,5.0,0.0,0.0,Sunday,993004560,5,7,18707.0,-10.0,0,1.0,0.417,0.0,0.1631977012849491,0.5217391304347826,0.2937764357773088,0.054264413676396,-0.0754965846107952,0.525,0.0698834931025745,-0.5121922425692901,16.3,31.7,-15.3,263.0,353.0,0.0,0.2,0.333,49.0,95.0,1.0,-0.1983006388509129,0.4046822742474916,-0.2666314996086159,-0.2517036420642192,0.0587104045499236,0.5104423868312757,0.1823771109968054,-0.1065253719731347,-0.1983006388509129,0.0587104045499236,202410405.0,2024-09-29T13:00:00,1,2024,4,CIN,CAR,AWAY,34.0,24.0,58.0,Bank of America Stadium,7.0,14.0,10.0,3.0,0.0,26.0,54.0,28:58,30.0,11.0,18.0,1.0,60.0,436.0,7.3,4.0,20.0,124.0,6.2,1.0,38.0,29.0,312.0,3.0,0.0,8.2,10.8,76.3,126.21,10.0,6.0,60.0,1.0,1.0,100.0,4.0,2.0,0.0,0.0,5.0,16.0,0.0,0.0,2.0,12.0,4.0,1.0,0.0,0.0,0.0,0.0,0.0,0.0,0.0,14.0,7.0,3.0,0.0,33.0,6.0,31:02,22.0,8.0,13.0,1.0,57.0,356.0,6.2,5.0,32.0,108.0,3.4,3.0,23.0,21.0,248.0,2.0,0.0,10.8,11.8,91.3,140.58,9.0,5.0,55.6,3.0,3.0,100.0,3.0,3.0,0.0,0.0,3.0,28.0,1.0,0.0,2.0,6.0,5.0,3.0,0.0,0.0,0.0,0.0,0.0,0.0,50.0,0.0,100.0,0.0,3.0,3.0,0.0,2.0,0.0,0.0,0.0,3.0,2.0,5.0,5.0,0.0,0.0,0.0,0.0,0.0,1.0,1.0,37.0,25.0,2.0,6.0,0.0,1.0,0.0,39.0,22.0,2.0,12.0,3.0,0.0,0.0,Sunday,993004559,7,5,18701.0,10.0,1,0.0,0.6,0.0,0.3002589911372202,0.5844155844155844,0.4487034463867819,0.3110459046239205,0.4257875029485019,0.6,0.7746076817178819,0.1961622741890516,22.7,26.7,-4.0,326.6666666666667,310.6666666666667,0.0,0.424,0.0,68.0,80.0,0.0,0.1055954555631498,0.5315791272075425,0.0931300128784695,0.1537525145261653,0.1657838437456462,0.5440962329851219,0.2102884143894841,0.0805026485658058,0.1055954555631498,0.1657838437456462,-11.3,-19.3,0.333,0.333,-63.666666666666686,589.6666666666667,42.333333333333314,663.6666666666667,-19.0,117.0,15.0,175.0,1.0,1.0,-0.3038960944140627,-0.1070734391957226
202410412.0,2024-09-29T13:00:00,1,2024,4,GB,MIN,HOME,29.0,31.0,60.0,Lambeau Field,0.0,7.0,0.0,22.0,0.0,32.0,28.0,27:45,16.0,9.0,6.0,1.0,59.0,378.0,6.4,3.0,37.0,188.0,5.1,1.0,19.0,13.0,190.0,1.0,0.0,10.0,14.6,68.4,118.31,14.0,5.0,35.7,0.0,0.0,0.0,3.0,1.0,0.0,0.0,10.0,75.0,0.0,0.0,3.0,12.0,12.0,6.0,5.0,244.0,48.8,0.0,3.0,3.0,14.0,14.0,0.0,3.0,0.0,27.0,32.0,32:15,18.0,3.0,14.0,1.0,53.0,237.0,4.5,2.0,11.0,33.0,3.0,0.0,34.0,26.0,204.0,2.0,2.0,6.0,7.8,76.5,85.91,9.0,3.0,33.3,1.0,0.0,0.0,2.0,2.0,0.0,0.0,2.0,15.0,1.0,1.0,8.0,56.0,3.0,6.0,4.0,187.0,46.8,3.0,0.0,-3.0,33.3,0.0,100.0,0.0,3.0,3.0,0.0,0.0,0.0,0.0,0.0,3.0,3.0,2.0,2.0,0.0,0.0,0.0,0.0,0.0,0.0,0.0,35.0,17.0,8.0,56.0,2.0,1.0,1.0,47.0,20.0,3.0,12.0,0.0,0.0,0.0,Sunday,993004556,12,20,18715.0,-2.0,0,3.0,0.357,0.0,0.0624807968710381,0.4074074074074074,0.2683323610742887,-0.0976765025029512,-0.2474732011053999,0.5,-0.3787941472113339,-0.1864388489112672,25.0,19.3,5.7,391.6666666666667,328.3333333333333,2.333,0.406,0.667,75.0,58.0,2.0,0.0516725048020534,0.4251953347157693,0.2668664547827185,-0.0363820474581147,-0.0806258611215179,0.496694635138571,-0.0454230202434363,-0.173841669492146,0.0516725048020534,-0.0806258611215179,202410412.0,2024-09-29T13:00:00,1,2024,4,MIN,GB,AWAY,31.0,29.0,60.0,Lambeau Field,14.0,14.0,0.0,3.0,0.0,29.0,18.0,32:15,19.0,5.0,12.0,2.0,60.0,274.0,4.6,4.0,28.0,118.0,4.2,0.0,28.0,17.0,156.0,4.0,0.0,5.6,9.2,60.7,115.48,13.0,6.0,46.2,1.0,1.0,100.0,5.0,4.0,0.0,0.0,5.0,30.0,1.0,0.0,4.0,25.0,8.0,9.0,4.0,193.0,48.2,0.0,2.0,2.0,0.0,7.0,0.0,22.0,0.0,30.0,42.0,27:45,17.0,0.0,16.0,1.0,63.0,296.0,4.7,1.0,14.0,38.0,2.7,0.0,44.0,28.0,258.0,1.0,2.0,5.9,9.2,63.6,68.18,14.0,4.0,28.6,4.0,2.0,50.0,2.0,1.0,0.0,0.0,11.0,88.0,0.0,0.0,5.0,49.0,6.0,6.0,4.0,177.0,44.2,2.0,0.0,-2.0,80.0,0.0,50.0,0.0,4.0,4.0,0.0,0.0,0.0,0.0,0.0,2.0,2.0,1.0,1.0,0.0,0.0,0.0,0.0,0.0,1.0,0.0,38.0,20.0,5.0,49.0,8.0,0.0,0.0,37.0,19.0,4.0,25.0,3.0,1.0,0.0,Sunday,993004555,20,12,18711.0,2.0,1,2.0,0.462,0.0,0.1199314688470426,0.4936708860759494,0.13764980952083,0.0432444898803994,-0.2619168003533498,0.3372093023255814,-0.2005838544156173,-0.3411196806383403,28.3,10.0,18.3,329.6666666666667,310.6666666666667,0.667,0.448,1.0,85.0,30.0,3.0,0.0536031878324365,0.4952564059820036,0.1127780604286782,0.0384875083979393,-0.2098574170267883,0.4044498070981723,-0.2165575389557542,-0.2221372587959394,0.0536031878324365,-0.2098574170267883,-12.600000000000001,24.0,-0.33299999999999996,1.667,62.0,721.3333333333334,17.66666666666663,639.0,-10.0,160.0,28.0,88.0,-1.0,5.0,-0.0019306830303831013,0.1292315559052704
202410413.0,2024-09-29T13:00:00,1,2024,4,HOU,JAX,HOME,24.0,20.0,44.0,NRG Stadium,7.0,10.0,0.0,7.0,0.0,30.0,42.0,33:17,17.0,0.0,16.0,1.0,63.0,296.0,4.7,1.0,14.0,38.0,2.7,0.0,44.0,28.0,258.0,1.0,2.0,5.9,9.2,63.6,68.18,14.0,4.0,28.6,4.0,2.0,50.0,2.0,1.0,0.0,0.0,11.0,88.0,0.0,0.0,5.0,49.0,6.0,6.0,4.0,177.0,44.2,2.0,0.0,-2.0,10.0,3.0,7.0,0.0,0.0,29.0,18.0,26:43,19.0,5.0,12.0,2.0,60.0,274.0,4.6,4.0,28.0,118.0,4.2,0.0,28.0,17.0,156.0,4.0,0.0,5.6,9.2,60.7,115.48,13.0,6.0,46.2,1.0,1.0,100.0,5.0,4.0,0.0,0.0,5.0,30.0,1.0,0.0,4.0,25.0,8.0,9.0,4.0,193.0,48.2,0.0,2.0,2.0,50.0,0.0,80.0,0.0,1.0,1.0,0.0,0.0,0.0,0.0,0.0,1.0,0.0,4.0,4.0,0.0,0.0,0.0,0.0,0.0,2.0,2.0,37.0,19.0,4.0,25.0,3.0,1.0,0.0,38.0,20.0,5.0,49.0,8.0,0.0,0.0,Sunday,993004548,13,15,18711.0,4.0,1,-2.0,0.286,0.0,-0.2619168003533498,0.3372093023255814,-0.2005838544156173,-0.3411196806383403,0.1199314688470426,0.4936708860759494,0.13764980952083,0.0432444898803994,18.3,24.7,-6.3,341.0,260.6666666666667,0.0,0.357,0.667,55.0,74.0,2.0,-0.0652080287232695,0.4126232904770908,0.0231244404053607,-0.2486965008074509,0.028245436038868,0.4786812558106272,0.0240884413795044,-0.05475235058649,-0.0652080287232695,0.028245436038868,202410413.0,2024-09-29T13:00:00,1,2024,4,JAX,HOU,AWAY,20.0,24.0,44.0,NRG Stadium,10.0,3.0,7.0,0.0,0.0,28.0,20.0,26:43,19.0,7.0,10.0,2.0,68.0,239.0,3.5,1.0,17.0,92.0,5.4,0.0,46.0,26.0,147.0,1.0,1.0,3.2,5.7,56.5,60.69,13.0,2.0,15.4,8.0,4.0,50.0,4.0,1.0,0.0,0.0,7.0,45.0,1.0,1.0,5.0,53.0,1.0,4.0,2.0,109.0,54.5,2.0,0.0,-2.0,7.0,10.0,0.0,7.0,0.0,31.0,40.0,33:17,25.0,9.0,15.0,1.0,60.0,388.0,6.5,6.0,29.0,122.0,4.2,2.0,31.0,24.0,266.0,4.0,0.0,8.6,11.1,77.4,141.94,11.0,6.0,54.5,2.0,2.0,100.0,5.0,4.0,0.0,0.0,6.0,47.0,0.0,0.0,0.0,0.0,10.0,6.0,1.0,49.0,49.0,0.0,2.0,2.0,25.0,0.0,80.0,0.0,1.0,1.0,0.0,0.0,0.0,0.0,0.0,1.0,1.0,6.0,5.0,1.0,0.0,0.0,0.0,0.0,2.0,2.0,33.0,33.0,0.0,0.0,3.0,0.0,0.0,39.0,20.0,5.0,53.0,8.0,1.0,1.0,Sunday,993004547,15,13,18702.0,-4.0,0,-2.0,0.154,0.0,-0.1626163624245626,0.4269662921348314,-0.4840790975283827,0.6004004573656453,0.3459446078167537,0.5454545454545454,0.6398082391201503,0.0694575067536789,13.3,28.3,-15.0,276.3333333333333,361.6666666666667,-1.0,0.229,0.0,40.0,85.0,0.0,-0.0796335073896469,0.4389937690499488,-0.0982173425504279,0.0613393017025282,0.1291768114038527,0.4746434937611408,0.2784920560742981,-0.0840225437485823,-0.0796335073896469,0.1291768114038527,8.7,-21.3,0.667,0.667,64.66666666666669,617.3333333333333,-101.0,622.3333333333334,15.0,95.0,-11.0,159.0,2.0,2.0,0.014425478666377403,-0.1009313753649847
202410414.0,2024-09-29T13:00:00,1,2024,4,IND,PIT,HOME,27.0,24.0,51.0,Lucas Oil Stadium,14.0,3.0,0.0,10.0,0.0,24.0,59.0,28:53,15.0,9.0,4.0,2.0,54.0,306.0,5.7,3.0,33.0,150.0,4.5,3.0,20.0,10.0,156.0,0.0,2.0,7.8,15.6,50.0,36.67,12.0,3.0,25.0,1.0,0.0,0.0,3.0,2.0,0.0,0.0,9.0,78.0,0.0,0.0,1.0,11.0,6.0,7.0,5.0,245.0,49.0,2.0,3.0,1.0,0.0,3.0,7.0,14.0,0.0,35.0,1.0,31:07,26.0,4.0,18.0,4.0,84.0,395.0,4.7,2.0,28.0,63.0,2.2,0.0,52.0,33.0,332.0,2.0,2.0,6.4,10.1,63.5,78.37,21.0,9.0,42.9,5.0,4.0,80.0,3.0,2.0,0.0,0.0,4.0,25.0,1.0,1.0,4.0,31.0,3.0,3.0,3.0,127.0,42.3,3.0,2.0,-1.0,66.7,0.0,66.7,0.0,3.0,3.0,0.0,0.0,0.0,0.0,0.0,0.0,0.0,1.0,1.0,0.0,2.0,0.0,0.0,0.0,2.0,1.0,49.0,39.0,4.0,31.0,5.0,1.0,1.0,31.0,23.0,1.0,11.0,5.0,0.0,0.0,Sunday,993004554,14,28,18710.0,3.0,1,1.0,0.25,0.0,-0.1238949186996324,0.4027777777777778,-0.4617844573753561,-0.0507602942525409,-0.1240894714594484,0.3942307692307692,-0.0628501295897241,-0.3331735500692518,19.3,20.3,-1.0,315.6666666666667,398.3333333333333,-0.667,0.324,0.333,58.0,61.0,1.0,-0.042402748008768,0.469639591691913,-0.1415427441524564,-0.0565057299833847,0.001490350995424,0.434079265781073,0.2082459560848475,-0.1482206305267966,-0.042402748008768,0.001490350995424,202410414.0,2024-09-29T13:00:00,1,2024,4,PIT,IND,AWAY,24.0,27.0,51.0,Lucas Oil Stadium,0.0,3.0,7.0,14.0,0.0,33.0,51.0,31:07,20.0,7.0,9.0,4.0,65.0,346.0,5.3,2.0,31.0,114.0,3.7,1.0,32.0,25.0,232.0,1.0,1.0,7.2,9.3,78.1,94.27,14.0,7.0,50.0,0.0,0.0,0.0,4.0,1.0,0.0,0.0,3.0,15.0,0.0,0.0,2.0,13.0,7.0,7.0,3.0,156.0,52.0,1.0,0.0,-1.0,14.0,3.0,0.0,10.0,0.0,26.0,9.0,28:53,10.0,3.0,7.0,0.0,45.0,166.0,3.7,1.0,20.0,61.0,3.0,0.0,20.0,14.0,105.0,1.0,0.0,5.2,7.5,70.0,98.96,11.0,3.0,27.3,0.0,0.0,0.0,1.0,0.0,0.0,0.0,7.0,69.0,2.0,0.0,5.0,44.0,5.0,8.0,7.0,350.0,50.0,0.0,1.0,1.0,25.0,0.0,0.0,0.0,2.0,2.0,0.0,0.0,0.0,0.0,0.0,3.0,2.0,1.0,1.0,0.0,0.0,0.0,0.0,0.0,1.0,1.0,34.0,19.0,5.0,44.0,1.0,1.0,0.0,47.0,30.0,2.0,13.0,4.0,0.0,0.0,Sunday,993004553,28,14,18713.0,-3.0,0,-1.0,0.5,0.0,0.0487083165225974,0.4938271604938271,0.2198417126651751,-0.0260569836085276,-0.1148625238201844,0.4193548387096774,-0.1286265584589101,-0.2681562539073638,17.0,8.7,8.3,289.0,229.0,1.333,0.426,1.0,51.0,26.0,3.0,-0.0004327639872017,0.4334824565176868,0.1107302107693322,-0.1746671129987526,-0.1592800615787808,0.4483280431091754,-0.2264892346464004,-0.2820323265411411,-0.0004327639872017,-0.1592800615787808,-9.3,7.300000000000001,-0.667,1.333,26.666666666666686,604.6666666666667,169.33333333333331,627.3333333333333,7.0,109.0,35.0,87.0,-2.0,4.0,-0.0419699840215663,0.1607704125742048
202410433.0,2024-09-29T13:00:00,1,2024,4,TB,PHI,HOME,33.0,16.0,49.0,Raymond James Stadium,14.0,10.0,6.0,3.0,0.0,27.0,52.0,36:17,17.0,4.0,11.0,2.0,56.0,223.0,4.0,1.0,16.0,91.0,5.7,0.0,33.0,25.0,132.0,1.0,1.0,4.0,5.3,75.8,79.36,11.0,3.0,27.3,2.0,0.0,0.0,2.0,1.0,0.0,0.0,5.0,19.0,1.0,1.0,7.0,31.0,2.0,2.0,4.0,189.0,47.2,2.0,1.0,-1.0,0.0,7.0,9.0,0.0,0.0,32.0,8.0,23:43,18.0,10.0,8.0,0.0,64.0,352.0,5.5,2.0,28.0,136.0,4.9,2.0,36.0,25.0,216.0,0.0,0.0,6.0,8.6,69.4,84.95,13.0,4.0,30.8,3.0,2.0,66.7,4.0,2.0,0.0,0.0,5.0,51.0,1.0,1.0,0.0,0.0,9.0,5.0,2.0,96.0,48.0,1.0,2.0,1.0,50.0,0.0,50.0,0.0,1.0,1.0,0.0,0.0,0.0,0.0,0.0,0.0,0.0,2.0,2.0,0.0,0.0,0.0,0.0,0.0,4.0,4.0,38.0,32.0,0.0,0.0,5.0,1.0,1.0,36.0,25.0,7.0,31.0,3.0,1.0,1.0,Sunday,993004550,33,26,18714.0,17.0,1,-1.0,0.273,0.0,-0.2679405097876616,0.4857142857142857,-0.5258381088348049,0.1262806437516701,0.0892731089940581,0.5679012345679012,0.1538597302761041,-0.0200884696629752,21.3,20.7,0.7,277.0,371.3333333333333,0.0,0.388,0.667,64.0,62.0,2.0,-0.0045743021644265,0.5005291005291005,0.0781784596512101,-0.0911017510676481,0.0197859319358992,0.5059670781893004,0.0740583007382026,0.044683536461034,-0.0045743021644265,0.0197859319358992,202410433.0,2024-09-29T13:00:00,1,2024,4,PHI,TB,AWAY,16.0,33.0,49.0,Raymond James Stadium,0.0,7.0,9.0,0.0,0.0,32.0,15.0,23:43,20.0,8.0,11.0,1.0,67.0,460.0,6.9,2.0,25.0,172.0,6.9,2.0,38.0,29.0,288.0,0.0,1.0,7.6,9.9,76.3,86.29,14.0,6.0,42.9,3.0,1.0,33.3,3.0,1.0,0.0,0.0,7.0,45.0,2.0,1.0,4.0,23.0,4.0,6.0,1.0,43.0,43.0,2.0,1.0,-1.0,14.0,10.0,6.0,3.0,0.0,27.0,45.0,36:17,12.0,5.0,7.0,0.0,55.0,219.0,4.0,1.0,29.0,89.0,3.1,0.0,25.0,14.0,130.0,1.0,1.0,5.2,9.3,56.0,67.08,13.0,6.0,46.2,1.0,0.0,0.0,3.0,1.0,0.0,0.0,3.0,25.0,0.0,0.0,1.0,12.0,8.0,7.0,4.0,162.0,40.5,1.0,2.0,1.0,33.3,0.0,33.3,0.0,1.0,1.0,0.0,0.0,0.0,1.0,1.0,1.0,0.0,0.0,0.0,0.0,2.0,0.0,0.0,0.0,2.0,2.0,38.0,20.0,1.0,12.0,8.0,0.0,0.0,47.0,15.0,4.0,23.0,3.0,2.0,1.0,Sunday,993004549,26,33,18712.0,-17.0,0,-1.0,0.429,0.0,-0.0978338258757623,0.3855421686746988,-0.0666692740441603,0.1774344692404953,-0.1560014866676373,0.3529411764705882,0.0162083829697142,-0.4292421424653622,23.3,21.0,2.3,411.6666666666667,339.3333333333333,-1.333,0.392,0.667,70.0,63.0,2.0,0.0314609982625754,0.4628673813982982,0.1455315664899031,-0.0297514510566739,0.0250517794719505,0.4434595756110663,0.1231416225988922,-0.0705405607510035,0.0314609982625754,0.0250517794719505,-1.5999999999999999,3.0,0.0,1.334,-134.66666666666669,688.6666666666667,32.0,710.6666666666666,-6.0,134.0,-1.0,125.0,0.0,4.0,-0.036035300427001905,-0.005265847536051298
202410406.0,2024-09-29T13:00:00,1,2024,4,CHI,LAR,HOME,24.0,18.0,42.0,Soldier Field,0.0,10.0,7.0,7.0,0.0,35.0,1.0,28:58,26.0,4.0,18.0,4.0,84.0,395.0,4.7,2.0,28.0,63.0,2.2,0.0,52.0,33.0,332.0,2.0,2.0,6.4,10.1,63.5,78.37,21.0,9.0,42.9,5.0,4.0,80.0,3.0,2.0,0.0,0.0,4.0,25.0,1.0,1.0,4.0,31.0,3.0,3.0,3.0,127.0,42.3,3.0,2.0,-1.0,3.0,3.0,3.0,9.0,0.0,24.0,59.0,31:02,15.0,9.0,4.0,2.0,54.0,306.0,5.7,3.0,33.0,150.0,4.5,3.0,20.0,10.0,156.0,0.0,2.0,7.8,15.6,50.0,36.67,12.0,3.0,25.0,1.0,0.0,0.0,3.0,2.0,0.0,0.0,9.0,78.0,0.0,0.0,1.0,11.0,6.0,7.0,5.0,245.0,49.0,2.0,3.0,1.0,66.7,0.0,66.7,0.0,1.0,1.0,0.0,2.0,0.0,0.0,0.0,2.0,1.0,3.0,3.0,0.0,0.0,0.0,0.0,0.0,0.0,0.0,31.0,23.0,1.0,11.0,5.0,0.0,0.0,49.0,39.0,4.0,31.0,5.0,1.0,1.0,Sunday,993004552,6,32,18710.0,6.0,1,-1.0,0.429,0.0,-0.1240894714594484,0.3942307692307692,-0.0628501295897241,-0.3331735500692518,-0.1238949186996324,0.4027777777777778,-0.4617844573753561,-0.0507602942525409,17.7,19.0,-1.3,249.33333333333337,286.6666666666667,0.0,0.312,0.333,53.0,57.0,1.0,-0.1517204166440089,0.4025213675213675,-0.1889882889241767,-0.2243387040114894,-0.1545019640878199,0.396870680554195,-0.2755855405453832,-0.2051534572019175,-0.1517204166440089,-0.1545019640878199,202410406.0,2024-09-29T13:00:00,1,2024,4,LAR,CHI,AWAY,18.0,24.0,42.0,Soldier Field,3.0,3.0,3.0,9.0,0.0,26.0,33.0,31:02,19.0,8.0,8.0,3.0,55.0,296.0,5.4,3.0,26.0,98.0,3.8,2.0,26.0,16.0,198.0,1.0,0.0,7.6,12.4,61.5,97.92,12.0,5.0,41.7,2.0,2.0,100.0,5.0,3.0,0.0,0.0,8.0,75.0,0.0,0.0,3.0,23.0,3.0,4.0,3.0,127.0,42.3,0.0,1.0,1.0,0.0,10.0,7.0,7.0,0.0,33.0,27.0,28:58,25.0,8.0,13.0,4.0,65.0,425.0,6.5,3.0,34.0,137.0,4.0,0.0,30.0,22.0,288.0,3.0,0.0,9.6,13.1,73.3,136.53,11.0,6.0,54.5,1.0,1.0,100.0,3.0,2.0,0.0,0.0,7.0,111.0,2.0,1.0,1.0,4.0,5.0,5.0,2.0,90.0,45.0,1.0,0.0,-1.0,60.0,0.0,66.7,0.0,3.0,3.0,0.0,0.0,0.0,0.0,0.0,2.0,2.0,3.0,3.0,0.0,0.0,0.0,0.0,0.0,2.0,1.0,38.0,43.0,1.0,4.0,2.0,2.0,1.0,34.0,21.0,3.0,23.0,4.0,0.0,0.0,Sunday,993004551,32,6,18706.0,-6.0,0,1.0,0.417,0.0,0.1591999466009485,0.5,0.2370749878998533,0.1415130496345392,0.1369570004977025,0.5176470588235295,0.4208986876720154,-0.0943733691859129,19.0,30.3,-11.3,309.3333333333333,425.6666666666667,0.333,0.338,0.333,57.0,91.0,1.0,0.0226151601452977,0.5083088954056696,0.016237527676462,-0.0295314797574526,0.1839871369841964,0.5521430367018603,0.3865976559778714,0.066495480402569,0.0226151601452977,0.1839871369841964,10.0,-12.600000000000001,0.0,0.666,-59.99999999999994,558.6666666666667,-139.0,712.3333333333334,-4.0,110.0,-34.0,148.0,0.0,2.0,-0.1743355767893066,-0.3384891010720163
202410424.0,2024-09-29T13:00:00,1,2024,4,NYJ,DEN,HOME,9.0,10.0,19.0,MetLife Stadium,0.0,6.0,0.0,3.0,0.0,40.0,4.0,31:44,27.0,9.0,16.0,2.0,70.0,400.0,5.7,3.0,33.0,133.0,4.0,1.0,35.0,27.0,267.0,2.0,0.0,7.6,9.9,77.1,117.2,15.0,10.0,66.7,0.0,0.0,0.0,4.0,3.0,0.0,0.0,8.0,106.0,1.0,0.0,2.0,14.0,15.0,5.0,3.0,122.0,40.7,0.0,1.0,1.0,0.0,0.0,7.0,3.0,0.0,19.0,56.0,28:16,11.0,3.0,6.0,2.0,48.0,139.0,2.9,0.0,15.0,78.0,5.2,0.0,26.0,16.0,61.0,0.0,0.0,2.3,3.8,61.5,65.87,11.0,2.0,18.2,3.0,3.0,100.0,1.0,0.0,0.0,0.0,5.0,70.0,1.0,1.0,7.0,59.0,4.0,5.0,5.0,245.0,49.0,1.0,0.0,-1.0,75.0,0.0,0.0,0.0,3.0,3.0,0.0,0.0,0.0,0.0,0.0,2.0,1.0,0.0,0.0,0.0,0.0,0.0,0.0,0.0,1.0,1.0,28.0,19.0,7.0,59.0,2.0,1.0,1.0,49.0,25.0,2.0,14.0,1.0,1.0,0.0,Sunday,993004546,24,10,18716.0,-1.0,0,1.0,0.667,0.0,0.1202897095775788,0.5232558139534884,0.4058810956608748,-0.0555958494738054,-0.2202137294216155,0.4285714285714285,-0.3118890801282949,-0.2970457238082487,22.3,17.3,5.0,310.3333333333333,280.0,0.333,0.561,0.667,67.0,52.0,2.0,0.0680721246248469,0.4890300911376493,0.1890979822726465,-0.0794748675541,-0.037571463256215,0.4636904761904761,-0.065041284244225,-0.0956796475007843,0.0680721246248469,-0.037571463256215,202410424.0,2024-09-29T13:00:00,1,2024,4,DEN,NYJ,AWAY,10.0,9.0,19.0,MetLife Stadium,0.0,0.0,7.0,3.0,0.0,32.0,8.0,28:16,18.0,10.0,8.0,0.0,64.0,352.0,5.5,2.0,28.0,136.0,4.9,2.0,36.0,25.0,216.0,0.0,0.0,6.0,8.6,69.4,84.95,13.0,4.0,30.8,3.0,2.0,66.7,4.0,2.0,0.0,0.0,5.0,51.0,1.0,1.0,0.0,0.0,9.0,5.0,2.0,96.0,48.0,1.0,2.0,1.0,0.0,6.0,0.0,3.0,0.0,27.0,52.0,31:44,17.0,4.0,11.0,2.0,56.0,223.0,4.0,1.0,16.0,91.0,5.7,0.0,33.0,25.0,132.0,1.0,1.0,4.0,5.3,75.8,79.36,11.0,3.0,27.3,2.0,0.0,0.0,2.0,1.0,0.0,0.0,5.0,19.0,1.0,1.0,7.0,31.0,2.0,2.0,4.0,189.0,47.2,2.0,1.0,-1.0,50.0,0.0,50.0,0.0,2.0,2.0,0.0,0.0,0.0,0.0,0.0,4.0,4.0,1.0,1.0,0.0,0.0,0.0,0.0,0.0,0.0,0.0,36.0,25.0,7.0,31.0,3.0,1.0,1.0,38.0,32.0,0.0,0.0,5.0,1.0,1.0,Sunday,993004545,10,24,18714.0,1.0,1,1.0,0.308,0.0,0.0892731089940581,0.5679012345679012,0.1538597302761041,-0.0200884696629752,-0.2679405097876616,0.4857142857142857,-0.5258381088348049,0.1262806437516701,17.3,15.3,2.0,292.6666666666667,259.3333333333333,-0.667,0.251,0.333,52.0,46.0,1.0,-0.0545630310503208,0.4638712472140127,-0.1461138809260534,-0.1565124334023125,-0.1083353231498159,0.4447837671654027,-0.1447960235763235,-0.0846899322309187,-0.0545630310503208,-0.1083353231498159,3.0,7.0,0.334,1.0,17.66666666666663,603.0,20.666666666666686,539.3333333333333,15.0,119.0,6.0,98.0,1.0,3.0,0.1226351556751677,0.0707638598936009
202410402.0,2024-09-29T13:00:00,1,2024,4,ATL,NO,HOME,26.0,24.0,50.0,Mercedes-Benz Stadium,7.0,10.0,3.0,6.0,0.0,25.0,3.0,24:18,19.0,4.0,11.0,4.0,56.0,311.0,5.6,2.0,25.0,82.0,3.3,1.0,29.0,20.0,229.0,1.0,1.0,7.9,11.4,69.0,89.58,9.0,2.0,22.2,3.0,1.0,33.3,4.0,2.0,0.0,0.0,6.0,44.0,2.0,0.0,2.0,1.0,7.0,2.0,3.0,162.0,54.0,1.0,1.0,0.0,7.0,7.0,3.0,7.0,0.0,34.0,57.0,35:42,22.0,9.0,13.0,0.0,72.0,345.0,4.8,2.0,33.0,128.0,3.9,0.0,39.0,26.0,217.0,2.0,1.0,5.6,8.3,66.7,87.23,14.0,6.0,42.9,1.0,1.0,100.0,4.0,2.0,0.0,0.0,6.0,61.0,0.0,0.0,0.0,0.0,10.0,8.0,3.0,145.0,48.3,1.0,1.0,0.0,50.0,0.0,50.0,0.0,2.0,2.0,0.0,0.0,0.0,0.0,0.0,1.0,1.0,2.0,1.0,0.0,0.0,0.0,0.0,0.0,3.0,3.0,44.0,28.0,0.0,0.0,3.0,0.0,0.0,36.0,22.0,2.0,1.0,5.0,1.0,0.0,Sunday,993004558,2,22,18703.0,2.0,1,0.0,0.222,0.0,-0.0063160154997522,0.4605263157894737,0.1714185665278271,-0.3445753100895672,0.0857423922585857,0.5747126436781609,0.1190039589276999,0.0879844484311291,16.3,20.3,-4.0,307.3333333333333,326.6666666666667,-0.667,0.222,0.333,49.0,61.0,1.0,-0.0365890107000905,0.4818788334743947,0.0390236509640591,-0.2165179812189477,0.0446060093819809,0.4933427527653669,0.0752109891689217,-0.0298057225759626,-0.0365890107000905,0.0446060093819809,202410402.0,2024-09-29T13:00:00,1,2024,4,NO,ATL,AWAY,24.0,26.0,50.0,Mercedes-Benz Stadium,7.0,7.0,3.0,7.0,0.0,27.0,45.0,35:42,12.0,5.0,7.0,0.0,55.0,219.0,4.0,1.0,29.0,89.0,3.1,0.0,25.0,14.0,130.0,1.0,1.0,5.2,9.3,56.0,67.08,13.0,6.0,46.2,1.0,0.0,0.0,3.0,1.0,0.0,0.0,3.0,25.0,0.0,0.0,1.0,12.0,8.0,7.0,4.0,162.0,40.5,1.0,2.0,1.0,7.0,10.0,3.0,6.0,0.0,32.0,15.0,24:18,20.0,8.0,11.0,1.0,67.0,460.0,6.9,2.0,25.0,172.0,6.9,2.0,38.0,29.0,288.0,0.0,1.0,7.6,9.9,76.3,86.29,14.0,6.0,42.9,3.0,1.0,33.3,3.0,1.0,0.0,0.0,7.0,45.0,2.0,1.0,4.0,23.0,4.0,6.0,1.0,43.0,43.0,2.0,1.0,-1.0,33.3,0.0,33.3,0.0,0.0,0.0,0.0,2.0,0.0,0.0,0.0,2.0,2.0,1.0,1.0,0.0,0.0,0.0,1.0,1.0,1.0,0.0,47.0,15.0,4.0,23.0,3.0,2.0,1.0,38.0,20.0,1.0,12.0,8.0,0.0,0.0,Sunday,993004557,22,2,18712.0,-2.0,0,1.0,0.462,0.0,-0.1560014866676373,0.3529411764705882,0.0162083829697142,-0.4292421424653622,-0.0978338258757623,0.3855421686746988,-0.0666692740441603,0.1774344692404953,34.3,14.7,19.7,343.3333333333333,335.3333333333333,1.333,0.542,0.667,103.0,44.0,2.0,0.1260738065201676,0.4813301863955458,0.3803232098249936,-0.0265504040352239,-0.1822769607350541,0.4099758894108707,-0.2039410256688415,-0.2125332459802475,0.1260738065201676,-0.1822769607350541,-23.7,15.7,-0.334,1.0,-36.0,650.6666666666666,-8.666666666666629,662.0,-54.0,152.0,17.0,105.0,-1.0,3.0,-0.16266281722025808,0.22688297011703498
202410431.0,2024-09-29T16:05:00,1,2024,4,SF,NE,HOME,30.0,13.0,43.0,Levi's Stadium,6.0,14.0,7.0,3.0,0.0,33.0,27.0,31:35,25.0,8.0,13.0,4.0,65.0,425.0,6.5,3.0,34.0,137.0,4.0,0.0,30.0,22.0,288.0,3.0,0.0,9.6,13.1,73.3,136.53,11.0,6.0,54.5,1.0,1.0,100.0,3.0,2.0,0.0,0.0,7.0,111.0,2.0,1.0,1.0,4.0,5.0,5.0,2.0,90.0,45.0,1.0,0.0,-1.0,0.0,3.0,7.0,3.0,0.0,26.0,33.0,28:25,19.0,8.0,8.0,3.0,55.0,296.0,5.4,3.0,26.0,98.0,3.8,2.0,26.0,16.0,198.0,1.0,0.0,7.6,12.4,61.5,97.92,12.0,5.0,41.7,2.0,2.0,100.0,5.0,3.0,0.0,0.0,8.0,75.0,0.0,0.0,3.0,23.0,3.0,4.0,3.0,127.0,42.3,0.0,1.0,1.0,66.7,0.0,60.0,0.0,3.0,3.0,0.0,0.0,0.0,0.0,0.0,2.0,1.0,3.0,3.0,0.0,0.0,0.0,0.0,0.0,2.0,2.0,34.0,21.0,3.0,23.0,4.0,0.0,0.0,38.0,43.0,1.0,4.0,2.0,2.0,1.0,Sunday,993004562,31,21,18706.0,17.0,1,-1.0,0.545,0.0,0.1369570004977025,0.5176470588235295,0.4208986876720154,-0.0943733691859129,0.1591999466009485,0.5,0.2370749878998533,0.1415130496345392,24.3,23.0,1.3,407.3333333333333,321.6666666666667,0.333,0.402,0.333,73.0,69.0,1.0,0.0592672963823691,0.503921568627451,0.1984812844686966,-0.0692147405439717,0.034353906247559,0.504595588235294,0.0534338071177782,0.0020659245527654,0.0592672963823691,0.034353906247559,202410431.0,2024-09-29T16:05:00,1,2024,4,NE,SF,AWAY,13.0,30.0,43.0,Levi's Stadium,0.0,3.0,7.0,3.0,0.0,19.0,56.0,28:25,11.0,3.0,6.0,2.0,48.0,139.0,2.9,0.0,15.0,78.0,5.2,0.0,26.0,16.0,61.0,0.0,0.0,2.3,3.8,61.5,65.87,11.0,2.0,18.2,3.0,3.0,100.0,1.0,0.0,0.0,0.0,5.0,70.0,1.0,1.0,7.0,59.0,4.0,5.0,5.0,245.0,49.0,1.0,0.0,-1.0,6.0,14.0,7.0,3.0,0.0,40.0,4.0,31:35,27.0,9.0,16.0,2.0,70.0,400.0,5.7,3.0,33.0,133.0,4.0,1.0,35.0,27.0,267.0,2.0,0.0,7.6,9.9,77.1,117.2,15.0,10.0,66.7,0.0,0.0,0.0,4.0,3.0,0.0,0.0,8.0,106.0,1.0,0.0,2.0,14.0,15.0,5.0,3.0,122.0,40.7,0.0,1.0,1.0,0.0,0.0,75.0,0.0,0.0,0.0,0.0,0.0,0.0,0.0,0.0,1.0,1.0,3.0,3.0,0.0,0.0,0.0,0.0,0.0,2.0,1.0,49.0,25.0,2.0,14.0,1.0,1.0,0.0,28.0,19.0,7.0,59.0,2.0,1.0,1.0,Sunday,993004561,21,31,18716.0,-17.0,0,-1.0,0.182,0.0,-0.2202137294216155,0.4285714285714285,-0.3118890801282949,-0.2970457238082487,0.1202897095775788,0.5232558139534884,0.4058810956608748,-0.0555958494738054,13.0,19.0,-6.0,246.33333333333337,327.3333333333333,0.333,0.319,0.333,39.0,57.0,1.0,-0.0386388610837543,0.4702568940295037,-0.0696693265845261,-0.1028418932468391,0.0477237438904427,0.5145982416086404,0.1384083926875834,-0.1088915296277013,-0.0386388610837543,0.0477237438904427,7.3,-4.7,0.0,0.666,160.99999999999994,653.6666666666667,-5.666666666666629,649.0,34.0,112.0,12.0,126.0,0.0,2.0,0.0979061574661234,-0.0133698376428837
202410401.0,2024-09-29T16:05:00,1,2024,4,ARI,WAS,HOME,14.0,42.0,56.0,State Farm Stadium,7.0,0.0,7.0,0.0,0.0,23.0,11.0,26:38,17.0,2.0,10.0,5.0,53.0,277.0,5.2,1.0,18.0,77.0,4.3,0.0,34.0,21.0,200.0,1.0,1.0,5.9,9.5,61.8,75.61,9.0,1.0,11.1,2.0,0.0,0.0,1.0,1.0,0.0,0.0,4.0,30.0,0.0,0.0,1.0,7.0,2.0,6.0,5.0,260.0,52.0,1.0,1.0,0.0,7.0,10.0,10.0,15.0,0.0,36.0,49.0,33:22,23.0,12.0,11.0,0.0,68.0,373.0,5.5,3.0,43.0,187.0,4.3,1.0,23.0,18.0,186.0,2.0,1.0,8.1,10.3,78.3,111.23,12.0,6.0,50.0,1.0,0.0,0.0,2.0,2.0,0.0,0.0,9.0,79.0,0.0,0.0,2.0,13.0,4.0,3.0,5.0,247.0,49.4,1.0,1.0,0.0,100.0,0.0,100.0,0.0,1.0,1.0,0.0,0.0,0.0,0.0,0.0,2.0,2.0,3.0,2.0,0.0,0.0,0.0,0.0,0.0,0.0,0.0,41.0,42.0,2.0,13.0,1.0,0.0,0.0,31.0,18.0,1.0,7.0,6.0,0.0,0.0,Sunday,993004564,1,35,18704.0,-28.0,0,0.0,0.111,0.0,-0.1360781165958701,0.4722222222222222,-0.0030766716224344,-0.571330085145148,-0.0073351916961043,0.5294117647058824,0.2541742314933799,-0.0913269592143478,27.3,21.3,6.0,345.3333333333333,323.3333333333333,0.0,0.429,0.333,82.0,64.0,1.0,0.1089123343925835,0.5023635477582846,0.3326635668304389,-0.2336842408270234,0.0132619066523934,0.5574049316696376,0.1451702047143578,-0.123288443327882,0.1089123343925835,0.0132619066523934,202410401.0,2024-09-29T16:05:00,1,2024,4,WAS,ARI,AWAY,42.0,14.0,56.0,State Farm Stadium,7.0,10.0,10.0,15.0,0.0,33.0,6.0,33:22,22.0,8.0,13.0,1.0,57.0,356.0,6.2,5.0,32.0,108.0,3.4,3.0,23.0,21.0,248.0,2.0,0.0,10.8,11.8,91.3,140.58,9.0,5.0,55.6,3.0,3.0,100.0,3.0,3.0,0.0,0.0,3.0,28.0,1.0,0.0,2.0,6.0,5.0,3.0,0.0,0.0,0.0,0.0,0.0,0.0,7.0,0.0,7.0,0.0,0.0,26.0,54.0,26:38,30.0,11.0,18.0,1.0,60.0,436.0,7.3,4.0,20.0,124.0,6.2,1.0,38.0,29.0,312.0,3.0,0.0,8.2,10.8,76.3,126.21,10.0,6.0,60.0,1.0,1.0,100.0,4.0,2.0,0.0,0.0,5.0,16.0,0.0,0.0,2.0,12.0,4.0,1.0,0.0,0.0,0.0,0.0,0.0,0.0,100.0,0.0,50.0,0.0,5.0,5.0,0.0,0.0,0.0,0.0,0.0,1.0,1.0,3.0,3.0,0.0,2.0,0.0,0.0,0.0,3.0,2.0,39.0,22.0,2.0,12.0,3.0,0.0,0.0,37.0,25.0,2.0,6.0,0.0,1.0,0.0,Sunday,993004563,35,1,18701.0,28.0,1,0.0,0.556,0.0,0.4257875029485019,0.6,0.7746076817178819,0.1961622741890516,0.3002589911372202,0.5844155844155844,0.4487034463867819,0.3110459046239205,26.3,29.3,-3.0,360.0,377.3333333333333,0.333,0.435,0.667,79.0,88.0,2.0,0.2034379646040643,0.5239700374531835,0.4189378850775835,0.1102424763962901,0.2210220272549641,0.5319511643041054,0.4547022818023826,0.0138791885551507,0.2034379646040643,0.2210220272549641,9.0,3.0,-0.334,1.0,-14.666666666666686,705.3333333333333,-54.0,700.6666666666666,3.0,161.0,-24.0,152.0,-1.0,3.0,-0.09452563021148079,-0.20776012060257068
202410425.0,2024-09-29T16:25:00,1,2024,4,LV,CLE,HOME,20.0,16.0,36.0,Allegiant Stadium,0.0,10.0,10.0,0.0,0.0,23.0,58.0,29:18,20.0,3.0,15.0,2.0,59.0,331.0,5.6,3.0,16.0,55.0,3.4,1.0,40.0,27.0,276.0,2.0,1.0,6.9,10.2,67.5,93.33,11.0,3.0,27.3,3.0,1.0,33.3,3.0,3.0,0.0,0.0,6.0,54.0,0.0,0.0,3.0,20.0,5.0,3.0,5.0,261.0,52.2,1.0,0.0,-1.0,10.0,0.0,0.0,6.0,0.0,36.0,2.0,30:42,24.0,8.0,15.0,1.0,70.0,437.0,6.2,4.0,31.0,131.0,4.2,1.0,37.0,26.0,306.0,3.0,0.0,8.3,11.8,70.3,122.13,12.0,5.0,41.7,0.0,0.0,0.0,5.0,3.0,0.0,0.0,7.0,51.0,0.0,0.0,2.0,13.0,6.0,3.0,4.0,177.0,44.2,0.0,1.0,1.0,100.0,0.0,60.0,0.0,2.0,2.0,0.0,2.0,1.0,0.0,0.0,1.0,0.0,3.0,3.0,0.0,2.0,0.0,0.0,0.0,3.0,3.0,44.0,28.0,2.0,13.0,5.0,0.0,0.0,36.0,18.0,3.0,20.0,7.0,0.0,0.0,Sunday,993004568,25,8,18707.0,4.0,1,-1.0,0.273,0.0,-0.0754965846107952,0.525,0.0698834931025745,-0.5121922425692901,0.1631977012849491,0.5217391304347826,0.2937764357773088,0.054264413676396,19.3,27.0,-7.7,295.6666666666667,378.6666666666667,-1.333,0.321,0.333,58.0,81.0,1.0,-0.119283004956366,0.4701875926559471,0.0192917691705474,-0.5907465406385275,0.001311068607516,0.4466403162055335,0.0505910279502319,-0.0117808717290296,-0.119283004956366,0.001311068607516,202410425.0,2024-09-29T16:25:00,1,2024,4,CLE,LV,AWAY,16.0,20.0,36.0,Allegiant Stadium,10.0,0.0,0.0,6.0,0.0,26.0,4.0,30:42,16.0,7.0,7.0,2.0,63.0,217.0,3.4,2.0,18.0,69.0,3.8,0.0,37.0,21.0,148.0,2.0,0.0,4.0,7.0,56.8,84.07,14.0,4.0,28.6,3.0,1.0,33.3,1.0,1.0,0.0,0.0,5.0,48.0,2.0,2.0,8.0,48.0,9.0,4.0,6.0,306.0,51.0,2.0,2.0,0.0,0.0,10.0,10.0,0.0,0.0,33.0,56.0,29:18,21.0,7.0,13.0,1.0,69.0,340.0,4.9,3.0,32.0,112.0,3.5,1.0,35.0,24.0,228.0,2.0,0.0,6.5,9.5,68.6,105.42,14.0,4.0,28.6,1.0,1.0,100.0,4.0,3.0,0.0,0.0,9.0,68.0,3.0,2.0,2.0,8.0,17.0,5.0,7.0,361.0,51.6,2.0,2.0,0.0,100.0,0.0,75.0,0.0,1.0,1.0,0.0,2.0,1.0,0.0,0.0,1.0,0.0,3.0,3.0,0.0,0.0,0.0,0.0,0.0,1.0,0.0,42.0,27.0,2.0,8.0,4.0,2.0,2.0,36.0,31.0,8.0,48.0,3.0,1.0,2.0,Sunday,993004567,8,25,18709.0,-4.0,0,0.0,0.286,0.0,-0.2516612349444972,0.4390243902439024,-0.2938487109394735,-0.4971352337937181,-0.1451307733670772,0.4333333333333333,0.1966300808928237,-0.1949461470518032,16.7,22.3,-5.7,248.0,309.3333333333333,-0.667,0.187,0.333,50.0,67.0,1.0,-0.1493578903394507,0.3927081919242197,-0.2092762738151457,-0.2180766452291006,-0.0724869240846977,0.4364864864864865,-0.0040387052762613,-0.0644220697855288,-0.1493578903394507,-0.0724869240846977,-2.0,-13.4,0.0,0.666,47.666666666666686,543.6666666666667,69.33333333333337,688.0,8.0,108.0,14.0,148.0,0.0,2.0,0.030074885383084712,0.0737979926922137
202410429.0,2024-09-29T16:25:00,1,2024,4,LAC,KC,HOME,10.0,17.0,27.0,SoFi Stadium,10.0,0.0,0.0,0.0,0.0,26.0,9.0,30:52,10.0,3.0,7.0,0.0,45.0,166.0,3.7,1.0,20.0,61.0,3.0,0.0,20.0,14.0,105.0,1.0,0.0,5.2,7.5,70.0,98.96,11.0,3.0,27.3,0.0,0.0,0.0,1.0,0.0,0.0,0.0,7.0,69.0,2.0,0.0,5.0,44.0,5.0,8.0,7.0,350.0,50.0,0.0,1.0,1.0,0.0,7.0,3.0,7.0,0.0,33.0,51.0,29:08,20.0,7.0,9.0,4.0,65.0,346.0,5.3,2.0,31.0,114.0,3.7,1.0,32.0,25.0,232.0,1.0,1.0,7.2,9.3,78.1,94.27,14.0,7.0,50.0,0.0,0.0,0.0,4.0,1.0,0.0,0.0,3.0,15.0,0.0,0.0,2.0,13.0,7.0,7.0,3.0,156.0,52.0,1.0,0.0,-1.0,0.0,0.0,25.0,0.0,1.0,1.0,0.0,0.0,0.0,0.0,0.0,1.0,1.0,2.0,2.0,0.0,0.0,0.0,0.0,0.0,3.0,2.0,47.0,30.0,2.0,13.0,4.0,0.0,0.0,34.0,19.0,5.0,44.0,1.0,1.0,0.0,Sunday,993004566,29,16,18713.0,-7.0,0,1.0,0.273,0.0,-0.1148625238201844,0.4193548387096774,-0.1286265584589101,-0.2681562539073638,0.0487083165225974,0.4938271604938271,0.2198417126651751,-0.0260569836085276,19.3,11.0,8.3,277.0,267.0,1.0,0.367,0.667,58.0,33.0,2.0,-0.0615642393698943,0.4318304007820137,-0.0516553084638381,-0.0649933943443989,-0.2156880324432066,0.3978037866926756,-0.2109526418754649,-0.2895701456072118,-0.0615642393698943,-0.2156880324432066,202410429.0,2024-09-29T16:25:00,1,2024,4,KC,LAC,AWAY,17.0,10.0,27.0,SoFi Stadium,0.0,7.0,3.0,7.0,0.0,34.0,57.0,29:08,22.0,9.0,13.0,0.0,72.0,345.0,4.8,2.0,33.0,128.0,3.9,0.0,39.0,26.0,217.0,2.0,1.0,5.6,8.3,66.7,87.23,14.0,6.0,42.9,1.0,1.0,100.0,4.0,2.0,0.0,0.0,6.0,61.0,0.0,0.0,0.0,0.0,10.0,8.0,3.0,145.0,48.3,1.0,1.0,0.0,10.0,0.0,0.0,0.0,0.0,25.0,3.0,30:52,19.0,4.0,11.0,4.0,56.0,311.0,5.6,2.0,25.0,82.0,3.3,1.0,29.0,20.0,229.0,1.0,1.0,7.9,11.4,69.0,89.58,9.0,2.0,22.2,3.0,1.0,33.3,4.0,2.0,0.0,0.0,6.0,44.0,2.0,0.0,2.0,1.0,7.0,2.0,3.0,162.0,54.0,1.0,1.0,0.0,50.0,0.0,50.0,0.0,2.0,1.0,0.0,0.0,0.0,0.0,0.0,3.0,3.0,2.0,2.0,0.0,0.0,0.0,0.0,0.0,1.0,1.0,36.0,22.0,2.0,1.0,5.0,1.0,0.0,44.0,28.0,0.0,0.0,3.0,0.0,0.0,Sunday,993004565,16,29,18703.0,7.0,1,0.0,0.429,0.0,0.0857423922585857,0.5747126436781609,0.1190039589276999,0.0879844484311291,-0.0063160154997522,0.4605263157894737,0.1714185665278271,-0.3445753100895672,25.0,20.7,4.3,328.0,361.0,-0.667,0.333,1.0,75.0,62.0,3.0,0.0679043379919757,0.5282009178560902,0.1156420154731315,-0.0061403979694528,0.0231373108775087,0.5123131903833658,0.0620826855432131,-0.0433550930802911,0.0679043379919757,0.0231373108775087,4.000000000000001,12.600000000000001,-0.33299999999999996,1.667,-51.0,605.0,-94.0,628.0,-17.0,133.0,-29.0,95.0,-1.0,5.0,-0.12946857736187,-0.2388253433207153
202410403.0,2024-09-29T20:20:00,1,2024,4,BAL,BUF,HOME,35.0,10.0,45.0,M&T Bank Stadium,7.0,14.0,7.0,7.0,0.0,34.0,45.0,31:03,24.0,16.0,8.0,0.0,60.0,456.0,7.6,4.0,45.0,274.0,6.1,3.0,15.0,12.0,182.0,1.0,0.0,12.1,15.2,80.0,139.44,9.0,4.0,44.4,0.0,0.0,0.0,3.0,3.0,0.0,0.0,13.0,105.0,0.0,0.0,0.0,0.0,7.0,2.0,4.0,171.0,42.8,0.0,1.0,1.0,3.0,0.0,7.0,0.0,0.0,25.0,15.0,28:57,26.0,2.0,18.0,6.0,70.0,412.0,5.9,3.0,16.0,51.0,3.2,1.0,51.0,28.0,361.0,2.0,0.0,7.1,12.9,54.9,90.4,13.0,7.0,53.8,1.0,0.0,0.0,4.0,3.0,0.0,0.0,6.0,44.0,2.0,1.0,3.0,18.0,1.0,0.0,4.0,209.0,52.2,1.0,0.0,-1.0,100.0,0.0,75.0,0.0,4.0,4.0,0.0,0.0,0.0,0.0,0.0,1.0,0.0,1.0,1.0,0.0,4.0,0.0,0.0,0.0,2.0,2.0,36.0,19.0,3.0,18.0,9.0,1.0,1.0,39.0,30.0,0.0,0.0,0.0,0.0,0.0,Sunday,993004570,3,4,18705.0,25.0,1,1.0,0.444,0.0,0.1252546001923636,0.4691358024691358,0.51522183535336,0.2296002481910122,0.0628907791304712,0.4123711340206185,0.101567008251856,-0.1281455010212084,23.7,26.0,-2.3,430.3333333333333,341.6666666666667,0.333,0.406,0.333,71.0,78.0,1.0,0.0371791404839946,0.4938586646188985,0.1637355067152603,0.1366691027919338,0.072405538754379,0.4591568638417131,0.2007689464826211,-0.2644428730078667,0.0371791404839946,0.072405538754379,202410403.0,2024-09-29T20:20:00,1,2024,4,BUF,BAL,AWAY,10.0,35.0,45.0,M&T Bank Stadium,3.0,0.0,7.0,0.0,0.0,31.0,40.0,28:57,25.0,9.0,15.0,1.0,60.0,388.0,6.5,6.0,29.0,122.0,4.2,2.0,31.0,24.0,266.0,4.0,0.0,8.6,11.1,77.4,141.94,11.0,6.0,54.5,2.0,2.0,100.0,5.0,4.0,0.0,0.0,6.0,47.0,0.0,0.0,0.0,0.0,10.0,6.0,1.0,49.0,49.0,0.0,2.0,2.0,7.0,14.0,7.0,7.0,0.0,28.0,20.0,31:03,19.0,7.0,10.0,2.0,68.0,239.0,3.5,1.0,17.0,92.0,5.4,0.0,46.0,26.0,147.0,1.0,1.0,3.2,5.7,56.5,60.69,13.0,2.0,15.4,8.0,4.0,50.0,4.0,1.0,0.0,0.0,7.0,45.0,1.0,1.0,5.0,53.0,1.0,4.0,2.0,109.0,54.5,2.0,0.0,-2.0,80.0,0.0,25.0,0.0,6.0,5.0,1.0,0.0,0.0,0.0,0.0,2.0,2.0,1.0,1.0,0.0,0.0,0.0,0.0,0.0,1.0,1.0,39.0,20.0,5.0,53.0,8.0,1.0,1.0,33.0,33.0,0.0,0.0,3.0,0.0,0.0,Sunday,993004569,4,3,18702.0,-25.0,0,2.0,0.545,0.0,0.3459446078167537,0.5454545454545454,0.6398082391201503,0.0694575067536789,-0.1626163624245626,0.4269662921348314,-0.4840790975283827,0.6004004573656453,37.3,16.0,21.3,329.0,286.6666666666667,1.667,0.404,1.0,112.0,48.0,3.0,0.2168723823059424,0.5248737373737374,0.5703552478112325,-0.0448927275705084,-0.0856595167888654,0.4487482751823378,-0.2231265932089956,0.1035489685643583,0.2168723823059424,-0.0856595167888654,-23.6,19.0,-0.667,1.333,101.33333333333331,759.3333333333333,55.0,628.3333333333334,-41.0,183.0,30.0,126.0,-2.0,4.0,-0.17969324182194782,0.1580650555432444
202410419.0,2024-09-30T19:30:00,1,2024,4,MIA,TEN,HOME,12.0,31.0,43.0,Hard Rock Stadium,0.0,3.0,3.0,6.0,0.0,28.0,32.0,25:08,13.0,2.0,8.0,3.0,56.0,205.0,3.7,0.0,18.0,65.0,3.6,0.0,32.0,20.0,140.0,0.0,0.0,4.4,7.0,62.5,72.4,12.0,1.0,8.3,3.0,0.0,0.0,2.0,0.0,0.0,0.0,11.0,85.0,3.0,0.0,6.0,46.0,7.0,6.0,6.0,277.0,46.2,0.0,2.0,2.0,0.0,9.0,10.0,12.0,0.0,31.0,28.0,34:52,21.0,7.0,13.0,1.0,60.0,370.0,6.2,3.0,23.0,100.0,4.3,2.0,34.0,26.0,270.0,1.0,2.0,7.9,10.4,76.5,84.19,11.0,3.0,27.3,0.0,0.0,0.0,2.0,2.0,0.0,0.0,11.0,92.0,1.0,0.0,3.0,19.0,12.0,8.0,4.0,195.0,48.8,2.0,0.0,-2.0,0.0,0.0,100.0,0.0,0.0,0.0,0.0,0.0,0.0,0.0,0.0,2.0,1.0,3.0,3.0,0.0,0.0,0.0,0.0,0.0,2.0,1.0,37.0,29.0,3.0,19.0,5.0,0.0,0.0,37.0,21.0,6.0,46.0,3.0,2.0,0.0,Monday,993004572,19,34,18708.0,-19.0,0,2.0,0.083,0.0,-0.365962909259745,0.3291139240506329,-0.3801877863873134,-0.4788684563919542,-0.07121960493521,0.4177215189873418,-0.0352596094577453,-0.0817986015378361,11.0,24.0,-13.0,318.6666666666667,294.6666666666667,0.0,0.35,0.333,33.0,72.0,1.0,-0.2025910494196478,0.412106051352414,-0.1864658552255556,-0.299373720216181,0.0001144761628425,0.4216479137365214,0.2458839635873388,-0.1870221349455753,-0.2025910494196478,0.0001144761628425,202410419.0,2024-09-30T19:30:00,1,2024,4,TEN,MIA,AWAY,31.0,12.0,43.0,Hard Rock Stadium,0.0,9.0,10.0,12.0,0.0,27.0,32.0,34:52,18.0,3.0,14.0,1.0,53.0,237.0,4.5,2.0,11.0,33.0,3.0,0.0,34.0,26.0,204.0,2.0,2.0,6.0,7.8,76.5,85.91,9.0,3.0,33.3,1.0,0.0,0.0,2.0,2.0,0.0,0.0,2.0,15.0,1.0,1.0,8.0,56.0,3.0,6.0,4.0,187.0,46.8,3.0,0.0,-3.0,0.0,3.0,3.0,6.0,0.0,32.0,28.0,25:08,16.0,9.0,6.0,1.0,59.0,378.0,6.4,3.0,37.0,188.0,5.1,1.0,19.0,13.0,190.0,1.0,0.0,10.0,14.6,68.4,118.31,14.0,5.0,35.7,0.0,0.0,0.0,3.0,1.0,0.0,0.0,10.0,75.0,0.0,0.0,3.0,12.0,12.0,6.0,5.0,244.0,48.8,0.0,3.0,3.0,100.0,0.0,33.3,0.0,2.0,2.0,0.0,0.0,0.0,0.0,0.0,0.0,0.0,3.0,3.0,0.0,0.0,0.0,0.0,0.0,3.0,3.0,47.0,20.0,3.0,12.0,0.0,0.0,0.0,35.0,17.0,8.0,56.0,2.0,1.0,1.0,Monday,993004571,34,19,18715.0,19.0,1,-3.0,0.333,0.0,-0.2474732011053999,0.5,-0.3787941472113339,-0.1864388489112672,0.0624807968710381,0.4074074074074074,0.2683323610742887,-0.0976765025029512,16.0,26.0,-10.0,260.3333333333333,263.6666666666667,-2.333,0.321,0.0,48.0,78.0,0.0,-0.1973861451264393,0.453363453815261,-0.2830463857844779,-0.0962520946297473,-0.0173903202831836,0.4267334000667334,0.0353186729621554,-0.0905160190432326,-0.1973861451264393,-0.0173903202831836,-3.0,-23.0,0.333,0.333,58.33333333333337,579.0,31.0,558.3333333333334,-15.0,81.0,-6.0,150.0,1.0,1.0,-0.005204904293208523,0.017504796446026098
202410411.0,2024-09-30T20:15:00,1,2024,4,DET,SEA,HOME,42.0,29.0,71.0,Ford Field,7.0,14.0,14.0,7.0,0.0,36.0,49.0,25:56,23.0,12.0,11.0,0.0,68.0,373.0,5.5,3.0,43.0,187.0,4.3,1.0,23.0,18.0,186.0,2.0,1.0,8.1,10.3,78.3,111.23,12.0,6.0,50.0,1.0,0.0,0.0,2.0,2.0,0.0,0.0,9.0,79.0,0.0,0.0,2.0,13.0,4.0,3.0,5.0,247.0,49.4,1.0,1.0,0.0,0.0,7.0,13.0,9.0,0.0,23.0,11.0,34:04,17.0,2.0,10.0,5.0,53.0,277.0,5.2,1.0,18.0,77.0,4.3,0.0,34.0,21.0,200.0,1.0,1.0,5.9,9.5,61.8,75.61,9.0,1.0,11.1,2.0,0.0,0.0,1.0,1.0,0.0,0.0,4.0,30.0,0.0,0.0,1.0,7.0,2.0,6.0,5.0,260.0,52.0,1.0,1.0,0.0,100.0,0.0,100.0,0.0,3.0,2.0,0.0,0.0,0.0,0.0,0.0,0.0,0.0,1.0,1.0,0.0,0.0,0.0,0.0,0.0,2.0,2.0,31.0,18.0,1.0,7.0,6.0,0.0,0.0,41.0,42.0,2.0,13.0,1.0,0.0,0.0,Monday,993004574,11,30,18704.0,13.0,1,0.0,0.5,0.0,-0.0073351916961043,0.5294117647058824,0.2541742314933799,-0.0913269592143478,-0.1360781165958701,0.4722222222222222,-0.0030766716224344,-0.571330085145148,20.7,17.7,3.0,399.6666666666667,293.3333333333333,-0.333,0.458,0.667,62.0,53.0,2.0,0.0014788208937654,0.510231271995978,-0.0044300970784167,0.115889951744767,-0.0339768380401355,0.475721112817887,0.0761980354521616,-0.2864551552787313,0.0014788208937654,-0.0339768380401355,202410411.0,2024-09-30T20:15:00,1,2024,4,SEA,DET,AWAY,29.0,42.0,71.0,Ford Field,0.0,7.0,13.0,9.0,0.0,31.0,28.0,34:04,21.0,7.0,13.0,1.0,60.0,370.0,6.2,3.0,23.0,100.0,4.3,2.0,34.0,26.0,270.0,1.0,2.0,7.9,10.4,76.5,84.19,11.0,3.0,27.3,0.0,0.0,0.0,2.0,2.0,0.0,0.0,11.0,92.0,1.0,0.0,3.0,19.0,12.0,8.0,4.0,195.0,48.8,2.0,0.0,-2.0,7.0,14.0,14.0,7.0,0.0,28.0,32.0,25:56,13.0,2.0,8.0,3.0,56.0,205.0,3.7,0.0,18.0,65.0,3.6,0.0,32.0,20.0,140.0,0.0,0.0,4.4,7.0,62.5,72.4,12.0,1.0,8.3,3.0,0.0,0.0,2.0,0.0,0.0,0.0,11.0,85.0,3.0,0.0,6.0,46.0,7.0,6.0,6.0,277.0,46.2,0.0,2.0,2.0,100.0,0.0,0.0,0.0,3.0,3.0,0.0,0.0,0.0,0.0,0.0,2.0,1.0,0.0,0.0,0.0,0.0,0.0,0.0,0.0,2.0,1.0,37.0,21.0,6.0,46.0,3.0,2.0,0.0,37.0,29.0,3.0,19.0,5.0,0.0,0.0,Monday,993004573,30,11,18708.0,-13.0,0,-2.0,0.273,0.0,-0.07121960493521,0.4177215189873418,-0.0352596094577453,-0.0817986015378361,-0.365962909259745,0.3291139240506329,-0.3801877863873134,-0.4788684563919542,24.3,14.3,10.0,344.0,248.66666666666663,-0.333,0.358,1.0,73.0,43.0,3.0,-0.0191826473612173,0.4723484621551224,0.0490973777835897,-0.209295212999092,-0.1574794724851224,0.3979433676984647,-0.2273948278628108,-0.2099980078219182,-0.0191826473612173,-0.1574794724851224,-7.0,13.0,-0.33299999999999996,1.667,55.666666666666686,743.6666666666667,44.666666666666686,542.0,-11.0,135.0,10.0,96.0,-1.0,5.0,0.0206614682549827,0.1235026344449869
202410502.0,2024-10-03T20:15:00,1,2024,5,ATL,TB,HOME,36.0,30.0,66.0,Mercedes-Benz Stadium,7.0,10.0,3.0,10.0,6.0,24.0,18.0,33:37,14.0,4.0,9.0,1.0,51.0,315.0,6.2,2.0,15.0,88.0,5.9,0.0,35.0,21.0,227.0,0.0,1.0,6.5,10.8,60.0,67.2,11.0,4.0,36.4,0.0,0.0,0.0,1.0,0.0,0.0,0.0,9.0,76.0,1.0,0.0,1.0,11.0,3.0,4.0,3.0,132.0,44.0,1.0,2.0,1.0,10.0,14.0,3.0,3.0,0.0,35.0,42.0,27:38,25.0,12.0,11.0,2.0,70.0,366.0,5.2,3.0,33.0,131.0,4.0,3.0,36.0,28.0,235.0,0.0,1.0,6.5,8.4,77.8,82.29,13.0,7.0,53.8,2.0,1.0,50.0,4.0,3.0,0.0,0.0,6.0,60.0,1.0,1.0,1.0,4.0,4.0,2.0,3.0,120.0,40.0,2.0,1.0,-1.0,0.0,0.0,75.0,0.0,2.0,2.0,0.0,0.0,0.0,0.0,0.0,4.0,4.0,3.0,3.0,0.0,0.0,0.0,0.0,0.0,1.0,1.0,50.0,27.0,1.0,4.0,3.0,0.0,1.0,33.0,16.0,1.0,11.0,7.0,1.0,0.0,Thursday,993004576,2,33,18724.0,6.0,1,1.0,0.364,0.0,0.0838783990469055,0.4246575342465753,-0.0753581074638711,0.0861939763708505,0.047679202597097,0.5164835164835165,-0.0377570543874023,0.1544083608728904,21.7,22.3,-0.7,337.0,358.6666666666667,0.667,0.269,0.5,75.0,85.0,2.0,0.0723740843904573,0.4640110550348473,0.1196314687241569,-0.0800262333789336,0.074017653279309,0.5226467820693964,0.0740927061336808,0.0874617101850779,-0.0064721582633415,0.0453743076857599,202410502.0,2024-10-03T20:15:00,1,2024,5,TB,ATL,AWAY,30.0,36.0,66.0,Mercedes-Benz Stadium,10.0,14.0,3.0,3.0,0.0,36.0,17.0,27:38,29.0,9.0,18.0,2.0,74.0,445.0,6.0,4.0,25.0,111.0,4.4,2.0,47.0,30.0,334.0,2.0,0.0,7.1,11.1,63.8,99.07,13.0,6.0,46.2,1.0,1.0,100.0,6.0,4.0,0.0,0.0,3.0,20.0,1.0,0.0,2.0,13.0,6.0,7.0,4.0,150.0,37.5,0.0,2.0,2.0,7.0,10.0,3.0,10.0,6.0,23.0,43.0,33:37,16.0,9.0,6.0,1.0,56.0,227.0,4.1,2.0,20.0,113.0,5.6,1.0,30.0,18.0,114.0,1.0,0.0,3.8,6.3,60.0,79.03,13.0,6.0,46.2,2.0,1.0,50.0,3.0,2.0,0.0,0.0,5.0,41.0,3.0,2.0,6.0,44.0,2.0,4.0,5.0,282.0,56.4,2.0,0.0,-2.0,66.7,0.0,66.7,0.0,4.0,3.0,1.0,0.0,0.0,0.0,0.0,2.0,2.0,2.0,2.0,0.0,0.0,0.0,0.0,0.0,0.0,0.0,34.0,17.0,6.0,44.0,4.0,2.0,2.0,42.0,22.0,2.0,13.0,8.0,0.0,0.0,Thursday,993004575,33,2,18731.0,-6.0,0,2.0,0.462,0.0,0.1889614207023842,0.5106382978723404,0.301643824963008,0.1088746865158706,-0.0342478852443242,0.4861111111111111,-0.2614785060654149,0.3106118673361682,20.0,19.3,0.7,294.6666666666667,347.3333333333333,0.667,0.311,0.75,97.0,78.0,3.0,-0.032571180383476,0.4855566813013621,-0.0509661235864553,0.0170992218828194,-0.0088517477900585,0.5013374485596708,-0.0906305095865634,0.1359366831713222,0.0438096285522761,0.0062774776408434,-1.4,0.0,-0.25,1.25,42.333333333333314,631.6666666666667,11.333333333333371,706.0,-22.0,172.0,7.0,163.0,-1.0,5.0,0.10494526477393329,0.0828694010693675
202410520.0,2024-10-06T09:30:00,1,2024,5,MIN,NYJ,HOME,23.0,17.0,40.0,Tottenham Hotspur Stadium,10.0,7.0,0.0,6.0,0.0,32.0,15.0,30:37,22.0,8.0,11.0,3.0,64.0,374.0,5.8,4.0,34.0,120.0,3.5,1.0,28.0,20.0,254.0,3.0,1.0,9.1,12.7,71.4,120.24,11.0,4.0,36.4,1.0,0.0,0.0,5.0,3.0,0.0,0.0,7.0,55.0,2.0,2.0,2.0,21.0,10.0,3.0,5.0,225.0,45.0,3.0,4.0,1.0,0.0,7.0,3.0,7.0,0.0,27.0,45.0,29:23,24.0,3.0,19.0,2.0,74.0,465.0,6.3,4.0,19.0,86.0,4.5,0.0,54.0,32.0,379.0,4.0,3.0,7.0,11.8,59.3,82.25,12.0,4.0,33.3,2.0,0.0,0.0,5.0,4.0,0.0,0.0,8.0,68.0,1.0,1.0,1.0,10.0,3.0,5.0,3.0,180.0,60.0,4.0,3.0,-1.0,60.0,0.0,80.0,0.0,4.0,4.0,0.0,0.0,0.0,0.0,0.0,1.0,1.0,3.0,3.0,0.0,2.0,1.0,0.0,0.0,2.0,0.0,41.0,23.0,1.0,10.0,12.0,1.0,1.0,45.0,23.0,2.0,21.0,2.0,1.0,2.0,Sunday,993004578,20,24,18727.0,6.0,1,1.0,0.364,0.0,0.0005203807013701,0.5,0.3489769685741414,-0.3112763934106373,-0.0733524636134961,0.4623655913978494,-0.0938041545706096,-0.1009874709998257,29.3,17.7,11.7,350.3333333333333,385.6666666666667,1.0,0.47,1.0,116.0,59.0,4.0,0.0223117682670011,0.5076942169272772,0.1226434573046562,-0.0638990269417373,-0.1561086746222764,0.431230846927418,-0.1059090910620757,-0.2024236965965101,0.0403324860496699,-0.1757311786734652,202410520.0,2024-10-06T09:30:00,1,2024,5,NYJ,MIN,AWAY,17.0,23.0,40.0,Tottenham Hotspur Stadium,0.0,7.0,3.0,7.0,0.0,31.0,44.0,29:23,16.0,4.0,10.0,2.0,70.0,248.0,3.5,0.0,23.0,64.0,2.8,0.0,42.0,24.0,184.0,0.0,0.0,4.4,7.7,57.1,67.96,17.0,4.0,23.5,1.0,0.0,0.0,2.0,0.0,0.0,0.0,13.0,90.0,1.0,1.0,5.0,41.0,2.0,7.0,7.0,316.0,45.1,1.0,1.0,0.0,10.0,7.0,0.0,6.0,0.0,28.0,16.0,30:37,12.0,8.0,3.0,1.0,56.0,186.0,3.3,1.0,31.0,126.0,4.1,0.0,25.0,12.0,60.0,1.0,0.0,2.4,5.0,48.0,67.92,14.0,3.0,21.4,0.0,0.0,0.0,1.0,1.0,0.0,0.0,5.0,74.0,1.0,1.0,0.0,0.0,14.0,8.0,8.0,339.0,42.4,1.0,1.0,0.0,0.0,0.0,100.0,0.0,0.0,0.0,0.0,0.0,0.0,0.0,0.0,4.0,3.0,1.0,1.0,0.0,0.0,0.0,0.0,0.0,2.0,1.0,31.0,26.0,0.0,0.0,2.0,1.0,1.0,46.0,27.0,5.0,41.0,4.0,1.0,1.0,Sunday,993004577,24,20,18730.0,-6.0,0,0.0,0.235,0.0,-0.2204511427142853,0.3473684210526316,-0.2137806020380917,-0.290926698890484,-0.2361808836677939,0.3684210526315789,-0.5443497407470894,0.0249995029254241,19.0,10.0,9.0,304.3333333333333,208.33333333333337,1.0,0.44,0.5,76.0,62.0,2.0,-0.0045376952429607,0.4433612314885264,0.1038635017151212,-0.1059004009571717,-0.1742656406619424,0.4198308270676691,-0.3124526744712796,-0.104644175094097,-0.0040586922099361,-0.0872238183591097,2.6999999999999993,20.7,0.5,1.5,46.0,654.6666666666666,177.33333333333331,594.0,40.0,192.0,-3.0,121.0,2.0,6.0,0.0268494635099618,0.01815696603966599
202410535.0,2024-10-06T13:00:00,1,2024,5,WAS,CLE,HOME,34.0,13.0,47.0,Northwest Stadium,7.0,17.0,10.0,0.0,0.0,33.0,22.0,31:18,29.0,13.0,14.0,2.0,67.0,449.0,6.7,5.0,37.0,216.0,5.8,4.0,30.0,26.0,233.0,1.0,1.0,7.8,9.0,86.7,96.25,12.0,9.0,75.0,1.0,1.0,100.0,5.0,4.0,0.0,0.0,5.0,49.0,0.0,0.0,0.0,0.0,7.0,3.0,1.0,51.0,51.0,1.0,1.0,0.0,0.0,3.0,3.0,7.0,0.0,26.0,38.0,28:42,17.0,12.0,5.0,0.0,58.0,296.0,5.1,2.0,32.0,181.0,5.7,1.0,22.0,16.0,115.0,1.0,0.0,5.2,7.2,72.7,99.62,11.0,4.0,36.4,3.0,2.0,66.7,2.0,2.0,0.0,0.0,4.0,82.0,3.0,1.0,4.0,27.0,1.0,1.0,4.0,192.0,48.0,1.0,1.0,0.0,80.0,0.0,100.0,0.0,4.0,4.0,0.0,2.0,1.0,0.0,0.0,2.0,2.0,2.0,2.0,0.0,0.0,0.0,0.0,0.0,0.0,0.0,41.0,24.0,4.0,27.0,1.0,3.0,1.0,45.0,27.0,0.0,0.0,2.0,0.0,0.0,Sunday,993004586,35,8,18722.0,21.0,1,0.0,0.75,0.0,0.3738390252048965,0.6071428571428571,0.4393096758228543,0.3917184214987859,-0.0604941768451999,0.5138888888888888,-0.2624356294150597,0.0415275890883358,33.7,21.7,12.0,410.0,345.3333333333333,0.333,0.602,0.75,121.0,102.0,3.0,0.3108292550278468,0.5596843231674692,0.4878451353822404,0.2285311411607842,0.1098732831867198,0.5180622754152165,0.1375312137720278,0.0996311290297733,0.2460382297542724,0.1506429762299231,202410535.0,2024-10-06T13:00:00,1,2024,5,CLE,WAS,AWAY,13.0,34.0,47.0,Northwest Stadium,0.0,3.0,3.0,7.0,0.0,30.0,42.0,28:42,16.0,6.0,9.0,1.0,57.0,241.0,4.2,2.0,22.0,92.0,4.2,0.0,32.0,24.0,149.0,1.0,1.0,4.7,6.2,75.0,81.38,10.0,3.0,30.0,1.0,0.0,0.0,2.0,1.0,0.0,0.0,5.0,38.0,1.0,0.0,3.0,27.0,4.0,4.0,5.0,316.0,63.2,1.0,1.0,0.0,7.0,17.0,10.0,0.0,0.0,29.0,18.0,31:18,17.0,8.0,7.0,2.0,55.0,268.0,4.9,2.0,29.0,152.0,5.2,2.0,24.0,14.0,116.0,0.0,0.0,4.8,8.3,58.3,70.83,12.0,4.0,33.3,0.0,0.0,0.0,3.0,2.0,0.0,0.0,6.0,49.0,1.0,1.0,2.0,14.0,11.0,4.0,4.0,232.0,58.0,1.0,1.0,0.0,50.0,0.0,66.7,0.0,2.0,1.0,0.0,0.0,0.0,0.0,0.0,1.0,1.0,2.0,2.0,0.0,0.0,0.0,0.0,0.0,2.0,2.0,36.0,16.0,2.0,14.0,1.0,1.0,1.0,43.0,23.0,3.0,27.0,5.0,0.0,0.0,Sunday,993004585,8,35,18721.0,-21.0,0,0.0,0.3,0.0,-0.1136953205775488,0.3972602739726027,-0.1963273468404772,0.0295647330077675,-0.0748018377615232,0.44,-0.0709296366576597,-0.2026425513821388,16.3,18.0,-1.7,251.66666666666663,310.3333333333333,0.0,0.243,0.25,66.0,87.0,1.0,-0.1058285029620403,0.4264888274661078,-0.153193451193453,-0.1859080670265636,-0.0848215658515322,0.4442642642642642,0.0277999552731329,-0.1287435129746507,-0.1404422478989752,-0.0730656525039041,13.7,10.3,0.5,1.0,158.33333333333337,661.6666666666666,35.0,655.6666666666666,55.0,187.0,15.0,189.0,2.0,4.0,0.41665775798988713,0.194694849038252
202410507.0,2024-10-06T13:00:00,1,2024,5,CIN,BAL,HOME,38.0,41.0,79.0,Paycor Stadium,0.0,17.0,7.0,14.0,0.0,28.0,58.0,32:42,24.0,6.0,14.0,4.0,62.0,373.0,6.0,4.0,31.0,141.0,4.5,2.0,31.0,22.0,232.0,2.0,1.0,7.5,10.5,71.0,100.47,13.0,7.0,53.8,0.0,0.0,0.0,3.0,3.0,0.0,0.0,5.0,39.0,0.0,0.0,0.0,0.0,2.0,0.0,3.0,170.0,56.7,1.0,1.0,0.0,7.0,7.0,7.0,17.0,3.0,31.0,2.0,33:45,24.0,10.0,12.0,2.0,70.0,375.0,5.4,3.0,29.0,155.0,5.3,1.0,41.0,25.0,220.0,2.0,1.0,5.4,8.8,61.0,81.35,14.0,7.0,50.0,3.0,1.0,33.3,3.0,2.0,0.0,0.0,6.0,37.0,0.0,0.0,0.0,0.0,2.0,3.0,2.0,102.0,51.0,1.0,1.0,0.0,100.0,0.0,66.7,0.0,4.0,4.0,0.0,0.0,0.0,0.0,0.0,2.0,2.0,3.0,3.0,0.0,0.0,0.0,0.0,0.0,1.0,1.0,39.0,27.0,0.0,0.0,8.0,0.0,0.0,39.0,28.0,0.0,0.0,4.0,0.0,0.0,Sunday,993004590,7,3,18725.0,-3.0,0,0.0,0.538,0.0,0.2006568910984904,0.4939759036144578,0.2982518599593378,-0.0020712126479473,0.0440065468463965,0.5287356321839081,0.0266977089904138,0.0154867227269838,30.7,29.3,1.3,376.3333333333333,339.0,0.667,0.482,0.25,102.0,104.0,1.0,0.185282659606073,0.5323033355161869,0.2687168819400173,0.087992685115778,0.1545269503903202,0.5557323902151489,0.2037423143003893,0.1040461430866546,0.1293608144469849,0.1353395195208338,202410507.0,2024-10-06T13:00:00,1,2024,5,BAL,CIN,AWAY,41.0,38.0,79.0,Paycor Stadium,7.0,7.0,7.0,17.0,3.0,31.0,3.0,33:45,22.0,11.0,9.0,2.0,54.0,427.0,7.9,5.0,34.0,271.0,8.0,3.0,19.0,14.0,156.0,2.0,0.0,8.2,11.1,73.7,132.79,9.0,5.0,55.6,0.0,0.0,0.0,4.0,4.0,0.0,0.0,8.0,79.0,2.0,1.0,1.0,1.0,8.0,5.0,4.0,177.0,44.2,1.0,1.0,0.0,0.0,17.0,7.0,14.0,0.0,28.0,57.0,32:42,12.0,5.0,6.0,1.0,57.0,236.0,4.1,1.0,23.0,81.0,3.5,1.0,31.0,17.0,155.0,0.0,0.0,5.0,9.1,54.8,68.62,13.0,3.0,23.1,1.0,1.0,100.0,2.0,1.0,0.0,0.0,4.0,38.0,2.0,1.0,3.0,27.0,3.0,6.0,6.0,289.0,48.2,1.0,1.0,0.0,100.0,0.0,50.0,0.0,5.0,5.0,0.0,0.0,0.0,0.0,0.0,0.0,0.0,1.0,1.0,0.0,0.0,0.0,0.0,0.0,2.0,1.0,27.0,31.0,3.0,27.0,2.0,1.0,1.0,39.0,24.0,1.0,1.0,1.0,2.0,1.0,Sunday,993004589,3,7,18719.0,3.0,1,0.0,0.556,0.0,0.2083340711282054,0.5416666666666666,0.4093841019216184,0.1593993704441735,-0.1482186869675557,0.3947368421052631,-0.3120793696455065,0.0687388389668396,28.7,20.3,8.3,422.0,302.6666666666667,0.333,0.424,0.5,106.0,88.0,2.0,0.0996918803434731,0.4884493078937522,0.3149854904798398,0.1033000037808808,-0.0183952970152326,0.433592954067277,-0.0425910218321551,-0.1725649017911148,0.0799678731450473,0.0172494823238953,-7.000000000000001,9.600000000000001,-0.25,0.75,-45.666666666666686,798.3333333333333,36.333333333333314,641.6666666666667,-4.0,208.0,16.0,192.0,-1.0,3.0,0.08559077926259992,0.1729222474055528
202410513.0,2024-10-06T13:00:00,1,2024,5,HOU,BUF,HOME,23.0,20.0,43.0,NRG Stadium,14.0,3.0,3.0,3.0,0.0,33.0,17.0,33:10,26.0,4.0,20.0,2.0,68.0,435.0,6.4,3.0,26.0,101.0,3.9,1.0,40.0,27.0,334.0,2.0,0.0,8.4,12.4,67.5,109.79,13.0,7.0,53.8,0.0,0.0,0.0,4.0,3.0,0.0,0.0,12.0,93.0,1.0,1.0,2.0,11.0,3.0,3.0,6.0,263.0,43.8,1.0,0.0,-1.0,3.0,0.0,14.0,3.0,0.0,26.0,43.0,26:50,17.0,5.0,11.0,1.0,58.0,313.0,5.4,2.0,24.0,158.0,6.6,0.0,33.0,18.0,155.0,2.0,0.0,4.7,8.6,54.5,87.31,12.0,4.0,33.3,1.0,0.0,0.0,3.0,2.0,0.0,0.0,6.0,44.0,1.0,0.0,1.0,14.0,6.0,4.0,5.0,253.0,50.6,0.0,1.0,1.0,75.0,0.0,66.7,0.0,3.0,3.0,0.0,0.0,0.0,0.0,0.0,1.0,1.0,2.0,2.0,0.0,0.0,0.0,0.0,0.0,2.0,2.0,33.0,17.0,1.0,14.0,5.0,0.0,0.0,46.0,19.0,2.0,11.0,5.0,0.0,1.0,Sunday,993004588,13,4,18728.0,3.0,1,-1.0,0.538,0.0,0.0983761694609893,0.4835164835164835,0.3085474078800519,-0.3291482691759786,0.1142209640714899,0.4605263157894737,-0.0354291636259331,0.0215097715580751,16.7,22.3,-5.7,347.0,264.0,-0.667,0.37,0.75,79.0,94.0,3.0,-0.0749562263595626,0.4036565627603631,0.044072398935762,-0.3915122988630073,0.0347602531914557,0.4513990672884744,-0.0400092458591688,-0.0241318001357403,-0.0243119791772048,0.0497393180470234,202410513.0,2024-10-06T13:00:00,1,2024,5,BUF,HOU,AWAY,20.0,23.0,43.0,NRG Stadium,3.0,0.0,14.0,3.0,0.0,28.0,57.0,26:50,12.0,5.0,6.0,1.0,57.0,236.0,4.1,1.0,23.0,81.0,3.5,1.0,31.0,17.0,155.0,0.0,0.0,5.0,9.1,54.8,68.62,13.0,3.0,23.1,1.0,1.0,100.0,2.0,1.0,0.0,0.0,4.0,38.0,2.0,1.0,3.0,27.0,3.0,6.0,6.0,289.0,48.2,1.0,1.0,0.0,14.0,3.0,3.0,3.0,0.0,31.0,3.0,33:10,22.0,11.0,9.0,2.0,54.0,427.0,7.9,5.0,34.0,271.0,8.0,3.0,19.0,14.0,156.0,2.0,0.0,8.2,11.1,73.7,132.79,9.0,5.0,55.6,0.0,0.0,0.0,4.0,4.0,0.0,0.0,8.0,79.0,2.0,1.0,1.0,1.0,8.0,5.0,4.0,177.0,44.2,1.0,1.0,0.0,50.0,0.0,100.0,0.0,1.0,1.0,0.0,0.0,0.0,0.0,0.0,2.0,1.0,5.0,5.0,0.0,0.0,0.0,0.0,0.0,0.0,0.0,39.0,24.0,1.0,1.0,1.0,2.0,1.0,27.0,31.0,3.0,27.0,2.0,1.0,1.0,Sunday,993004587,4,13,18719.0,-3.0,0,0.0,0.231,0.0,-0.1482186869675557,0.3947368421052631,-0.3120793696455065,0.0687388389668396,0.2083340711282054,0.5416666666666666,0.4093841019216184,0.1593993704441735,29.3,18.3,11.0,290.3333333333333,339.0,1.667,0.37,0.75,122.0,83.0,3.0,0.1036803425304391,0.4522860180754917,0.2896375738005137,0.0288897513965596,-0.0632691033514784,0.4801810237203495,-0.13965899993309,0.1906395204196385,0.1255996149875679,-0.0121611198095977,-16.7,5.3,0.0,1.5,56.666666666666686,637.3333333333333,-75.0,603.0,-43.0,201.0,11.0,177.0,0.0,6.0,-0.1786365688900017,0.0980293565429341
202410506.0,2024-10-06T13:00:00,1,2024,5,CHI,CAR,HOME,36.0,10.0,46.0,Soldier Field,7.0,20.0,3.0,6.0,0.0,28.0,58.0,33:48,17.0,7.0,7.0,3.0,54.0,264.0,4.9,3.0,28.0,131.0,4.7,2.0,23.0,17.0,133.0,1.0,0.0,5.8,7.8,73.9,102.26,9.0,3.0,33.3,0.0,0.0,0.0,4.0,2.0,0.0,0.0,10.0,84.0,1.0,0.0,3.0,24.0,6.0,7.0,5.0,277.0,55.4,0.0,2.0,2.0,7.0,0.0,3.0,0.0,0.0,31.0,2.0,26:12,21.0,8.0,11.0,2.0,58.0,322.0,5.6,1.0,26.0,119.0,4.6,1.0,29.0,20.0,203.0,0.0,1.0,7.0,10.2,69.0,74.35,11.0,5.0,45.5,0.0,0.0,0.0,4.0,1.0,0.0,0.0,6.0,44.0,1.0,1.0,3.0,21.0,3.0,4.0,1.0,67.0,67.0,2.0,0.0,-2.0,50.0,0.0,25.0,0.0,3.0,3.0,0.0,0.0,0.0,0.0,0.0,1.0,1.0,0.0,0.0,0.0,2.0,0.0,0.0,0.0,5.0,4.0,40.0,20.0,3.0,21.0,3.0,1.0,1.0,32.0,28.0,3.0,24.0,0.0,1.0,0.0,Sunday,993004584,6,5,18726.0,26.0,1,2.0,0.333,0.0,0.057077074472892,0.5256410256410257,0.1190367841493872,0.0863833224676245,0.0432661779592132,0.5263157894736842,-0.0608343336931442,0.1798172835291299,17.7,19.3,-1.7,288.0,312.6666666666667,0.0,0.372,0.5,77.0,75.0,2.0,-0.0656280234435739,0.4399572649572649,-0.0553539096375801,-0.1279799631491076,-0.0473189296422488,0.4397791565634955,-0.1661217159085496,-0.1250706524993713,-0.0995210438647837,-0.1050599285760616,202410506.0,2024-10-06T13:00:00,1,2024,5,CAR,CHI,AWAY,10.0,36.0,46.0,Soldier Field,7.0,0.0,3.0,0.0,0.0,31.0,2.0,26:12,24.0,10.0,12.0,2.0,70.0,375.0,5.4,3.0,29.0,155.0,5.3,1.0,41.0,25.0,220.0,2.0,1.0,5.4,8.8,61.0,81.35,14.0,7.0,50.0,3.0,1.0,33.3,3.0,2.0,0.0,0.0,6.0,37.0,0.0,0.0,0.0,0.0,2.0,3.0,2.0,102.0,51.0,1.0,1.0,0.0,7.0,20.0,3.0,6.0,0.0,28.0,58.0,33:48,24.0,6.0,14.0,4.0,62.0,373.0,6.0,4.0,31.0,141.0,4.5,2.0,31.0,22.0,232.0,2.0,1.0,7.5,10.5,71.0,100.47,13.0,7.0,53.8,0.0,0.0,0.0,3.0,3.0,0.0,0.0,5.0,39.0,0.0,0.0,0.0,0.0,2.0,0.0,3.0,170.0,56.7,1.0,1.0,0.0,66.7,0.0,100.0,0.0,3.0,3.0,0.0,0.0,0.0,0.0,0.0,1.0,1.0,4.0,4.0,0.0,0.0,0.0,0.0,0.0,2.0,2.0,39.0,28.0,0.0,0.0,4.0,0.0,0.0,39.0,27.0,0.0,0.0,8.0,0.0,0.0,Sunday,993004583,5,6,18725.0,-26.0,0,0.0,0.5,0.0,0.0440065468463965,0.5287356321839081,0.0266977089904138,0.0154867227269838,0.2006568910984904,0.4939759036144578,0.2982518599593378,-0.0020712126479473,21.0,27.3,-6.3,323.6666666666667,351.0,0.667,0.333,0.25,73.0,129.0,1.0,-0.0586912395570607,0.4527223567703327,-0.1458260040119101,0.0096190064058629,0.0600271924568159,0.510491967871486,0.1680499574068207,-0.1435266542573761,-0.1377238424265855,0.0941970261870653,4.6,-8.0,0.25,0.75,-35.666666666666686,611.6666666666667,-38.333333333333314,663.6666666666667,4.0,150.0,-54.0,204.0,1.0,3.0,-0.006936783886513191,-0.10734612209906469
202410521.0,2024-10-06T13:00:00,1,2024,5,NE,MIA,HOME,10.0,15.0,25.0,Gillette Stadium,7.0,0.0,3.0,0.0,0.0,28.0,25.0,25:40,12.0,2.0,8.0,2.0,62.0,216.0,3.5,1.0,24.0,73.0,3.0,0.0,32.0,19.0,143.0,1.0,1.0,4.5,7.5,59.4,67.58,16.0,5.0,31.2,3.0,1.0,33.3,2.0,1.0,0.0,0.0,3.0,20.0,4.0,2.0,6.0,25.0,4.0,3.0,4.0,196.0,49.0,3.0,2.0,-1.0,3.0,0.0,6.0,6.0,0.0,31.0,35.0,34:20,19.0,6.0,12.0,1.0,60.0,431.0,7.2,3.0,32.0,148.0,4.6,1.0,27.0,15.0,283.0,1.0,1.0,10.5,18.9,55.6,88.97,13.0,7.0,53.8,0.0,0.0,0.0,4.0,2.0,0.0,0.0,6.0,43.0,3.0,1.0,1.0,5.0,10.0,7.0,3.0,133.0,44.3,2.0,3.0,1.0,50.0,0.0,50.0,0.0,1.0,1.0,0.0,0.0,0.0,0.0,0.0,2.0,2.0,3.0,3.0,0.0,0.0,0.0,0.0,0.0,3.0,3.0,34.0,23.0,1.0,5.0,5.0,1.0,1.0,38.0,25.0,6.0,25.0,5.0,4.0,2.0,Sunday,993004582,21,19,18723.0,-5.0,0,-1.0,0.312,0.0,-0.2619731503714422,0.4320987654320987,-0.3841391839544499,-0.5120669629530841,-0.0213707415675947,0.4342105263157895,0.2884667973765524,-0.0823449758735175,12.0,25.7,-13.7,221.66666666666663,396.3333333333333,-0.667,0.29,0.25,52.0,87.0,1.0,-0.1518889868450265,0.4496807623422609,-0.2131610576552421,-0.255149627286013,0.0534017370446709,0.4954006574843952,0.3107335742215362,-0.2014092801132786,-0.0944724334056762,0.0304501225259334,202410521.0,2024-10-06T13:00:00,1,2024,5,MIA,NE,AWAY,15.0,10.0,25.0,Gillette Stadium,3.0,0.0,6.0,6.0,0.0,25.0,8.0,34:20,13.0,6.0,4.0,3.0,54.0,184.0,3.4,1.0,30.0,106.0,3.5,1.0,22.0,14.0,78.0,0.0,0.0,3.5,5.6,63.6,69.89,12.0,2.0,16.7,3.0,1.0,33.3,1.0,1.0,0.0,0.0,10.0,98.0,1.0,1.0,2.0,18.0,3.0,8.0,5.0,238.0,47.6,1.0,1.0,0.0,7.0,0.0,3.0,0.0,0.0,34.0,52.0,25:40,16.0,8.0,5.0,3.0,62.0,244.0,3.9,2.0,40.0,142.0,3.6,2.0,21.0,12.0,102.0,0.0,1.0,4.9,8.5,57.1,50.1,12.0,2.0,16.7,1.0,1.0,100.0,3.0,2.0,0.0,0.0,8.0,69.0,0.0,0.0,1.0,8.0,5.0,7.0,5.0,209.0,41.8,1.0,1.0,0.0,100.0,0.0,66.7,0.0,0.0,0.0,0.0,2.0,0.0,0.0,0.0,2.0,2.0,2.0,2.0,0.0,0.0,0.0,0.0,0.0,5.0,5.0,37.0,32.0,1.0,8.0,4.0,0.0,0.0,34.0,24.0,2.0,18.0,1.0,0.0,1.0,Sunday,993004581,19,21,18718.0,5.0,1,0.0,0.167,0.0,-0.2688306276533194,0.36,-0.3560294173759543,-0.4793139458409357,0.0420109284571414,0.4186046511627907,-0.1721187470928082,-0.0037322727688287,8.3,28.7,-20.3,246.66666666666663,287.0,-0.333,0.239,0.25,45.0,103.0,1.0,-0.2901061852237142,0.3870080121367278,-0.3601664026519245,-0.382021222927931,0.0280354767546836,0.4176642789389331,0.1112684984587814,-0.0456859886125014,-0.2191509439780657,0.0105885892364172,6.600000000000001,-34.0,0.0,0.5,-25.0,468.33333333333326,109.33333333333331,683.3333333333333,7.0,97.0,-16.0,190.0,0.0,2.0,0.13821719837868768,0.025366260289987296
202410515.0,2024-10-06T13:00:00,1,2024,5,JAX,IND,HOME,37.0,34.0,71.0,EverBank Stadium,0.0,13.0,7.0,17.0,0.0,26.0,43.0,28:28,17.0,5.0,11.0,1.0,58.0,313.0,5.4,2.0,24.0,158.0,6.6,0.0,33.0,18.0,155.0,2.0,0.0,4.7,8.6,54.5,87.31,12.0,4.0,33.3,1.0,0.0,0.0,3.0,2.0,0.0,0.0,6.0,44.0,1.0,0.0,1.0,14.0,6.0,4.0,5.0,253.0,50.6,0.0,1.0,1.0,7.0,3.0,0.0,24.0,0.0,33.0,17.0,31:32,26.0,4.0,20.0,2.0,68.0,435.0,6.4,3.0,26.0,101.0,3.9,1.0,40.0,27.0,334.0,2.0,0.0,8.4,12.4,67.5,109.79,13.0,7.0,53.8,0.0,0.0,0.0,4.0,3.0,0.0,0.0,12.0,93.0,1.0,1.0,2.0,11.0,3.0,3.0,6.0,263.0,43.8,1.0,0.0,-1.0,66.7,0.0,75.0,0.0,2.0,2.0,0.0,0.0,0.0,0.0,0.0,2.0,2.0,3.0,3.0,0.0,0.0,0.0,0.0,0.0,1.0,1.0,46.0,19.0,2.0,11.0,5.0,0.0,1.0,33.0,17.0,1.0,14.0,5.0,0.0,0.0,Sunday,993004580,15,14,18728.0,3.0,1,1.0,0.333,0.0,0.1142209640714899,0.4605263157894737,-0.0354291636259331,0.0215097715580751,0.0983761694609893,0.4835164835164835,0.3085474078800519,-0.3291482691759786,14.3,29.7,-15.3,291.6666666666667,373.3333333333333,-0.333,0.274,0.0,60.0,109.0,0.0,-0.0276424949263563,0.4489840224612548,-0.187269613190027,0.2110894628112367,0.1640639413045559,0.4907176157176157,0.3263171170665979,-0.1166148209053466,-0.0311698895243627,0.1214766509181368,202410515.0,2024-10-06T13:00:00,1,2024,5,IND,JAX,AWAY,34.0,37.0,71.0,EverBank Stadium,7.0,3.0,0.0,24.0,0.0,28.0,53.0,31:32,22.0,7.0,13.0,2.0,64.0,358.0,5.6,3.0,32.0,133.0,4.2,1.0,30.0,19.0,225.0,2.0,0.0,7.5,11.8,63.3,108.33,15.0,8.0,53.3,0.0,0.0,0.0,5.0,3.0,0.0,0.0,4.0,38.0,1.0,0.0,2.0,14.0,9.0,5.0,4.0,170.0,42.5,0.0,2.0,2.0,0.0,13.0,7.0,17.0,0.0,31.0,7.0,28:28,23.0,10.0,11.0,2.0,68.0,404.0,5.9,3.0,30.0,122.0,4.1,2.0,34.0,22.0,282.0,1.0,0.0,8.3,12.8,64.7,100.37,13.0,6.0,46.2,2.0,0.0,0.0,4.0,3.0,0.0,0.0,6.0,53.0,3.0,2.0,4.0,30.0,8.0,4.0,3.0,103.0,34.3,2.0,0.0,-2.0,60.0,0.0,75.0,0.0,3.0,3.0,0.0,0.0,0.0,0.0,0.0,3.0,2.0,3.0,3.0,0.0,0.0,0.0,0.0,0.0,1.0,1.0,47.0,19.0,4.0,30.0,5.0,2.0,2.0,39.0,30.0,2.0,14.0,2.0,1.0,0.0,Sunday,993004579,14,15,18729.0,-3.0,0,2.0,0.533,0.0,0.0240041414275877,0.4578313253012048,0.3859098864116872,-0.1342767339898354,-0.0185143603691174,0.5176470588235295,0.1070184538961215,-0.2130017467917731,19.3,18.7,0.7,334.0,394.0,0.333,0.335,0.5,85.0,85.0,2.0,-0.0659602050708143,0.4414590730070039,-0.0651940813785896,-0.0778140147152719,-0.047221356584238,0.4364893965000272,0.1620175966206054,-0.2523209211209512,-0.025801025649679,-0.0035108268457113,-16.0,-14.600000000000001,-0.5,0.5,-42.333333333333314,625.6666666666667,-20.666666666666686,767.3333333333333,-25.0,145.0,24.0,194.0,-2.0,2.0,0.038317710144458006,0.2112852978887939
202410531.0,2024-10-06T16:05:00,1,2024,5,SF,ARI,HOME,23.0,24.0,47.0,Levi's Stadium,10.0,13.0,0.0,0.0,0.0,31.0,35.0,32:58,19.0,6.0,12.0,1.0,60.0,431.0,7.2,3.0,32.0,148.0,4.6,1.0,27.0,15.0,283.0,1.0,1.0,10.5,18.9,55.6,88.97,13.0,7.0,53.8,0.0,0.0,0.0,4.0,2.0,0.0,0.0,6.0,43.0,3.0,1.0,1.0,5.0,10.0,7.0,3.0,133.0,44.3,2.0,3.0,1.0,7.0,3.0,3.0,11.0,0.0,28.0,25.0,27:02,12.0,2.0,8.0,2.0,62.0,216.0,3.5,1.0,24.0,73.0,3.0,0.0,32.0,19.0,143.0,1.0,1.0,4.5,7.5,59.4,67.58,16.0,5.0,31.2,3.0,1.0,33.3,2.0,1.0,0.0,0.0,3.0,20.0,4.0,2.0,6.0,25.0,4.0,3.0,4.0,196.0,49.0,3.0,2.0,-1.0,50.0,0.0,50.0,0.0,3.0,3.0,0.0,0.0,0.0,0.0,0.0,3.0,3.0,1.0,1.0,0.0,0.0,0.0,0.0,0.0,2.0,2.0,38.0,25.0,6.0,25.0,5.0,4.0,2.0,34.0,23.0,1.0,5.0,5.0,1.0,1.0,Sunday,993004594,31,1,18723.0,-1.0,0,1.0,0.538,0.0,-0.0213707415675947,0.4342105263157895,0.2884667973765524,-0.0823449758735175,-0.2619731503714422,0.4320987654320987,-0.3841391839544499,-0.5120669629530841,23.7,21.0,2.7,417.3333333333333,305.0,0.0,0.428,0.5,103.0,82.0,2.0,-0.0058235003232918,0.4819917440660474,0.2286754069495225,-0.1139607610702649,-0.052096582839301,0.4871701767126604,-0.0885868674118664,-0.0980730302045063,0.0391077868948781,-0.0397278579071913,202410531.0,2024-10-06T16:05:00,1,2024,5,ARI,SF,AWAY,24.0,23.0,47.0,Levi's Stadium,7.0,3.0,3.0,11.0,0.0,26.0,38.0,27:02,17.0,12.0,5.0,0.0,58.0,296.0,5.1,2.0,32.0,181.0,5.7,1.0,22.0,16.0,115.0,1.0,0.0,5.2,7.2,72.7,99.62,11.0,4.0,36.4,3.0,2.0,66.7,2.0,2.0,0.0,0.0,4.0,82.0,3.0,1.0,4.0,27.0,1.0,1.0,4.0,192.0,48.0,1.0,1.0,0.0,10.0,13.0,0.0,0.0,0.0,33.0,22.0,32:58,29.0,13.0,14.0,2.0,67.0,449.0,6.7,5.0,37.0,216.0,5.8,4.0,30.0,26.0,233.0,1.0,1.0,7.8,9.0,86.7,96.25,12.0,9.0,75.0,1.0,1.0,100.0,5.0,4.0,0.0,0.0,5.0,49.0,0.0,0.0,0.0,0.0,7.0,3.0,1.0,51.0,51.0,1.0,1.0,0.0,100.0,0.0,80.0,0.0,2.0,2.0,0.0,0.0,0.0,0.0,0.0,0.0,0.0,4.0,4.0,0.0,2.0,1.0,0.0,0.0,2.0,2.0,45.0,27.0,0.0,0.0,2.0,0.0,0.0,41.0,24.0,4.0,27.0,1.0,3.0,1.0,Sunday,993004593,1,31,18722.0,1.0,1,0.0,0.364,0.0,-0.0604941768451999,0.5138888888888888,-0.2624356294150597,0.0415275890883358,0.3738390252048965,0.6071428571428571,0.4393096758228543,0.3917184214987859,22.7,24.0,-1.3,354.0,355.6666666666667,0.0,0.37,0.25,96.0,106.0,1.0,0.0416933318388354,0.524537037037037,0.1921912496607851,-0.1858842827570225,0.0740891042677076,0.5556192173839233,0.1149155458597594,0.0581538964831681,0.0665607065831377,0.1034061862905192,4.0,1.4000000000000001,0.25,0.75,63.333333333333314,771.3333333333333,-50.666666666666686,660.6666666666667,7.0,199.0,-24.0,188.0,1.0,3.0,-0.047516832162127196,-0.1261856871070086
202410510.0,2024-10-06T16:05:00,1,2024,5,DEN,LV,HOME,34.0,18.0,52.0,Empower Field at Mile High,0.0,13.0,7.0,14.0,0.0,28.0,16.0,28:37,12.0,8.0,3.0,1.0,56.0,186.0,3.3,1.0,31.0,126.0,4.1,0.0,25.0,12.0,60.0,1.0,0.0,2.4,5.0,48.0,67.92,14.0,3.0,21.4,0.0,0.0,0.0,1.0,1.0,0.0,0.0,5.0,74.0,1.0,1.0,0.0,0.0,14.0,8.0,8.0,339.0,42.4,1.0,1.0,0.0,10.0,0.0,0.0,8.0,0.0,31.0,44.0,31:23,16.0,4.0,10.0,2.0,70.0,248.0,3.5,0.0,23.0,64.0,2.8,0.0,42.0,24.0,184.0,0.0,0.0,4.4,7.7,57.1,67.96,17.0,4.0,23.5,1.0,0.0,0.0,2.0,0.0,0.0,0.0,13.0,90.0,1.0,1.0,5.0,41.0,2.0,7.0,7.0,316.0,45.1,1.0,1.0,0.0,100.0,0.0,0.0,0.0,1.0,1.0,0.0,0.0,0.0,0.0,0.0,2.0,1.0,0.0,0.0,0.0,0.0,0.0,0.0,0.0,4.0,3.0,46.0,27.0,5.0,41.0,4.0,1.0,1.0,31.0,26.0,0.0,0.0,2.0,1.0,1.0,Sunday,993004592,10,25,18730.0,16.0,1,0.0,0.214,0.0,-0.2361808836677939,0.3684210526315789,-0.5443497407470894,0.0249995029254241,-0.2204511427142853,0.3473684210526316,-0.2137806020380917,-0.290926698890484,14.0,9.7,4.3,277.6666666666667,240.66666666666663,-0.333,0.23,0.5,62.0,55.0,2.0,-0.0889581831217186,0.4612302360840373,-0.2080498650690374,-0.083249475101473,-0.1659475106304208,0.4037104957515741,-0.1976225286494652,-0.155065491038771,-0.0999674942046891,-0.1363642780409333,202410510.0,2024-10-06T16:05:00,1,2024,5,LV,DEN,AWAY,18.0,34.0,52.0,Empower Field at Mile High,10.0,0.0,0.0,8.0,0.0,29.0,18.0,31:23,17.0,8.0,7.0,2.0,55.0,268.0,4.9,2.0,29.0,152.0,5.2,2.0,24.0,14.0,116.0,0.0,0.0,4.8,8.3,58.3,70.83,12.0,4.0,33.3,0.0,0.0,0.0,3.0,2.0,0.0,0.0,6.0,49.0,1.0,1.0,2.0,14.0,11.0,4.0,4.0,232.0,58.0,1.0,1.0,0.0,0.0,13.0,7.0,14.0,0.0,30.0,42.0,28:37,16.0,6.0,9.0,1.0,57.0,241.0,4.2,2.0,22.0,92.0,4.2,0.0,32.0,24.0,149.0,1.0,1.0,4.7,6.2,75.0,81.38,10.0,3.0,30.0,1.0,0.0,0.0,2.0,1.0,0.0,0.0,5.0,38.0,1.0,0.0,3.0,27.0,4.0,4.0,5.0,316.0,63.2,1.0,1.0,0.0,66.7,0.0,50.0,0.0,2.0,2.0,0.0,0.0,0.0,0.0,0.0,2.0,2.0,2.0,1.0,0.0,0.0,0.0,0.0,0.0,1.0,1.0,43.0,23.0,3.0,27.0,5.0,0.0,0.0,36.0,16.0,2.0,14.0,1.0,1.0,1.0,Sunday,993004591,25,10,18721.0,-16.0,0,0.0,0.333,0.0,-0.0748018377615232,0.44,-0.0709296366576597,-0.2026425513821388,-0.1136953205775488,0.3972602739726027,-0.1963273468404772,0.0295647330077675,22.7,25.0,-2.3,286.3333333333333,353.6666666666667,-0.333,0.313,0.5,78.0,97.0,2.0,-0.0400521351936439,0.4862236286919831,0.0272310507806999,-0.3910409457568015,0.0049964501390835,0.4578482863176132,0.0392665410337909,0.00157651313054,-0.1081627131576553,-0.0274405286887501,6.6,2.0,0.0,1.0,-8.666666666666629,564.0,-113.00000000000006,594.3333333333333,-16.0,140.0,-42.0,152.0,0.0,4.0,-0.0489060479280747,-0.1709439607695043
202410532.0,2024-10-06T16:25:00,1,2024,5,LAR,GB,HOME,19.0,24.0,43.0,SoFi Stadium,0.0,13.0,0.0,6.0,0.0,31.0,2.0,32:41,21.0,8.0,11.0,2.0,58.0,322.0,5.6,1.0,26.0,119.0,4.6,1.0,29.0,20.0,203.0,0.0,1.0,7.0,10.2,69.0,74.35,11.0,5.0,45.5,0.0,0.0,0.0,4.0,1.0,0.0,0.0,6.0,44.0,1.0,1.0,3.0,21.0,3.0,4.0,1.0,67.0,67.0,2.0,0.0,-2.0,7.0,3.0,14.0,0.0,0.0,28.0,58.0,27:19,17.0,7.0,7.0,3.0,54.0,264.0,4.9,3.0,28.0,131.0,4.7,2.0,23.0,17.0,133.0,1.0,0.0,5.8,7.8,73.9,102.26,9.0,3.0,33.3,0.0,0.0,0.0,4.0,2.0,0.0,0.0,10.0,84.0,1.0,0.0,3.0,24.0,6.0,7.0,5.0,277.0,55.4,0.0,2.0,2.0,25.0,0.0,50.0,0.0,0.0,0.0,0.0,2.0,0.0,0.0,0.0,5.0,4.0,3.0,3.0,0.0,0.0,0.0,0.0,0.0,1.0,1.0,32.0,28.0,3.0,24.0,0.0,1.0,0.0,40.0,20.0,3.0,21.0,3.0,1.0,1.0,Sunday,993004596,32,12,18726.0,-5.0,0,-2.0,0.455,0.0,0.0432661779592132,0.5263157894736842,-0.0608343336931442,0.1798172835291299,0.057077074472892,0.5256410256410257,0.1190367841493872,0.0863833224676245,18.3,29.7,-11.3,287.6666666666667,392.6666666666667,-0.333,0.351,0.25,75.0,115.0,1.0,0.0194098679514974,0.5188729399255715,-0.0574988718434155,0.0651335201095784,0.1718954546427236,0.5435960281548518,0.4606738406137507,-0.0119467996441812,0.0277779145987765,0.1522596213563703,202410532.0,2024-10-06T16:25:00,1,2024,5,GB,LAR,AWAY,24.0,19.0,43.0,SoFi Stadium,7.0,3.0,14.0,0.0,0.0,27.0,45.0,27:19,24.0,3.0,19.0,2.0,74.0,465.0,6.3,4.0,19.0,86.0,4.5,0.0,54.0,32.0,379.0,4.0,3.0,7.0,11.8,59.3,82.25,12.0,4.0,33.3,2.0,0.0,0.0,5.0,4.0,0.0,0.0,8.0,68.0,1.0,1.0,1.0,10.0,3.0,5.0,3.0,180.0,60.0,4.0,3.0,-1.0,0.0,13.0,0.0,6.0,0.0,32.0,15.0,32:41,22.0,8.0,11.0,3.0,64.0,374.0,5.8,4.0,34.0,120.0,3.5,1.0,28.0,20.0,254.0,3.0,1.0,9.1,12.7,71.4,120.24,11.0,4.0,36.4,1.0,0.0,0.0,5.0,3.0,0.0,0.0,7.0,55.0,2.0,2.0,2.0,21.0,10.0,3.0,5.0,225.0,45.0,3.0,4.0,1.0,80.0,0.0,60.0,0.0,3.0,3.0,0.0,2.0,1.0,0.0,0.0,2.0,0.0,4.0,4.0,0.0,0.0,0.0,0.0,0.0,1.0,1.0,45.0,23.0,2.0,21.0,2.0,1.0,2.0,41.0,23.0,1.0,10.0,12.0,1.0,1.0,Sunday,993004595,12,32,18727.0,5.0,1,-1.0,0.333,0.0,-0.0733524636134961,0.4623655913978494,-0.0938041545706096,-0.1009874709998257,0.0005203807013701,0.5,0.3489769685741414,-0.3112763934106373,25.0,18.3,6.7,408.6666666666667,316.3333333333333,1.333,0.426,0.5,104.0,89.0,2.0,-0.0033106348888687,0.4224544534170133,0.2054708906863659,-0.1364838133348685,-0.1149808861148093,0.4879227053140096,-0.0498416172697641,-0.1820400860751146,0.020416262698166,-0.0603393006657959,-18.0,-4.6000000000000005,-0.25,0.75,-121.0,696.3333333333334,76.33333333333337,709.0,-29.0,179.0,26.0,204.0,-1.0,3.0,0.0227205028403661,0.2868763407575329
202410530.0,2024-10-06T16:25:00,1,2024,5,SEA,NYG,HOME,20.0,29.0,49.0,Lumen Field,7.0,3.0,3.0,7.0,0.0,34.0,4.0,22:38,38.0,10.0,22.0,6.0,78.0,516.0,6.6,4.0,19.0,133.0,7.0,3.0,56.0,38.0,383.0,1.0,1.0,6.8,10.1,67.9,85.64,10.0,5.0,50.0,2.0,1.0,50.0,4.0,3.0,0.0,0.0,8.0,70.0,1.0,1.0,3.0,12.0,4.0,4.0,3.0,133.0,44.3,2.0,0.0,-2.0,0.0,10.0,10.0,9.0,0.0,25.0,56.0,37:22,21.0,8.0,12.0,1.0,50.0,389.0,7.8,6.0,28.0,116.0,4.1,3.0,19.0,19.0,273.0,3.0,0.0,14.4,14.4,100.0,158.33,6.0,3.0,50.0,0.0,0.0,0.0,5.0,5.0,0.0,0.0,12.0,101.0,0.0,0.0,3.0,26.0,9.0,5.0,3.0,140.0,46.7,0.0,2.0,2.0,75.0,0.0,100.0,0.0,3.0,3.0,0.0,2.0,0.0,0.0,0.0,1.0,0.0,6.0,6.0,0.0,0.0,0.0,0.0,0.0,0.0,0.0,35.0,24.0,3.0,26.0,0.0,0.0,0.0,47.0,16.0,3.0,12.0,9.0,1.0,1.0,Sunday,993004598,30,23,18717.0,-9.0,0,-2.0,0.5,0.0,0.0805931125318481,0.5233644859813084,0.0829964758724293,0.2989019920042826,0.3317867478464903,0.5735294117647058,0.7548021065958892,0.0902894569198207,25.3,21.7,3.7,414.6666666666667,301.3333333333333,-1.333,0.413,0.75,102.0,85.0,3.0,0.0235532502402223,0.4899405457175194,0.0951965653472884,-0.0830612081753555,-0.0025520807184255,0.4636718096128648,0.143719803775198,-0.1149717315229465,0.005761292612049,-0.0351629174022192,202410530.0,2024-10-06T16:25:00,1,2024,5,NYG,SEA,AWAY,29.0,20.0,49.0,Lumen Field,0.0,10.0,10.0,9.0,0.0,35.0,37.0,37:22,16.0,4.0,12.0,0.0,65.0,303.0,4.7,0.0,24.0,26.0,1.1,0.0,40.0,29.0,277.0,0.0,1.0,6.9,9.6,72.5,80.94,16.0,5.0,31.2,4.0,3.0,75.0,2.0,0.0,0.0,0.0,4.0,35.0,1.0,0.0,1.0,4.0,3.0,5.0,1.0,44.0,44.0,1.0,0.0,-1.0,7.0,3.0,3.0,7.0,0.0,24.0,23.0,22:38,14.0,5.0,9.0,0.0,51.0,293.0,5.7,2.0,23.0,80.0,3.5,0.0,27.0,22.0,213.0,2.0,0.0,7.9,9.7,81.5,124.23,10.0,3.0,30.0,1.0,1.0,100.0,1.0,1.0,0.0,0.0,11.0,89.0,1.0,0.0,1.0,8.0,3.0,6.0,3.0,165.0,55.0,0.0,1.0,1.0,0.0,0.0,100.0,0.0,0.0,0.0,0.0,0.0,0.0,0.0,0.0,5.0,5.0,2.0,2.0,0.0,0.0,0.0,0.0,0.0,3.0,2.0,37.0,16.0,1.0,8.0,3.0,1.0,0.0,48.0,18.0,1.0,4.0,6.0,0.0,0.0,Sunday,993004597,23,30,18732.0,9.0,1,-1.0,0.312,0.0,0.0182998208686743,0.4216867469879518,0.0796829046404855,-0.3180793348659316,0.1096981231904172,0.5211267605633803,0.2025341919711877,-0.063849025804828,18.0,18.7,-0.7,315.6666666666667,311.6666666666667,-0.667,0.366,0.25,60.0,84.0,1.0,-0.0123253057434212,0.4369674777541538,0.1675462699592234,-0.1889018628468903,-0.0030339582746459,0.4773537543889444,0.0527678432125664,-0.1544238439346769,-0.0678936520143238,0.0213231911434346,4.4,3.0,0.5,1.0,99.0,730.3333333333334,-10.333333333333371,613.0,42.0,162.0,1.0,169.0,2.0,4.0,0.0358785559836435,0.00048187755622039995
202410528.0,2024-10-06T20:20:00,1,2024,5,PIT,DAL,HOME,17.0,20.0,37.0,Acrisure Stadium,3.0,0.0,7.0,7.0,0.0,31.0,7.0,27:31,23.0,10.0,11.0,2.0,68.0,404.0,5.9,3.0,30.0,122.0,4.1,2.0,34.0,22.0,282.0,1.0,0.0,8.3,12.8,64.7,100.37,13.0,6.0,46.2,2.0,0.0,0.0,4.0,3.0,0.0,0.0,6.0,53.0,3.0,2.0,4.0,30.0,8.0,4.0,3.0,103.0,34.3,2.0,0.0,-2.0,3.0,3.0,0.0,14.0,0.0,28.0,53.0,32:29,22.0,7.0,13.0,2.0,64.0,358.0,5.6,3.0,32.0,133.0,4.2,1.0,30.0,19.0,225.0,2.0,0.0,7.5,11.8,63.3,108.33,15.0,8.0,53.3,0.0,0.0,0.0,5.0,3.0,0.0,0.0,4.0,38.0,1.0,0.0,2.0,14.0,9.0,5.0,4.0,170.0,42.5,0.0,2.0,2.0,75.0,0.0,60.0,0.0,3.0,3.0,0.0,0.0,0.0,0.0,0.0,1.0,1.0,3.0,3.0,0.0,0.0,0.0,0.0,0.0,3.0,2.0,39.0,30.0,2.0,14.0,2.0,1.0,0.0,47.0,19.0,4.0,30.0,5.0,2.0,2.0,Sunday,993004600,28,9,18729.0,-3.0,0,-2.0,0.462,0.0,-0.0185143603691174,0.5176470588235295,0.1070184538961215,-0.2130017467917731,0.0240041414275877,0.4578313253012048,0.3859098864116872,-0.1342767339898354,19.0,14.3,4.7,333.6666666666667,273.0,-0.333,0.423,0.75,75.0,53.0,3.0,0.0069143589213881,0.4631743332683871,0.1578704304952658,-0.1798697161259333,-0.0702750523613389,0.4415181950211712,0.0078745810722167,-0.2190308154880223,-0.0049531630826806,-0.1134590108271887,202410528.0,2024-10-06T20:20:00,1,2024,5,DAL,PIT,AWAY,20.0,17.0,37.0,Acrisure Stadium,3.0,3.0,0.0,14.0,0.0,24.0,23.0,32:29,14.0,5.0,9.0,0.0,51.0,293.0,5.7,2.0,23.0,80.0,3.5,0.0,27.0,22.0,213.0,2.0,0.0,7.9,9.7,81.5,124.23,10.0,3.0,30.0,1.0,1.0,100.0,1.0,1.0,0.0,0.0,11.0,89.0,1.0,0.0,1.0,8.0,3.0,6.0,3.0,165.0,55.0,0.0,1.0,1.0,3.0,0.0,7.0,7.0,0.0,35.0,37.0,27:31,16.0,4.0,12.0,0.0,65.0,303.0,4.7,0.0,24.0,26.0,1.1,0.0,40.0,29.0,277.0,0.0,1.0,6.9,9.6,72.5,80.94,16.0,5.0,31.2,4.0,3.0,75.0,2.0,0.0,0.0,0.0,4.0,35.0,1.0,0.0,1.0,4.0,3.0,5.0,1.0,44.0,44.0,1.0,0.0,-1.0,100.0,0.0,0.0,0.0,2.0,2.0,0.0,0.0,0.0,0.0,0.0,3.0,2.0,0.0,0.0,0.0,0.0,0.0,0.0,0.0,5.0,5.0,48.0,18.0,1.0,4.0,6.0,0.0,0.0,37.0,16.0,1.0,8.0,3.0,1.0,0.0,Sunday,993004599,9,28,18732.0,3.0,1,1.0,0.3,0.0,0.1096981231904172,0.5211267605633803,0.2025341919711877,-0.063849025804828,0.0182998208686743,0.4216867469879518,0.0796829046404855,-0.3180793348659316,21.3,29.0,-7.7,352.6666666666667,397.0,-0.333,0.433,0.5,97.0,104.0,2.0,0.0328044990088827,0.4644226698421758,0.0315553916867943,-0.0795158371080039,0.1603569333037882,0.4960149238931032,0.4594775552566066,0.050726403159998,0.0151538961414071,0.0591968293003961,12.4,-3.0,0.25,1.25,-19.0,686.3333333333334,-124.0,670.0,-22.0,172.0,-51.0,157.0,1.0,5.0,-0.0258901400874946,-0.2306319856651271
202410516.0,2024-10-07T20:15:00,1,2024,5,KC,NO,HOME,26.0,13.0,39.0,Arrowhead Stadium,7.0,9.0,0.0,10.0,0.0,29.0,8.0,39:56,16.0,6.0,8.0,2.0,58.0,329.0,5.7,2.0,26.0,101.0,3.9,1.0,29.0,19.0,228.0,1.0,1.0,7.9,12.0,65.5,86.57,16.0,9.0,56.2,0.0,0.0,0.0,2.0,1.0,0.0,0.0,5.0,40.0,1.0,1.0,3.0,17.0,10.0,5.0,4.0,200.0,50.0,2.0,0.0,-2.0,0.0,7.0,0.0,6.0,0.0,30.0,52.0,20:04,12.0,3.0,9.0,0.0,53.0,224.0,4.2,1.0,24.0,55.0,2.3,0.0,27.0,16.0,169.0,1.0,0.0,6.3,10.6,59.3,89.89,13.0,4.0,30.8,1.0,0.0,0.0,2.0,1.0,0.0,0.0,9.0,51.0,2.0,0.0,2.0,10.0,5.0,2.0,6.0,318.0,53.0,0.0,2.0,2.0,50.0,0.0,50.0,0.0,2.0,2.0,0.0,0.0,0.0,0.0,0.0,2.0,1.0,1.0,1.0,0.0,0.0,0.0,0.0,0.0,2.0,1.0,36.0,17.0,2.0,10.0,4.0,1.0,0.0,34.0,27.0,3.0,17.0,5.0,1.0,1.0,Monday,993004602,16,22,18720.0,13.0,1,-2.0,0.562,0.0,-0.1041287636368318,0.4666666666666667,-0.0757913356691303,-0.200422770113536,-0.2202599278627631,0.32,-0.0948127197526473,-0.4322200694660147,21.7,17.3,4.3,320.0,285.0,-1.333,0.372,1.0,92.0,72.0,4.0,-0.0081998566673945,0.5266136162687887,-0.0489552748495193,-0.003982963112826,-0.0572146155933356,0.4330149447693307,0.0452670620830374,-0.2739306720614069,0.0248960625847738,-0.0377119988075592,202410516.0,2024-10-07T20:15:00,1,2024,5,NO,KC,AWAY,13.0,26.0,39.0,Arrowhead Stadium,0.0,7.0,0.0,6.0,0.0,35.0,42.0,20:04,25.0,12.0,11.0,2.0,70.0,366.0,5.2,3.0,33.0,131.0,4.0,3.0,36.0,28.0,235.0,0.0,1.0,6.5,8.4,77.8,82.29,13.0,7.0,53.8,2.0,1.0,50.0,4.0,3.0,0.0,0.0,6.0,60.0,1.0,1.0,1.0,4.0,4.0,2.0,3.0,120.0,40.0,2.0,1.0,-1.0,7.0,9.0,0.0,10.0,0.0,24.0,18.0,39:56,14.0,4.0,9.0,1.0,51.0,315.0,6.2,2.0,15.0,88.0,5.9,0.0,35.0,21.0,227.0,0.0,1.0,6.5,10.8,60.0,67.2,11.0,4.0,36.4,0.0,0.0,0.0,1.0,0.0,0.0,0.0,9.0,76.0,1.0,0.0,1.0,11.0,3.0,4.0,3.0,132.0,44.0,1.0,2.0,1.0,75.0,0.0,0.0,0.0,3.0,3.0,0.0,0.0,0.0,0.0,0.0,1.0,1.0,2.0,2.0,0.0,0.0,0.0,0.0,0.0,4.0,4.0,33.0,16.0,1.0,11.0,7.0,1.0,0.0,50.0,27.0,1.0,4.0,3.0,0.0,1.0,Monday,993004601,22,16,18724.0,-13.0,0,-1.0,0.538,0.0,0.047679202597097,0.5164835164835165,-0.0377570543874023,0.1544083608728904,0.0838783990469055,0.4246575342465753,-0.0753581074638711,0.0861939763708505,26.7,20.0,6.7,339.0,376.0,0.333,0.542,0.5,127.0,70.0,2.0,0.0763980315932621,0.4888823050587756,0.2539930847860955,-0.011391828479186,-0.0293769440410323,0.4233232726212676,-0.1171541355568973,0.0723584870377901,0.1064751555394,-0.1157381207895642,-2.4000000000000004,11.0,0.5,1.5,-19.0,659.0,-91.0,661.0,-35.0,219.0,2.0,142.0,2.0,6.0,-0.08459788826065659,-0.027837671552303298
202410630.0,2024-10-10T20:15:00,1,2024,6,SEA,SF,HOME,24.0,36.0,60.0,Lumen Field,0.0,3.0,14.0,7.0,0.0,22.0,38.0,26:57,17.0,3.0,14.0,0.0,58.0,333.0,5.7,2.0,11.0,102.0,9.3,0.0,40.0,28.0,231.0,1.0,0.0,5.8,8.2,70.0,92.81,11.0,3.0,27.3,2.0,0.0,0.0,1.0,1.0,0.0,0.0,6.0,30.0,1.0,1.0,7.0,53.0,5.0,2.0,4.0,193.0,48.2,1.0,1.0,0.0,3.0,13.0,7.0,13.0,0.0,37.0,22.0,33:03,24.0,8.0,14.0,2.0,71.0,420.0,5.9,3.0,34.0,175.0,5.1,0.0,34.0,23.0,245.0,2.0,0.0,7.2,10.7,67.6,108.09,16.0,7.0,43.8,1.0,0.0,0.0,4.0,1.0,0.0,0.0,2.0,20.0,2.0,1.0,3.0,12.0,10.0,6.0,4.0,186.0,46.5,1.0,1.0,0.0,100.0,0.0,25.0,0.0,2.0,2.0,0.0,0.0,0.0,0.0,0.0,3.0,2.0,2.0,2.0,0.0,1.0,0.0,0.0,0.0,3.0,3.0,48.0,32.0,3.0,12.0,1.0,2.0,1.0,37.0,23.0,7.0,53.0,7.0,1.0,1.0,Thursday,993004604,30,31,18736.0,-12.0,0,0.0,0.273,0.0,-0.1709805364243815,0.5125,-0.1076843932306972,-0.0060913004646343,-0.0077878929098164,0.5,0.2454661928724195,-0.2794417474017959,24.3,24.7,-0.3,406.3333333333333,338.0,-1.333,0.348,0.6,122.0,114.0,3.0,-0.0538690096092477,0.4845286683228833,-0.019982508938671,0.0703373633339374,-0.0139880181076903,0.4675477786051129,0.2066935043603317,-0.2226735822913098,-0.029587073195237,-0.0296879125037387,202410630.0,2024-10-10T20:15:00,1,2024,6,SF,SEA,AWAY,36.0,24.0,60.0,Lumen Field,3.0,13.0,7.0,13.0,0.0,32.0,58.0,33:03,22.0,9.0,13.0,0.0,63.0,384.0,6.1,2.0,26.0,153.0,5.9,0.0,35.0,19.0,231.0,1.0,2.0,6.6,12.2,54.3,60.54,11.0,6.0,54.5,1.0,0.0,0.0,6.0,1.0,0.0,0.0,4.0,21.0,1.0,1.0,2.0,13.0,2.0,4.0,1.0,41.0,41.0,3.0,1.0,-2.0,0.0,3.0,14.0,7.0,0.0,27.0,2.0,26:57,19.0,9.0,10.0,0.0,57.0,358.0,6.3,2.0,26.0,169.0,6.5,1.0,30.0,19.0,189.0,1.0,1.0,6.3,9.9,63.3,78.33,10.0,3.0,30.0,1.0,1.0,100.0,3.0,1.0,0.0,0.0,1.0,5.0,1.0,0.0,1.0,6.0,5.0,4.0,2.0,106.0,53.0,1.0,3.0,2.0,16.7,0.0,33.3,0.0,2.0,2.0,0.0,0.0,0.0,0.0,0.0,3.0,3.0,1.0,1.0,0.0,0.0,0.0,1.0,1.0,4.0,3.0,36.0,28.0,1.0,6.0,7.0,1.0,0.0,35.0,25.0,2.0,13.0,9.0,1.0,1.0,Thursday,993004603,31,30,18738.0,12.0,1,-2.0,0.545,0.0,-0.0456639940826863,0.4805194805194805,0.0426156156559949,-0.2730794231933744,0.0183474150241748,0.5,-0.0058069839950107,0.3092061651499865,25.7,21.3,4.3,413.3333333333333,290.0,-0.667,0.543,0.4,126.0,106.0,2.0,0.0233074216158071,0.4774590218862664,0.2506603669015209,-0.1499325894176016,-0.0281419295821063,0.4773662551440329,-0.0509570600165357,-0.0204492493895194,0.0221534306993652,-0.028112803320918,-4.6,4.0,0.19999999999999996,1.0,-7.0,819.6666666666666,48.0,628.0,-4.0,248.0,8.0,220.0,1.0,5.0,-0.0771764312250548,0.014153911474416
202410606.0,2024-10-13T09:30:00,1,2024,6,CHI,JAX,HOME,35.0,16.0,51.0,Tottenham Hotspur Stadium,0.0,14.0,7.0,14.0,0.0,33.0,48.0,30:40,24.0,11.0,12.0,1.0,69.0,424.0,6.1,5.0,39.0,128.0,3.3,3.0,29.0,20.0,296.0,2.0,0.0,10.2,14.8,69.0,125.07,11.0,4.0,36.4,1.0,0.0,0.0,4.0,3.0,0.0,0.0,5.0,46.0,0.0,0.0,1.0,8.0,10.0,3.0,4.0,178.0,44.5,0.0,3.0,3.0,3.0,0.0,7.0,6.0,0.0,26.0,12.0,29:20,14.0,4.0,9.0,1.0,58.0,292.0,5.0,1.0,19.0,120.0,6.3,1.0,35.0,22.0,172.0,0.0,1.0,4.9,7.8,62.9,63.04,12.0,3.0,25.0,3.0,1.0,33.3,2.0,0.0,0.0,0.0,4.0,18.0,4.0,2.0,4.0,22.0,2.0,2.0,4.0,206.0,51.5,3.0,0.0,-3.0,75.0,0.0,0.0,0.0,4.0,3.0,0.0,2.0,0.0,0.0,0.0,1.0,1.0,1.0,1.0,0.0,0.0,0.0,0.0,0.0,2.0,1.0,36.0,18.0,4.0,22.0,6.0,2.0,2.0,40.0,34.0,1.0,8.0,2.0,0.0,0.0,Sunday,993004606,6,15,18739.0,19.0,1,3.0,0.364,0.0,0.1379914713068529,0.449438202247191,0.4160099860704823,-0.1146806586066304,-0.1947345212310571,0.4210526315789473,-0.4410028013390488,0.3022077394827433,25.3,16.3,9.0,361.0,306.6666666666667,1.333,0.375,0.6,113.0,85.0,3.0,0.0236596914400988,0.4564366657063286,0.1573988802100484,-0.1204902954027525,-0.0917877539904921,0.4500487329434697,-0.321207197469183,0.1437549095864441,-0.0520185408304563,-0.1229948471070607,202410606.0,2024-10-13T09:30:00,1,2024,6,JAX,CHI,AWAY,16.0,35.0,51.0,Tottenham Hotspur Stadium,3.0,0.0,7.0,6.0,0.0,28.0,28.0,29:20,20.0,6.0,13.0,1.0,57.0,497.0,8.7,4.0,23.0,126.0,5.5,2.0,34.0,28.0,371.0,2.0,1.0,10.9,13.2,82.4,119.49,10.0,3.0,30.0,2.0,1.0,50.0,4.0,2.0,0.0,0.0,3.0,25.0,2.0,1.0,0.0,0.0,5.0,5.0,2.0,102.0,51.0,2.0,1.0,-1.0,0.0,14.0,7.0,14.0,0.0,31.0,32.0,30:40,25.0,7.0,17.0,1.0,69.0,447.0,6.5,4.0,20.0,99.0,5.0,1.0,45.0,34.0,348.0,3.0,0.0,7.7,10.2,75.6,119.49,14.0,7.0,50.0,1.0,1.0,100.0,5.0,3.0,0.0,0.0,5.0,34.0,1.0,1.0,4.0,35.0,0.0,4.0,4.0,210.0,52.5,1.0,2.0,1.0,50.0,0.0,60.0,0.0,4.0,4.0,0.0,0.0,0.0,0.0,0.0,3.0,3.0,4.0,4.0,0.0,0.0,0.0,0.0,0.0,2.0,2.0,48.0,23.0,4.0,35.0,4.0,1.0,1.0,41.0,25.0,0.0,0.0,5.0,2.0,1.0,Sunday,993004605,15,6,18742.0,-19.0,0,-1.0,0.3,0.0,0.2349971424849982,0.5263157894736842,0.3396498861855694,0.1044876381137626,0.173416664422739,0.5,0.3089836821497772,0.10918682169803,22.3,35.0,-12.7,349.6666666666667,423.3333333333333,-0.667,0.262,0.2,97.0,143.0,1.0,0.0622005813773085,0.4712694657993297,-0.0599527916562487,0.2421326223458276,0.2059124805668273,0.5096570096570097,0.4191131097166597,-0.0501679802414232,0.0220635168775094,0.1318646536190573,21.7,-3.6999999999999993,0.39999999999999997,0.8,11.333333333333314,710.6666666666667,-116.66666666666663,730.0,16.0,210.0,-58.0,228.0,2.0,4.0,-0.0385408899372097,-0.2977002345573194
202410603.0,2024-10-13T13:00:00,1,2024,6,BAL,WAS,HOME,30.0,23.0,53.0,M&T Bank Stadium,3.0,14.0,10.0,3.0,0.0,33.0,45.0,36:08,30.0,11.0,18.0,1.0,77.0,520.0,6.8,5.0,34.0,175.0,5.1,1.0,42.0,26.0,345.0,4.0,0.0,8.2,13.3,61.9,119.64,15.0,10.0,66.7,1.0,1.0,100.0,6.0,5.0,0.0,0.0,5.0,21.0,2.0,1.0,1.0,3.0,9.0,5.0,3.0,168.0,56.0,1.0,1.0,0.0,3.0,7.0,3.0,10.0,0.0,32.0,42.0,23:52,23.0,3.0,19.0,1.0,65.0,442.0,6.8,5.0,23.0,71.0,3.1,0.0,39.0,30.0,371.0,5.0,1.0,9.5,12.4,76.9,134.72,14.0,8.0,57.1,0.0,0.0,0.0,3.0,3.0,0.0,0.0,4.0,24.0,0.0,0.0,3.0,21.0,7.0,3.0,5.0,253.0,50.6,1.0,1.0,0.0,83.3,0.0,100.0,0.0,5.0,5.0,0.0,0.0,0.0,0.0,0.0,2.0,2.0,4.0,4.0,0.0,0.0,0.0,1.0,1.0,1.0,0.0,42.0,26.0,3.0,21.0,6.0,0.0,0.0,44.0,24.0,1.0,3.0,3.0,0.0,1.0,Sunday,993004608,3,35,18740.0,7.0,1,0.0,0.667,0.0,0.2515398780565903,0.5894736842105263,0.4170724217022966,0.0408464729615251,0.1913188696187684,0.4945054945054945,0.5257542926781091,-0.2418299790009835,34.7,24.3,10.3,467.6666666666667,363.3333333333333,0.333,0.556,0.6,147.0,126.0,3.0,0.1950428497923864,0.5334253844487762,0.4472261196590916,0.1432820305322369,0.0353303205938946,0.4338711568771254,0.1050806437614862,-0.1004122136851174,0.1142822741273558,0.0520633597828699,202410603.0,2024-10-13T13:00:00,1,2024,6,WAS,BAL,AWAY,23.0,30.0,53.0,M&T Bank Stadium,3.0,7.0,3.0,10.0,0.0,31.0,18.0,23:52,19.0,10.0,8.0,1.0,65.0,434.0,6.7,4.0,34.0,215.0,6.3,3.0,28.0,15.0,219.0,1.0,1.0,7.8,14.6,53.6,76.34,17.0,8.0,47.1,2.0,2.0,100.0,6.0,3.0,0.0,0.0,5.0,31.0,2.0,1.0,3.0,17.0,11.0,7.0,4.0,192.0,48.0,2.0,1.0,-1.0,3.0,14.0,10.0,3.0,0.0,28.0,42.0,36:08,12.0,4.0,7.0,1.0,59.0,212.0,3.6,1.0,23.0,104.0,4.5,0.0,29.0,16.0,108.0,1.0,0.0,3.7,6.8,55.2,75.07,13.0,1.0,7.7,3.0,2.0,66.7,2.0,1.0,0.0,0.0,9.0,52.0,1.0,1.0,7.0,33.0,4.0,9.0,7.0,361.0,51.6,1.0,2.0,1.0,50.0,0.0,50.0,0.0,4.0,4.0,0.0,0.0,0.0,0.0,0.0,2.0,2.0,1.0,1.0,0.0,0.0,0.0,0.0,0.0,2.0,2.0,43.0,25.0,7.0,33.0,6.0,1.0,1.0,44.0,16.0,3.0,17.0,7.0,2.0,1.0,Sunday,993004607,35,3,18744.0,-7.0,0,-1.0,0.471,0.0,0.0481451224782991,0.3902439024390244,0.1272090428189803,0.0034544363051877,-0.1904374989174951,0.3720930232558139,-0.3802027943203549,-0.0860168151945496,38.0,20.0,18.0,413.0,314.6666666666667,-0.333,0.592,0.8,155.0,115.0,4.0,0.2825905502105658,0.5324622531939606,0.4470421334532388,0.1971117106643417,0.016442438458175,0.490132498853429,-0.0646449924495442,0.0888522261725689,0.2064596082990777,0.0824268812004394,-7.699999999999999,28.3,-0.20000000000000007,1.4,54.666666666666686,880.6666666666667,48.66666666666663,678.0,-8.0,302.0,11.0,241.0,-1.0,7.0,-0.08754770041817939,0.018887882135719597
202410612.0,2024-10-13T13:00:00,1,2024,6,GB,ARI,HOME,34.0,13.0,47.0,Lambeau Field,7.0,17.0,7.0,3.0,0.0,27.0,19.0,36:35,19.0,9.0,8.0,2.0,58.0,323.0,5.6,3.0,30.0,126.0,4.2,1.0,26.0,15.0,197.0,2.0,1.0,7.6,13.1,57.7,91.35,8.0,1.0,12.5,0.0,0.0,0.0,3.0,2.0,0.0,0.0,6.0,34.0,1.0,0.0,2.0,27.0,10.0,4.0,5.0,186.0,37.2,1.0,2.0,1.0,0.0,10.0,3.0,0.0,0.0,32.0,41.0,23:25,24.0,12.0,11.0,1.0,76.0,370.0,4.9,3.0,28.0,134.0,4.8,1.0,45.0,29.0,236.0,1.0,1.0,5.2,8.1,64.4,75.79,16.0,8.0,50.0,4.0,2.0,50.0,3.0,2.0,0.0,0.0,5.0,30.0,1.0,1.0,3.0,24.0,3.0,4.0,3.0,129.0,43.0,2.0,1.0,-1.0,66.7,0.0,66.7,0.0,3.0,3.0,0.0,0.0,0.0,0.0,0.0,1.0,1.0,2.0,1.0,1.0,1.0,0.0,0.0,0.0,0.0,0.0,39.0,42.0,3.0,24.0,5.0,1.0,1.0,35.0,25.0,2.0,27.0,4.0,1.0,0.0,Sunday,993004610,12,1,18735.0,21.0,1,1.0,0.125,0.0,0.0066157089246228,0.4415584415584415,0.0886341088319004,-0.0228330508107319,-0.0741886302726317,0.5384615384615384,-0.1469863642788758,0.0508898492227147,27.7,21.3,6.3,388.6666666666667,327.0,1.0,0.272,0.6,128.0,108.0,3.0,-0.001418652605945,0.4371104801212327,0.0877207717785265,-0.0738323414378362,-0.1070471502255538,0.5128205128205128,-0.0589345143053561,-0.1489417976997299,0.0176561519434573,-0.0631091665871631,202410612.0,2024-10-13T13:00:00,1,2024,6,ARI,GB,AWAY,13.0,34.0,47.0,Lambeau Field,0.0,10.0,3.0,0.0,0.0,27.0,2.0,23:25,19.0,9.0,10.0,0.0,57.0,358.0,6.3,2.0,26.0,169.0,6.5,1.0,30.0,19.0,189.0,1.0,1.0,6.3,9.9,63.3,78.33,10.0,3.0,30.0,1.0,1.0,100.0,3.0,1.0,0.0,0.0,1.0,5.0,1.0,0.0,1.0,6.0,5.0,4.0,2.0,106.0,53.0,1.0,3.0,2.0,7.0,17.0,7.0,3.0,0.0,32.0,58.0,36:35,22.0,9.0,13.0,0.0,63.0,384.0,6.1,2.0,26.0,153.0,5.9,0.0,35.0,19.0,231.0,1.0,2.0,6.6,12.2,54.3,60.54,11.0,6.0,54.5,1.0,0.0,0.0,6.0,1.0,0.0,0.0,4.0,21.0,1.0,1.0,2.0,13.0,2.0,4.0,1.0,41.0,41.0,3.0,1.0,-2.0,33.3,0.0,16.7,0.0,1.0,1.0,0.0,0.0,0.0,1.0,1.0,4.0,3.0,2.0,2.0,0.0,0.0,0.0,0.0,0.0,3.0,3.0,35.0,25.0,2.0,13.0,9.0,1.0,1.0,36.0,28.0,1.0,6.0,7.0,1.0,0.0,Sunday,993004609,1,12,18738.0,-21.0,0,2.0,0.3,0.0,0.0183474150241748,0.5,-0.0058069839950107,0.3092061651499865,-0.0456639940826863,0.4805194805194805,0.0426156156559949,-0.2730794231933744,17.0,28.3,-11.3,310.3333333333333,402.0,0.667,0.258,0.4,120.0,129.0,2.0,-0.0594082928056317,0.4953703703703704,-0.0904397616775016,-0.0735321103022752,0.1069466131420353,0.5390247007894067,0.2453665076574097,0.0091040130303545,0.0569180482713451,0.0735921502158781,17.6,-5.000000000000001,0.19999999999999996,1.0,78.33333333333337,699.0,-75.0,729.0,8.0,248.0,-21.0,237.0,1.0,5.0,0.0579896401996867,-0.2139937633675891
202410622.0,2024-10-13T13:00:00,1,2024,6,NO,TB,HOME,27.0,51.0,78.0,Caesars Superdome,0.0,27.0,0.0,0.0,0.0,20.0,4.0,25:58,14.0,1.0,11.0,2.0,51.0,220.0,4.3,2.0,15.0,46.0,3.1,0.0,35.0,20.0,174.0,2.0,1.0,5.0,8.7,57.1,77.56,10.0,4.0,40.0,2.0,0.0,0.0,1.0,1.0,0.0,0.0,5.0,70.0,0.0,0.0,1.0,8.0,6.0,4.0,4.0,199.0,49.8,1.0,1.0,0.0,17.0,7.0,7.0,20.0,0.0,39.0,56.0,34:02,28.0,11.0,15.0,2.0,80.0,460.0,5.8,2.0,39.0,139.0,3.6,2.0,39.0,28.0,321.0,0.0,1.0,8.2,11.5,71.8,85.52,14.0,6.0,42.9,1.0,1.0,100.0,7.0,2.0,0.0,0.0,6.0,55.0,1.0,0.0,2.0,10.0,9.0,3.0,1.0,56.0,56.0,1.0,1.0,0.0,100.0,0.0,28.6,0.0,2.0,1.0,0.0,0.0,0.0,0.0,0.0,0.0,0.0,2.0,2.0,0.0,0.0,0.0,0.0,0.0,5.0,4.0,50.0,37.0,2.0,10.0,2.0,1.0,0.0,27.0,20.0,1.0,8.0,4.0,0.0,0.0,Sunday,993004614,22,33,18733.0,-24.0,0,0.0,0.4,0.0,-0.0863882905720794,0.3768115942028985,-0.0849205347566077,-0.1302917906307681,0.094279379749828,0.5670103092783505,0.179348610508567,0.0847025699269008,16.3,22.3,-6.0,268.3333333333333,411.6666666666667,0.0,0.467,0.4,140.0,96.0,2.0,-0.0649035248808732,0.4154120957190011,-0.0354897353914319,-0.1350418574077466,0.026774650973657,0.4590700040665416,0.0124404096668452,0.1161103385127488,0.0679024663171041,-0.0737346206816857,202410622.0,2024-10-13T13:00:00,1,2024,6,TB,NO,AWAY,51.0,27.0,78.0,Caesars Superdome,17.0,7.0,7.0,20.0,0.0,27.0,38.0,34:02,21.0,8.0,12.0,1.0,51.0,333.0,6.5,3.0,26.0,160.0,6.2,0.0,24.0,19.0,173.0,3.0,0.0,7.2,9.1,79.2,136.28,11.0,6.0,54.5,0.0,0.0,0.0,3.0,2.0,0.0,0.0,5.0,47.0,2.0,1.0,1.0,7.0,11.0,6.0,2.0,87.0,43.5,1.0,1.0,0.0,0.0,27.0,0.0,0.0,0.0,33.0,37.0,25:58,28.0,2.0,24.0,2.0,81.0,550.0,6.8,4.0,18.0,73.0,4.1,0.0,59.0,42.0,477.0,4.0,1.0,8.1,11.4,71.2,110.63,14.0,6.0,42.9,3.0,2.0,66.7,4.0,2.0,0.0,0.0,8.0,74.0,1.0,0.0,4.0,32.0,1.0,6.0,1.0,35.0,35.0,1.0,1.0,0.0,66.7,0.0,50.0,0.0,3.0,3.0,0.0,0.0,0.0,0.0,0.0,3.0,3.0,3.0,3.0,0.0,0.0,0.0,0.0,0.0,5.0,3.0,55.0,17.0,4.0,32.0,8.0,1.0,0.0,36.0,21.0,1.0,7.0,1.0,2.0,1.0,Sunday,993004613,33,22,18746.0,24.0,1,0.0,0.545,0.0,0.2019564715844939,0.5522388059701493,0.3264459358384731,-0.1504013990758851,0.1405351389723983,0.5045871559633027,0.3381058015620684,-0.2528185607719934,23.3,26.0,-2.7,333.6666666666667,376.3333333333333,0.333,0.427,0.6,127.0,114.0,3.0,0.0409924608330721,0.5161971298522584,0.034083883988892,0.0282513103972185,0.065186787574044,0.519533167214105,0.0768290085909192,0.0125682789670665,0.0754389971587197,0.0331290099071543,-3.3,-8.7,-0.19999999999999996,1.0,-65.33333333333337,602.0,35.33333333333337,788.0,13.0,267.0,-18.0,210.0,-1.0,5.0,-0.10589598571394529,-0.038412136600387004
202410626.0,2024-10-13T13:00:00,1,2024,6,PHI,CLE,HOME,20.0,16.0,36.0,Lincoln Financial Field,0.0,10.0,3.0,7.0,0.0,23.0,43.0,28:33,16.0,9.0,6.0,1.0,56.0,227.0,4.1,2.0,20.0,113.0,5.6,1.0,30.0,18.0,114.0,1.0,0.0,3.8,6.3,60.0,79.03,13.0,6.0,46.2,2.0,1.0,50.0,3.0,2.0,0.0,0.0,5.0,41.0,3.0,2.0,6.0,44.0,2.0,4.0,5.0,282.0,56.4,2.0,0.0,-2.0,0.0,10.0,0.0,6.0,0.0,36.0,17.0,31:27,29.0,9.0,18.0,2.0,74.0,445.0,6.0,4.0,25.0,111.0,4.4,2.0,47.0,30.0,334.0,2.0,0.0,7.1,11.1,63.8,99.07,13.0,6.0,46.2,1.0,1.0,100.0,6.0,4.0,0.0,0.0,3.0,20.0,1.0,0.0,2.0,13.0,6.0,7.0,4.0,150.0,37.5,0.0,2.0,2.0,66.7,0.0,66.7,0.0,2.0,2.0,0.0,0.0,0.0,0.0,0.0,0.0,0.0,4.0,3.0,1.0,0.0,0.0,0.0,0.0,2.0,2.0,42.0,22.0,2.0,13.0,8.0,0.0,0.0,34.0,17.0,6.0,44.0,4.0,2.0,2.0,Sunday,993004618,26,8,18731.0,4.0,1,-2.0,0.462,0.0,-0.0342478852443242,0.4861111111111111,-0.2614785060654149,0.3106118673361682,0.1889614207023842,0.5106382978723404,0.301643824963008,0.1088746865158706,17.3,22.3,-5.0,350.6666666666667,349.6666666666667,-1.333,0.451,0.5,86.0,96.0,2.0,-0.014483448712614,0.4494658219441071,-0.06237218874961,0.1693462192759592,0.0575066012196551,0.4568095964704739,0.1935620516804123,-0.1006882741225252,0.0150337773858505,0.0660291897795589,202410626.0,2024-10-13T13:00:00,1,2024,6,CLE,PHI,AWAY,16.0,20.0,36.0,Lincoln Financial Field,0.0,10.0,0.0,6.0,0.0,28.0,42.0,31:27,12.0,4.0,7.0,1.0,59.0,212.0,3.6,1.0,23.0,104.0,4.5,0.0,29.0,16.0,108.0,1.0,0.0,3.7,6.8,55.2,75.07,13.0,1.0,7.7,3.0,2.0,66.7,2.0,1.0,0.0,0.0,9.0,52.0,1.0,1.0,7.0,33.0,4.0,9.0,7.0,361.0,51.6,1.0,2.0,1.0,0.0,10.0,3.0,7.0,0.0,31.0,18.0,28:33,19.0,10.0,8.0,1.0,65.0,434.0,6.7,4.0,34.0,215.0,6.3,3.0,28.0,15.0,219.0,1.0,1.0,7.8,14.6,53.6,76.34,17.0,8.0,47.1,2.0,2.0,100.0,6.0,3.0,0.0,0.0,5.0,31.0,2.0,1.0,3.0,17.0,11.0,7.0,4.0,192.0,48.0,2.0,1.0,-1.0,50.0,0.0,50.0,0.0,1.0,1.0,0.0,0.0,0.0,0.0,0.0,2.0,2.0,4.0,4.0,0.0,0.0,0.0,0.0,0.0,2.0,2.0,44.0,16.0,3.0,17.0,7.0,2.0,1.0,43.0,25.0,7.0,33.0,6.0,1.0,1.0,Sunday,993004617,8,26,18744.0,-4.0,0,1.0,0.077,0.0,-0.1904374989174951,0.3720930232558139,-0.3802027943203549,-0.0860168151945496,0.0481451224782991,0.3902439024390244,0.1272090428189803,0.0034544363051877,14.7,25.0,-10.3,223.33333333333337,347.3333333333333,0.333,0.221,0.2,79.0,121.0,1.0,-0.1852646848131803,0.402792562490773,-0.2901262840334352,-0.1845291053268334,-0.0572624962167671,0.4211924119241192,0.0843031623513814,-0.1313780873762514,-0.1504412981026792,-0.0488234975074634,5.300000000000001,-15.3,0.3,0.7,127.33333333333331,574.0,2.3333333333333712,697.0,7.0,165.0,-25.0,217.0,1.0,3.0,0.1707812361005663,0.11476909743642219
202410634.0,2024-10-13T13:00:00,1,2024,6,TEN,IND,HOME,17.0,20.0,37.0,Nissan Stadium,7.0,3.0,7.0,0.0,0.0,34.0,52.0,30:32,16.0,8.0,5.0,3.0,62.0,244.0,3.9,2.0,40.0,142.0,3.6,2.0,21.0,12.0,102.0,0.0,1.0,4.9,8.5,57.1,50.1,12.0,2.0,16.7,1.0,1.0,100.0,3.0,2.0,0.0,0.0,8.0,69.0,0.0,0.0,1.0,8.0,5.0,7.0,5.0,209.0,41.8,1.0,1.0,0.0,7.0,3.0,0.0,10.0,0.0,25.0,8.0,29:28,13.0,6.0,4.0,3.0,54.0,184.0,3.4,1.0,30.0,106.0,3.5,1.0,22.0,14.0,78.0,0.0,0.0,3.5,5.6,63.6,69.89,12.0,2.0,16.7,3.0,1.0,33.3,1.0,1.0,0.0,0.0,10.0,98.0,1.0,1.0,2.0,18.0,3.0,8.0,5.0,238.0,47.6,1.0,1.0,0.0,66.7,0.0,100.0,0.0,2.0,2.0,0.0,0.0,0.0,0.0,0.0,5.0,5.0,0.0,0.0,0.0,2.0,0.0,0.0,0.0,2.0,2.0,34.0,24.0,2.0,18.0,1.0,0.0,1.0,37.0,32.0,1.0,8.0,4.0,0.0,0.0,Sunday,993004616,34,14,18718.0,-3.0,0,0.0,0.167,0.0,0.0420109284571414,0.4186046511627907,-0.1721187470928082,-0.0037322727688287,-0.2688306276533194,0.36,-0.3560294173759543,-0.4793139458409357,20.7,22.0,-1.3,260.3333333333333,275.6666666666667,-1.667,0.306,0.25,79.0,90.0,1.0,-0.0906215271815588,0.4603682170542635,-0.2106773656141989,-0.0773524753598541,-0.0399338277914857,0.4089556222889556,0.0105976517403049,-0.1827230342837042,-0.1375368767305441,-0.0802503971257175,202410634.0,2024-10-13T13:00:00,1,2024,6,IND,TEN,AWAY,20.0,17.0,37.0,Nissan Stadium,7.0,3.0,0.0,10.0,0.0,31.0,32.0,29:28,25.0,7.0,17.0,1.0,69.0,447.0,6.5,4.0,20.0,99.0,5.0,1.0,45.0,34.0,348.0,3.0,0.0,7.7,10.2,75.6,119.49,14.0,7.0,50.0,1.0,1.0,100.0,5.0,3.0,0.0,0.0,5.0,34.0,1.0,1.0,4.0,35.0,0.0,4.0,4.0,210.0,52.5,1.0,2.0,1.0,7.0,3.0,7.0,0.0,0.0,28.0,28.0,30:32,20.0,6.0,13.0,1.0,57.0,497.0,8.7,4.0,23.0,126.0,5.5,2.0,34.0,28.0,371.0,2.0,1.0,10.9,13.2,82.4,119.49,10.0,3.0,30.0,2.0,1.0,50.0,4.0,2.0,0.0,0.0,3.0,25.0,2.0,1.0,0.0,0.0,5.0,5.0,2.0,102.0,51.0,2.0,1.0,-1.0,60.0,0.0,50.0,0.0,4.0,4.0,0.0,0.0,0.0,0.0,0.0,2.0,2.0,4.0,4.0,0.0,0.0,0.0,0.0,0.0,3.0,3.0,41.0,25.0,0.0,0.0,5.0,2.0,1.0,48.0,23.0,4.0,35.0,4.0,1.0,1.0,Sunday,993004615,14,34,18742.0,3.0,1,1.0,0.5,0.0,0.173416664422739,0.5,0.3089836821497772,0.10918682169803,0.2349971424849982,0.5263157894736842,0.3396498861855694,0.1044876381137626,27.3,25.7,1.7,370.3333333333333,432.0,1.333,0.428,0.4,119.0,122.0,2.0,0.0245086290502314,0.4535363676929941,0.077703037062036,-0.0252834021814487,0.0307977702188107,0.4793978725093277,0.1279394034973222,-0.1472292195824207,0.0140425123648045,0.0441907670204305,-3.0,0.3999999999999999,-0.15000000000000002,0.65,-110.0,630.6666666666666,-156.33333333333331,707.6666666666667,-40.0,198.0,-32.0,212.0,-1.0,3.0,-0.11513015623179021,-0.07073159801029641
202410621.0,2024-10-13T13:00:00,1,2024,6,NE,HOU,HOME,21.0,41.0,62.0,Gillette Stadium,0.0,7.0,7.0,7.0,0.0,25.0,40.0,29:13,15.0,5.0,8.0,2.0,55.0,299.0,5.4,1.0,19.0,151.0,7.9,1.0,34.0,18.0,148.0,0.0,0.0,4.4,8.2,52.9,64.34,13.0,4.0,30.8,1.0,0.0,0.0,2.0,0.0,0.0,0.0,12.0,105.0,0.0,0.0,2.0,12.0,5.0,5.0,6.0,310.0,51.7,0.0,2.0,2.0,14.0,0.0,13.0,14.0,0.0,34.0,20.0,30:47,24.0,10.0,10.0,4.0,75.0,372.0,5.0,1.0,41.0,193.0,4.7,1.0,31.0,18.0,179.0,0.0,1.0,5.8,9.9,58.1,61.09,11.0,2.0,18.2,1.0,0.0,0.0,2.0,1.0,0.0,0.0,6.0,54.0,3.0,1.0,3.0,15.0,9.0,5.0,2.0,88.0,44.0,2.0,0.0,-2.0,0.0,0.0,50.0,0.0,1.0,1.0,0.0,0.0,0.0,0.0,0.0,2.0,1.0,0.0,0.0,0.0,2.0,0.0,0.0,0.0,4.0,3.0,47.0,35.0,3.0,15.0,5.0,1.0,1.0,33.0,21.0,2.0,12.0,6.0,0.0,0.0,Sunday,993004612,21,13,18743.0,-20.0,0,2.0,0.308,0.0,-0.1645126219440432,0.4125,-0.2690595054491551,0.1257172933261826,-0.0464245559224541,0.4065934065934066,0.0242939791334013,-0.0855632634789799,8.7,23.0,-14.3,218.0,401.0,0.0,0.267,0.2,62.0,102.0,1.0,-0.2155665005790336,0.4243900646678424,-0.3216959231773,-0.2277984644783834,0.01749813736251,0.4546865822875615,0.2395472907236095,-0.0745013629421009,-0.1084804711133496,0.0150751868362559,202410621.0,2024-10-13T13:00:00,1,2024,6,HOU,NE,AWAY,41.0,21.0,62.0,Gillette Stadium,14.0,0.0,13.0,14.0,0.0,33.0,10.0,30:47,18.0,5.0,13.0,0.0,67.0,425.0,6.3,2.0,28.0,94.0,3.4,1.0,38.0,28.0,331.0,1.0,1.0,8.7,11.8,73.7,97.59,16.0,8.0,50.0,1.0,0.0,0.0,2.0,1.0,0.0,0.0,7.0,65.0,1.0,1.0,1.0,0.0,9.0,7.0,5.0,221.0,44.2,2.0,0.0,-2.0,0.0,7.0,7.0,7.0,0.0,26.0,50.0,29:13,16.0,9.0,5.0,2.0,59.0,276.0,4.7,2.0,28.0,150.0,5.4,1.0,30.0,9.0,126.0,1.0,0.0,4.2,14.0,30.0,55.69,14.0,3.0,21.4,1.0,1.0,100.0,3.0,1.0,0.0,0.0,4.0,25.0,0.0,0.0,1.0,5.0,6.0,7.0,8.0,401.0,50.1,0.0,2.0,2.0,50.0,0.0,33.3,0.0,2.0,2.0,0.0,0.0,0.0,0.0,0.0,3.0,3.0,2.0,2.0,0.0,0.0,0.0,0.0,0.0,2.0,2.0,32.0,16.0,1.0,5.0,6.0,0.0,0.0,52.0,16.0,1.0,0.0,1.0,1.0,1.0,Sunday,993004611,13,21,18741.0,20.0,1,-2.0,0.5,0.0,-0.0270048150572286,0.4404761904761904,0.1670095945077572,-0.4523199180951521,-0.0253591562105869,0.3658536585365853,0.0416739274253228,-0.1191651043011986,18.0,24.7,-6.7,385.3333333333333,287.6666666666667,-1.667,0.441,0.8,102.0,114.0,4.0,-0.063515148649863,0.4204006587727518,0.0916577159907306,-0.3741959559698236,0.0695977589026485,0.4400169534673361,0.0479648577734065,-0.018136947620908,-0.0248505463532095,0.0347196231955014,-7.6000000000000005,-21.0,-0.6000000000000001,1.0,-167.33333333333331,603.3333333333333,113.33333333333331,688.6666666666667,-40.0,164.0,-12.0,216.0,-3.0,5.0,-0.15205135192917058,-0.05209962154013849
202410610.0,2024-10-13T16:05:00,1,2024,6,DEN,LAC,HOME,16.0,23.0,39.0,Empower Field at Mile High,0.0,0.0,0.0,16.0,0.0,28.0,37.0,22:37,18.0,6.0,9.0,3.0,58.0,289.0,5.0,4.0,28.0,109.0,3.9,1.0,27.0,19.0,180.0,2.0,0.0,6.7,9.5,70.4,113.19,12.0,3.0,25.0,1.0,1.0,100.0,4.0,3.0,0.0,0.0,9.0,44.0,1.0,0.0,3.0,26.0,6.0,5.0,6.0,259.0,43.2,0.0,3.0,3.0,10.0,10.0,3.0,0.0,0.0,31.0,23.0,37:23,20.0,5.0,13.0,2.0,65.0,330.0,5.1,2.0,25.0,115.0,4.6,1.0,37.0,22.0,215.0,1.0,3.0,5.8,9.8,59.5,51.07,15.0,7.0,46.7,1.0,0.0,0.0,2.0,1.0,0.0,0.0,11.0,79.0,0.0,0.0,3.0,16.0,4.0,8.0,5.0,267.0,53.4,3.0,0.0,-3.0,75.0,0.0,50.0,0.0,4.0,4.0,0.0,0.0,0.0,0.0,0.0,2.0,2.0,1.0,1.0,0.0,0.0,0.0,1.0,1.0,1.0,1.0,40.0,22.0,3.0,16.0,6.0,0.0,0.0,36.0,25.0,3.0,26.0,3.0,0.0,0.0,Sunday,993004622,10,29,18737.0,-7.0,0,3.0,0.25,0.0,0.031868466712313,0.4705882352941176,-0.0013965839037919,0.0457627485399522,-0.1735046259863636,0.4,-0.2716769873682556,-0.0799611180706609,23.3,11.3,12.0,275.6666666666667,267.0,1.333,0.257,0.6,96.0,73.0,3.0,-0.0383464359871409,0.4689701741645326,-0.1306288647915924,0.0168912606008003,-0.2206320928294368,0.4110275689223057,-0.337098566080384,-0.0815357244031582,-0.0736003020212886,-0.1437923476300193,202410610.0,2024-10-13T16:05:00,1,2024,6,LAC,DEN,AWAY,23.0,16.0,39.0,Empower Field at Mile High,10.0,10.0,3.0,0.0,0.0,30.0,52.0,37:23,12.0,3.0,9.0,0.0,53.0,224.0,4.2,1.0,24.0,55.0,2.3,0.0,27.0,16.0,169.0,1.0,0.0,6.3,10.6,59.3,89.89,13.0,4.0,30.8,1.0,0.0,0.0,2.0,1.0,0.0,0.0,9.0,51.0,2.0,0.0,2.0,10.0,5.0,2.0,6.0,318.0,53.0,0.0,2.0,2.0,0.0,0.0,0.0,16.0,0.0,29.0,8.0,22:37,16.0,6.0,8.0,2.0,58.0,329.0,5.7,2.0,26.0,101.0,3.9,1.0,29.0,19.0,228.0,1.0,1.0,7.9,12.0,65.5,86.57,16.0,9.0,56.2,0.0,0.0,0.0,2.0,1.0,0.0,0.0,5.0,40.0,1.0,1.0,3.0,17.0,10.0,5.0,4.0,200.0,50.0,2.0,0.0,-2.0,50.0,0.0,50.0,0.0,1.0,1.0,0.0,0.0,0.0,0.0,0.0,2.0,1.0,2.0,2.0,0.0,0.0,0.0,0.0,0.0,2.0,1.0,34.0,27.0,3.0,17.0,5.0,1.0,1.0,36.0,17.0,2.0,10.0,4.0,1.0,0.0,Sunday,993004621,29,10,18720.0,7.0,1,2.0,0.308,0.0,-0.2202599278627631,0.32,-0.0948127197526473,-0.4322200694660147,-0.1041287636368318,0.4666666666666667,-0.0757913356691303,-0.200422770113536,15.3,13.3,2.0,246.33333333333337,278.0,0.667,0.381,0.5,68.0,50.0,2.0,-0.0934003936000649,0.4172849462365591,-0.0291415863510025,-0.2055642769760898,-0.1462328046389207,0.4227287116176004,-0.2046339266024693,-0.0891246236359515,-0.1012381614931115,-0.1877982152416129,10.0,14.0,0.09999999999999998,1.1,29.333333333333314,522.0,-11.0,545.0,28.0,164.0,23.0,123.0,1.0,5.0,0.055053957612924,-0.07439928819051611
202410625.0,2024-10-13T16:05:00,1,2024,6,LV,PIT,HOME,13.0,32.0,45.0,Allegiant Stadium,7.0,0.0,0.0,6.0,0.0,31.0,23.0,28:09,20.0,5.0,13.0,2.0,65.0,330.0,5.1,2.0,25.0,115.0,4.6,1.0,37.0,22.0,215.0,1.0,3.0,5.8,9.8,59.5,51.07,15.0,7.0,46.7,1.0,0.0,0.0,2.0,1.0,0.0,0.0,11.0,79.0,0.0,0.0,3.0,16.0,4.0,8.0,5.0,267.0,53.4,3.0,0.0,-3.0,3.0,9.0,10.0,10.0,0.0,28.0,37.0,31:51,18.0,6.0,9.0,3.0,58.0,289.0,5.0,4.0,28.0,109.0,3.9,1.0,27.0,19.0,180.0,2.0,0.0,6.7,9.5,70.4,113.19,12.0,3.0,25.0,1.0,1.0,100.0,4.0,3.0,0.0,0.0,9.0,44.0,1.0,0.0,3.0,26.0,6.0,5.0,6.0,259.0,43.2,0.0,3.0,3.0,50.0,0.0,75.0,0.0,1.0,1.0,0.0,0.0,0.0,1.0,1.0,1.0,1.0,4.0,4.0,0.0,0.0,0.0,0.0,0.0,2.0,2.0,36.0,25.0,3.0,26.0,3.0,0.0,0.0,40.0,22.0,3.0,16.0,6.0,0.0,0.0,Sunday,993004620,25,28,18737.0,-19.0,0,-3.0,0.467,0.0,-0.1735046259863636,0.4,-0.2716769873682556,-0.0799611180706609,0.031868466712313,0.4705882352941176,-0.0013965839037919,0.0457627485399522,20.0,28.7,-8.7,309.6666666666667,322.3333333333333,-1.333,0.358,0.4,96.0,131.0,2.0,-0.107934349452894,0.455,-0.0909077103077802,-0.2649319706740299,0.027123615806571,0.4631958799005009,0.0320175016776798,0.0431972984080385,-0.1212310957233969,-0.0155787296085375,202410625.0,2024-10-13T16:05:00,1,2024,6,PIT,LV,AWAY,32.0,13.0,45.0,Allegiant Stadium,3.0,9.0,10.0,10.0,0.0,27.0,31.0,31:51,17.0,6.0,7.0,4.0,57.0,226.0,4.0,2.0,26.0,92.0,3.5,0.0,28.0,16.0,134.0,2.0,0.0,4.8,8.4,57.1,93.45,12.0,3.0,25.0,2.0,2.0,100.0,2.0,2.0,0.0,0.0,8.0,50.0,2.0,1.0,3.0,16.0,6.0,3.0,5.0,222.0,44.4,1.0,3.0,2.0,7.0,0.0,0.0,6.0,0.0,32.0,29.0,28:09,25.0,9.0,14.0,2.0,75.0,445.0,5.9,2.0,31.0,109.0,3.5,0.0,42.0,29.0,336.0,2.0,2.0,8.0,11.6,69.0,88.99,15.0,9.0,60.0,1.0,1.0,100.0,4.0,1.0,0.0,0.0,11.0,87.0,2.0,1.0,2.0,16.0,8.0,4.0,1.0,45.0,45.0,3.0,1.0,-2.0,100.0,0.0,25.0,0.0,2.0,2.0,0.0,0.0,0.0,0.0,0.0,1.0,1.0,2.0,2.0,0.0,0.0,0.0,0.0,0.0,3.0,2.0,51.0,22.0,2.0,16.0,6.0,2.0,1.0,35.0,21.0,3.0,16.0,5.0,2.0,1.0,Sunday,993004619,28,25,18734.0,19.0,1,2.0,0.25,0.0,0.0313688242765034,0.5064935064935064,-0.028727086303661,0.1756143927559077,0.0969022684768775,0.4946236559139785,0.2755698702730058,-0.0816351674716403,20.3,19.0,1.3,325.3333333333333,323.0,-0.333,0.404,0.6,92.0,73.0,3.0,0.0205209268099944,0.5059892419369544,0.0993776934192118,-0.021148112548131,0.0020146286947602,0.4572699399749536,0.1776177327419276,-0.1613560517896131,0.0023112343891561,-0.0713867549663754,-10.0,-7.3999999999999995,-0.19999999999999996,1.0,-15.666666666666629,635.0,-0.6666666666666856,645.3333333333333,4.0,188.0,58.0,204.0,-1.0,5.0,-0.12845527626288838,0.025108987111810803
202410605.0,2024-10-13T16:25:00,1,2024,6,CAR,ATL,HOME,20.0,38.0,58.0,Bank of America Stadium,7.0,10.0,3.0,0.0,0.0,26.0,12.0,29:20,14.0,4.0,9.0,1.0,58.0,292.0,5.0,1.0,19.0,120.0,6.3,1.0,35.0,22.0,172.0,0.0,1.0,4.9,7.8,62.9,63.04,12.0,3.0,25.0,3.0,1.0,33.3,2.0,0.0,0.0,0.0,4.0,18.0,4.0,2.0,4.0,22.0,2.0,2.0,4.0,206.0,51.5,3.0,0.0,-3.0,7.0,15.0,6.0,10.0,0.0,33.0,48.0,30:40,24.0,11.0,12.0,1.0,69.0,424.0,6.1,5.0,39.0,128.0,3.3,3.0,29.0,20.0,296.0,2.0,0.0,10.2,14.8,69.0,125.07,11.0,4.0,36.4,1.0,0.0,0.0,4.0,3.0,0.0,0.0,5.0,46.0,0.0,0.0,1.0,8.0,10.0,3.0,4.0,178.0,44.5,0.0,3.0,3.0,0.0,0.0,75.0,0.0,1.0,1.0,0.0,0.0,0.0,0.0,0.0,2.0,1.0,4.0,3.0,0.0,2.0,0.0,0.0,0.0,1.0,1.0,40.0,34.0,1.0,8.0,2.0,0.0,0.0,36.0,18.0,4.0,22.0,6.0,2.0,2.0,Sunday,993004626,5,2,18739.0,-18.0,0,-3.0,0.25,0.0,-0.1947345212310571,0.4210526315789473,-0.4410028013390488,0.3022077394827433,0.1379914713068529,0.449438202247191,0.4160099860704823,-0.1146806586066304,23.3,30.7,-7.3,368.0,376.0,-0.667,0.389,0.2,83.0,165.0,1.0,0.0041565756334294,0.4905091313992126,-0.0401762188571087,0.123986291962041,0.0877172592648493,0.4894713686205496,0.2613817797107982,-0.2096480379412892,-0.1491259781874798,0.1029559152110228,202410605.0,2024-10-13T16:25:00,1,2024,6,ATL,CAR,AWAY,38.0,20.0,58.0,Bank of America Stadium,7.0,15.0,6.0,10.0,0.0,33.0,37.0,30:40,28.0,2.0,24.0,2.0,81.0,550.0,6.8,4.0,18.0,73.0,4.1,0.0,59.0,42.0,477.0,4.0,1.0,8.1,11.4,71.2,110.63,14.0,6.0,42.9,3.0,2.0,66.7,4.0,2.0,0.0,0.0,8.0,74.0,1.0,0.0,4.0,32.0,1.0,6.0,1.0,35.0,35.0,1.0,1.0,0.0,7.0,10.0,3.0,0.0,0.0,27.0,38.0,29:20,21.0,8.0,12.0,1.0,51.0,333.0,6.5,3.0,26.0,160.0,6.2,0.0,24.0,19.0,173.0,3.0,0.0,7.2,9.1,79.2,136.28,11.0,6.0,54.5,0.0,0.0,0.0,3.0,2.0,0.0,0.0,5.0,47.0,2.0,1.0,1.0,7.0,11.0,6.0,2.0,87.0,43.5,1.0,1.0,0.0,50.0,0.0,66.7,0.0,3.0,3.0,0.0,0.0,0.0,0.0,0.0,5.0,3.0,3.0,3.0,0.0,0.0,0.0,0.0,0.0,3.0,3.0,36.0,21.0,1.0,7.0,1.0,2.0,1.0,55.0,17.0,4.0,32.0,8.0,1.0,0.0,Sunday,993004625,2,5,18746.0,18.0,1,0.0,0.429,0.0,0.1405351389723983,0.5045871559633027,0.3381058015620684,-0.2528185607719934,0.2019564715844939,0.5522388059701493,0.3264459358384731,-0.1504013990758851,26.3,25.3,1.0,392.0,348.0,0.333,0.338,0.6,111.0,115.0,3.0,0.0726991741731838,0.4632570019997839,0.1447220868753414,-0.1703999648302367,0.1117926888133922,0.5478116553772755,0.1358976134595902,0.0306638034093781,0.0229293011838064,0.0766907404655067,-8.3,-6.3,-0.39999999999999997,0.8,-24.0,760.0,28.0,724.0,-28.0,194.0,50.0,280.0,-2.0,4.0,-0.0685425985397544,-0.0240754295485429
202410609.0,2024-10-13T16:25:00,1,2024,6,DAL,DET,HOME,9.0,47.0,56.0,AT&T Stadium,3.0,3.0,3.0,0.0,0.0,32.0,29.0,25:17,25.0,9.0,14.0,2.0,75.0,445.0,5.9,2.0,31.0,109.0,3.5,0.0,42.0,29.0,336.0,2.0,2.0,8.0,11.6,69.0,88.99,15.0,9.0,60.0,1.0,1.0,100.0,4.0,1.0,0.0,0.0,11.0,87.0,2.0,1.0,2.0,16.0,8.0,4.0,1.0,45.0,45.0,3.0,1.0,-2.0,7.0,20.0,10.0,10.0,0.0,27.0,31.0,34:43,17.0,6.0,7.0,4.0,57.0,226.0,4.0,2.0,26.0,92.0,3.5,0.0,28.0,16.0,134.0,2.0,0.0,4.8,8.4,57.1,93.45,12.0,3.0,25.0,2.0,2.0,100.0,2.0,2.0,0.0,0.0,8.0,50.0,2.0,1.0,3.0,16.0,6.0,3.0,5.0,222.0,44.4,1.0,3.0,2.0,25.0,0.0,100.0,0.0,2.0,2.0,0.0,0.0,0.0,0.0,0.0,3.0,2.0,2.0,2.0,0.0,0.0,0.0,0.0,0.0,1.0,1.0,35.0,21.0,3.0,16.0,5.0,2.0,1.0,51.0,22.0,2.0,16.0,6.0,2.0,1.0,Sunday,993004624,9,11,18734.0,-38.0,0,-2.0,0.6,0.0,0.0969022684768775,0.4946236559139785,0.2755698702730058,-0.0816351674716403,0.0313688242765034,0.5064935064935064,-0.028727086303661,0.1756143927559077,21.7,20.0,1.7,383.3333333333333,328.3333333333333,-0.667,0.479,0.6,117.0,121.0,3.0,0.0898303902659219,0.4760405168326591,0.1932236901653498,-0.0912098980992255,0.058307748445847,0.465772018650198,0.1887258845633948,0.0290451020269961,0.0315035706085012,0.0536312282956175,202410609.0,2024-10-13T16:25:00,1,2024,6,DET,DAL,AWAY,47.0,9.0,56.0,AT&T Stadium,7.0,20.0,10.0,10.0,0.0,25.0,56.0,34:43,21.0,8.0,12.0,1.0,50.0,389.0,7.8,6.0,28.0,116.0,4.1,3.0,19.0,19.0,273.0,3.0,0.0,14.4,14.4,100.0,158.33,6.0,3.0,50.0,0.0,0.0,0.0,5.0,5.0,0.0,0.0,12.0,101.0,0.0,0.0,3.0,26.0,9.0,5.0,3.0,140.0,46.7,0.0,2.0,2.0,3.0,3.0,3.0,0.0,0.0,34.0,4.0,25:17,38.0,10.0,22.0,6.0,78.0,516.0,6.6,4.0,19.0,133.0,7.0,3.0,56.0,38.0,383.0,1.0,1.0,6.8,10.1,67.9,85.64,10.0,5.0,50.0,2.0,1.0,50.0,4.0,3.0,0.0,0.0,8.0,70.0,1.0,1.0,3.0,12.0,4.0,4.0,3.0,133.0,44.3,2.0,0.0,-2.0,100.0,0.0,75.0,0.0,6.0,6.0,0.0,0.0,0.0,0.0,0.0,0.0,0.0,3.0,3.0,0.0,2.0,0.0,0.0,0.0,1.0,0.0,47.0,16.0,3.0,12.0,9.0,1.0,1.0,35.0,24.0,3.0,26.0,0.0,0.0,0.0,Sunday,993004623,11,9,18717.0,38.0,1,2.0,0.5,0.0,0.3317867478464903,0.5735294117647058,0.7548021065958892,0.0902894569198207,0.0805931125318481,0.5233644859813084,0.0829964758724293,0.2989019920042826,26.0,20.7,5.3,408.3333333333333,336.3333333333333,0.333,0.471,0.75,104.0,82.0,3.0,0.0809570296768255,0.5176470588235295,0.2815678617062965,0.0387497165154155,-0.0247398187097241,0.4853013895069969,0.0504052391208085,-0.1520952525866492,0.0840558026319467,-0.0053343503971396,-3.5999999999999996,7.0,-0.15000000000000002,1.35,-25.0,791.6666666666666,-8.0,664.6666666666666,13.0,221.0,39.0,203.0,0.0,6.0,0.008873360589096407,0.0830475671555711
202410623.0,2024-10-13T20:20:00,1,2024,6,NYG,CIN,HOME,7.0,17.0,24.0,MetLife Stadium,0.0,0.0,7.0,0.0,0.0,37.0,22.0,34:07,24.0,8.0,14.0,2.0,71.0,420.0,5.9,3.0,34.0,175.0,5.1,0.0,34.0,23.0,245.0,2.0,0.0,7.2,10.7,67.6,108.09,16.0,7.0,43.8,1.0,0.0,0.0,4.0,1.0,0.0,0.0,2.0,20.0,2.0,1.0,3.0,12.0,10.0,6.0,4.0,186.0,46.5,1.0,1.0,0.0,7.0,0.0,3.0,7.0,0.0,22.0,38.0,25:53,17.0,3.0,14.0,0.0,58.0,333.0,5.7,2.0,11.0,102.0,9.3,0.0,40.0,28.0,231.0,1.0,0.0,5.8,8.2,70.0,92.81,11.0,3.0,27.3,2.0,0.0,0.0,1.0,1.0,0.0,0.0,6.0,30.0,1.0,1.0,7.0,53.0,5.0,2.0,4.0,193.0,48.2,1.0,1.0,0.0,25.0,0.0,100.0,0.0,2.0,2.0,0.0,1.0,0.0,0.0,0.0,3.0,3.0,2.0,2.0,0.0,0.0,0.0,0.0,0.0,3.0,2.0,37.0,23.0,7.0,53.0,7.0,1.0,1.0,48.0,32.0,3.0,12.0,1.0,2.0,1.0,Sunday,993004628,23,7,18736.0,-10.0,0,0.0,0.438,0.0,-0.0077878929098164,0.5,0.2454661928724195,-0.2794417474017959,-0.1709805364243815,0.5125,-0.1076843932306972,-0.0060913004646343,21.7,18.3,3.3,354.3333333333333,281.0,-0.333,0.345,0.4,89.0,104.0,2.0,-0.0448729484694064,0.451673360107095,0.1739263928019095,-0.2641557431065102,-0.1043145493928204,0.4908837169357609,-0.0663329707329943,-0.1890251866877268,-0.0558725001934223,-0.0171375543701285,202410623.0,2024-10-13T20:20:00,1,2024,6,CIN,NYG,AWAY,17.0,7.0,24.0,MetLife Stadium,7.0,0.0,3.0,7.0,0.0,32.0,42.0,25:53,23.0,3.0,19.0,1.0,65.0,442.0,6.8,5.0,23.0,71.0,3.1,0.0,39.0,30.0,371.0,5.0,1.0,9.5,12.4,76.9,134.72,14.0,8.0,57.1,0.0,0.0,0.0,3.0,3.0,0.0,0.0,4.0,24.0,0.0,0.0,3.0,21.0,7.0,3.0,5.0,253.0,50.6,1.0,1.0,0.0,0.0,0.0,7.0,0.0,0.0,33.0,45.0,34:07,30.0,11.0,18.0,1.0,77.0,520.0,6.8,5.0,34.0,175.0,5.1,1.0,42.0,26.0,345.0,4.0,0.0,8.2,13.3,61.9,119.64,15.0,10.0,66.7,1.0,1.0,100.0,6.0,5.0,0.0,0.0,5.0,21.0,2.0,1.0,1.0,3.0,9.0,5.0,3.0,168.0,56.0,1.0,1.0,0.0,100.0,0.0,83.3,0.0,4.0,4.0,0.0,0.0,0.0,1.0,1.0,1.0,0.0,5.0,5.0,0.0,0.0,0.0,0.0,0.0,2.0,2.0,44.0,24.0,1.0,3.0,3.0,0.0,1.0,42.0,26.0,3.0,21.0,6.0,0.0,0.0,Sunday,993004627,7,23,18740.0,10.0,1,0.0,0.571,0.0,0.1913188696187684,0.4945054945054945,0.5257542926781091,-0.2418299790009835,0.2515398780565903,0.5894736842105263,0.4170724217022966,0.0408464729615251,35.0,34.3,0.7,417.0,417.0,0.0,0.57,0.2,140.0,145.0,1.0,0.2307449172848263,0.5242989941785122,0.4242365330080762,0.0223815709916632,0.2404446426171629,0.5727364387981448,0.4061259374701974,0.0841651566258535,0.1417524254813416,0.1585795912279851,2.5999999999999996,4.0,0.2,0.6000000000000001,-62.666666666666686,771.3333333333333,-136.0,698.0,-51.0,229.0,-41.0,249.0,1.0,3.0,-0.2756178657542327,-0.3447591920099833
202410624.0,2024-10-14T20:15:00,1,2024,6,NYJ,BUF,HOME,20.0,23.0,43.0,MetLife Stadium,10.0,7.0,3.0,0.0,0.0,29.0,23.0,30:26,17.0,2.0,13.0,2.0,71.0,254.0,3.6,2.0,14.0,36.0,2.6,0.0,54.0,29.0,218.0,2.0,3.0,4.0,7.5,53.7,52.85,17.0,5.0,29.4,1.0,0.0,0.0,3.0,2.0,0.0,0.0,8.0,76.0,1.0,0.0,3.0,26.0,7.0,6.0,6.0,295.0,49.2,3.0,2.0,-1.0,7.0,13.0,0.0,3.0,0.0,30.0,37.0,29:34,17.0,4.0,8.0,5.0,66.0,253.0,3.8,2.0,30.0,82.0,2.7,1.0,32.0,15.0,171.0,0.0,1.0,5.3,11.4,46.9,50.39,13.0,4.0,30.8,1.0,0.0,0.0,1.0,1.0,0.0,0.0,11.0,80.0,2.0,1.0,4.0,32.0,11.0,4.0,4.0,185.0,46.2,2.0,3.0,1.0,66.7,0.0,100.0,0.0,2.0,2.0,0.0,0.0,0.0,0.0,0.0,1.0,1.0,2.0,2.0,0.0,0.0,0.0,0.0,0.0,3.0,3.0,41.0,16.0,4.0,32.0,6.0,0.0,1.0,41.0,15.0,3.0,26.0,9.0,1.0,0.0,Monday,993004630,24,4,18745.0,-3.0,0,-1.0,0.294,0.0,-0.1619018121832578,0.4555555555555555,-0.2540796370531275,-0.5479411870848188,-0.0708574089648607,0.4347826086956521,-0.0198930751989012,-0.360741913089961,16.7,12.0,4.7,300.6666666666667,192.66666666666663,0.0,0.399,0.4,93.0,85.0,2.0,-0.0873544151066547,0.4420599301872251,-0.0206597144767814,-0.298154578483036,-0.17575067401809,0.4105916966328864,-0.2920439653580952,-0.2109293779909285,-0.0356273162046004,-0.0839505364802599,202410624.0,2024-10-14T20:15:00,1,2024,6,BUF,NYJ,AWAY,23.0,20.0,43.0,MetLife Stadium,7.0,13.0,0.0,3.0,0.0,26.0,50.0,29:34,16.0,9.0,5.0,2.0,59.0,276.0,4.7,2.0,28.0,150.0,5.4,1.0,30.0,9.0,126.0,1.0,0.0,4.2,14.0,30.0,55.69,14.0,3.0,21.4,1.0,1.0,100.0,3.0,1.0,0.0,0.0,4.0,25.0,0.0,0.0,1.0,5.0,6.0,7.0,8.0,401.0,50.1,0.0,2.0,2.0,10.0,7.0,3.0,0.0,0.0,33.0,10.0,30:26,18.0,5.0,13.0,0.0,67.0,425.0,6.3,2.0,28.0,94.0,3.4,1.0,38.0,28.0,331.0,1.0,1.0,8.7,11.8,73.7,97.59,16.0,8.0,50.0,1.0,0.0,0.0,2.0,1.0,0.0,0.0,7.0,65.0,1.0,1.0,1.0,0.0,9.0,7.0,5.0,221.0,44.2,2.0,0.0,-2.0,33.3,0.0,50.0,0.0,2.0,2.0,0.0,0.0,0.0,0.0,0.0,2.0,2.0,2.0,2.0,0.0,0.0,0.0,0.0,0.0,3.0,3.0,52.0,16.0,1.0,0.0,1.0,1.0,1.0,32.0,16.0,1.0,5.0,6.0,0.0,0.0,Monday,993004629,4,24,18741.0,3.0,1,2.0,0.214,0.0,-0.0253591562105869,0.3658536585365853,0.0416739274253228,-0.1191651043011986,-0.0270048150572286,0.4404761904761904,0.1670095945077572,-0.4523199180951521,25.7,22.7,3.0,300.0,363.6666666666667,1.333,0.33,0.6,142.0,106.0,3.0,0.0574555882128703,0.4353483486987979,0.1231342656333221,0.0063437471397733,0.0062376312154714,0.4697030497592295,0.0307715329669976,0.1024933032382222,0.0954078607479369,-0.0151298588591239,1.7000000000000002,7.7,-0.19999999999999996,1.0,0.6666666666666856,600.6666666666667,-171.00000000000006,556.3333333333333,-49.0,235.0,-21.0,191.0,-1.0,5.0,-0.144810003319525,-0.1819883052335614
202410722.0,2024-10-17T20:15:00,1,2024,7,NO,DEN,HOME,10.0,33.0,43.0,Caesars Superdome,0.0,3.0,0.0,7.0,0.0,25.0,58.0,26:44,19.0,3.0,13.0,3.0,66.0,303.0,4.6,3.0,21.0,81.0,3.9,1.0,40.0,22.0,222.0,1.0,2.0,5.6,10.1,55.0,58.54,13.0,4.0,30.8,1.0,1.0,100.0,4.0,2.0,0.0,0.0,7.0,70.0,3.0,1.0,5.0,21.0,2.0,4.0,6.0,266.0,44.3,3.0,3.0,0.0,3.0,13.0,10.0,7.0,0.0,34.0,2.0,33:16,31.0,13.0,15.0,3.0,72.0,594.0,8.2,7.0,35.0,277.0,7.9,2.0,36.0,24.0,317.0,4.0,3.0,8.8,13.2,66.7,96.64,10.0,6.0,60.0,0.0,0.0,0.0,5.0,4.0,0.0,0.0,12.0,86.0,1.0,0.0,1.0,8.0,10.0,5.0,3.0,132.0,44.0,3.0,3.0,0.0,50.0,0.0,80.0,0.0,3.0,3.0,0.0,0.0,0.0,0.0,0.0,2.0,2.0,6.0,6.0,0.0,2.0,0.0,0.0,0.0,1.0,1.0,47.0,30.0,1.0,8.0,11.0,1.0,0.0,37.0,24.0,5.0,21.0,6.0,2.0,1.0,Thursday,993004632,22,10,18756.0,-23.0,0,0.0,0.308,0.0,-0.2543215879451081,0.4565217391304347,-0.4070534001143147,-0.278847215200956,0.0717839353007105,0.5360824742268041,0.0875883520771103,0.3425745610038575,21.3,34.3,-13.0,296.3333333333333,456.3333333333333,-0.333,0.415,0.2,167.0,147.0,2.0,-0.0976768919733635,0.4499389499389499,-0.1765769964194415,-0.0849102149862778,0.083313904699148,0.5092501059172433,0.0638596183739354,0.1711570357672029,-0.0223031567474802,0.0155864965854883,202410722.0,2024-10-17T20:15:00,1,2024,7,DEN,NO,AWAY,33.0,10.0,43.0,Caesars Superdome,3.0,13.0,10.0,7.0,0.0,22.0,37.0,33:16,17.0,7.0,10.0,0.0,53.0,316.0,6.0,2.0,18.0,110.0,6.1,0.0,33.0,19.0,206.0,2.0,1.0,6.2,10.8,57.6,83.65,11.0,3.0,27.3,2.0,2.0,100.0,2.0,2.0,0.0,0.0,7.0,37.0,1.0,1.0,2.0,10.0,6.0,5.0,5.0,233.0,46.6,2.0,0.0,-2.0,0.0,3.0,0.0,7.0,0.0,37.0,23.0,26:44,22.0,10.0,10.0,2.0,75.0,350.0,4.7,2.0,38.0,128.0,3.4,1.0,34.0,21.0,222.0,1.0,0.0,6.5,10.6,61.8,90.56,18.0,11.0,61.1,0.0,0.0,0.0,3.0,1.0,0.0,0.0,3.0,20.0,1.0,0.0,3.0,15.0,5.0,2.0,4.0,159.0,39.8,0.0,2.0,2.0,100.0,0.0,33.3,0.0,1.0,1.0,0.0,2.0,0.0,0.0,0.0,1.0,1.0,2.0,2.0,0.0,0.0,0.0,0.0,0.0,3.0,3.0,45.0,31.0,3.0,15.0,6.0,1.0,0.0,31.0,17.0,2.0,10.0,6.0,1.0,1.0,Thursday,993004631,10,22,18751.0,23.0,1,-2.0,0.273,0.0,-0.0483627348222422,0.4929577464788732,0.0486975211629554,-0.507691910713523,0.087366135473264,0.4631578947368421,0.2096066994763939,-0.0367241083491963,20.0,16.7,3.3,263.6666666666667,309.3333333333333,0.333,0.246,0.6,112.0,96.0,3.0,-0.0842250505925743,0.4439890114681899,-0.1656829344959753,-0.1456432197493822,-0.1021965444091283,0.4035087719298245,-0.0919502966433177,-0.1358706417701137,-0.056673763495017,-0.1167962044808724,-16.3,-9.7,-0.39999999999999997,0.8,32.66666666666663,560.0,147.0,765.6666666666666,55.0,279.0,51.0,243.0,-1.0,5.0,-0.013451841380789198,0.1855104491082763
202410715.0,2024-10-20T09:30:00,1,2024,7,JAX,NE,HOME,32.0,16.0,48.0,Wembley Stadium,0.0,22.0,3.0,7.0,0.0,29.0,20.0,33:15,17.0,3.0,14.0,0.0,60.0,278.0,4.6,2.0,20.0,68.0,3.4,0.0,36.0,24.0,210.0,2.0,1.0,5.8,8.8,66.7,88.89,15.0,7.0,46.7,2.0,2.0,100.0,3.0,2.0,0.0,0.0,8.0,43.0,2.0,1.0,4.0,30.0,5.0,3.0,4.0,193.0,48.2,2.0,1.0,-1.0,7.0,3.0,0.0,6.0,0.0,30.0,40.0,26:45,25.0,8.0,14.0,3.0,61.0,373.0,6.1,5.0,29.0,152.0,5.2,1.0,29.0,23.0,221.0,4.0,1.0,7.6,9.6,79.3,123.64,11.0,5.0,45.5,1.0,1.0,100.0,4.0,4.0,0.0,0.0,2.0,10.0,1.0,0.0,3.0,5.0,8.0,4.0,2.0,123.0,61.5,1.0,2.0,1.0,66.7,0.0,100.0,0.0,1.0,1.0,0.0,2.0,0.0,0.0,0.0,1.0,1.0,5.0,5.0,0.0,0.0,0.0,0.0,0.0,1.0,0.0,38.0,25.0,3.0,5.0,2.0,1.0,0.0,42.0,23.0,4.0,30.0,6.0,2.0,1.0,Sunday,993004634,15,21,18759.0,16.0,1,-1.0,0.467,0.0,0.0122995184774098,0.4358974358974359,0.006339214069891,-0.1022597223362775,0.2704153548094967,0.5443037974683544,0.52841125118385,-0.0183696260924191,24.3,31.0,-6.7,362.6666666666667,418.3333333333333,-0.333,0.367,0.2,113.0,178.0,1.0,0.1205058750112993,0.4742465137201979,0.1035199788765091,0.0079125624451867,0.1807360628977417,0.509273426994946,0.3819807804045597,-0.0794436911901225,0.0328738352366677,0.1872047686291807,202410715.0,2024-10-20T09:30:00,1,2024,7,NE,JAX,AWAY,16.0,32.0,48.0,Wembley Stadium,7.0,3.0,0.0,6.0,0.0,29.0,13.0,26:45,17.0,3.0,12.0,2.0,63.0,291.0,4.6,3.0,26.0,82.0,3.2,0.0,33.0,20.0,209.0,3.0,2.0,6.3,10.4,60.6,84.03,13.0,3.0,23.1,2.0,2.0,100.0,1.0,1.0,0.0,0.0,9.0,50.0,3.0,2.0,4.0,34.0,5.0,4.0,6.0,299.0,49.8,4.0,1.0,-3.0,0.0,22.0,3.0,7.0,0.0,30.0,47.0,33:15,20.0,5.0,13.0,2.0,62.0,368.0,5.9,5.0,28.0,192.0,6.9,2.0,32.0,20.0,176.0,3.0,1.0,5.5,8.8,62.5,95.31,11.0,4.0,36.4,0.0,0.0,0.0,3.0,3.0,0.0,0.0,4.0,38.0,1.0,0.0,2.0,16.0,8.0,8.0,4.0,185.0,46.2,1.0,4.0,3.0,100.0,0.0,100.0,0.0,3.0,3.0,0.0,0.0,0.0,0.0,0.0,0.0,0.0,5.0,5.0,0.0,0.0,0.0,0.0,0.0,3.0,2.0,36.0,24.0,2.0,16.0,4.0,0.0,0.0,40.0,27.0,4.0,34.0,6.0,3.0,2.0,Sunday,993004633,21,15,18755.0,-16.0,0,-3.0,0.231,0.0,-0.2213433827643928,0.4534883720930232,-0.226878385232865,-0.3916521353946466,0.1143936631684393,0.4404761904761904,0.1628378248621451,0.1648352262093864,14.7,28.7,-14.0,268.6666666666667,390.3333333333333,-0.667,0.284,0.0,83.0,143.0,1.0,-0.2159430516932927,0.4326957125083739,-0.2933590248788233,-0.2593339350071826,0.0155327885594635,0.4270933744617955,0.1585328671240329,-0.0010243377143703,-0.1683045930487031,0.0456348636759996,7.3,-20.7,0.2,0.2,94.0,631.3333333333334,28.0,808.6666666666666,30.0,196.0,35.0,321.0,0.0,2.0,0.336448926704592,0.1652032743382782
202410723.0,2024-10-20T13:00:00,1,2024,7,NYG,PHI,HOME,3.0,28.0,31.0,MetLife Stadium,0.0,3.0,0.0,0.0,0.0,34.0,7.0,24:40,24.0,11.0,10.0,3.0,74.0,309.0,4.2,1.0,31.0,119.0,3.8,1.0,41.0,22.0,190.0,0.0,1.0,4.6,8.6,53.7,55.95,15.0,5.0,33.3,5.0,3.0,60.0,2.0,1.0,0.0,0.0,2.0,9.0,0.0,0.0,2.0,15.0,7.0,7.0,4.0,187.0,46.8,1.0,1.0,0.0,0.0,14.0,7.0,7.0,0.0,25.0,53.0,35:20,13.0,3.0,10.0,0.0,52.0,304.0,5.8,2.0,20.0,121.0,6.0,2.0,28.0,19.0,183.0,0.0,0.0,6.5,9.6,67.9,85.86,11.0,4.0,36.4,0.0,0.0,0.0,1.0,0.0,0.0,0.0,6.0,67.0,2.0,1.0,4.0,25.0,6.0,3.0,6.0,278.0,46.3,1.0,1.0,0.0,50.0,0.0,0.0,0.0,1.0,1.0,0.0,0.0,0.0,0.0,0.0,2.0,0.0,2.0,2.0,0.0,0.0,0.0,0.0,0.0,1.0,1.0,25.0,32.0,4.0,25.0,2.0,2.0,1.0,40.0,27.0,2.0,15.0,8.0,0.0,0.0,Sunday,993004645,23,26,18748.0,-25.0,0,0.0,0.333,0.0,-0.1323273220736856,0.4725274725274725,-0.1828980897840792,0.1107732516091865,0.01745634439197,0.4615384615384615,0.2344954035808004,-0.4986352440832621,17.0,19.0,-2.0,344.0,310.0,-0.333,0.361,0.4,96.0,121.0,2.0,-0.0406051313716092,0.4647380731718081,0.0474170025762752,-0.1622492768861803,-0.014608689613998,0.4983884073672806,0.1097817341070969,-0.1895251901175748,-0.0354182264427531,-0.0325252133712698,202410723.0,2024-10-20T13:00:00,1,2024,7,PHI,NYG,AWAY,28.0,3.0,31.0,MetLife Stadium,0.0,14.0,7.0,7.0,0.0,28.0,33.0,35:20,19.0,8.0,11.0,0.0,62.0,372.0,6.0,2.0,36.0,116.0,3.2,0.0,25.0,16.0,256.0,2.0,0.0,10.2,16.0,64.0,124.75,14.0,5.0,35.7,2.0,2.0,100.0,1.0,0.0,0.0,0.0,5.0,40.0,1.0,0.0,1.0,8.0,10.0,4.0,3.0,146.0,48.7,0.0,0.0,0.0,0.0,3.0,0.0,0.0,0.0,31.0,27.0,24:40,14.0,6.0,7.0,1.0,53.0,244.0,4.6,1.0,25.0,100.0,4.0,0.0,23.0,16.0,144.0,0.0,0.0,6.3,9.0,69.6,86.14,12.0,3.0,25.0,1.0,1.0,100.0,1.0,0.0,0.0,0.0,7.0,55.0,0.0,0.0,5.0,24.0,2.0,5.0,4.0,223.0,55.8,0.0,0.0,0.0,0.0,0.0,0.0,0.0,2.0,2.0,0.0,0.0,0.0,0.0,0.0,3.0,2.0,1.0,1.0,0.0,0.0,0.0,0.0,0.0,4.0,3.0,36.0,29.0,5.0,24.0,2.0,0.0,0.0,41.0,18.0,1.0,8.0,3.0,0.0,0.0,Sunday,993004643,26,23,18757.0,25.0,1,0.0,0.357,0.0,-0.0121951415177588,0.4556962025316455,0.2747583637089965,0.0871960888052854,-0.0694061404687211,0.4210526315789473,0.0056182812318105,-0.1832378558191062,17.0,20.3,-3.3,353.0,302.6666666666667,-1.0,0.416,0.6,106.0,112.0,3.0,-0.0480922842126151,0.4424498274391518,-0.0177964721335262,0.1917474751273163,-0.0121487354779913,0.4282107019739586,0.1078234963881775,-0.1678684372561992,0.0095879936051286,0.0389421237299029,1.2999999999999998,-5.3,-0.19999999999999996,1.0,-9.0,697.0,7.333333333333314,612.6666666666667,-10.0,202.0,9.0,233.0,-1.0,5.0,0.007487152841005901,-0.0024599541360066993
202410712.0,2024-10-20T13:00:00,1,2024,7,GB,HOU,HOME,24.0,22.0,46.0,Lambeau Field,0.0,14.0,7.0,3.0,0.0,36.0,35.0,28:43,27.0,9.0,15.0,3.0,70.0,437.0,6.2,4.0,38.0,179.0,4.7,0.0,32.0,22.0,258.0,4.0,1.0,8.1,11.7,68.8,119.53,12.0,7.0,58.3,1.0,1.0,100.0,4.0,2.0,0.0,0.0,5.0,40.0,0.0,0.0,0.0,0.0,1.0,2.0,1.0,46.0,46.0,1.0,3.0,2.0,3.0,16.0,0.0,3.0,0.0,23.0,25.0,31:17,16.0,5.0,8.0,3.0,55.0,303.0,5.5,1.0,23.0,89.0,3.9,0.0,32.0,22.0,214.0,1.0,0.0,6.7,9.7,68.8,97.66,10.0,4.0,40.0,0.0,0.0,0.0,3.0,1.0,0.0,0.0,13.0,100.0,3.0,3.0,0.0,0.0,2.0,3.0,4.0,211.0,52.8,3.0,1.0,-2.0,50.0,0.0,33.3,0.0,4.0,4.0,0.0,0.0,0.0,0.0,0.0,3.0,2.0,1.0,1.0,0.0,0.0,0.0,0.0,0.0,2.0,2.0,40.0,13.0,0.0,0.0,2.0,2.0,3.0,42.0,37.0,0.0,0.0,5.0,0.0,0.0,Sunday,993004648,12,13,18754.0,2.0,1,2.0,0.583,0.0,0.157437072091396,0.5384615384615384,0.5308025132291253,-0.0171278962259427,-0.1305823804967733,0.4933333333333333,-0.0606282564740475,-0.2932969766123661,29.0,21.0,8.0,408.3333333333333,349.0,0.667,0.347,0.8,162.0,121.0,4.0,0.0302334391341742,0.4807951904726097,0.1752108224968053,-0.0469828060121667,-0.0680835433560116,0.5105982905982905,0.0471207826070727,-0.1845611736000962,0.0308241752698825,-0.1099427338227666,202410712.0,2024-10-20T13:00:00,1,2024,7,HOU,GB,AWAY,22.0,24.0,46.0,Lambeau Field,3.0,16.0,0.0,3.0,0.0,30.0,47.0,31:17,20.0,5.0,13.0,2.0,62.0,368.0,5.9,5.0,28.0,192.0,6.9,2.0,32.0,20.0,176.0,3.0,1.0,5.5,8.8,62.5,95.31,11.0,4.0,36.4,0.0,0.0,0.0,3.0,3.0,0.0,0.0,4.0,38.0,1.0,0.0,2.0,16.0,8.0,8.0,4.0,185.0,46.2,1.0,4.0,3.0,0.0,14.0,7.0,3.0,0.0,29.0,13.0,28:43,17.0,3.0,12.0,2.0,63.0,291.0,4.6,3.0,26.0,82.0,3.2,0.0,33.0,20.0,209.0,3.0,2.0,6.3,10.4,60.6,84.03,13.0,3.0,23.1,2.0,2.0,100.0,1.0,1.0,0.0,0.0,9.0,50.0,3.0,2.0,4.0,34.0,5.0,4.0,6.0,299.0,49.8,4.0,1.0,-3.0,100.0,0.0,100.0,0.0,5.0,5.0,0.0,0.0,0.0,0.0,0.0,3.0,2.0,3.0,3.0,0.0,0.0,0.0,0.0,0.0,0.0,0.0,40.0,27.0,4.0,34.0,6.0,3.0,2.0,36.0,24.0,2.0,16.0,4.0,0.0,0.0,Sunday,993004647,13,12,18755.0,-2.0,0,3.0,0.364,0.0,0.1143936631684393,0.4404761904761904,0.1628378248621451,0.1648352262093864,-0.2213433827643928,0.4534883720930232,-0.226878385232865,-0.3916521353946466,29.3,20.3,9.0,409.3333333333333,293.3333333333333,0.0,0.467,0.8,143.0,135.0,5.0,0.0619216725240666,0.4548229548229548,0.2127982757499847,-0.2055443203539147,-0.0441605249678299,0.4266227821396941,-0.073544540477825,-0.1631024893792567,-0.0274959661934954,-0.0284843558801225,-1.0,17.0,0.0,1.6,-1.0,817.6666666666666,55.666666666666686,642.3333333333333,19.0,305.0,-14.0,256.0,-1.0,9.0,-0.0316882333898924,-0.023923018388181706
202410714.0,2024-10-20T13:00:00,1,2024,7,IND,MIA,HOME,16.0,10.0,26.0,Lucas Oil Stadium,0.0,3.0,7.0,6.0,0.0,29.0,28.0,28:49,20.0,4.0,11.0,5.0,66.0,269.0,4.1,2.0,28.0,80.0,2.9,0.0,38.0,22.0,189.0,2.0,1.0,5.0,8.6,57.9,77.63,15.0,7.0,46.7,1.0,1.0,100.0,3.0,1.0,0.0,0.0,5.0,40.0,0.0,0.0,0.0,0.0,4.0,2.0,5.0,271.0,54.2,1.0,1.0,0.0,7.0,3.0,0.0,0.0,0.0,30.0,32.0,31:11,16.0,7.0,7.0,2.0,55.0,241.0,4.4,2.0,28.0,146.0,5.2,1.0,27.0,16.0,95.0,1.0,1.0,3.5,5.9,59.3,63.04,11.0,4.0,36.4,1.0,1.0,100.0,2.0,2.0,0.0,0.0,11.0,113.0,1.0,0.0,0.0,0.0,2.0,6.0,5.0,289.0,57.8,1.0,1.0,0.0,33.3,0.0,100.0,0.0,2.0,2.0,0.0,0.0,0.0,0.0,0.0,2.0,2.0,2.0,2.0,0.0,0.0,0.0,0.0,0.0,1.0,1.0,42.0,16.0,0.0,0.0,7.0,1.0,0.0,42.0,20.0,0.0,0.0,3.0,0.0,0.0,Sunday,993004646,14,19,18758.0,6.0,1,0.0,0.467,0.0,0.0236001940575206,0.4285714285714285,0.1884510911218547,-0.2624172150841964,-0.0295641598897373,0.4078947368421052,-0.1381046925242431,0.1283142148503639,27.0,26.0,1.0,358.0,380.6666666666667,1.0,0.5,0.6,139.0,139.0,3.0,0.0736736666359491,0.4621342512908777,0.2944482198944396,-0.0958357091253339,0.0623062074087145,0.483952528379773,0.1028545491858159,0.0066000353907844,-0.0001727513464366,0.0127537825685093,202410714.0,2024-10-20T13:00:00,1,2024,7,MIA,IND,AWAY,10.0,16.0,26.0,Lucas Oil Stadium,7.0,3.0,0.0,0.0,0.0,34.0,20.0,31:11,24.0,10.0,10.0,4.0,75.0,372.0,5.0,1.0,41.0,193.0,4.7,1.0,31.0,18.0,179.0,0.0,1.0,5.8,9.9,58.1,61.09,11.0,2.0,18.2,1.0,0.0,0.0,2.0,1.0,0.0,0.0,6.0,54.0,3.0,1.0,3.0,15.0,9.0,5.0,2.0,88.0,44.0,2.0,0.0,-2.0,0.0,3.0,7.0,6.0,0.0,25.0,40.0,28:49,15.0,5.0,8.0,2.0,55.0,299.0,5.4,1.0,19.0,151.0,7.9,1.0,34.0,18.0,148.0,0.0,0.0,4.4,8.2,52.9,64.34,13.0,4.0,30.8,1.0,0.0,0.0,2.0,0.0,0.0,0.0,12.0,105.0,0.0,0.0,2.0,12.0,5.0,5.0,6.0,310.0,51.7,0.0,2.0,2.0,50.0,0.0,0.0,0.0,0.0,0.0,0.0,2.0,0.0,0.0,0.0,4.0,3.0,1.0,1.0,0.0,0.0,0.0,0.0,0.0,2.0,1.0,33.0,21.0,2.0,12.0,6.0,0.0,0.0,47.0,35.0,3.0,15.0,5.0,1.0,1.0,Sunday,993004644,19,14,18743.0,-6.0,0,-2.0,0.182,0.0,-0.0464245559224541,0.4065934065934066,0.0242939791334013,-0.0855632634789799,-0.1645126219440432,0.4125,-0.2690595054491551,0.1257172933261826,10.0,21.7,-11.7,253.66666666666663,304.3333333333333,0.0,0.144,0.4,60.0,113.0,2.0,-0.2270726976118394,0.3652357768813465,-0.2373077415432888,-0.3479152219039566,-0.0645737661407039,0.4162753900500441,-0.1588126206665695,0.0133954730065059,-0.1846056663669434,-0.0244316529996748,12.7,-10.7,0.19999999999999996,1.0,104.33333333333337,611.6666666666666,76.33333333333337,685.0,79.0,199.0,26.0,252.0,1.0,5.0,0.3007463642477885,0.1268799735494184
202410720.0,2024-10-20T13:00:00,1,2024,7,MIN,DET,HOME,29.0,31.0,60.0,U.S. Bank Stadium,10.0,0.0,7.0,12.0,0.0,30.0,37.0,30:57,17.0,4.0,8.0,5.0,66.0,253.0,3.8,2.0,30.0,82.0,2.7,1.0,32.0,15.0,171.0,0.0,1.0,5.3,11.4,46.9,50.39,13.0,4.0,30.8,1.0,0.0,0.0,1.0,1.0,0.0,0.0,11.0,80.0,2.0,1.0,4.0,32.0,11.0,4.0,4.0,185.0,46.2,2.0,3.0,1.0,0.0,21.0,7.0,3.0,0.0,29.0,23.0,29:03,17.0,2.0,13.0,2.0,71.0,254.0,3.6,2.0,14.0,36.0,2.6,0.0,54.0,29.0,218.0,2.0,3.0,4.0,7.5,53.7,52.85,17.0,5.0,29.4,1.0,0.0,0.0,3.0,2.0,0.0,0.0,8.0,76.0,1.0,0.0,3.0,26.0,7.0,6.0,6.0,295.0,49.2,3.0,2.0,-1.0,100.0,0.0,66.7,0.0,2.0,2.0,0.0,0.0,0.0,0.0,0.0,3.0,3.0,2.0,2.0,0.0,0.0,0.0,0.0,0.0,1.0,1.0,41.0,15.0,3.0,26.0,9.0,1.0,0.0,41.0,16.0,4.0,32.0,6.0,0.0,1.0,Sunday,993004636,20,11,18745.0,-2.0,0,1.0,0.308,0.0,-0.0708574089648607,0.4347826086956521,-0.0198930751989012,-0.360741913089961,-0.1619018121832578,0.4555555555555555,-0.2540796370531275,-0.5479411870848188,29.3,17.7,11.7,300.3333333333333,338.3333333333333,1.333,0.378,1.0,139.0,76.0,5.0,0.0165314801945173,0.4761511649238671,0.1555779009653567,-0.2095912722067329,-0.1657236920500345,0.4183768164263288,-0.1828225486797848,-0.3300161129076616,0.0180945070467638,-0.1729653053754238,202410720.0,2024-10-20T13:00:00,1,2024,7,DET,MIN,AWAY,31.0,29.0,60.0,U.S. Bank Stadium,0.0,21.0,7.0,3.0,0.0,34.0,43.0,29:03,27.0,12.0,14.0,1.0,66.0,492.0,7.5,5.0,36.0,184.0,5.1,2.0,27.0,19.0,308.0,3.0,0.0,11.4,16.2,70.4,145.29,10.0,4.0,40.0,2.0,1.0,50.0,5.0,3.0,0.0,0.0,8.0,63.0,1.0,0.0,3.0,26.0,11.0,5.0,0.0,0.0,0.0,0.0,5.0,5.0,10.0,0.0,7.0,12.0,0.0,25.0,17.0,30:57,16.0,2.0,10.0,4.0,65.0,251.0,3.9,0.0,17.0,53.0,3.1,0.0,44.0,25.0,198.0,0.0,3.0,4.5,7.9,56.8,39.77,13.0,3.0,23.1,4.0,1.0,25.0,3.0,0.0,0.0,0.0,4.0,30.0,2.0,2.0,4.0,26.0,7.0,4.0,2.0,93.0,46.5,5.0,0.0,-5.0,60.0,0.0,0.0,0.0,5.0,5.0,0.0,0.0,0.0,0.0,0.0,4.0,4.0,0.0,0.0,0.0,0.0,0.0,0.0,0.0,3.0,3.0,37.0,21.0,4.0,26.0,10.0,2.0,2.0,41.0,27.0,3.0,26.0,2.0,1.0,0.0,Sunday,993004635,11,20,18750.0,2.0,1,5.0,0.4,0.0,0.3009704890133416,0.5058823529411764,0.4167276217744523,0.2580517181459072,-0.2744935855310519,0.4352941176470588,-0.536165700991895,-0.1424703977791068,36.3,17.0,19.3,418.0,348.0,2.333,0.467,0.8,151.0,91.0,4.0,0.2084740150545758,0.5362745098039216,0.4752346532879071,0.0856714052837933,-0.1099928631983579,0.4769602752835298,-0.1520819655806333,-0.138299496973324,0.1274387399082256,-0.0591661974239221,-7.600000000000001,31.0,0.19999999999999996,1.8,-117.66666666666669,718.3333333333333,-9.666666666666686,686.3333333333333,-12.0,290.0,-15.0,167.0,1.0,9.0,-0.1919425348600585,-0.055730828851676614
202410704.0,2024-10-20T13:00:00,1,2024,7,BUF,TEN,HOME,34.0,10.0,44.0,Highmark Stadium,0.0,7.0,10.0,17.0,0.0,29.0,34.0,27:14,24.0,10.0,10.0,4.0,60.0,359.0,6.0,3.0,33.0,149.0,4.5,1.0,25.0,19.0,210.0,2.0,0.0,8.4,11.1,76.0,127.08,11.0,5.0,45.5,0.0,0.0,0.0,4.0,3.0,0.0,0.0,11.0,94.0,1.0,0.0,2.0,5.0,5.0,5.0,3.0,159.0,53.0,0.0,1.0,1.0,3.0,7.0,0.0,0.0,0.0,30.0,26.0,32:46,20.0,5.0,12.0,3.0,59.0,393.0,6.7,2.0,21.0,121.0,5.8,0.0,35.0,23.0,272.0,2.0,1.0,7.8,11.8,65.7,96.37,12.0,4.0,33.3,0.0,0.0,0.0,4.0,1.0,0.0,0.0,11.0,110.0,1.0,0.0,3.0,22.0,2.0,2.0,2.0,96.0,48.0,1.0,0.0,-1.0,75.0,0.0,25.0,0.0,3.0,2.0,0.0,0.0,0.0,0.0,0.0,2.0,1.0,2.0,2.0,0.0,0.0,0.0,0.0,0.0,4.0,2.0,40.0,20.0,3.0,22.0,8.0,1.0,0.0,40.0,26.0,2.0,5.0,2.0,1.0,0.0,Sunday,993004638,4,34,18747.0,24.0,1,1.0,0.455,0.0,0.1278833430918826,0.5116279069767442,0.3348414151675472,0.1927762922257118,0.074150420719833,0.4430379746835443,0.2997210962823629,-0.0707844988739287,17.7,26.0,-8.3,290.3333333333333,415.0,1.0,0.3,0.6,165.0,126.0,4.0,-0.0152315000287533,0.4240728025395309,0.0214786576491211,0.0474500089637842,0.0851598922636032,0.4750602772754671,0.2920382642372461,-0.1212350155083024,0.0827130428945226,-0.0285323408783661,202410704.0,2024-10-20T13:00:00,1,2024,7,TEN,BUF,AWAY,10.0,34.0,44.0,Highmark Stadium,3.0,7.0,0.0,0.0,0.0,30.0,32.0,32:46,16.0,7.0,7.0,2.0,55.0,241.0,4.4,2.0,28.0,146.0,5.2,1.0,27.0,16.0,95.0,1.0,1.0,3.5,5.9,59.3,63.04,11.0,4.0,36.4,1.0,1.0,100.0,2.0,2.0,0.0,0.0,11.0,113.0,1.0,0.0,0.0,0.0,2.0,6.0,5.0,289.0,57.8,1.0,1.0,0.0,0.0,7.0,10.0,17.0,0.0,29.0,28.0,27:14,20.0,4.0,11.0,5.0,66.0,269.0,4.1,2.0,28.0,80.0,2.9,0.0,38.0,22.0,189.0,2.0,1.0,5.0,8.6,57.9,77.63,15.0,7.0,46.7,1.0,1.0,100.0,3.0,1.0,0.0,0.0,5.0,40.0,0.0,0.0,0.0,0.0,4.0,2.0,5.0,271.0,54.2,1.0,1.0,0.0,100.0,0.0,33.3,0.0,2.0,2.0,0.0,0.0,0.0,0.0,0.0,1.0,1.0,2.0,2.0,0.0,0.0,0.0,0.0,0.0,2.0,2.0,42.0,20.0,0.0,0.0,3.0,0.0,0.0,42.0,16.0,0.0,0.0,7.0,1.0,0.0,Sunday,993004637,34,4,18758.0,-24.0,0,0.0,0.364,0.0,-0.0295641598897373,0.4078947368421052,-0.1381046925242431,0.1283142148503639,0.0236001940575206,0.4285714285714285,0.1884510911218547,-0.2624172150841964,20.7,20.7,0.0,240.66666666666663,277.0,-1.0,0.288,0.2,96.0,110.0,1.0,-0.0783421441793319,0.4421664626682986,-0.229672528942795,-0.0206189689432439,-0.0609165455749202,0.3986596119929453,0.0335846782733963,-0.2798025544760278,-0.1159423333623827,-0.0594802788890699,-8.3,-8.3,0.39999999999999997,0.8,49.666666666666686,531.0,138.0,692.0,69.0,261.0,16.0,236.0,3.0,5.0,0.0631106441505786,0.1460764378385234
202410702.0,2024-10-20T13:00:00,1,2024,7,ATL,SEA,HOME,14.0,34.0,48.0,Mercedes-Benz Stadium,0.0,7.0,7.0,0.0,0.0,30.0,40.0,31:08,25.0,13.0,11.0,1.0,68.0,423.0,6.2,4.0,38.0,198.0,5.2,3.0,30.0,19.0,225.0,1.0,0.0,7.5,11.8,63.3,97.22,12.0,6.0,50.0,0.0,0.0,0.0,8.0,4.0,0.0,0.0,5.0,45.0,1.0,1.0,0.0,0.0,3.0,4.0,1.0,52.0,52.0,1.0,2.0,1.0,3.0,14.0,7.0,10.0,0.0,29.0,20.0,28:52,21.0,8.0,12.0,1.0,62.0,335.0,5.4,2.0,24.0,114.0,4.8,0.0,38.0,26.0,221.0,2.0,2.0,5.8,8.5,68.4,78.95,11.0,5.0,45.5,1.0,0.0,0.0,3.0,2.0,0.0,0.0,10.0,74.0,2.0,0.0,0.0,0.0,3.0,0.0,3.0,120.0,40.0,2.0,1.0,-1.0,50.0,0.0,66.7,0.0,3.0,3.0,0.0,0.0,0.0,1.0,1.0,3.0,3.0,2.0,2.0,0.0,0.0,0.0,0.0,0.0,2.0,2.0,36.0,24.0,0.0,0.0,5.0,2.0,0.0,40.0,25.0,0.0,0.0,6.0,1.0,1.0,Sunday,993004640,2,30,18749.0,-20.0,0,1.0,0.5,0.0,0.2014354621628281,0.5365853658536586,0.2900411717235685,0.3206250395651275,-0.0879807435913391,0.4534883720930232,-0.0956798879341276,-0.068333494302351,33.3,24.7,8.7,429.3333333333333,344.6666666666667,0.667,0.431,0.8,149.0,135.0,4.0,0.1419496667273773,0.4886100186878455,0.1842629552739219,0.0513334850546615,0.0538849768634172,0.5074035648488963,0.0643363311723144,-0.0214421775017819,0.1118185708613196,0.0672057375662163,202410702.0,2024-10-20T13:00:00,1,2024,7,SEA,ATL,AWAY,34.0,14.0,48.0,Mercedes-Benz Stadium,3.0,14.0,7.0,10.0,0.0,26.0,57.0,28:52,22.0,3.0,18.0,1.0,73.0,358.0,4.9,3.0,20.0,52.0,2.6,1.0,52.0,30.0,306.0,1.0,2.0,5.9,10.2,57.7,65.06,16.0,7.0,43.8,3.0,2.0,66.7,3.0,2.0,0.0,0.0,9.0,69.0,2.0,1.0,1.0,6.0,4.0,4.0,4.0,216.0,54.0,3.0,0.0,-3.0,0.0,7.0,7.0,0.0,0.0,33.0,3.0,31:08,21.0,9.0,10.0,2.0,61.0,483.0,7.9,4.0,33.0,228.0,6.9,1.0,28.0,18.0,255.0,3.0,0.0,9.1,14.2,64.3,129.32,12.0,5.0,41.7,0.0,0.0,0.0,5.0,3.0,0.0,0.0,5.0,34.0,0.0,0.0,0.0,0.0,5.0,3.0,4.0,173.0,43.2,0.0,3.0,3.0,66.7,0.0,60.0,0.0,3.0,3.0,0.0,0.0,0.0,0.0,0.0,1.0,1.0,3.0,3.0,0.0,1.0,0.0,0.0,0.0,3.0,3.0,43.0,20.0,0.0,0.0,4.0,0.0,0.0,40.0,22.0,1.0,6.0,8.0,2.0,1.0,Sunday,993004639,30,2,18760.0,20.0,1,-3.0,0.438,0.0,0.0290932902400654,0.4536082474226804,0.0702182364618246,-0.1730692699493374,0.2575400902814634,0.524390243902439,0.3913810618423551,0.1930161179977529,24.3,35.7,-11.3,402.3333333333333,430.6666666666667,-1.667,0.403,0.4,146.0,150.0,3.0,-0.0204313778841559,0.4964909111346629,0.0151767730345188,0.0399138071967702,0.1938463150727124,0.5326398852223816,0.4638831204368879,0.0012879425052592,-0.0142454990927298,0.048419191043274,20.0,-2.6000000000000014,0.4,1.2000000000000002,27.0,831.6666666666666,-86.0,775.3333333333334,3.0,295.0,-15.0,285.0,1.0,7.0,0.1623810446115332,-0.1399613382092952
202410708.0,2024-10-20T13:00:00,1,2024,7,CLE,CIN,HOME,14.0,21.0,35.0,Huntington Bank Field,0.0,6.0,0.0,8.0,0.0,31.0,27.0,34:29,14.0,6.0,7.0,1.0,53.0,244.0,4.6,1.0,25.0,100.0,4.0,0.0,23.0,16.0,144.0,0.0,0.0,6.3,9.0,69.6,86.14,12.0,3.0,25.0,1.0,1.0,100.0,1.0,0.0,0.0,0.0,7.0,55.0,0.0,0.0,5.0,24.0,2.0,5.0,4.0,223.0,55.8,0.0,0.0,0.0,7.0,0.0,14.0,0.0,0.0,28.0,33.0,25:31,19.0,8.0,11.0,0.0,62.0,372.0,6.0,2.0,36.0,116.0,3.2,0.0,25.0,16.0,256.0,2.0,0.0,10.2,16.0,64.0,124.75,14.0,5.0,35.7,2.0,2.0,100.0,1.0,0.0,0.0,0.0,5.0,40.0,1.0,0.0,1.0,8.0,10.0,4.0,3.0,146.0,48.7,0.0,0.0,0.0,0.0,0.0,0.0,0.0,1.0,1.0,0.0,0.0,0.0,0.0,0.0,4.0,3.0,2.0,2.0,0.0,0.0,0.0,0.0,0.0,3.0,2.0,41.0,18.0,1.0,8.0,3.0,0.0,0.0,36.0,29.0,5.0,24.0,2.0,0.0,0.0,Sunday,993004642,8,7,18757.0,-7.0,0,0.0,0.25,0.0,-0.0694061404687211,0.4210526315789473,0.0056182812318105,-0.1832378558191062,-0.0121951415177588,0.4556962025316455,0.2747583637089965,0.0871960888052854,15.0,24.7,-9.7,232.33333333333337,358.0,0.333,0.209,0.2,95.0,141.0,1.0,-0.1245129866545883,0.3968019762691213,-0.1903039533096738,-0.0798966460019627,-0.0129506189336609,0.4286467016568899,0.1103459232901057,-0.0373306754238885,-0.1154658296544674,-0.0437029433188113,202410708.0,2024-10-20T13:00:00,1,2024,7,CIN,CLE,AWAY,21.0,14.0,35.0,Huntington Bank Field,7.0,0.0,14.0,0.0,0.0,25.0,53.0,25:31,13.0,3.0,10.0,0.0,52.0,304.0,5.8,2.0,20.0,121.0,6.0,2.0,28.0,19.0,183.0,0.0,0.0,6.5,9.6,67.9,85.86,11.0,4.0,36.4,0.0,0.0,0.0,1.0,0.0,0.0,0.0,6.0,67.0,2.0,1.0,4.0,25.0,6.0,3.0,6.0,278.0,46.3,1.0,1.0,0.0,0.0,6.0,0.0,8.0,0.0,34.0,7.0,34:29,24.0,11.0,10.0,3.0,74.0,309.0,4.2,1.0,31.0,119.0,3.8,1.0,41.0,22.0,190.0,0.0,1.0,4.6,8.6,53.7,55.95,15.0,5.0,33.3,5.0,3.0,60.0,2.0,1.0,0.0,0.0,2.0,9.0,0.0,0.0,2.0,15.0,7.0,7.0,4.0,187.0,46.8,1.0,1.0,0.0,0.0,0.0,50.0,0.0,2.0,2.0,0.0,0.0,0.0,0.0,0.0,1.0,1.0,1.0,1.0,0.0,0.0,0.0,0.0,0.0,2.0,0.0,40.0,27.0,2.0,15.0,8.0,0.0,0.0,25.0,32.0,4.0,25.0,2.0,2.0,1.0,Sunday,993004641,7,8,18748.0,7.0,1,0.0,0.364,0.0,0.01745634439197,0.4615384615384615,0.2344954035808004,-0.4986352440832621,-0.1323273220736856,0.4725274725274725,-0.1828980897840792,0.1107732516091865,29.7,24.0,5.7,373.0,401.3333333333333,0.0,0.491,0.4,157.0,152.0,2.0,0.1364773683697429,0.4833399532194713,0.3528338520727491,-0.2475121452440642,0.054406367609767,0.5302455963073023,0.0869573469695437,0.0557021490992317,0.1529246385657915,0.116558681430773,-15.399999999999999,-3.999999999999999,-0.2,0.6000000000000001,-140.66666666666663,605.3333333333334,-43.333333333333314,759.3333333333333,-62.0,252.0,-11.0,293.0,-1.0,3.0,-0.2609903550243312,-0.0673569865434279
202410735.0,2024-10-20T16:05:00,1,2024,7,WAS,CAR,HOME,40.0,7.0,47.0,Northwest Stadium,10.0,17.0,10.0,3.0,0.0,23.0,52.0,35:05,18.0,1.0,16.0,1.0,56.0,305.0,5.4,2.0,18.0,52.0,2.9,0.0,35.0,24.0,253.0,2.0,0.0,7.2,10.5,68.6,108.39,12.0,4.0,33.3,1.0,1.0,100.0,3.0,2.0,0.0,0.0,6.0,46.0,0.0,0.0,3.0,16.0,4.0,5.0,3.0,127.0,42.3,0.0,1.0,1.0,0.0,0.0,0.0,7.0,0.0,36.0,8.0,24:55,28.0,9.0,16.0,3.0,65.0,484.0,7.4,3.0,37.0,176.0,4.8,2.0,26.0,20.0,308.0,1.0,1.0,11.8,15.4,76.9,112.34,10.0,6.0,60.0,0.0,0.0,0.0,4.0,3.0,0.0,0.0,3.0,33.0,1.0,0.0,2.0,15.0,8.0,4.0,1.0,50.0,50.0,1.0,0.0,-1.0,66.7,0.0,75.0,0.0,2.0,2.0,0.0,0.0,0.0,0.0,0.0,4.0,3.0,3.0,3.0,0.0,0.0,0.0,0.0,0.0,3.0,3.0,42.0,27.0,2.0,15.0,3.0,0.0,0.0,38.0,15.0,3.0,16.0,5.0,0.0,0.0,Sunday,993004650,35,5,18753.0,33.0,1,1.0,0.333,0.0,0.1436894180171943,0.5128205128205128,0.3012664380975404,-0.3998222709963253,0.1850826603352602,0.5421686746987951,0.4642866210669364,0.0003773246179368,33.0,19.0,14.0,396.0,330.6666666666667,0.0,0.518,0.8,178.0,145.0,4.0,0.1885578552334632,0.5034024241341314,0.2892617189131249,-0.0015498043974505,-0.0219496718091449,0.4760501956144993,-0.0594506008894927,-0.0147039671627589,0.2248644611158067,0.0648530021955849,202410735.0,2024-10-20T16:05:00,1,2024,7,CAR,WAS,AWAY,7.0,40.0,47.0,Northwest Stadium,0.0,0.0,0.0,7.0,0.0,29.0,20.0,24:55,21.0,8.0,12.0,1.0,62.0,335.0,5.4,2.0,24.0,114.0,4.8,0.0,38.0,26.0,221.0,2.0,2.0,5.8,8.5,68.4,78.95,11.0,5.0,45.5,1.0,0.0,0.0,3.0,2.0,0.0,0.0,10.0,74.0,2.0,0.0,0.0,0.0,3.0,0.0,3.0,120.0,40.0,2.0,1.0,-1.0,10.0,17.0,10.0,3.0,0.0,30.0,40.0,35:05,25.0,13.0,11.0,1.0,68.0,423.0,6.2,4.0,38.0,198.0,5.2,3.0,30.0,19.0,225.0,1.0,0.0,7.5,11.8,63.3,97.22,12.0,6.0,50.0,0.0,0.0,0.0,8.0,4.0,0.0,0.0,5.0,45.0,1.0,1.0,0.0,0.0,3.0,4.0,1.0,52.0,52.0,1.0,2.0,1.0,66.7,0.0,50.0,0.0,2.0,2.0,0.0,0.0,0.0,0.0,0.0,2.0,2.0,3.0,3.0,0.0,0.0,0.0,1.0,1.0,3.0,3.0,40.0,25.0,0.0,0.0,6.0,1.0,1.0,36.0,24.0,0.0,0.0,5.0,2.0,0.0,Sunday,993004649,5,35,18749.0,-33.0,0,-1.0,0.455,0.0,-0.0879807435913391,0.4534883720930232,-0.0956798879341276,-0.068333494302351,0.2014354621628281,0.5365853658536586,0.2900411717235685,0.3206250395651275,18.0,36.0,-18.0,334.0,406.6666666666667,-1.333,0.402,0.2,103.0,203.0,1.0,-0.0795695726586665,0.4677588786186262,-0.1699949934275875,0.083120322635792,0.1800279415227238,0.4933331572384358,0.3347676725844629,0.0679577227701832,-0.0917577966987156,0.1039017021680257,32.0,-4.0,0.6000000000000001,1.0,62.0,730.0,-76.0,737.3333333333334,75.0,281.0,-58.0,348.0,3.0,5.0,0.2681274278921297,-0.2019776133318687
202410732.0,2024-10-20T16:05:00,1,2024,7,LAR,LV,HOME,20.0,15.0,35.0,SoFi Stadium,0.0,14.0,6.0,0.0,0.0,32.0,41.0,26:12,24.0,12.0,11.0,1.0,76.0,370.0,4.9,3.0,28.0,134.0,4.8,1.0,45.0,29.0,236.0,1.0,1.0,5.2,8.1,64.4,75.79,16.0,8.0,50.0,4.0,2.0,50.0,3.0,2.0,0.0,0.0,5.0,30.0,1.0,1.0,3.0,24.0,3.0,4.0,3.0,129.0,43.0,2.0,1.0,-1.0,0.0,6.0,3.0,6.0,0.0,27.0,19.0,33:48,19.0,9.0,8.0,2.0,58.0,323.0,5.6,3.0,30.0,126.0,4.2,1.0,26.0,15.0,197.0,2.0,1.0,7.6,13.1,57.7,91.35,8.0,1.0,12.5,0.0,0.0,0.0,3.0,2.0,0.0,0.0,6.0,34.0,1.0,0.0,2.0,27.0,10.0,4.0,5.0,186.0,37.2,1.0,2.0,1.0,66.7,0.0,66.7,0.0,2.0,1.0,1.0,1.0,0.0,0.0,0.0,0.0,0.0,3.0,3.0,0.0,0.0,0.0,0.0,0.0,1.0,1.0,35.0,25.0,2.0,27.0,4.0,1.0,0.0,39.0,42.0,3.0,24.0,5.0,1.0,1.0,Sunday,993004652,32,25,18735.0,5.0,1,-1.0,0.5,0.0,-0.0741886302726317,0.5384615384615384,-0.1469863642788758,0.0508898492227147,0.0066157089246228,0.4415584415584415,0.0886341088319004,-0.0228330508107319,21.3,24.0,-2.7,329.3333333333333,337.3333333333333,-0.667,0.457,0.2,94.0,139.0,1.0,0.0427591647625099,0.5215924426450742,0.0097514299759444,0.1240733941287946,0.0668832612984057,0.4949488420076656,0.2095231935511009,-0.0102743658430067,0.0073846056244949,0.1231308388700208,202410732.0,2024-10-20T16:05:00,1,2024,7,LV,LAR,AWAY,15.0,20.0,35.0,SoFi Stadium,0.0,6.0,3.0,6.0,0.0,28.0,9.0,33:48,16.0,5.0,11.0,0.0,60.0,275.0,4.6,2.0,19.0,57.0,3.0,1.0,40.0,27.0,218.0,1.0,1.0,5.4,8.1,67.5,78.96,11.0,2.0,18.2,3.0,1.0,33.3,3.0,2.0,0.0,0.0,4.0,42.0,3.0,2.0,1.0,9.0,6.0,8.0,3.0,170.0,56.7,3.0,0.0,-3.0,0.0,14.0,6.0,0.0,0.0,31.0,51.0,26:12,18.0,10.0,6.0,2.0,62.0,293.0,4.7,3.0,35.0,183.0,5.2,3.0,24.0,14.0,110.0,0.0,0.0,4.6,7.9,58.3,69.79,13.0,4.0,30.8,1.0,1.0,100.0,4.0,2.0,0.0,0.0,7.0,50.0,1.0,0.0,3.0,35.0,3.0,7.0,3.0,137.0,45.7,0.0,3.0,3.0,66.7,0.0,50.0,0.0,1.0,1.0,0.0,2.0,0.0,0.0,0.0,0.0,0.0,2.0,2.0,0.0,2.0,0.0,0.0,0.0,4.0,4.0,34.0,41.0,3.0,35.0,4.0,0.0,0.0,40.0,18.0,1.0,9.0,5.0,2.0,2.0,Sunday,993004651,25,32,18752.0,-5.0,0,-3.0,0.182,0.0,-0.2694837115767106,0.4675324675324675,-0.1238624319246949,-0.582400662750986,0.0839182787401046,0.4457831325301205,0.1490330860125649,-0.0308660134294768,17.0,27.3,-10.3,291.0,274.3333333333333,-2.0,0.327,0.4,109.0,163.0,2.0,-0.1725967251081991,0.4358441558441558,-0.15548968531687,-0.2883347774012619,0.0006971416249562,0.4378772139322802,-0.0162302815772347,0.0148204893727476,-0.1126289486288012,0.0261552191739336,7.6000000000000005,-13.0,-0.2,0.6000000000000001,38.333333333333314,620.3333333333333,63.0,611.6666666666666,-15.0,203.0,-24.0,302.0,-1.0,3.0,0.215355889870709,0.0661861196734495
202410731.0,2024-10-20T16:25:00,1,2024,7,SF,KC,HOME,18.0,28.0,46.0,Levi's Stadium,3.0,3.0,6.0,6.0,0.0,33.0,3.0,24:56,21.0,9.0,10.0,2.0,61.0,483.0,7.9,4.0,33.0,228.0,6.9,1.0,28.0,18.0,255.0,3.0,0.0,9.1,14.2,64.3,129.32,12.0,5.0,41.7,0.0,0.0,0.0,5.0,3.0,0.0,0.0,5.0,34.0,0.0,0.0,0.0,0.0,5.0,3.0,4.0,173.0,43.2,0.0,3.0,3.0,0.0,14.0,0.0,14.0,0.0,26.0,57.0,35:04,22.0,3.0,18.0,1.0,73.0,358.0,4.9,3.0,20.0,52.0,2.6,1.0,52.0,30.0,306.0,1.0,2.0,5.9,10.2,57.7,65.06,16.0,7.0,43.8,3.0,2.0,66.7,3.0,2.0,0.0,0.0,9.0,69.0,2.0,1.0,1.0,6.0,4.0,4.0,4.0,216.0,54.0,3.0,0.0,-3.0,60.0,0.0,66.7,0.0,3.0,3.0,0.0,1.0,0.0,0.0,0.0,3.0,3.0,3.0,3.0,0.0,0.0,0.0,0.0,0.0,1.0,1.0,40.0,22.0,1.0,6.0,8.0,2.0,1.0,43.0,20.0,0.0,0.0,4.0,0.0,0.0,Sunday,993004654,31,16,18760.0,-10.0,0,3.0,0.417,0.0,0.2575400902814634,0.524390243902439,0.3913810618423551,0.1930161179977529,0.0290932902400654,0.4536082474226804,0.0702182364618246,-0.1730692699493374,29.7,20.3,9.3,432.6666666666667,310.6666666666667,0.667,0.5,0.4,162.0,130.0,3.0,0.0635017848770608,0.479706750245903,0.2408211582916341,-0.054136093689713,-0.071510815035734,0.4619023376182596,-0.1065759771625453,-0.1253100225841449,0.0388811190457803,-0.0217698086507325,202410731.0,2024-10-20T16:25:00,1,2024,7,KC,SF,AWAY,28.0,18.0,46.0,Levi's Stadium,0.0,14.0,0.0,14.0,0.0,39.0,56.0,35:04,28.0,11.0,15.0,2.0,80.0,460.0,5.8,2.0,39.0,139.0,3.6,2.0,39.0,28.0,321.0,0.0,1.0,8.2,11.5,71.8,85.52,14.0,6.0,42.9,1.0,1.0,100.0,7.0,2.0,0.0,0.0,6.0,55.0,1.0,0.0,2.0,10.0,9.0,3.0,1.0,56.0,56.0,1.0,1.0,0.0,3.0,3.0,6.0,6.0,0.0,20.0,4.0,24:56,14.0,1.0,11.0,2.0,51.0,220.0,4.3,2.0,15.0,46.0,3.1,0.0,35.0,20.0,174.0,2.0,1.0,5.0,8.7,57.1,77.56,10.0,4.0,40.0,2.0,0.0,0.0,1.0,1.0,0.0,0.0,5.0,70.0,0.0,0.0,1.0,8.0,6.0,4.0,4.0,199.0,49.8,1.0,1.0,0.0,28.6,0.0,100.0,0.0,2.0,2.0,0.0,0.0,0.0,0.0,0.0,5.0,4.0,2.0,1.0,0.0,0.0,0.0,0.0,0.0,0.0,0.0,27.0,20.0,1.0,8.0,4.0,0.0,0.0,50.0,37.0,2.0,10.0,2.0,1.0,0.0,Sunday,993004653,16,31,18733.0,10.0,1,0.0,0.429,0.0,0.094279379749828,0.5670103092783505,0.179348610508567,0.0847025699269008,-0.0863882905720794,0.3768115942028985,-0.0849205347566077,-0.1302917906307681,21.7,13.3,8.3,378.0,251.66666666666663,-0.667,0.473,1.0,118.0,85.0,5.0,0.0252976694571939,0.536129873207726,0.0741870779223788,-0.0092452505851686,-0.1043214113115315,0.3857793033307907,-0.0027715626604759,-0.3023623900621167,0.0387727260177847,-0.0474472571604632,1.0,17.6,-0.6,1.4,54.666666666666686,810.6666666666667,59.00000000000006,562.3333333333333,44.0,280.0,45.0,215.0,-2.0,8.0,0.0382041154198669,0.03281059627579749
202410728.0,2024-10-20T20:20:00,1,2024,7,PIT,NYJ,HOME,37.0,15.0,52.0,Acrisure Stadium,3.0,10.0,10.0,14.0,0.0,31.0,51.0,32:09,18.0,10.0,6.0,2.0,62.0,293.0,4.7,3.0,35.0,183.0,5.2,3.0,24.0,14.0,110.0,0.0,0.0,4.6,7.9,58.3,69.79,13.0,4.0,30.8,1.0,1.0,100.0,4.0,2.0,0.0,0.0,7.0,50.0,1.0,0.0,3.0,35.0,3.0,7.0,3.0,137.0,45.7,0.0,3.0,3.0,7.0,8.0,0.0,0.0,0.0,28.0,9.0,27:51,16.0,5.0,11.0,0.0,60.0,275.0,4.6,2.0,19.0,57.0,3.0,1.0,40.0,27.0,218.0,1.0,1.0,5.4,8.1,67.5,78.96,11.0,2.0,18.2,3.0,1.0,33.3,3.0,2.0,0.0,0.0,4.0,42.0,3.0,2.0,1.0,9.0,6.0,8.0,3.0,170.0,56.7,3.0,0.0,-3.0,50.0,0.0,66.7,0.0,2.0,2.0,0.0,2.0,0.0,0.0,0.0,4.0,4.0,1.0,1.0,0.0,2.0,0.0,0.0,0.0,0.0,0.0,40.0,18.0,1.0,9.0,5.0,2.0,2.0,34.0,41.0,3.0,35.0,4.0,0.0,0.0,Sunday,993004656,28,24,18752.0,22.0,1,3.0,0.308,0.0,0.0839182787401046,0.4457831325301205,0.1490330860125649,-0.0308660134294768,-0.2694837115767106,0.4675324675324675,-0.1238624319246949,-0.582400662750986,24.3,20.0,4.3,307.6666666666667,359.3333333333333,1.0,0.34,0.6,124.0,86.0,4.0,0.0322575808824968,0.4899745659490521,0.0757748178683418,-0.0227511224884474,-0.0495257672240818,0.4733291495825503,0.1792057749199993,-0.2661041880708206,0.0272060359561544,-0.0766813200367699,202410728.0,2024-10-20T20:20:00,1,2024,7,NYJ,PIT,AWAY,15.0,37.0,52.0,Acrisure Stadium,7.0,8.0,0.0,0.0,0.0,30.0,26.0,27:51,20.0,5.0,12.0,3.0,59.0,393.0,6.7,2.0,21.0,121.0,5.8,0.0,35.0,23.0,272.0,2.0,1.0,7.8,11.8,65.7,96.37,12.0,4.0,33.3,0.0,0.0,0.0,4.0,1.0,0.0,0.0,11.0,110.0,1.0,0.0,3.0,22.0,2.0,2.0,2.0,96.0,48.0,1.0,0.0,-1.0,3.0,10.0,10.0,14.0,0.0,29.0,34.0,32:09,24.0,10.0,10.0,4.0,60.0,359.0,6.0,3.0,33.0,149.0,4.5,1.0,25.0,19.0,210.0,2.0,0.0,8.4,11.1,76.0,127.08,11.0,5.0,45.5,0.0,0.0,0.0,4.0,3.0,0.0,0.0,11.0,94.0,1.0,0.0,2.0,5.0,5.0,5.0,3.0,159.0,53.0,0.0,1.0,1.0,25.0,0.0,75.0,0.0,2.0,2.0,0.0,0.0,0.0,0.0,0.0,4.0,2.0,3.0,2.0,0.0,0.0,0.0,0.0,0.0,2.0,1.0,40.0,26.0,2.0,5.0,2.0,1.0,0.0,40.0,20.0,3.0,22.0,8.0,1.0,0.0,Sunday,993004655,24,28,18747.0,-22.0,0,-1.0,0.333,0.0,0.074150420719833,0.4430379746835443,0.2997210962823629,-0.0707844988739287,0.1278833430918826,0.5116279069767442,0.3348414151675472,0.1927762922257118,15.3,18.7,-3.3,298.3333333333333,266.0,-0.667,0.288,0.4,113.0,108.0,2.0,-0.1027341780592367,0.4153206504305771,-0.0560463809362854,-0.3032174616164104,-0.0597183165135906,0.4382771894346584,-0.0764671335928144,-0.047655372646275,-0.0202728954384614,-0.093154197571761,7.6,1.0,0.19999999999999996,1.0,9.333333333333371,606.0,93.33333333333331,625.3333333333333,11.0,237.0,-22.0,194.0,2.0,6.0,0.1349917589417335,0.010192549289508801
202410733.0,2024-10-21T20:15:00,1,2024,7,TB,BAL,HOME,31.0,41.0,72.0,Raymond James Stadium,10.0,0.0,0.0,21.0,0.0,34.0,2.0,35:05,31.0,13.0,15.0,3.0,72.0,594.0,8.2,7.0,35.0,277.0,7.9,2.0,36.0,24.0,317.0,4.0,3.0,8.8,13.2,66.7,96.64,10.0,6.0,60.0,0.0,0.0,0.0,5.0,4.0,0.0,0.0,12.0,86.0,1.0,0.0,1.0,8.0,10.0,5.0,3.0,132.0,44.0,3.0,3.0,0.0,0.0,17.0,17.0,7.0,0.0,25.0,58.0,24:55,19.0,3.0,13.0,3.0,66.0,303.0,4.6,3.0,21.0,81.0,3.9,1.0,40.0,22.0,222.0,1.0,2.0,5.6,10.1,55.0,58.54,13.0,4.0,30.8,1.0,1.0,100.0,4.0,2.0,0.0,0.0,7.0,70.0,3.0,1.0,5.0,21.0,2.0,4.0,6.0,266.0,44.3,3.0,3.0,0.0,80.0,0.0,50.0,0.0,6.0,6.0,0.0,2.0,0.0,0.0,0.0,1.0,1.0,3.0,3.0,0.0,0.0,0.0,0.0,0.0,2.0,2.0,37.0,24.0,5.0,21.0,6.0,2.0,1.0,47.0,30.0,1.0,8.0,11.0,1.0,0.0,Monday,993004658,33,3,18756.0,-10.0,0,0.0,0.6,0.0,0.0717839353007105,0.5360824742268041,0.0875883520771103,0.3425745610038575,-0.2543215879451081,0.4565217391304347,-0.4070534001143147,-0.278847215200956,38.0,26.3,11.7,457.3333333333333,360.0,0.667,0.536,0.6,178.0,141.0,4.0,0.1542339425291962,0.5329865260230979,0.2385593709595304,0.1003492828146143,-0.0493447780723446,0.4824066687349495,-0.1101420348725537,-0.0736846362122604,0.0352053731469552,-0.028068338468577,202410733.0,2024-10-21T20:15:00,1,2024,7,BAL,TB,AWAY,41.0,31.0,72.0,Raymond James Stadium,0.0,17.0,17.0,7.0,0.0,36.0,8.0,24:55,28.0,9.0,16.0,3.0,65.0,484.0,7.4,3.0,37.0,176.0,4.8,2.0,26.0,20.0,308.0,1.0,1.0,11.8,15.4,76.9,112.34,10.0,6.0,60.0,0.0,0.0,0.0,4.0,3.0,0.0,0.0,3.0,33.0,1.0,0.0,2.0,15.0,8.0,4.0,1.0,50.0,50.0,1.0,0.0,-1.0,10.0,0.0,0.0,21.0,0.0,23.0,52.0,35:05,18.0,1.0,16.0,1.0,56.0,305.0,5.4,2.0,18.0,52.0,2.9,0.0,35.0,24.0,253.0,2.0,0.0,7.2,10.5,68.6,108.39,12.0,4.0,33.3,1.0,1.0,100.0,3.0,2.0,0.0,0.0,6.0,46.0,0.0,0.0,3.0,16.0,4.0,5.0,3.0,127.0,42.3,0.0,1.0,1.0,75.0,0.0,66.7,0.0,3.0,3.0,0.0,0.0,0.0,0.0,0.0,3.0,3.0,2.0,2.0,0.0,0.0,0.0,0.0,0.0,4.0,3.0,38.0,15.0,3.0,16.0,5.0,0.0,0.0,42.0,27.0,2.0,15.0,3.0,0.0,0.0,Monday,993004657,3,33,18753.0,10.0,1,-1.0,0.6,0.0,0.1850826603352602,0.5421686746987951,0.4642866210669364,0.0003773246179368,0.1436894180171943,0.5128205128205128,0.3012664380975404,-0.3998222709963253,35.3,23.7,11.7,477.0,327.6666666666667,-0.333,0.607,0.8,177.0,149.0,4.0,0.2149855365066852,0.557769675191996,0.4302477148969504,0.0668743893412118,0.0622632002228023,0.4673542831437569,0.1716471203767143,-0.1909711370101564,0.1471396358844539,0.0559644793180529,0.0,23.4,-0.20000000000000007,1.4,-19.666666666666686,934.3333333333333,32.333333333333314,687.6666666666667,1.0,355.0,-8.0,290.0,0.0,8.0,-0.060751593977489,-0.1116079782951469
202410701.0,2024-10-21T21:00:00,1,2024,7,ARI,LAC,HOME,17.0,15.0,32.0,State Farm Stadium,0.0,7.0,0.0,10.0,0.0,23.0,25.0,25:46,16.0,5.0,8.0,3.0,55.0,303.0,5.5,1.0,23.0,89.0,3.9,0.0,32.0,22.0,214.0,1.0,0.0,6.7,9.7,68.8,97.66,10.0,4.0,40.0,0.0,0.0,0.0,3.0,1.0,0.0,0.0,13.0,100.0,3.0,3.0,0.0,0.0,2.0,3.0,4.0,211.0,52.8,3.0,1.0,-2.0,0.0,6.0,3.0,6.0,0.0,36.0,35.0,34:14,27.0,9.0,15.0,3.0,70.0,437.0,6.2,4.0,38.0,179.0,4.7,0.0,32.0,22.0,258.0,4.0,1.0,8.1,11.7,68.8,119.53,12.0,7.0,58.3,1.0,1.0,100.0,4.0,2.0,0.0,0.0,5.0,40.0,0.0,0.0,0.0,0.0,1.0,2.0,1.0,46.0,46.0,1.0,3.0,2.0,33.3,0.0,50.0,0.0,1.0,1.0,0.0,0.0,0.0,0.0,0.0,2.0,2.0,4.0,4.0,0.0,0.0,0.0,0.0,0.0,3.0,2.0,42.0,37.0,0.0,0.0,5.0,0.0,0.0,40.0,13.0,0.0,0.0,2.0,2.0,3.0,Monday,993004660,1,29,18754.0,2.0,1,-2.0,0.4,0.0,-0.1305823804967733,0.4933333333333333,-0.0606282564740475,-0.2932969766123661,0.157437072091396,0.5384615384615384,0.5308025132291253,-0.0171278962259427,17.0,33.0,-16.0,319.0,423.3333333333333,0.0,0.355,0.4,133.0,163.0,2.0,-0.0575763807725994,0.5024074074074073,-0.1096236232947059,0.0191455925419854,0.161870701071202,0.5420412920412919,0.3375759349026581,0.0338370340264896,0.0025690060087815,0.0668080781623665,202410701.0,2024-10-21T21:00:00,1,2024,7,LAC,ARI,AWAY,15.0,17.0,32.0,State Farm Stadium,0.0,6.0,3.0,6.0,0.0,37.0,23.0,34:14,22.0,10.0,10.0,2.0,75.0,350.0,4.7,2.0,38.0,128.0,3.4,1.0,34.0,21.0,222.0,1.0,0.0,6.5,10.6,61.8,90.56,18.0,11.0,61.1,0.0,0.0,0.0,3.0,1.0,0.0,0.0,3.0,20.0,1.0,0.0,3.0,15.0,5.0,2.0,4.0,159.0,39.8,0.0,2.0,2.0,0.0,7.0,0.0,10.0,0.0,22.0,37.0,25:46,17.0,7.0,10.0,0.0,53.0,316.0,6.0,2.0,18.0,110.0,6.1,0.0,33.0,19.0,206.0,2.0,1.0,6.2,10.8,57.6,83.65,11.0,3.0,27.3,2.0,2.0,100.0,2.0,2.0,0.0,0.0,7.0,37.0,1.0,1.0,2.0,10.0,6.0,5.0,5.0,233.0,46.6,2.0,0.0,-2.0,33.3,0.0,100.0,0.0,2.0,2.0,0.0,0.0,0.0,0.0,0.0,3.0,3.0,1.0,1.0,0.0,2.0,0.0,0.0,0.0,1.0,1.0,31.0,17.0,2.0,10.0,6.0,1.0,1.0,45.0,31.0,3.0,15.0,6.0,1.0,0.0,Monday,993004659,29,1,18751.0,-2.0,0,2.0,0.611,0.0,0.087366135473264,0.4631578947368421,0.2096066994763939,-0.0367241083491963,-0.0483627348222422,0.4929577464788732,0.0486975211629554,-0.507691910713523,14.3,17.7,-3.3,246.66666666666663,330.3333333333333,1.667,0.397,0.6,91.0,66.0,3.0,-0.0825854387365611,0.4008375778155065,-0.0046108595783878,-0.2457001439075249,-0.0345943939788255,0.484483857879789,0.0642492993863334,-0.2447238881451955,-0.0635173020998364,-0.1599111191577387,-12.7,-19.3,-0.19999999999999996,1.0,72.33333333333337,565.6666666666666,93.0,753.6666666666666,42.0,224.0,97.0,229.0,-1.0,5.0,0.025009057963961703,0.1964650950500275
202410832.0,2024-10-24T20:15:00,1,2024,8,LAR,MIN,HOME,30.0,20.0,50.0,SoFi Stadium,7.0,7.0,7.0,9.0,0.0,26.0,12.0,33:37,15.0,7.0,6.0,2.0,52.0,259.0,5.0,3.0,28.0,115.0,4.1,2.0,23.0,14.0,144.0,0.0,1.0,6.3,10.3,60.9,60.78,10.0,2.0,20.0,1.0,0.0,0.0,3.0,2.0,0.0,0.0,3.0,28.0,0.0,0.0,1.0,10.0,10.0,3.0,6.0,261.0,43.5,1.0,4.0,3.0,14.0,0.0,3.0,3.0,0.0,33.0,48.0,26:23,20.0,7.0,12.0,1.0,75.0,317.0,4.2,0.0,29.0,122.0,4.2,0.0,44.0,21.0,195.0,0.0,3.0,4.4,9.3,47.7,31.91,15.0,3.0,20.0,1.0,1.0,100.0,2.0,0.0,0.0,0.0,10.0,80.0,1.0,1.0,2.0,11.0,2.0,2.0,4.0,190.0,47.5,4.0,1.0,-3.0,66.7,0.0,0.0,0.0,3.0,2.0,0.0,0.0,0.0,0.0,0.0,1.0,0.0,0.0,0.0,0.0,0.0,0.0,0.0,0.0,5.0,5.0,45.0,27.0,2.0,11.0,8.0,1.0,1.0,37.0,13.0,1.0,10.0,4.0,0.0,0.0,Thursday,993004662,32,20,18765.0,10.0,1,3.0,0.2,0.0,-0.3250474888227149,0.4366197183098591,-0.2200032007626806,-0.2885187163246209,-0.2593707644972307,0.3814432989690721,-0.4634761349434906,-0.1090604566092107,19.0,21.0,-2.0,317.0,301.3333333333333,0.0,0.385,0.4,114.0,154.0,2.0,-0.1186566470453778,0.5004656820816938,-0.1426079662449002,-0.0192705278575921,-0.0652259936999053,0.4495475887228464,-0.085268413987401,-0.0151700616507727,-0.0682013030481708,0.0525862616711126,202410832.0,2024-10-24T20:15:00,1,2024,8,MIN,LAR,AWAY,20.0,30.0,50.0,SoFi Stadium,14.0,0.0,3.0,3.0,0.0,30.0,57.0,26:23,16.0,4.0,10.0,2.0,52.0,383.0,7.4,3.0,21.0,139.0,6.6,1.0,27.0,22.0,244.0,1.0,1.0,9.0,11.1,81.5,101.23,10.0,4.0,40.0,0.0,0.0,0.0,0.0,0.0,0.0,0.0,8.0,59.0,0.0,0.0,4.0,15.0,7.0,5.0,3.0,145.0,48.3,1.0,1.0,0.0,7.0,7.0,7.0,9.0,0.0,29.0,3.0,33:37,19.0,3.0,15.0,1.0,56.0,391.0,7.0,4.0,27.0,144.0,5.3,2.0,25.0,22.0,247.0,2.0,0.0,9.9,11.2,88.0,134.5,10.0,4.0,40.0,1.0,0.0,0.0,1.0,1.0,0.0,0.0,8.0,49.0,3.0,1.0,4.0,33.0,5.0,4.0,4.0,219.0,54.8,1.0,1.0,0.0,0.0,0.0,100.0,0.0,2.0,2.0,0.0,2.0,0.0,0.0,0.0,3.0,3.0,4.0,4.0,0.0,0.0,0.0,0.0,0.0,1.0,1.0,34.0,33.0,4.0,33.0,2.0,3.0,1.0,43.0,11.0,4.0,15.0,2.0,0.0,0.0,Thursday,993004661,20,32,18772.0,-10.0,0,0.0,0.4,0.0,0.0079932760554641,0.3815789473684211,-0.0162024899701945,-0.0346034952021642,0.0427712270713423,0.4743589743589743,0.5144102324165629,-0.3954402378467084,27.7,25.7,2.0,336.6666666666667,370.0,0.667,0.357,0.8,168.0,107.0,5.0,-0.0207812507360088,0.438787185354691,0.1042938011350152,-0.2355406005675875,-0.0641610162418038,0.464093373770793,0.0555088135976085,-0.3481229653104509,0.0008142343783213,-0.1174913217957489,-4.0,0.0,-0.4,1.2000000000000002,-19.666666666666686,653.6666666666667,-68.66666666666669,671.3333333333333,-54.0,282.0,47.0,261.0,-3.0,7.0,-0.097875396309369,-0.001064977458101496
202410807.0,2024-10-27T13:00:00,1,2024,8,CIN,PHI,HOME,17.0,37.0,54.0,Paycor Stadium,7.0,3.0,7.0,0.0,0.0,25.0,31.0,28:12,12.0,3.0,8.0,1.0,53.0,223.0,4.2,3.0,25.0,59.0,2.4,0.0,25.0,15.0,164.0,2.0,0.0,6.6,10.9,60.0,106.08,13.0,2.0,15.4,1.0,0.0,0.0,1.0,1.0,0.0,0.0,3.0,37.0,0.0,0.0,3.0,17.0,11.0,5.0,8.0,354.0,44.2,0.0,2.0,2.0,0.0,10.0,14.0,13.0,0.0,34.0,29.0,31:48,18.0,5.0,12.0,1.0,77.0,336.0,4.4,2.0,21.0,77.0,3.7,1.0,52.0,31.0,259.0,1.0,2.0,5.0,8.4,59.6,62.9,19.0,8.0,42.1,2.0,1.0,50.0,2.0,2.0,0.0,0.0,10.0,80.0,1.0,0.0,4.0,18.0,7.0,6.0,7.0,355.0,50.7,2.0,0.0,-2.0,100.0,0.0,100.0,0.0,3.0,3.0,0.0,0.0,0.0,0.0,0.0,1.0,0.0,1.0,0.0,0.0,2.0,1.0,0.0,0.0,1.0,0.0,46.0,26.0,4.0,18.0,8.0,1.0,0.0,37.0,20.0,3.0,17.0,4.0,0.0,0.0,Sunday,993004670,7,26,18769.0,-20.0,0,2.0,0.154,0.0,-0.102925315404198,0.3698630136986301,-0.0364288025342955,-0.3617675643425236,-0.1873402600951678,0.3571428571428571,-0.1824170007848936,-0.0684215580964513,25.3,20.7,4.7,323.0,388.3333333333333,0.667,0.363,0.6,178.0,166.0,3.0,0.0352832995355134,0.4419689899141954,0.241273631241538,-0.3674109291422564,-0.0227092347040877,0.473048004626952,0.0172524437111079,0.0277327221580867,0.1213531561684501,0.080333269136527,202410807.0,2024-10-27T13:00:00,1,2024,8,PHI,CIN,AWAY,37.0,17.0,54.0,Paycor Stadium,0.0,10.0,14.0,13.0,0.0,35.0,20.0,31:48,20.0,13.0,6.0,1.0,65.0,339.0,5.2,4.0,45.0,269.0,6.0,3.0,15.0,10.0,70.0,1.0,0.0,4.7,7.0,66.7,99.31,13.0,1.0,7.7,3.0,3.0,100.0,3.0,3.0,0.0,0.0,6.0,35.0,0.0,0.0,5.0,44.0,11.0,10.0,8.0,419.0,52.4,0.0,0.0,0.0,7.0,3.0,7.0,0.0,0.0,24.0,40.0,28:12,10.0,4.0,6.0,0.0,55.0,119.0,2.2,0.0,18.0,76.0,4.2,0.0,29.0,17.0,43.0,0.0,0.0,1.5,2.5,58.6,63.43,14.0,3.0,21.4,0.0,0.0,0.0,1.0,0.0,0.0,0.0,5.0,35.0,3.0,0.0,8.0,62.0,7.0,8.0,11.0,517.0,47.0,0.0,0.0,0.0,100.0,0.0,0.0,0.0,4.0,4.0,0.0,0.0,0.0,0.0,0.0,0.0,0.0,0.0,0.0,0.0,0.0,0.0,0.0,0.0,1.0,1.0,37.0,17.0,8.0,62.0,4.0,1.0,0.0,45.0,30.0,5.0,44.0,2.0,0.0,0.0,Sunday,993004669,26,7,18773.0,20.0,1,0.0,0.077,0.0,0.1319848818267133,0.4457831325301205,0.0684200729997626,0.1858506296550677,-0.2560317955033567,0.3974358974358974,-0.5283855655889612,-0.1130741122586187,21.3,17.3,4.0,312.6666666666667,269.3333333333333,-0.667,0.299,0.6,134.0,115.0,4.0,0.0285139516882101,0.4625301487242924,0.027233310214448,0.1945528619321737,-0.0454921717565645,0.4430422756290617,-0.0737078197980475,-0.0624790938539514,0.0152678788342224,-0.0305836264626224,0.7000000000000002,8.7,0.0,1.2,10.333333333333314,635.6666666666667,119.0,657.6666666666666,44.0,312.0,51.0,281.0,-1.0,7.0,0.006769347847303302,0.022782937052476804
202410813.0,2024-10-27T13:00:00,1,2024,8,HOU,IND,HOME,23.0,20.0,43.0,NRG Stadium,3.0,14.0,3.0,3.0,0.0,31.0,17.0,35:20,15.0,9.0,6.0,0.0,58.0,197.0,3.4,2.0,33.0,142.0,4.3,2.0,21.0,10.0,55.0,0.0,0.0,2.6,5.5,47.6,54.27,13.0,4.0,30.8,0.0,0.0,0.0,4.0,2.0,0.0,0.0,5.0,55.0,0.0,0.0,4.0,31.0,6.0,8.0,6.0,307.0,51.2,0.0,3.0,3.0,10.0,0.0,3.0,7.0,0.0,28.0,43.0,24:40,18.0,4.0,12.0,2.0,56.0,277.0,4.9,3.0,20.0,82.0,4.1,0.0,33.0,24.0,195.0,3.0,2.0,5.9,8.1,72.7,92.36,10.0,4.0,40.0,0.0,0.0,0.0,2.0,2.0,0.0,0.0,8.0,55.0,1.0,1.0,3.0,25.0,7.0,11.0,5.0,284.0,56.8,3.0,0.0,-3.0,50.0,0.0,100.0,0.0,1.0,1.0,0.0,1.0,0.0,0.0,0.0,3.0,3.0,3.0,3.0,0.0,0.0,0.0,0.0,0.0,1.0,1.0,41.0,7.0,3.0,25.0,5.0,0.0,1.0,38.0,23.0,4.0,31.0,1.0,0.0,0.0,Sunday,993004678,13,14,18770.0,3.0,1,3.0,0.308,0.0,0.040083610377934,0.4810126582278481,-0.2831041057794104,0.0009448700166727,0.0302909643088758,0.48,0.0587592107726575,-0.1879198227601591,28.7,21.7,7.0,330.0,281.3333333333333,1.333,0.39,0.6,165.0,159.0,5.0,0.0424908194963815,0.4539883463934096,0.0155811045301639,-0.0955132739563643,-0.0721371915553679,0.4331140102098694,-0.0421484156782948,-0.2329123541520014,-0.0072136344806431,0.0035481716504857,202410813.0,2024-10-27T13:00:00,1,2024,8,IND,HOU,AWAY,20.0,23.0,43.0,NRG Stadium,10.0,0.0,3.0,7.0,0.0,28.0,49.0,24:40,16.0,10.0,6.0,0.0,61.0,284.0,4.7,1.0,37.0,155.0,4.2,1.0,24.0,10.0,129.0,0.0,0.0,5.4,12.9,41.7,59.2,13.0,4.0,30.8,0.0,0.0,0.0,3.0,1.0,0.0,0.0,4.0,25.0,1.0,1.0,0.0,0.0,5.0,5.0,7.0,337.0,48.1,1.0,2.0,1.0,3.0,14.0,3.0,3.0,0.0,31.0,11.0,35:20,18.0,9.0,8.0,1.0,68.0,337.0,5.0,1.0,40.0,188.0,4.7,0.0,26.0,15.0,149.0,1.0,0.0,5.7,9.9,57.7,86.86,15.0,6.0,40.0,1.0,0.0,0.0,3.0,1.0,0.0,0.0,6.0,50.0,2.0,2.0,2.0,12.0,4.0,5.0,6.0,286.0,47.7,2.0,1.0,-1.0,33.3,0.0,33.3,0.0,1.0,1.0,0.0,0.0,0.0,0.0,0.0,3.0,3.0,1.0,1.0,0.0,0.0,0.0,0.0,0.0,2.0,1.0,43.0,43.0,2.0,12.0,2.0,2.0,2.0,37.0,23.0,0.0,0.0,4.0,0.0,1.0,Sunday,993004677,14,13,18771.0,-3.0,0,1.0,0.308,0.0,-0.1561628654361954,0.3875,-0.1559991310240423,-0.2256734230953868,-0.2259534003037703,0.4470588235294118,-0.0296536197095281,-0.4163906575188004,23.3,21.3,2.0,333.3333333333333,358.3333333333333,0.667,0.425,0.8,155.0,149.0,4.0,0.0136179976813547,0.4386904761904762,0.1138118807491965,-0.1263012721605177,-0.0068401392361698,0.460423116615067,0.057297191317266,-0.0611962681848912,-0.011807356845596,-0.032624849907415,5.0,9.0,-0.20000000000000007,1.4,-3.3333333333333144,663.3333333333333,-77.0,639.6666666666666,10.0,320.0,10.0,308.0,1.0,9.0,0.028872821815026796,-0.06529705231919809
202410833.0,2024-10-27T13:00:00,1,2024,8,TB,ATL,HOME,26.0,31.0,57.0,Raymond James Stadium,7.0,10.0,0.0,9.0,0.0,35.0,5.0,32:34,28.0,7.0,19.0,2.0,78.0,481.0,6.2,4.0,30.0,125.0,4.2,1.0,45.0,31.0,356.0,3.0,2.0,7.9,11.5,68.9,96.16,17.0,11.0,64.7,1.0,1.0,100.0,5.0,3.0,0.0,0.0,8.0,75.0,1.0,0.0,3.0,14.0,2.0,6.0,2.0,93.0,46.5,2.0,1.0,-1.0,7.0,17.0,7.0,0.0,0.0,24.0,55.0,27:26,22.0,7.0,12.0,3.0,54.0,508.0,9.4,5.0,30.0,244.0,8.1,0.0,22.0,17.0,264.0,5.0,0.0,12.0,15.5,77.3,156.06,8.0,3.0,37.5,1.0,1.0,100.0,5.0,4.0,0.0,0.0,9.0,85.0,2.0,1.0,2.0,17.0,4.0,5.0,2.0,87.0,43.5,1.0,2.0,1.0,60.0,0.0,80.0,0.0,2.0,2.0,0.0,3.0,1.0,0.0,0.0,2.0,1.0,5.0,5.0,0.0,0.0,0.0,0.0,0.0,2.0,2.0,37.0,18.0,2.0,17.0,1.0,0.0,1.0,49.0,30.0,3.0,14.0,5.0,1.0,0.0,Sunday,993004664,33,2,18762.0,-5.0,0,-1.0,0.647,0.0,0.0885074891437051,0.5252525252525253,0.1382196378795628,0.0676125268591568,0.2933060594612247,0.5263157894736842,0.9611255756679856,-0.239913878395843,37.3,34.7,2.7,469.3333333333333,453.6666666666667,-0.333,0.598,0.4,209.0,182.0,4.0,0.1207492986763031,0.5378579351498262,0.1840846419317153,0.0865952295957097,0.0598398701628382,0.4958082281891405,0.2973926590385797,-0.2571932181229308,0.0566537613887264,0.0469089668476497,202410833.0,2024-10-27T13:00:00,1,2024,8,ATL,TB,AWAY,31.0,26.0,57.0,Raymond James Stadium,7.0,17.0,7.0,0.0,0.0,31.0,8.0,27:26,22.0,8.0,13.0,1.0,71.0,369.0,5.2,2.0,32.0,155.0,4.8,1.0,36.0,25.0,214.0,1.0,2.0,5.9,8.6,69.4,70.83,15.0,8.0,53.3,2.0,2.0,100.0,2.0,2.0,0.0,0.0,9.0,72.0,1.0,1.0,3.0,32.0,6.0,3.0,3.0,133.0,44.3,3.0,0.0,-3.0,7.0,10.0,0.0,9.0,0.0,28.0,52.0,32:34,20.0,5.0,12.0,3.0,56.0,339.0,6.1,4.0,26.0,103.0,4.0,1.0,29.0,19.0,236.0,2.0,0.0,8.1,12.4,65.5,113.58,11.0,4.0,36.4,1.0,1.0,100.0,2.0,1.0,0.0,0.0,5.0,42.0,1.0,0.0,1.0,6.0,9.0,6.0,4.0,156.0,39.0,0.0,3.0,3.0,100.0,0.0,50.0,0.0,2.0,2.0,0.0,0.0,0.0,0.0,0.0,1.0,0.0,4.0,4.0,0.0,0.0,0.0,0.0,0.0,2.0,2.0,38.0,20.0,1.0,6.0,5.0,0.0,0.0,46.0,36.0,3.0,32.0,5.0,1.0,1.0,Sunday,993004663,2,33,18767.0,5.0,1,-3.0,0.533,0.0,-0.1402934024794941,0.4891304347826087,-0.1944565791295412,0.0367570944457134,0.170643985959681,0.4545454545454545,0.3718919100120003,-0.1134856633216259,29.3,28.0,1.3,447.3333333333333,335.6666666666667,-0.667,0.487,0.6,163.0,169.0,4.0,0.0672257328852441,0.51010098553319,0.1445634647186985,0.0348545244129491,0.0948732379842785,0.4867575442028757,0.2008859859721152,-0.1107401855666206,0.0558479164405771,0.0836082617617036,1.4000000000000001,4.0,-0.19999999999999996,1.0,22.0,916.6666666666666,118.0,789.3333333333334,46.0,372.0,13.0,351.0,0.0,8.0,0.053523565791059005,-0.03503336782144031
202410821.0,2024-10-27T13:00:00,1,2024,8,NE,NYJ,HOME,25.0,22.0,47.0,Gillette Stadium,7.0,0.0,7.0,11.0,0.0,26.0,45.0,30:26,17.0,2.0,13.0,2.0,54.0,295.0,5.5,2.0,15.0,38.0,2.5,0.0,37.0,26.0,257.0,2.0,0.0,6.9,9.9,70.3,107.6,12.0,6.0,50.0,1.0,0.0,0.0,2.0,2.0,0.0,0.0,7.0,35.0,0.0,0.0,2.0,19.0,0.0,2.0,4.0,209.0,52.2,0.0,0.0,0.0,6.0,7.0,3.0,6.0,0.0,33.0,15.0,29:34,23.0,13.0,9.0,1.0,59.0,364.0,6.2,4.0,39.0,171.0,4.4,2.0,20.0,15.0,193.0,1.0,0.0,9.6,12.9,75.0,121.46,10.0,6.0,60.0,1.0,0.0,0.0,5.0,3.0,0.0,0.0,4.0,24.0,0.0,0.0,0.0,0.0,3.0,5.0,2.0,70.0,35.0,0.0,0.0,0.0,100.0,0.0,60.0,0.0,1.0,1.0,0.0,2.0,0.0,0.0,0.0,1.0,1.0,3.0,3.0,0.0,2.0,1.0,0.0,0.0,1.0,1.0,38.0,30.0,0.0,0.0,2.0,0.0,0.0,29.0,27.0,2.0,19.0,4.0,0.0,0.0,Sunday,993004674,21,24,18774.0,3.0,1,0.0,0.5,0.0,-0.0196113057510824,0.4155844155844156,0.1780087418278813,-0.290264375890339,0.2291735410267939,0.5616438356164384,0.6277796443026964,0.0291625981442752,15.7,29.3,-13.7,295.0,368.0,-0.333,0.346,0.0,99.0,175.0,1.0,-0.1351557701531728,0.4271909292258129,-0.1059763829513796,-0.185399739319601,0.0990475494242597,0.4695711442286785,0.2716371494327476,0.0361448536248939,-0.1775308380505152,0.0792123232565526,202410821.0,2024-10-27T13:00:00,1,2024,8,NYJ,NE,AWAY,22.0,25.0,47.0,Gillette Stadium,6.0,7.0,3.0,6.0,0.0,27.0,51.0,29:34,17.0,3.0,13.0,1.0,55.0,323.0,5.9,2.0,15.0,54.0,3.6,1.0,39.0,24.0,269.0,1.0,2.0,6.9,11.2,61.5,69.28,10.0,3.0,30.0,2.0,1.0,50.0,3.0,2.0,0.0,0.0,5.0,50.0,2.0,0.0,1.0,7.0,5.0,4.0,4.0,177.0,44.2,2.0,0.0,-2.0,7.0,0.0,7.0,11.0,0.0,32.0,9.0,30:26,21.0,8.0,12.0,1.0,66.0,409.0,6.2,4.0,36.0,149.0,4.1,2.0,29.0,16.0,260.0,2.0,0.0,9.0,16.2,55.2,108.41,14.0,5.0,35.7,2.0,2.0,100.0,6.0,4.0,0.0,0.0,4.0,36.0,0.0,0.0,1.0,4.0,8.0,5.0,4.0,184.0,46.0,0.0,2.0,2.0,66.7,0.0,66.7,0.0,1.0,1.0,0.0,2.0,1.0,0.0,0.0,1.0,0.0,4.0,4.0,0.0,0.0,0.0,0.0,0.0,3.0,3.0,40.0,29.0,1.0,4.0,3.0,0.0,0.0,35.0,16.0,1.0,7.0,6.0,1.0,0.0,Sunday,993004673,24,21,18763.0,-3.0,0,-2.0,0.3,0.0,-0.1199787786366176,0.44,0.0020663716936399,-0.1414197125777718,0.1763129224841615,0.4523809523809524,0.2865936037707219,0.057522176636017,17.3,27.7,-10.3,323.3333333333333,340.3333333333333,-1.333,0.309,0.2,128.0,145.0,2.0,-0.0692433900333474,0.4461978434130333,0.015902610307625,-0.253381799512173,0.0777796188703944,0.4662638226844495,0.2005139812464559,-0.0368144814094107,-0.0615783206473497,-0.0446111512956452,-3.3999999999999986,-24.0,-0.2,0.2,-28.333333333333314,618.3333333333333,27.666666666666686,708.3333333333333,-29.0,227.0,30.0,320.0,-1.0,3.0,-0.06591238011982539,0.02126793055386529
202410815.0,2024-10-27T13:00:00,1,2024,8,JAX,GB,HOME,27.0,30.0,57.0,EverBank Stadium,0.0,10.0,7.0,10.0,0.0,33.0,15.0,25:51,23.0,13.0,9.0,1.0,59.0,364.0,6.2,4.0,39.0,171.0,4.4,2.0,20.0,15.0,193.0,1.0,0.0,9.6,12.9,75.0,121.46,10.0,6.0,60.0,1.0,0.0,0.0,5.0,3.0,0.0,0.0,4.0,24.0,0.0,0.0,0.0,0.0,3.0,5.0,2.0,70.0,35.0,0.0,0.0,0.0,0.0,13.0,7.0,10.0,0.0,26.0,45.0,34:09,17.0,2.0,13.0,2.0,54.0,295.0,5.5,2.0,15.0,38.0,2.5,0.0,37.0,26.0,257.0,2.0,0.0,6.9,9.9,70.3,107.6,12.0,6.0,50.0,1.0,0.0,0.0,2.0,2.0,0.0,0.0,7.0,35.0,0.0,0.0,2.0,19.0,0.0,2.0,4.0,209.0,52.2,0.0,0.0,0.0,60.0,0.0,100.0,0.0,3.0,3.0,0.0,2.0,1.0,0.0,0.0,1.0,1.0,1.0,1.0,0.0,2.0,0.0,0.0,0.0,1.0,1.0,29.0,27.0,2.0,19.0,4.0,0.0,0.0,38.0,30.0,0.0,0.0,2.0,0.0,0.0,Sunday,993004666,15,12,18774.0,-3.0,0,0.0,0.6,0.0,0.2291735410267939,0.5616438356164384,0.6277796443026964,0.0291625981442752,-0.0196113057510824,0.4155844155844156,0.1780087418278813,-0.290264375890339,28.3,28.3,0.0,379.6666666666667,371.6666666666667,-0.667,0.456,0.4,145.0,194.0,2.0,0.1588234006630673,0.5079523536625196,0.3245895815193856,0.0104635046405867,0.1414069044937177,0.4866294043509233,0.3384678917205028,-0.0664823934282426,0.0856149607272258,0.1737082981517792,202410815.0,2024-10-27T13:00:00,1,2024,8,GB,JAX,AWAY,30.0,27.0,57.0,EverBank Stadium,0.0,13.0,7.0,10.0,0.0,28.0,43.0,34:09,18.0,4.0,12.0,2.0,56.0,277.0,4.9,3.0,20.0,82.0,4.1,0.0,33.0,24.0,195.0,3.0,2.0,5.9,8.1,72.7,92.36,10.0,4.0,40.0,0.0,0.0,0.0,2.0,2.0,0.0,0.0,8.0,55.0,1.0,1.0,3.0,25.0,7.0,11.0,5.0,284.0,56.8,3.0,0.0,-3.0,0.0,10.0,7.0,10.0,0.0,31.0,17.0,25:51,15.0,9.0,6.0,0.0,58.0,197.0,3.4,2.0,33.0,142.0,4.3,2.0,21.0,10.0,55.0,0.0,0.0,2.6,5.5,47.6,54.27,13.0,4.0,30.8,0.0,0.0,0.0,4.0,2.0,0.0,0.0,5.0,55.0,0.0,0.0,4.0,31.0,6.0,8.0,6.0,307.0,51.2,0.0,3.0,3.0,100.0,0.0,50.0,0.0,3.0,3.0,0.0,0.0,0.0,0.0,0.0,1.0,1.0,1.0,1.0,0.0,1.0,0.0,0.0,0.0,3.0,3.0,38.0,23.0,4.0,31.0,1.0,0.0,0.0,41.0,7.0,3.0,25.0,5.0,0.0,1.0,Sunday,993004665,12,15,18770.0,3.0,1,-3.0,0.4,0.0,0.0302909643088758,0.48,0.0587592107726575,-0.1879198227601591,0.040083610377934,0.4810126582278481,-0.2831041057794104,0.0009448700166727,27.3,18.0,9.3,345.6666666666667,290.0,0.0,0.369,0.8,186.0,143.0,5.0,0.0647812484416315,0.4866733266733266,0.2260652776112277,-0.0759602565989445,-0.0548958001304903,0.5042691766742399,-0.1635729088441112,-0.0804874191243262,0.0366944157164873,-0.0823280441591001,-9.3,9.3,-0.4,1.2000000000000002,34.0,725.3333333333334,81.66666666666669,661.6666666666667,-41.0,331.0,51.0,337.0,-3.0,7.0,0.0940421522214358,0.196302704624208
202410808.0,2024-10-27T13:00:00,1,2024,8,CLE,BAL,HOME,29.0,24.0,53.0,Huntington Bank Field,3.0,3.0,14.0,9.0,0.0,34.0,29.0,31:06,18.0,5.0,12.0,1.0,77.0,336.0,4.4,2.0,21.0,77.0,3.7,1.0,52.0,31.0,259.0,1.0,2.0,5.0,8.4,59.6,62.9,19.0,8.0,42.1,2.0,1.0,50.0,2.0,2.0,0.0,0.0,10.0,80.0,1.0,0.0,4.0,18.0,7.0,6.0,7.0,355.0,50.7,2.0,0.0,-2.0,0.0,10.0,7.0,7.0,0.0,25.0,31.0,28:54,12.0,3.0,8.0,1.0,53.0,223.0,4.2,3.0,25.0,59.0,2.4,0.0,25.0,15.0,164.0,2.0,0.0,6.6,10.9,60.0,106.08,13.0,2.0,15.4,1.0,0.0,0.0,1.0,1.0,0.0,0.0,3.0,37.0,0.0,0.0,3.0,17.0,11.0,5.0,8.0,354.0,44.2,0.0,2.0,2.0,100.0,0.0,100.0,0.0,1.0,0.0,0.0,2.0,1.0,0.0,0.0,1.0,0.0,3.0,3.0,0.0,0.0,0.0,0.0,0.0,1.0,0.0,37.0,20.0,3.0,17.0,4.0,0.0,0.0,46.0,26.0,4.0,18.0,8.0,1.0,0.0,Sunday,993004668,8,3,18769.0,5.0,1,-2.0,0.421,0.0,-0.1873402600951678,0.3571428571428571,-0.1824170007848936,-0.0684215580964513,-0.102925315404198,0.3698630136986301,-0.0364288025342955,-0.3617675643425236,14.3,25.0,-10.7,264.0,343.0,-0.333,0.249,0.0,109.0,162.0,1.0,-0.1490612998271279,0.3834295039925394,-0.185667171291146,-0.1125587430367023,-0.0223251114812192,0.4052677062231,0.1218462013312271,-0.0903723464106835,-0.162508091000686,-0.0573815891144516,202410808.0,2024-10-27T13:00:00,1,2024,8,BAL,CLE,AWAY,24.0,29.0,53.0,Huntington Bank Field,0.0,10.0,7.0,7.0,0.0,24.0,55.0,28:54,22.0,7.0,12.0,3.0,54.0,508.0,9.4,5.0,30.0,244.0,8.1,0.0,22.0,17.0,264.0,5.0,0.0,12.0,15.5,77.3,156.06,8.0,3.0,37.5,1.0,1.0,100.0,5.0,4.0,0.0,0.0,9.0,85.0,2.0,1.0,2.0,17.0,4.0,5.0,2.0,87.0,43.5,1.0,2.0,1.0,3.0,3.0,14.0,9.0,0.0,35.0,5.0,31:06,28.0,7.0,19.0,2.0,78.0,481.0,6.2,4.0,30.0,125.0,4.2,1.0,45.0,31.0,356.0,3.0,2.0,7.9,11.5,68.9,96.16,17.0,11.0,64.7,1.0,1.0,100.0,5.0,3.0,0.0,0.0,8.0,75.0,1.0,0.0,3.0,14.0,2.0,6.0,2.0,93.0,46.5,2.0,1.0,-1.0,80.0,0.0,60.0,0.0,5.0,5.0,0.0,0.0,0.0,0.0,0.0,2.0,2.0,2.0,2.0,0.0,3.0,1.0,0.0,0.0,2.0,1.0,49.0,30.0,3.0,14.0,5.0,1.0,0.0,37.0,18.0,2.0,17.0,1.0,0.0,1.0,Sunday,993004667,3,8,18762.0,-5.0,0,1.0,0.375,0.0,0.2933060594612247,0.5263157894736842,0.9611255756679856,-0.239913878395843,0.0885074891437051,0.5252525252525253,0.1382196378795628,0.0676125268591568,37.3,30.7,6.7,504.0,409.3333333333333,0.0,0.547,1.0,218.0,180.0,5.0,0.2433095326176917,0.5526527161276685,0.6141615394790728,-0.0662300269387936,0.1411719255932225,0.510859510859511,0.3217467895517374,-0.191346574379384,0.2127034538347288,0.0676375737885166,-17.4,-3.999999999999999,-1.0,1.0,-240.0,768.0,-66.33333333333331,752.3333333333333,-109.0,327.0,-18.0,342.0,-4.0,6.0,-0.39237083244481963,-0.16349703707444171
202410811.0,2024-10-27T13:00:00,1,2024,8,DET,TEN,HOME,52.0,14.0,66.0,Ford Field,14.0,21.0,17.0,0.0,0.0,29.0,3.0,24:23,19.0,3.0,15.0,1.0,56.0,391.0,7.0,4.0,27.0,144.0,5.3,2.0,25.0,22.0,247.0,2.0,0.0,9.9,11.2,88.0,134.5,10.0,4.0,40.0,1.0,0.0,0.0,1.0,1.0,0.0,0.0,8.0,49.0,3.0,1.0,4.0,33.0,5.0,4.0,4.0,219.0,54.8,1.0,1.0,0.0,7.0,7.0,0.0,0.0,0.0,30.0,57.0,35:37,16.0,4.0,10.0,2.0,52.0,383.0,7.4,3.0,21.0,139.0,6.6,1.0,27.0,22.0,244.0,1.0,1.0,9.0,11.1,81.5,101.23,10.0,4.0,40.0,0.0,0.0,0.0,0.0,0.0,0.0,0.0,8.0,59.0,0.0,0.0,4.0,15.0,7.0,5.0,3.0,145.0,48.3,1.0,1.0,0.0,100.0,0.0,0.0,0.0,4.0,4.0,0.0,0.0,0.0,0.0,0.0,1.0,1.0,2.0,2.0,0.0,2.0,0.0,0.0,0.0,3.0,3.0,43.0,11.0,4.0,15.0,2.0,0.0,0.0,34.0,33.0,4.0,33.0,2.0,3.0,1.0,Sunday,993004676,11,34,18772.0,38.0,1,0.0,0.4,0.0,0.0427712270713423,0.4743589743589743,0.5144102324165629,-0.3954402378467084,0.0079932760554641,0.3815789473684211,-0.0162024899701945,-0.0346034952021642,40.0,22.3,17.7,424.0,383.3333333333333,2.333,0.433,0.8,182.0,120.0,5.0,0.2251761546437247,0.5179235796882855,0.5619799869289681,-0.0156996875936601,-0.0619690656479132,0.4467458503322627,-0.15645723836322,0.0406093663410038,0.1173225610230321,-0.068143953120952,202410811.0,2024-10-27T13:00:00,1,2024,8,TEN,DET,AWAY,14.0,52.0,66.0,Ford Field,7.0,7.0,0.0,0.0,0.0,32.0,46.0,35:37,18.0,2.0,13.0,3.0,67.0,289.0,4.3,1.0,24.0,89.0,3.7,0.0,40.0,25.0,200.0,1.0,1.0,5.0,8.0,62.5,72.92,16.0,6.0,37.5,2.0,1.0,50.0,3.0,1.0,0.0,0.0,8.0,52.0,4.0,1.0,3.0,15.0,4.0,6.0,5.0,266.0,53.2,2.0,0.0,-2.0,14.0,21.0,17.0,0.0,0.0,27.0,14.0,24:23,18.0,3.0,14.0,1.0,54.0,389.0,7.2,4.0,20.0,74.0,3.7,2.0,33.0,21.0,315.0,2.0,0.0,9.5,15.0,63.6,115.09,10.0,3.0,30.0,0.0,0.0,0.0,6.0,4.0,0.0,0.0,5.0,40.0,1.0,0.0,1.0,8.0,11.0,7.0,5.0,197.0,39.4,0.0,2.0,2.0,33.3,0.0,66.7,0.0,1.0,1.0,0.0,0.0,0.0,0.0,0.0,1.0,1.0,4.0,4.0,0.0,0.0,0.0,0.0,0.0,2.0,2.0,36.0,16.0,1.0,8.0,6.0,1.0,0.0,43.0,25.0,3.0,15.0,5.0,2.0,1.0,Sunday,993004675,34,11,18768.0,-38.0,0,-2.0,0.375,0.0,-0.149368990848,0.4285714285714285,0.010632548932255,-0.5189755164050999,0.1680696045809634,0.4929577464788732,0.3626960536580526,-0.0150751534514711,19.3,22.0,-2.7,258.0,280.6666666666667,-0.667,0.302,0.2,106.0,144.0,1.0,-0.0456407407601986,0.4183569388587748,-0.0998636302282654,-0.1314645247745215,-0.0257202763382784,0.4271763916834339,0.0650392424679843,-0.2522687714588677,-0.0901595464564827,0.0143736630528053,20.4,15.0,0.6000000000000001,1.0,166.0,682.0,102.66666666666663,664.0,76.0,288.0,-24.0,264.0,4.0,6.0,0.2708168954039233,-0.0362487893096348
202410819.0,2024-10-27T13:00:00,1,2024,8,MIA,ARI,HOME,27.0,28.0,55.0,Hard Rock Stadium,10.0,3.0,7.0,7.0,0.0,31.0,11.0,30:31,18.0,9.0,8.0,1.0,68.0,337.0,5.0,1.0,40.0,188.0,4.7,0.0,26.0,15.0,149.0,1.0,0.0,5.7,9.9,57.7,86.86,15.0,6.0,40.0,1.0,0.0,0.0,3.0,1.0,0.0,0.0,6.0,50.0,2.0,2.0,2.0,12.0,4.0,5.0,6.0,286.0,47.7,2.0,1.0,-1.0,0.0,7.0,11.0,10.0,0.0,28.0,49.0,29:29,16.0,10.0,6.0,0.0,61.0,284.0,4.7,1.0,37.0,155.0,4.2,1.0,24.0,10.0,129.0,0.0,0.0,5.4,12.9,41.7,59.2,13.0,4.0,30.8,0.0,0.0,0.0,3.0,1.0,0.0,0.0,4.0,25.0,1.0,1.0,0.0,0.0,5.0,5.0,7.0,337.0,48.1,1.0,2.0,1.0,33.3,0.0,33.3,0.0,1.0,1.0,0.0,0.0,0.0,0.0,0.0,2.0,1.0,1.0,1.0,0.0,0.0,0.0,0.0,0.0,3.0,3.0,37.0,23.0,0.0,0.0,4.0,0.0,1.0,43.0,43.0,2.0,12.0,2.0,2.0,2.0,Sunday,993004672,19,1,18771.0,-1.0,0,-1.0,0.4,0.0,-0.2259534003037703,0.4470588235294118,-0.0296536197095281,-0.4163906575188004,-0.1561628654361954,0.3875,-0.1559991310240423,-0.2256734230953868,12.3,19.0,-6.7,297.6666666666667,275.6666666666667,-1.0,0.249,0.2,70.0,129.0,2.0,-0.1804028612931812,0.4045507433742727,-0.1204630193173603,-0.3270892889462387,-0.092888186307699,0.4062015503875968,-0.1990591278553352,-0.0345628008460109,-0.2285393023794734,-0.0473138114232375,202410819.0,2024-10-27T13:00:00,1,2024,8,ARI,MIA,AWAY,28.0,27.0,55.0,Hard Rock Stadium,0.0,7.0,11.0,10.0,0.0,25.0,46.0,29:29,22.0,10.0,10.0,2.0,55.0,326.0,5.9,2.0,29.0,181.0,6.2,1.0,26.0,14.0,145.0,1.0,1.0,5.6,10.4,53.8,66.99,7.0,2.0,28.6,1.0,0.0,0.0,2.0,1.0,0.0,0.0,3.0,15.0,1.0,0.0,0.0,0.0,7.0,5.0,4.0,178.0,44.5,1.0,2.0,1.0,10.0,3.0,7.0,7.0,0.0,34.0,14.0,30:31,20.0,5.0,14.0,1.0,64.0,395.0,6.2,0.0,22.0,59.0,2.7,0.0,39.0,27.0,336.0,0.0,0.0,8.6,12.4,69.2,95.67,14.0,6.0,42.9,1.0,1.0,100.0,1.0,0.0,0.0,0.0,5.0,57.0,3.0,2.0,3.0,13.0,1.0,1.0,2.0,75.0,37.5,2.0,1.0,-1.0,50.0,0.0,0.0,0.0,2.0,2.0,0.0,0.0,0.0,0.0,0.0,1.0,1.0,0.0,0.0,0.0,0.0,0.0,0.0,0.0,5.0,5.0,41.0,28.0,3.0,13.0,2.0,3.0,2.0,32.0,20.0,0.0,0.0,6.0,1.0,0.0,Sunday,993004671,1,19,18761.0,1.0,1,1.0,0.286,0.0,0.0825683214210619,0.5205479452054794,0.2642619161746434,-0.1068512696244094,0.1060916464895201,0.4871794871794871,0.1296730413113287,-0.1400809710583416,18.0,24.0,-6.0,329.0,405.3333333333333,0.333,0.329,0.4,150.0,178.0,3.0,-0.0098888813505121,0.5046270928462709,0.065942225235195,-0.0303140270289296,0.0726215748327432,0.502053502053502,0.2343637233988163,-0.1434294301592195,-0.0452477874985213,0.1168737116014044,-0.7000000000000002,-12.7,-0.2,0.6000000000000001,-31.333333333333314,626.6666666666667,-129.66666666666663,681.0,-80.0,220.0,-49.0,307.0,-1.0,5.0,-0.1705139799426691,-0.1655097611404422
202410830.0,2024-10-27T16:05:00,1,2024,8,SEA,BUF,HOME,10.0,31.0,41.0,Lumen Field,0.0,3.0,0.0,7.0,0.0,28.0,52.0,21:57,20.0,5.0,12.0,3.0,56.0,339.0,6.1,4.0,26.0,103.0,4.0,1.0,29.0,19.0,236.0,2.0,0.0,8.1,12.4,65.5,113.58,11.0,4.0,36.4,1.0,1.0,100.0,2.0,1.0,0.0,0.0,5.0,42.0,1.0,0.0,1.0,6.0,9.0,6.0,4.0,156.0,39.0,0.0,3.0,3.0,7.0,7.0,10.0,7.0,0.0,31.0,8.0,38:03,22.0,8.0,13.0,1.0,71.0,369.0,5.2,2.0,32.0,155.0,4.8,1.0,36.0,25.0,214.0,1.0,2.0,5.9,8.6,69.4,70.83,15.0,8.0,53.3,2.0,2.0,100.0,2.0,2.0,0.0,0.0,9.0,72.0,1.0,1.0,3.0,32.0,6.0,3.0,3.0,133.0,44.3,3.0,0.0,-3.0,50.0,0.0,100.0,0.0,4.0,4.0,0.0,0.0,0.0,0.0,0.0,2.0,2.0,2.0,2.0,0.0,0.0,0.0,0.0,0.0,1.0,0.0,46.0,36.0,3.0,32.0,5.0,1.0,1.0,38.0,20.0,1.0,6.0,5.0,0.0,0.0,Sunday,993004682,30,4,18767.0,-21.0,0,3.0,0.364,0.0,0.170643985959681,0.4545454545454545,0.3718919100120003,-0.1134856633216259,-0.1402934024794941,0.4891304347826087,-0.1944565791295412,0.0367570944457134,26.0,26.3,-0.3,343.3333333333333,424.0,0.0,0.358,0.4,180.0,164.0,4.0,0.0095855799251216,0.4735512339893783,0.1114752510810425,-0.0975487445785325,0.0364862649640509,0.5045068928950159,0.1474635585284111,-0.0165561783194431,0.0076260494744006,0.0150565266957796,202410830.0,2024-10-27T16:05:00,1,2024,8,BUF,SEA,AWAY,31.0,10.0,41.0,Lumen Field,7.0,7.0,10.0,7.0,0.0,27.0,14.0,38:03,18.0,3.0,14.0,1.0,54.0,389.0,7.2,4.0,20.0,74.0,3.7,2.0,33.0,21.0,315.0,2.0,0.0,9.5,15.0,63.6,115.09,10.0,3.0,30.0,0.0,0.0,0.0,6.0,4.0,0.0,0.0,5.0,40.0,1.0,0.0,1.0,8.0,11.0,7.0,5.0,197.0,39.4,0.0,2.0,2.0,0.0,3.0,0.0,7.0,0.0,32.0,46.0,21:57,18.0,2.0,13.0,3.0,67.0,289.0,4.3,1.0,24.0,89.0,3.7,0.0,40.0,25.0,200.0,1.0,1.0,5.0,8.0,62.5,72.92,16.0,6.0,37.5,2.0,1.0,50.0,3.0,1.0,0.0,0.0,8.0,52.0,4.0,1.0,3.0,15.0,4.0,6.0,5.0,266.0,53.2,2.0,0.0,-2.0,66.7,0.0,33.3,0.0,4.0,4.0,0.0,0.0,0.0,0.0,0.0,2.0,2.0,1.0,1.0,0.0,0.0,0.0,0.0,0.0,1.0,1.0,43.0,25.0,3.0,15.0,5.0,2.0,1.0,36.0,16.0,1.0,8.0,6.0,1.0,0.0,Sunday,993004681,4,30,18768.0,21.0,1,2.0,0.3,0.0,0.1680696045809634,0.4929577464788732,0.3626960536580526,-0.0150751534514711,-0.149368990848,0.4285714285714285,0.010632548932255,-0.5189755164050999,25.7,17.7,8.0,341.3333333333333,369.0,1.667,0.323,0.6,199.0,136.0,5.0,0.0901979304874197,0.4568131039974009,0.2464037987503075,0.019512011491014,-0.0340744617284652,0.4373618645770543,0.1591210799074583,-0.3473599777913936,0.0936639424622914,-0.0113011352963505,-8.3,7.7,-0.19999999999999996,1.0,2.0,684.6666666666666,55.0,793.0,-19.0,379.0,28.0,300.0,-1.0,9.0,-0.0806123505622981,0.07056072669251609
202410829.0,2024-10-27T16:05:00,1,2024,8,LAC,NO,HOME,26.0,8.0,34.0,SoFi Stadium,0.0,9.0,7.0,10.0,0.0,34.0,14.0,31:08,20.0,5.0,14.0,1.0,64.0,395.0,6.2,0.0,22.0,59.0,2.7,0.0,39.0,27.0,336.0,0.0,0.0,8.6,12.4,69.2,95.67,14.0,6.0,42.9,1.0,1.0,100.0,1.0,0.0,0.0,0.0,5.0,57.0,3.0,2.0,3.0,13.0,1.0,1.0,2.0,75.0,37.5,2.0,1.0,-1.0,2.0,3.0,3.0,0.0,0.0,25.0,46.0,28:52,22.0,10.0,10.0,2.0,55.0,326.0,5.9,2.0,29.0,181.0,6.2,1.0,26.0,14.0,145.0,1.0,1.0,5.6,10.4,53.8,66.99,7.0,2.0,28.6,1.0,0.0,0.0,2.0,1.0,0.0,0.0,3.0,15.0,1.0,0.0,0.0,0.0,7.0,5.0,4.0,178.0,44.5,1.0,2.0,1.0,0.0,0.0,50.0,0.0,0.0,0.0,0.0,0.0,0.0,0.0,0.0,5.0,5.0,2.0,2.0,0.0,0.0,0.0,0.0,0.0,1.0,1.0,32.0,20.0,0.0,0.0,6.0,1.0,0.0,41.0,28.0,3.0,13.0,2.0,3.0,2.0,Sunday,993004680,29,22,18761.0,18.0,1,-1.0,0.429,0.0,0.1060916464895201,0.4871794871794871,0.1296730413113287,-0.1400809710583416,0.0825683214210619,0.5205479452054794,0.2642619161746434,-0.1068512696244094,16.0,16.7,-0.7,323.0,323.6666666666667,1.0,0.449,0.4,106.0,83.0,3.0,-0.0089340486333263,0.4234457939721097,0.0814890070116917,-0.2030083829578508,-0.0233077256793373,0.4933907861170064,0.0790560338894895,-0.2716553168171561,-0.0173486797674821,-0.0808985654635885,202410829.0,2024-10-27T16:05:00,1,2024,8,NO,LAC,AWAY,8.0,26.0,34.0,SoFi Stadium,2.0,3.0,3.0,0.0,0.0,26.0,44.0,28:52,15.0,6.0,7.0,2.0,66.0,271.0,4.1,1.0,21.0,97.0,4.6,0.0,39.0,28.0,174.0,1.0,0.0,4.5,6.2,71.8,89.05,17.0,5.0,29.4,4.0,3.0,75.0,2.0,1.0,0.0,0.0,5.0,35.0,2.0,2.0,6.0,36.0,0.0,3.0,6.0,267.0,44.5,2.0,1.0,-1.0,0.0,9.0,7.0,10.0,0.0,33.0,16.0,31:08,22.0,13.0,8.0,1.0,61.0,389.0,6.4,3.0,35.0,225.0,6.4,2.0,26.0,16.0,164.0,0.0,0.0,6.3,10.2,61.5,79.65,11.0,4.0,36.4,0.0,0.0,0.0,3.0,2.0,0.0,0.0,7.0,47.0,1.0,1.0,0.0,0.0,11.0,6.0,3.0,129.0,43.0,1.0,2.0,1.0,50.0,0.0,66.7,0.0,1.0,1.0,0.0,0.0,0.0,0.0,0.0,1.0,1.0,3.0,3.0,0.0,0.0,0.0,0.0,0.0,4.0,4.0,39.0,23.0,0.0,0.0,2.0,1.0,1.0,40.0,26.0,6.0,36.0,3.0,2.0,2.0,Sunday,993004679,22,29,18775.0,-18.0,0,-1.0,0.294,0.0,-0.2893397714810178,0.4090909090909091,-0.4397581394185449,-0.0028957003617987,0.065244648015677,0.5432098765432098,-0.0453073538712887,0.2451118698421245,16.7,36.7,-20.0,264.6666666666667,481.0,-0.333,0.334,0.0,177.0,180.0,2.0,-0.2100165499994017,0.4141414141414141,-0.310577358096489,-0.1373449020645075,0.0771026543554051,0.5487675533494548,0.0738765362381295,0.2241296669242942,-0.1476743868137491,0.0434705072474717,19.3,-20.7,0.4,0.4,58.333333333333314,587.6666666666667,-157.33333333333331,804.6666666666667,-71.0,283.0,-97.0,263.0,1.0,5.0,0.2010825013660754,-0.1004103800347424
202410835.0,2024-10-27T16:25:00,1,2024,8,WAS,CHI,HOME,18.0,15.0,33.0,Northwest Stadium,6.0,3.0,3.0,6.0,0.0,35.0,5.0,32:16,26.0,10.0,12.0,4.0,63.0,421.0,6.7,4.0,37.0,214.0,5.8,1.0,25.0,20.0,207.0,2.0,0.0,8.3,10.4,80.0,127.83,10.0,5.0,50.0,0.0,0.0,0.0,6.0,3.0,0.0,0.0,8.0,55.0,1.0,0.0,1.0,4.0,2.0,5.0,1.0,40.0,40.0,0.0,2.0,2.0,0.0,0.0,7.0,8.0,0.0,24.0,55.0,27:44,10.0,5.0,5.0,0.0,43.0,180.0,4.2,1.0,23.0,95.0,4.1,1.0,18.0,13.0,85.0,0.0,2.0,4.7,6.5,72.2,42.36,10.0,3.0,30.0,1.0,0.0,0.0,1.0,1.0,0.0,0.0,6.0,59.0,1.0,0.0,2.0,4.0,2.0,3.0,5.0,252.0,50.4,2.0,0.0,-2.0,50.0,0.0,100.0,0.0,4.0,4.0,0.0,0.0,0.0,0.0,0.0,4.0,4.0,1.0,1.0,0.0,0.0,0.0,0.0,0.0,0.0,0.0,32.0,16.0,2.0,4.0,3.0,1.0,0.0,41.0,33.0,1.0,4.0,1.0,0.0,0.0,Sunday,993004684,35,6,18766.0,3.0,1,2.0,0.5,0.0,0.2204597937490856,0.5833333333333334,0.4777188509721652,0.0262394298925099,-0.3094319310238698,0.4516129032258064,-0.8723718315956094,-0.0756183047584879,32.3,16.7,15.7,386.6666666666667,292.0,0.667,0.435,0.8,218.0,152.0,5.0,0.137431444748193,0.4954659161976235,0.3020647772962286,-0.1233761349328759,-0.1049289232020349,0.4552915337268051,-0.2627626682830093,-0.0537525984450335,0.2423841724795954,-0.0150043910628168,202410835.0,2024-10-27T16:25:00,1,2024,8,CHI,WAS,AWAY,15.0,18.0,33.0,Northwest Stadium,0.0,0.0,7.0,8.0,0.0,30.0,40.0,27:44,25.0,8.0,14.0,3.0,61.0,373.0,6.1,5.0,29.0,152.0,5.2,1.0,29.0,23.0,221.0,4.0,1.0,7.6,9.6,79.3,123.64,11.0,5.0,45.5,1.0,1.0,100.0,4.0,4.0,0.0,0.0,2.0,10.0,1.0,0.0,3.0,5.0,8.0,4.0,2.0,123.0,61.5,1.0,2.0,1.0,6.0,3.0,3.0,6.0,0.0,29.0,20.0,32:16,17.0,3.0,14.0,0.0,60.0,278.0,4.6,2.0,20.0,68.0,3.4,0.0,36.0,24.0,210.0,2.0,1.0,5.8,8.8,66.7,88.89,15.0,7.0,46.7,2.0,2.0,100.0,3.0,2.0,0.0,0.0,8.0,43.0,2.0,1.0,4.0,30.0,5.0,3.0,4.0,193.0,48.2,2.0,1.0,-1.0,100.0,0.0,66.7,0.0,5.0,5.0,0.0,0.0,0.0,0.0,0.0,1.0,0.0,1.0,1.0,0.0,2.0,0.0,0.0,0.0,1.0,1.0,42.0,23.0,4.0,30.0,6.0,2.0,1.0,38.0,25.0,3.0,5.0,2.0,1.0,0.0,Sunday,993004683,6,35,18759.0,-3.0,0,1.0,0.455,0.0,0.2704153548094967,0.5443037974683544,0.52841125118385,-0.0183696260924191,0.0122995184774098,0.4358974358974359,0.006339214069891,-0.1022597223362775,31.7,14.7,17.0,353.6666666666667,297.3333333333333,2.0,0.384,0.6,148.0,101.0,4.0,0.1551613001964138,0.5064610084521903,0.3544860071345732,-0.0155556540771416,-0.0463896082648113,0.4610886189833558,-0.1651659736541006,0.1265884335585319,0.0423045511571255,-0.0648783583360787,-1.3000000000000007,32.7,0.20000000000000007,1.4,33.0,740.3333333333334,-5.333333333333314,589.3333333333333,70.0,366.0,51.0,253.0,1.0,9.0,-0.01772985544822081,-0.0585393149372236
202410810.0,2024-10-27T16:25:00,1,2024,8,DEN,CAR,HOME,28.0,14.0,42.0,Empower Field at Mile High,0.0,21.0,7.0,0.0,0.0,33.0,16.0,33:10,22.0,13.0,8.0,1.0,61.0,389.0,6.4,3.0,35.0,225.0,6.4,2.0,26.0,16.0,164.0,0.0,0.0,6.3,10.2,61.5,79.65,11.0,4.0,36.4,0.0,0.0,0.0,3.0,2.0,0.0,0.0,7.0,47.0,1.0,1.0,0.0,0.0,11.0,6.0,3.0,129.0,43.0,1.0,2.0,1.0,7.0,0.0,0.0,7.0,0.0,26.0,44.0,26:50,15.0,6.0,7.0,2.0,66.0,271.0,4.1,1.0,21.0,97.0,4.6,0.0,39.0,28.0,174.0,1.0,0.0,4.5,6.2,71.8,89.05,17.0,5.0,29.4,4.0,3.0,75.0,2.0,1.0,0.0,0.0,5.0,35.0,2.0,2.0,6.0,36.0,0.0,3.0,6.0,267.0,44.5,2.0,1.0,-1.0,66.7,0.0,50.0,0.0,3.0,3.0,0.0,0.0,0.0,0.0,0.0,4.0,4.0,1.0,1.0,0.0,0.0,0.0,0.0,0.0,1.0,1.0,40.0,26.0,6.0,36.0,3.0,2.0,2.0,39.0,23.0,0.0,0.0,2.0,1.0,1.0,Sunday,993004688,10,5,18775.0,14.0,1,1.0,0.364,0.0,0.065244648015677,0.5432098765432098,-0.0453073538712887,0.2451118698421245,-0.2893397714810178,0.4090909090909091,-0.4397581394185449,-0.0028957003617987,27.7,17.0,10.7,331.3333333333333,317.0,0.667,0.295,0.8,145.0,106.0,4.0,0.0162501266352492,0.5022519527720669,0.0006645277959582,-0.0722724307771487,-0.1251594206647058,0.4240829346092504,-0.1672761424368022,-0.0398603089272186,-0.0196314789535976,-0.1727739828992128,202410810.0,2024-10-27T16:25:00,1,2024,8,CAR,DEN,AWAY,14.0,28.0,42.0,Empower Field at Mile High,7.0,0.0,0.0,7.0,0.0,24.0,55.0,26:50,10.0,5.0,5.0,0.0,43.0,180.0,4.2,1.0,23.0,95.0,4.1,1.0,18.0,13.0,85.0,0.0,2.0,4.7,6.5,72.2,42.36,10.0,3.0,30.0,1.0,0.0,0.0,1.0,1.0,0.0,0.0,6.0,59.0,1.0,0.0,2.0,4.0,2.0,3.0,5.0,252.0,50.4,2.0,0.0,-2.0,0.0,21.0,7.0,0.0,0.0,35.0,5.0,33:10,26.0,10.0,12.0,4.0,63.0,421.0,6.7,4.0,37.0,214.0,5.8,1.0,25.0,20.0,207.0,2.0,0.0,8.3,10.4,80.0,127.83,10.0,5.0,50.0,0.0,0.0,0.0,6.0,3.0,0.0,0.0,8.0,55.0,1.0,0.0,1.0,4.0,2.0,5.0,1.0,40.0,40.0,0.0,2.0,2.0,100.0,0.0,50.0,0.0,1.0,1.0,0.0,0.0,0.0,0.0,0.0,0.0,0.0,4.0,4.0,0.0,0.0,0.0,0.0,0.0,4.0,4.0,41.0,33.0,1.0,4.0,1.0,0.0,0.0,32.0,16.0,2.0,4.0,3.0,1.0,0.0,Sunday,993004687,5,10,18766.0,-14.0,0,-2.0,0.3,0.0,-0.3094319310238698,0.4516129032258064,-0.8723718315956094,-0.0756183047584879,0.2204597937490856,0.5833333333333334,0.4777188509721652,0.0262394298925099,12.3,38.0,-25.7,269.0,422.6666666666667,-2.0,0.335,0.2,110.0,243.0,1.0,-0.197382398615422,0.4420513022992589,-0.4696848402895952,0.0527519801406348,0.1866289090729222,0.5231189671447277,0.3945900029220719,0.0773946036170023,-0.076988589542984,0.1370094067412923,36.4,-15.0,0.6000000000000001,1.0,62.333333333333314,600.3333333333333,-105.66666666666669,739.6666666666667,35.0,255.0,-137.0,349.0,3.0,5.0,0.2136325252506712,-0.31178832973762804
202410825.0,2024-10-27T16:25:00,1,2024,8,LV,KC,HOME,20.0,27.0,47.0,Allegiant Stadium,7.0,3.0,3.0,7.0,0.0,33.0,48.0,27:30,20.0,7.0,12.0,1.0,75.0,317.0,4.2,0.0,29.0,122.0,4.2,0.0,44.0,21.0,195.0,0.0,3.0,4.4,9.3,47.7,31.91,15.0,3.0,20.0,1.0,1.0,100.0,2.0,0.0,0.0,0.0,10.0,80.0,1.0,1.0,2.0,11.0,2.0,2.0,4.0,190.0,47.5,4.0,1.0,-3.0,7.0,10.0,0.0,10.0,0.0,26.0,12.0,32:30,15.0,7.0,6.0,2.0,52.0,259.0,5.0,3.0,28.0,115.0,4.1,2.0,23.0,14.0,144.0,0.0,1.0,6.3,10.3,60.9,60.78,10.0,2.0,20.0,1.0,0.0,0.0,3.0,2.0,0.0,0.0,3.0,28.0,0.0,0.0,1.0,10.0,10.0,3.0,6.0,261.0,43.5,1.0,4.0,3.0,0.0,0.0,66.7,0.0,0.0,0.0,0.0,0.0,0.0,0.0,0.0,5.0,5.0,3.0,2.0,0.0,0.0,0.0,0.0,0.0,1.0,0.0,37.0,13.0,1.0,10.0,4.0,0.0,0.0,45.0,27.0,2.0,11.0,8.0,1.0,1.0,Sunday,993004686,25,16,18765.0,-7.0,0,-3.0,0.2,0.0,-0.2593707644972307,0.3814432989690721,-0.4634761349434906,-0.1090604566092107,-0.3250474888227149,0.4366197183098591,-0.2200032007626806,-0.2885187163246209,15.3,28.7,-13.3,307.3333333333333,280.3333333333333,-3.0,0.283,0.2,124.0,183.0,2.0,-0.2341197006867682,0.4163252555005132,-0.2863385180788136,-0.2571407458102858,-0.0697535811234324,0.4509970287113656,-0.0241222328846358,-0.0912073270713818,-0.1705315048865246,-0.0319516725325794,202410825.0,2024-10-27T16:25:00,1,2024,8,KC,LV,AWAY,27.0,20.0,47.0,Allegiant Stadium,7.0,10.0,0.0,10.0,0.0,35.0,4.0,32:30,22.0,11.0,11.0,0.0,68.0,329.0,4.8,4.0,39.0,184.0,4.7,4.0,27.0,16.0,145.0,0.0,2.0,5.4,9.1,59.3,42.98,14.0,8.0,57.1,2.0,1.0,50.0,5.0,4.0,0.0,0.0,4.0,48.0,0.0,0.0,2.0,9.0,6.0,5.0,3.0,179.0,59.7,2.0,3.0,1.0,7.0,3.0,3.0,7.0,0.0,24.0,56.0,27:30,19.0,7.0,8.0,4.0,56.0,310.0,5.5,2.0,24.0,101.0,4.2,2.0,31.0,17.0,209.0,0.0,3.0,6.7,12.3,54.8,36.29,11.0,2.0,18.2,1.0,1.0,100.0,4.0,2.0,0.0,0.0,6.0,40.0,1.0,0.0,1.0,3.0,8.0,1.0,4.0,193.0,48.2,3.0,2.0,-1.0,80.0,0.0,50.0,0.0,4.0,4.0,0.0,0.0,0.0,0.0,0.0,0.0,0.0,1.0,0.0,0.0,2.0,0.0,0.0,0.0,2.0,2.0,37.0,14.0,1.0,3.0,6.0,1.0,0.0,42.0,28.0,2.0,9.0,3.0,0.0,0.0,Sunday,993004685,16,25,18764.0,7.0,1,1.0,0.571,0.0,0.0530081763905394,0.5476190476190477,0.0553962368832082,0.0273678106654967,-0.1123619914159557,0.4933333333333333,-0.1636530013994356,-0.1111144164787502,23.7,13.7,10.0,372.6666666666667,251.33333333333337,-0.333,0.521,1.0,146.0,103.0,6.0,0.0143862641678452,0.527098674521355,0.0529845039075483,-0.0294507965070461,-0.139670069950266,0.3967149758454106,-0.1144620853028968,-0.2245420921918443,0.0245375972276367,-0.0740788257536083,-23.3,-3.3000000000000007,-0.8,1.2,-65.33333333333337,680.0,28.999999999999943,531.6666666666667,-22.0,270.0,80.0,286.0,-4.0,8.0,-0.2485059648546134,0.06991648882683361
202410831.0,2024-10-27T20:20:00,1,2024,8,SF,DAL,HOME,30.0,24.0,54.0,Levi's Stadium,3.0,3.0,21.0,3.0,0.0,24.0,56.0,33:12,19.0,7.0,8.0,4.0,56.0,310.0,5.5,2.0,24.0,101.0,4.2,2.0,31.0,17.0,209.0,0.0,3.0,6.7,12.3,54.8,36.29,11.0,2.0,18.2,1.0,1.0,100.0,4.0,2.0,0.0,0.0,6.0,40.0,1.0,0.0,1.0,3.0,8.0,1.0,4.0,193.0,48.2,3.0,2.0,-1.0,0.0,10.0,0.0,14.0,0.0,35.0,4.0,26:48,22.0,11.0,11.0,0.0,68.0,329.0,4.8,4.0,39.0,184.0,4.7,4.0,27.0,16.0,145.0,0.0,2.0,5.4,9.1,59.3,42.98,14.0,8.0,57.1,2.0,1.0,50.0,5.0,4.0,0.0,0.0,4.0,48.0,0.0,0.0,2.0,9.0,6.0,5.0,3.0,179.0,59.7,2.0,3.0,1.0,50.0,0.0,80.0,0.0,1.0,0.0,0.0,2.0,0.0,0.0,0.0,2.0,2.0,4.0,4.0,0.0,0.0,0.0,0.0,0.0,0.0,0.0,42.0,28.0,2.0,9.0,3.0,0.0,0.0,37.0,14.0,1.0,3.0,6.0,1.0,0.0,Sunday,993004690,31,9,18764.0,6.0,1,-1.0,0.182,0.0,-0.1123619914159557,0.4933333333333333,-0.1636530013994356,-0.1111144164787502,0.0530081763905394,0.5476190476190477,0.0553962368832082,0.0273678106654967,25.7,25.3,0.3,392.3333333333333,348.3333333333333,0.0,0.381,0.4,180.0,158.0,3.0,0.0331713682609404,0.4994143525850842,0.0901145586996381,-0.0637259072247905,0.0334829605515931,0.5004090983472427,0.0399358297833407,0.0545015686220486,0.0430200727425858,-0.0004648644231428,202410831.0,2024-10-27T20:20:00,1,2024,8,DAL,SF,AWAY,24.0,30.0,54.0,Levi's Stadium,0.0,10.0,0.0,14.0,0.0,25.0,17.0,26:48,16.0,2.0,10.0,4.0,65.0,251.0,3.9,0.0,17.0,53.0,3.1,0.0,44.0,25.0,198.0,0.0,3.0,4.5,7.9,56.8,39.77,13.0,3.0,23.1,4.0,1.0,25.0,3.0,0.0,0.0,0.0,4.0,30.0,2.0,2.0,4.0,26.0,7.0,4.0,2.0,93.0,46.5,5.0,0.0,-5.0,3.0,3.0,21.0,3.0,0.0,34.0,43.0,33:12,27.0,12.0,14.0,1.0,66.0,492.0,7.5,5.0,36.0,184.0,5.1,2.0,27.0,19.0,308.0,3.0,0.0,11.4,16.2,70.4,145.29,10.0,4.0,40.0,2.0,1.0,50.0,5.0,3.0,0.0,0.0,8.0,63.0,1.0,0.0,3.0,26.0,11.0,5.0,0.0,0.0,0.0,0.0,5.0,5.0,0.0,0.0,60.0,0.0,0.0,0.0,0.0,0.0,0.0,0.0,0.0,3.0,3.0,5.0,5.0,0.0,0.0,0.0,0.0,0.0,4.0,4.0,41.0,27.0,3.0,26.0,2.0,1.0,0.0,37.0,21.0,4.0,26.0,10.0,2.0,2.0,Sunday,993004689,9,31,18750.0,-6.0,0,-5.0,0.231,0.0,-0.2744935855310519,0.4352941176470588,-0.536165700991895,-0.1424703977791068,0.3009704890133416,0.5058823529411764,0.4167276217744523,0.2580517181459072,16.3,26.3,-10.0,329.6666666666667,340.3333333333333,-2.0,0.377,0.4,126.0,168.0,3.0,-0.0226310646212524,0.4836815113748058,-0.0193538795825671,-0.0959848636851917,0.1168797113861731,0.4780208688075449,0.1558944800370922,0.0385289253452944,-0.0158355640055052,0.1626820226402419,10.3,-9.7,0.0,0.8,62.66666666666663,722.0,8.0,688.6666666666666,54.0,306.0,-10.0,326.0,0.0,6.0,0.055802432882192804,-0.08339675083458001
202410828.0,2024-10-28T20:15:00,1,2024,8,PIT,NYG,HOME,26.0,18.0,44.0,Acrisure Stadium,6.0,3.0,7.0,10.0,0.0,32.0,9.0,29:18,21.0,8.0,12.0,1.0,66.0,409.0,6.2,4.0,36.0,149.0,4.1,2.0,29.0,16.0,260.0,2.0,0.0,9.0,16.2,55.2,108.41,14.0,5.0,35.7,2.0,2.0,100.0,6.0,4.0,0.0,0.0,4.0,36.0,0.0,0.0,1.0,4.0,8.0,5.0,4.0,184.0,46.0,0.0,2.0,2.0,3.0,6.0,0.0,9.0,0.0,27.0,51.0,30:42,17.0,3.0,13.0,1.0,55.0,323.0,5.9,2.0,15.0,54.0,3.6,1.0,39.0,24.0,269.0,1.0,2.0,6.9,11.2,61.5,69.28,10.0,3.0,30.0,2.0,1.0,50.0,3.0,2.0,0.0,0.0,5.0,50.0,2.0,0.0,1.0,7.0,5.0,4.0,4.0,177.0,44.2,2.0,0.0,-2.0,66.7,0.0,66.7,0.0,4.0,4.0,0.0,0.0,0.0,0.0,0.0,3.0,3.0,1.0,1.0,0.0,2.0,1.0,0.0,0.0,1.0,0.0,35.0,16.0,1.0,7.0,6.0,1.0,0.0,40.0,29.0,1.0,4.0,3.0,0.0,0.0,Monday,993004692,28,23,18763.0,8.0,1,2.0,0.357,0.0,0.1763129224841615,0.4523809523809524,0.2865936037707219,0.057522176636017,-0.1199787786366176,0.44,0.0020663716936399,-0.1414197125777718,28.7,16.0,12.7,309.3333333333333,347.6666666666667,2.333,0.305,0.6,161.0,101.0,5.0,0.0972000085002565,0.4682191971348597,0.1356332011598753,0.0674235186541493,-0.0975200739121502,0.4673853744821487,0.0512579366806502,-0.268485180933466,0.0643587963308499,-0.0766837208258094,202410828.0,2024-10-28T20:15:00,1,2024,8,NYG,PIT,AWAY,18.0,26.0,44.0,Acrisure Stadium,3.0,6.0,0.0,9.0,0.0,24.0,40.0,30:42,10.0,4.0,6.0,0.0,55.0,119.0,2.2,0.0,18.0,76.0,4.2,0.0,29.0,17.0,43.0,0.0,0.0,1.5,2.5,58.6,63.43,14.0,3.0,21.4,0.0,0.0,0.0,1.0,0.0,0.0,0.0,5.0,35.0,3.0,0.0,8.0,62.0,7.0,8.0,11.0,517.0,47.0,0.0,0.0,0.0,6.0,3.0,7.0,10.0,0.0,35.0,20.0,29:18,20.0,13.0,6.0,1.0,65.0,339.0,5.2,4.0,45.0,269.0,6.0,3.0,15.0,10.0,70.0,1.0,0.0,4.7,7.0,66.7,99.31,13.0,1.0,7.7,3.0,3.0,100.0,3.0,3.0,0.0,0.0,6.0,35.0,0.0,0.0,5.0,44.0,11.0,10.0,8.0,419.0,52.4,0.0,0.0,0.0,0.0,0.0,100.0,0.0,0.0,0.0,0.0,0.0,0.0,0.0,0.0,1.0,1.0,4.0,4.0,0.0,0.0,0.0,0.0,0.0,0.0,0.0,45.0,30.0,5.0,44.0,2.0,0.0,0.0,37.0,17.0,8.0,62.0,4.0,1.0,0.0,Monday,993004691,23,28,18773.0,-8.0,0,0.0,0.214,0.0,-0.2560317955033567,0.3974358974358974,-0.5283855655889612,-0.1130741122586187,0.1319848818267133,0.4457831325301205,0.0684200729997626,0.1858506296550677,13.0,21.7,-8.7,282.6666666666667,325.3333333333333,0.0,0.328,0.4,99.0,149.0,2.0,-0.1320490034956195,0.4566544566544566,-0.1552724875002069,-0.0939142026837426,-0.007179770068566,0.4732738646895273,0.0650770277832886,-0.1062919716309429,-0.1045955925970523,-0.0327004843919556,21.4,4.0,0.19999999999999996,1.0,26.66666666666663,592.0,22.33333333333337,673.0,62.0,260.0,-48.0,250.0,3.0,7.0,0.229249011995876,-0.0903403038435842
202410924.0,2024-10-31T20:15:00,1,2024,9,NYJ,HOU,HOME,21.0,13.0,34.0,MetLife Stadium,0.0,0.0,7.0,14.0,0.0,29.0,34.0,26:18,22.0,6.0,12.0,4.0,57.0,336.0,5.9,3.0,28.0,112.0,4.0,1.0,28.0,17.0,224.0,2.0,0.0,8.0,13.2,60.7,109.82,10.0,4.0,40.0,0.0,0.0,0.0,5.0,3.0,0.0,0.0,8.0,55.0,2.0,0.0,1.0,9.0,4.0,5.0,4.0,177.0,44.2,0.0,0.0,0.0,0.0,7.0,3.0,3.0,0.0,30.0,26.0,33:42,19.0,10.0,7.0,2.0,63.0,248.0,3.9,3.0,31.0,112.0,3.6,3.0,30.0,18.0,136.0,0.0,0.0,4.5,7.6,60.0,70.97,15.0,7.0,46.7,1.0,1.0,100.0,4.0,3.0,0.0,0.0,5.0,50.0,2.0,0.0,2.0,19.0,5.0,2.0,5.0,236.0,47.2,0.0,0.0,0.0,60.0,0.0,75.0,0.0,2.0,1.0,0.0,2.0,0.0,0.0,0.0,2.0,1.0,2.0,2.0,0.0,2.0,1.0,0.0,0.0,1.0,1.0,40.0,29.0,2.0,19.0,3.0,1.0,0.0,29.0,30.0,1.0,9.0,3.0,1.0,0.0,Thursday,993004694,24,13,18788.0,8.0,1,0.0,0.4,0.0,0.0183968693463996,0.5,0.2745047399116536,0.0570206443163832,0.0142635508036319,0.4634146341463415,0.122979893218033,-0.0942923061894751,19.0,28.3,-9.3,350.6666666666667,338.6666666666667,-1.0,0.344,0.0,150.0,170.0,2.0,-0.0091438295234616,0.4610126582278481,0.1920974026292188,-0.0517278557117723,0.1061532721265586,0.4758078311680127,0.2481383040521007,0.0520020542240845,-0.0819568886935856,0.0022843047494042,202410924.0,2024-10-31T20:15:00,1,2024,9,HOU,NYJ,AWAY,13.0,21.0,34.0,MetLife Stadium,0.0,7.0,3.0,3.0,0.0,35.0,20.0,33:42,21.0,5.0,15.0,1.0,68.0,363.0,5.3,2.0,29.0,96.0,3.3,1.0,37.0,25.0,267.0,1.0,0.0,7.2,10.7,67.6,97.47,13.0,4.0,30.8,0.0,0.0,0.0,6.0,2.0,0.0,0.0,5.0,30.0,1.0,1.0,2.0,18.0,9.0,6.0,6.0,257.0,42.8,1.0,2.0,1.0,0.0,0.0,7.0,14.0,0.0,24.0,40.0,26:18,17.0,10.0,7.0,0.0,63.0,303.0,4.8,2.0,26.0,163.0,6.3,1.0,32.0,10.0,140.0,1.0,1.0,4.4,14.0,31.2,43.75,13.0,2.0,15.4,2.0,2.0,100.0,2.0,1.0,0.0,0.0,9.0,57.0,2.0,1.0,5.0,35.0,9.0,11.0,6.0,283.0,47.2,2.0,1.0,-1.0,33.3,0.0,50.0,0.0,2.0,2.0,0.0,0.0,0.0,0.0,0.0,3.0,3.0,2.0,2.0,0.0,0.0,0.0,0.0,0.0,2.0,2.0,36.0,14.0,5.0,35.0,10.0,1.0,1.0,46.0,23.0,2.0,18.0,2.0,1.0,1.0,Thursday,993004693,13,24,18785.0,-8.0,0,1.0,0.308,0.0,-0.0180532346736663,0.4505494505494505,0.141533270692698,-0.3132358278128473,-0.0334197857758121,0.3529411764705882,-0.2002575914739761,0.0600256451467558,28.7,21.7,7.0,309.3333333333333,290.3333333333333,2.333,0.326,0.8,188.0,179.0,6.0,0.0454746796242356,0.4573460997511629,0.0070889965918108,-0.0491519105289294,-0.0748240680771096,0.4288098495212038,-0.1227922553113945,-0.1731821043360166,0.0415590786552935,-0.0271220792740852,-16.3,-2.3000000000000007,-0.8,0.8,41.33333333333337,660.0,48.33333333333337,629.0,-38.0,338.0,-9.0,349.0,-4.0,8.0,-0.0546185091476972,0.1809773402036682
202410923.0,2024-11-03T13:00:00,1,2024,9,NYG,WAS,HOME,22.0,27.0,49.0,MetLife Stadium,0.0,7.0,3.0,12.0,0.0,30.0,42.0,32:00,17.0,6.0,10.0,1.0,67.0,394.0,5.9,1.0,25.0,157.0,6.3,1.0,38.0,24.0,237.0,0.0,1.0,6.2,9.9,63.2,69.74,15.0,5.0,33.3,1.0,1.0,100.0,3.0,0.0,0.0,0.0,11.0,65.0,1.0,1.0,4.0,27.0,8.0,5.0,4.0,192.0,48.0,2.0,1.0,-1.0,7.0,14.0,3.0,3.0,0.0,29.0,18.0,28:00,20.0,6.0,12.0,2.0,63.0,426.0,6.8,2.0,31.0,167.0,5.4,0.0,28.0,20.0,259.0,1.0,0.0,9.2,13.0,71.4,112.05,13.0,6.0,46.2,0.0,0.0,0.0,4.0,0.0,0.0,0.0,5.0,50.0,1.0,1.0,4.0,19.0,12.0,6.0,3.0,131.0,43.7,1.0,2.0,1.0,0.0,0.0,0.0,0.0,0.0,0.0,0.0,2.0,0.0,0.0,0.0,4.0,4.0,2.0,2.0,0.0,0.0,0.0,0.0,0.0,4.0,4.0,40.0,33.0,4.0,19.0,2.0,1.0,1.0,40.0,30.0,4.0,27.0,4.0,1.0,1.0,Sunday,993004696,23,35,18776.0,-5.0,0,-1.0,0.333,0.0,-0.0274743919240857,0.4347826086956521,-0.0890823646861335,0.152707047869917,0.0512761028918115,0.5,0.0579958603288056,0.0225378384173382,9.3,23.7,-14.3,274.0,356.3333333333333,-0.333,0.294,0.2,117.0,175.0,2.0,-0.1386111698337093,0.434915326219674,-0.2667886733530579,0.0501353957401616,0.0669057763701649,0.4691071980228606,0.1203037789697895,-0.096748925336952,-0.081064316308454,0.0278869831753061,202410923.0,2024-11-03T13:00:00,1,2024,9,WAS,NYG,AWAY,27.0,22.0,49.0,MetLife Stadium,7.0,14.0,3.0,3.0,0.0,32.0,16.0,28:00,23.0,6.0,15.0,2.0,72.0,481.0,6.7,1.0,32.0,168.0,5.2,0.0,38.0,21.0,313.0,1.0,0.0,8.2,14.9,55.3,91.23,15.0,5.0,33.3,0.0,0.0,0.0,3.0,0.0,0.0,0.0,5.0,30.0,1.0,0.0,2.0,13.0,8.0,5.0,5.0,214.0,42.8,0.0,1.0,1.0,0.0,7.0,3.0,12.0,0.0,27.0,44.0,32:00,15.0,8.0,6.0,1.0,60.0,307.0,5.1,2.0,33.0,202.0,6.1,2.0,24.0,10.0,105.0,0.0,0.0,4.4,10.5,41.7,55.03,12.0,2.0,16.7,1.0,0.0,0.0,2.0,1.0,0.0,0.0,8.0,60.0,1.0,1.0,3.0,26.0,7.0,6.0,7.0,341.0,48.7,1.0,0.0,-1.0,0.0,0.0,50.0,0.0,0.0,0.0,0.0,0.0,0.0,0.0,0.0,5.0,4.0,1.0,1.0,0.0,2.0,1.0,0.0,0.0,0.0,0.0,38.0,16.0,3.0,26.0,1.0,0.0,1.0,45.0,28.0,2.0,13.0,2.0,1.0,0.0,Sunday,993004695,35,23,18790.0,5.0,1,1.0,0.333,0.0,-0.0056688468449155,0.4175824175824176,0.2164388936146767,-0.254769351165473,-0.0806153902211175,0.4320987654320987,-0.163086101205301,0.0113954646970211,27.0,17.3,9.7,402.3333333333333,323.6666666666667,1.333,0.389,0.8,236.0,167.0,6.0,0.1194934549737881,0.5045787545787547,0.3318080608947941,-0.2094507307564294,-0.0683215536365757,0.4752934477855667,-0.1903904372446579,-0.0212818384811766,0.1560929025209119,-0.0911792673344844,-24.0,-4.600000000000001,-0.6000000000000001,1.0,-128.33333333333331,676.3333333333333,32.66666666666663,680.0,-119.0,353.0,8.0,342.0,-4.0,8.0,-0.2581046248074974,0.1352273300067406
202410905.0,2024-11-03T13:00:00,1,2024,9,CAR,NO,HOME,23.0,22.0,45.0,Bank of America Stadium,0.0,10.0,7.0,6.0,0.0,26.0,50.0,25:41,16.0,3.0,11.0,2.0,60.0,284.0,4.7,2.0,20.0,69.0,3.4,0.0,38.0,24.0,215.0,2.0,2.0,5.7,9.0,63.2,73.9,14.0,5.0,35.7,4.0,1.0,25.0,3.0,2.0,0.0,0.0,8.0,49.0,0.0,0.0,2.0,9.0,2.0,5.0,5.0,247.0,49.4,2.0,2.0,0.0,6.0,7.0,3.0,6.0,0.0,33.0,10.0,34:19,23.0,6.0,16.0,1.0,73.0,400.0,5.5,4.0,32.0,102.0,3.2,1.0,39.0,30.0,298.0,3.0,0.0,7.6,9.9,76.9,123.66,17.0,11.0,64.7,2.0,1.0,50.0,5.0,4.0,0.0,0.0,4.0,43.0,2.0,2.0,2.0,17.0,5.0,6.0,3.0,153.0,51.0,2.0,2.0,0.0,66.7,0.0,80.0,0.0,2.0,2.0,0.0,0.0,0.0,0.0,0.0,0.0,0.0,4.0,4.0,0.0,0.0,0.0,0.0,0.0,0.0,0.0,48.0,28.0,2.0,17.0,2.0,2.0,2.0,35.0,24.0,2.0,9.0,2.0,0.0,0.0,Sunday,993004702,5,22,18779.0,1.0,1,0.0,0.357,0.0,-0.1226298271149158,0.4487179487179487,-0.1823876247892092,-0.1722707918153092,0.059443574684066,0.4767441860465116,0.0889466914328901,0.0050412397754068,13.7,35.3,-21.7,266.3333333333333,414.6666666666667,-1.0,0.371,0.0,124.0,271.0,1.0,-0.1733475005767082,0.451273074678926,-0.3834797814396487,-0.1054075302920493,0.1604462768653265,0.5322209617445012,0.2855689047095412,0.1173019030776813,-0.134154095222957,0.1639974386002646,202410905.0,2024-11-03T13:00:00,1,2024,9,NO,CAR,AWAY,22.0,23.0,45.0,Bank of America Stadium,6.0,7.0,3.0,6.0,0.0,28.0,52.0,34:19,15.0,4.0,9.0,2.0,68.0,366.0,5.4,0.0,21.0,117.0,5.6,0.0,42.0,22.0,249.0,0.0,0.0,5.9,11.3,52.4,70.44,16.0,2.0,12.5,1.0,1.0,100.0,1.0,0.0,0.0,0.0,7.0,66.0,0.0,0.0,5.0,32.0,7.0,6.0,9.0,437.0,48.6,0.0,0.0,0.0,0.0,10.0,7.0,6.0,0.0,31.0,8.0,25:41,19.0,6.0,12.0,1.0,64.0,378.0,5.9,3.0,29.0,122.0,4.2,1.0,32.0,20.0,256.0,2.0,0.0,8.0,12.8,62.5,108.33,12.0,3.0,25.0,1.0,0.0,0.0,3.0,2.0,0.0,0.0,4.0,34.0,2.0,0.0,3.0,23.0,7.0,6.0,6.0,344.0,57.3,0.0,0.0,0.0,0.0,0.0,66.7,0.0,0.0,0.0,0.0,0.0,0.0,0.0,0.0,3.0,2.0,3.0,2.0,0.0,0.0,0.0,0.0,0.0,2.0,2.0,41.0,15.0,3.0,23.0,4.0,1.0,0.0,40.0,18.0,5.0,32.0,5.0,0.0,0.0,Sunday,993004701,22,5,18781.0,-1.0,0,0.0,0.125,0.0,-0.2054665829418026,0.3763440860215054,-0.2273073801189794,-0.1858749558007167,0.040937728963037,0.3809523809523809,0.1410967582481445,-0.1938110405649058,15.0,36.7,-21.7,313.3333333333333,453.6666666666667,-0.333,0.242,0.0,185.0,206.0,2.0,-0.2497093141226428,0.4139855780809497,-0.3580396398839463,-0.1558726237878237,0.0593221040931415,0.4867482439074649,0.0611259188179887,0.1312917967603587,-0.1575674060685821,0.0712248182152316,0.0,-43.4,0.0,0.0,-47.0,579.6666666666666,-39.0,868.3333333333334,-61.0,309.0,65.0,477.0,-1.0,3.0,0.0763618135459346,0.101124172772185
202410907.0,2024-11-03T13:00:00,1,2024,9,CIN,LV,HOME,41.0,24.0,65.0,Paycor Stadium,7.0,10.0,14.0,10.0,0.0,28.0,12.0,35:14,18.0,3.0,15.0,0.0,58.0,280.0,4.8,2.0,20.0,58.0,2.9,1.0,37.0,26.0,222.0,1.0,1.0,6.0,8.5,70.3,83.39,13.0,10.0,76.9,1.0,0.0,0.0,3.0,2.0,0.0,0.0,1.0,3.0,3.0,1.0,1.0,12.0,1.0,4.0,0.0,0.0,0.0,2.0,0.0,-2.0,7.0,3.0,0.0,14.0,0.0,31.0,48.0,24:46,24.0,13.0,10.0,1.0,59.0,397.0,6.7,4.0,39.0,161.0,4.1,3.0,20.0,16.0,236.0,1.0,0.0,11.8,14.8,80.0,132.5,11.0,6.0,54.5,1.0,1.0,100.0,5.0,3.0,0.0,0.0,4.0,40.0,0.0,0.0,0.0,0.0,4.0,2.0,1.0,52.0,52.0,0.0,2.0,2.0,66.7,0.0,60.0,0.0,2.0,2.0,0.0,0.0,0.0,0.0,0.0,2.0,1.0,4.0,4.0,0.0,0.0,0.0,0.0,0.0,3.0,3.0,37.0,29.0,0.0,0.0,2.0,0.0,0.0,38.0,17.0,1.0,12.0,6.0,3.0,1.0,Sunday,993004698,7,25,18778.0,17.0,1,-2.0,0.769,0.0,-0.0168576842826538,0.4571428571428571,0.1193912967341106,-0.2840464919367257,0.3112790117670119,0.5394736842105263,0.6701229336913174,0.1315620753254824,18.3,19.3,-1.0,269.0,347.3333333333333,0.0,0.429,0.6,195.0,203.0,3.0,-0.0341088850982939,0.4295147774599829,0.1058192992602051,-0.3814831001208371,-0.0027961901339471,0.4563813379602853,0.1016026143741148,0.0579712562794058,0.0579298210844754,0.057431570900229,202410907.0,2024-11-03T13:00:00,1,2024,9,LV,CIN,AWAY,24.0,41.0,65.0,Paycor Stadium,7.0,3.0,0.0,14.0,0.0,27.0,30.0,24:46,15.0,1.0,13.0,1.0,56.0,228.0,4.1,2.0,21.0,33.0,1.6,0.0,30.0,24.0,195.0,2.0,0.0,6.5,8.1,80.0,115.97,13.0,6.0,46.2,2.0,1.0,50.0,4.0,2.0,0.0,0.0,5.0,32.0,1.0,1.0,5.0,14.0,3.0,3.0,2.0,128.0,64.0,1.0,1.0,0.0,7.0,10.0,14.0,10.0,0.0,32.0,30.0,35:14,23.0,5.0,17.0,1.0,68.0,334.0,4.9,3.0,29.0,82.0,2.8,1.0,38.0,27.0,252.0,2.0,1.0,6.6,9.3,71.1,95.5,16.0,12.0,75.0,0.0,0.0,0.0,4.0,3.0,0.0,0.0,8.0,55.0,1.0,0.0,1.0,10.0,8.0,7.0,2.0,93.0,46.5,1.0,1.0,0.0,50.0,0.0,75.0,0.0,2.0,2.0,0.0,0.0,0.0,0.0,0.0,2.0,2.0,3.0,3.0,0.0,0.0,0.0,0.0,0.0,2.0,2.0,38.0,33.0,1.0,10.0,4.0,0.0,0.0,41.0,18.0,5.0,14.0,2.0,1.0,1.0,Sunday,993004697,25,7,18780.0,-17.0,0,0.0,0.462,0.0,-0.0419577595445333,0.5,0.1719080695643549,-0.5366459026914335,0.072210553424804,0.5294117647058824,0.2801728208781632,-0.1394066214957274,16.0,26.3,-10.3,273.3333333333333,295.3333333333333,-2.0,0.281,0.2,144.0,210.0,2.0,-0.1902707452061582,0.4496585888338465,-0.1384768324346102,-0.4093690073505434,-0.0563062188859354,0.4706048718486206,0.0697342353760158,-0.1529304504166083,-0.1638237398732722,-0.0501491021046084,9.3,-11.3,0.39999999999999997,0.8,-4.333333333333314,542.3333333333333,52.0,642.6666666666666,51.0,339.0,-7.0,413.0,1.0,5.0,0.1561618601078643,0.0535100287519883
202410903.0,2024-11-03T13:00:00,1,2024,9,BAL,DEN,HOME,41.0,10.0,51.0,M&T Bank Stadium,7.0,17.0,14.0,3.0,0.0,28.0,54.0,31:51,22.0,5.0,14.0,3.0,62.0,387.0,6.2,3.0,21.0,124.0,5.9,1.0,38.0,23.0,263.0,2.0,0.0,6.9,11.4,60.5,98.9,10.0,2.0,20.0,2.0,0.0,0.0,4.0,3.0,0.0,0.0,7.0,53.0,0.0,0.0,3.0,26.0,8.0,6.0,4.0,209.0,52.2,0.0,1.0,1.0,0.0,10.0,0.0,0.0,0.0,31.0,6.0,28:09,22.0,5.0,16.0,1.0,66.0,401.0,6.1,3.0,23.0,80.0,3.5,0.0,41.0,27.0,321.0,3.0,0.0,7.8,11.9,65.9,113.97,15.0,8.0,53.3,0.0,0.0,0.0,2.0,0.0,0.0,0.0,7.0,74.0,1.0,1.0,2.0,13.0,7.0,7.0,3.0,146.0,48.7,1.0,0.0,-1.0,75.0,0.0,0.0,0.0,3.0,3.0,0.0,0.0,0.0,0.0,0.0,2.0,1.0,2.0,2.0,0.0,2.0,0.0,0.0,0.0,3.0,3.0,42.0,21.0,2.0,13.0,5.0,1.0,1.0,37.0,21.0,3.0,26.0,6.0,0.0,0.0,Sunday,993004700,3,10,18783.0,31.0,1,1.0,0.2,0.0,0.0536953240690408,0.4886363636363636,0.2711544682486833,-0.1501069910766091,0.1185445495513201,0.5176470588235295,0.2700570455565551,-0.1704485495818629,31.7,27.7,4.0,459.6666666666667,395.6666666666667,0.333,0.392,0.8,242.0,209.0,5.0,0.1773613479551752,0.519040275936281,0.5655222216612018,-0.1298811816181717,0.1169138189040731,0.5185733656321893,0.2365143738445527,-0.1675527645730104,0.1983915986100642,0.0787683278726864,202410903.0,2024-11-03T13:00:00,1,2024,9,DEN,BAL,AWAY,10.0,41.0,51.0,M&T Bank Stadium,0.0,10.0,0.0,0.0,0.0,33.0,10.0,28:09,23.0,6.0,16.0,1.0,73.0,400.0,5.5,4.0,32.0,102.0,3.2,1.0,39.0,30.0,298.0,3.0,0.0,7.6,9.9,76.9,123.66,17.0,11.0,64.7,2.0,1.0,50.0,5.0,4.0,0.0,0.0,4.0,43.0,2.0,2.0,2.0,17.0,5.0,6.0,3.0,153.0,51.0,2.0,2.0,0.0,7.0,17.0,14.0,3.0,0.0,26.0,50.0,31:51,16.0,3.0,11.0,2.0,60.0,284.0,4.7,2.0,20.0,69.0,3.4,0.0,38.0,24.0,215.0,2.0,2.0,5.7,9.0,63.2,73.9,14.0,5.0,35.7,4.0,1.0,25.0,3.0,2.0,0.0,0.0,8.0,49.0,0.0,0.0,2.0,9.0,2.0,5.0,5.0,247.0,49.4,2.0,2.0,0.0,80.0,0.0,66.7,0.0,4.0,4.0,0.0,0.0,0.0,0.0,0.0,0.0,0.0,2.0,2.0,0.0,0.0,0.0,0.0,0.0,0.0,0.0,35.0,24.0,2.0,9.0,2.0,0.0,0.0,48.0,28.0,2.0,17.0,2.0,2.0,2.0,Sunday,993004699,10,3,18779.0,-31.0,0,0.0,0.647,0.0,0.059443574684066,0.4767441860465116,0.0889466914328901,0.0050412397754068,-0.1226298271149158,0.4487179487179487,-0.1823876247892092,-0.1722707918153092,25.7,15.7,10.0,368.3333333333333,301.6666666666667,-0.333,0.428,0.8,173.0,120.0,5.0,0.0254418292925002,0.5043039363561982,0.0307789529081855,-0.0858462670319972,-0.1082011543742232,0.4403222508485666,-0.13751302157712,-0.0706302001754347,-0.025597385815596,-0.1437118463646637,-6.0,14.0,0.0,1.6,91.33333333333337,828.0,94.0,697.3333333333334,69.0,415.0,89.0,329.0,0.0,10.0,0.151919518662675,0.2251149732782963
202410904.0,2024-11-03T13:00:00,1,2024,9,BUF,MIA,HOME,30.0,27.0,57.0,Highmark Stadium,3.0,3.0,14.0,10.0,0.0,38.0,3.0,28:07,29.0,14.0,12.0,3.0,69.0,445.0,6.4,4.0,34.0,164.0,4.8,2.0,34.0,24.0,281.0,2.0,1.0,8.3,11.7,70.6,102.7,15.0,8.0,53.3,1.0,1.0,100.0,6.0,4.0,0.0,0.0,13.0,85.0,1.0,0.0,1.0,2.0,5.0,5.0,3.0,147.0,49.0,1.0,2.0,1.0,3.0,7.0,3.0,14.0,0.0,21.0,57.0,31:53,17.0,2.0,13.0,2.0,47.0,233.0,5.0,1.0,17.0,32.0,1.9,1.0,29.0,21.0,201.0,0.0,1.0,6.9,9.6,72.4,76.94,7.0,1.0,14.3,1.0,0.0,0.0,3.0,1.0,0.0,0.0,11.0,82.0,3.0,1.0,1.0,11.0,0.0,0.0,4.0,245.0,61.2,2.0,1.0,-1.0,66.7,0.0,33.3,0.0,4.0,4.0,0.0,0.0,0.0,0.0,0.0,1.0,1.0,1.0,1.0,0.0,0.0,0.0,0.0,0.0,1.0,1.0,29.0,25.0,1.0,11.0,6.0,0.0,1.0,45.0,21.0,1.0,2.0,4.0,0.0,0.0,Sunday,993004708,4,19,18782.0,3.0,1,1.0,0.533,0.0,0.1884962676759157,0.5268817204301075,0.3566456559241511,0.1683180961954349,-0.0990851228709531,0.4852941176470588,0.0199922815720693,-0.7861657895659196,29.3,13.3,16.0,397.6666666666667,305.0,1.333,0.429,0.6,230.0,146.0,6.0,0.1614830717829205,0.5104891246285749,0.3513943749165836,0.1153397449898918,-0.0581012309997067,0.4523011736340105,0.1101153089288957,-0.458641934948316,0.0621742744341238,0.0014051126143713,202410904.0,2024-11-03T13:00:00,1,2024,9,MIA,BUF,AWAY,27.0,30.0,57.0,Highmark Stadium,3.0,7.0,3.0,14.0,0.0,30.0,31.0,31:53,22.0,7.0,15.0,0.0,64.0,377.0,5.9,3.0,25.0,150.0,6.0,2.0,38.0,28.0,227.0,1.0,0.0,6.0,8.1,73.7,97.15,15.0,11.0,73.3,0.0,0.0,0.0,4.0,3.0,0.0,0.0,2.0,15.0,4.0,0.0,1.0,7.0,1.0,2.0,2.0,92.0,46.0,0.0,0.0,0.0,3.0,3.0,14.0,10.0,0.0,29.0,29.0,28:07,22.0,6.0,15.0,1.0,62.0,389.0,6.3,3.0,26.0,82.0,3.2,1.0,36.0,26.0,307.0,2.0,0.0,8.5,11.8,72.2,116.32,13.0,7.0,53.8,0.0,0.0,0.0,3.0,2.0,0.0,0.0,4.0,29.0,1.0,0.0,0.0,0.0,3.0,5.0,3.0,160.0,53.3,0.0,0.0,0.0,75.0,0.0,66.7,0.0,3.0,3.0,0.0,0.0,0.0,0.0,0.0,2.0,2.0,2.0,2.0,0.0,1.0,0.0,0.0,0.0,2.0,2.0,39.0,21.0,0.0,0.0,5.0,1.0,0.0,35.0,30.0,1.0,7.0,4.0,2.0,0.0,Sunday,993004707,19,4,18787.0,-3.0,0,0.0,0.733,0.0,0.1990768805704992,0.5384615384615384,0.2321226730019096,0.0799000812391265,0.2223915170967028,0.5301204819277109,0.4400707141294284,-0.0627128705417257,17.3,18.0,-0.7,362.0,324.0,-1.0,0.438,0.2,97.0,157.0,2.0,-0.0244336918852417,0.4640379228614522,0.0755876774752609,-0.1406846132528846,-0.0327613234278452,0.4433734939759037,0.0050040258854103,-0.0542230001036433,-0.1416189225137579,-0.0254985293523208,16.7,15.3,0.39999999999999997,0.8,35.666666666666686,759.6666666666667,-19.0,629.0,133.0,327.0,-11.0,303.0,4.0,8.0,0.1859167636681622,-0.025339907571861504
202410934.0,2024-11-03T13:00:00,1,2024,9,TEN,NE,HOME,20.0,17.0,37.0,Nissan Stadium,7.0,0.0,3.0,7.0,3.0,35.0,37.0,38:44,23.0,9.0,12.0,2.0,71.0,416.0,5.9,2.0,32.0,158.0,4.9,1.0,38.0,22.0,258.0,1.0,2.0,6.8,11.7,57.9,65.46,11.0,3.0,27.3,2.0,1.0,50.0,4.0,2.0,0.0,0.0,8.0,60.0,3.0,2.0,1.0,8.0,5.0,7.0,6.0,296.0,49.3,4.0,0.0,-4.0,0.0,3.0,7.0,7.0,0.0,24.0,23.0,29:09,17.0,5.0,9.0,3.0,47.0,225.0,4.8,7.0,24.0,164.0,6.8,2.0,19.0,15.0,61.0,4.0,0.0,3.2,4.1,78.9,119.63,9.0,3.0,33.3,0.0,0.0,0.0,5.0,5.0,0.0,0.0,3.0,29.0,2.0,0.0,4.0,33.0,5.0,3.0,5.0,305.0,61.0,0.0,4.0,4.0,50.0,0.0,100.0,0.0,2.0,2.0,0.0,0.0,0.0,0.0,0.0,0.0,0.0,7.0,7.0,0.0,0.0,0.0,0.0,0.0,1.0,1.0,30.0,25.0,4.0,33.0,1.0,2.0,0.0,44.0,22.0,1.0,8.0,5.0,3.0,2.0,Sunday,993004706,34,21,18784.0,3.0,1,-4.0,0.273,0.0,-0.3230139937871063,0.4375,-0.294677943645164,-0.2581598529620256,0.1821785054328192,0.578125,-0.1071982444037521,0.2317399951255841,13.7,35.3,-21.7,315.3333333333333,294.3333333333333,-2.0,0.337,0.2,120.0,196.0,1.0,-0.1673157148416145,0.4246553884711779,-0.1407166957457173,-0.2162737181722538,0.124616101357101,0.4998847250167673,0.1479829667920517,-0.0152507911366944,-0.1414818834346204,0.0334996946578043,202410934.0,2024-11-03T13:00:00,1,2024,9,NE,TEN,AWAY,17.0,20.0,37.0,Nissan Stadium,0.0,3.0,7.0,7.0,0.0,30.0,26.0,29:09,19.0,10.0,7.0,2.0,63.0,248.0,3.9,3.0,31.0,112.0,3.6,3.0,30.0,18.0,136.0,0.0,0.0,4.5,7.6,60.0,70.97,15.0,7.0,46.7,1.0,1.0,100.0,4.0,3.0,0.0,0.0,5.0,50.0,2.0,0.0,2.0,19.0,5.0,2.0,5.0,236.0,47.2,0.0,0.0,0.0,7.0,0.0,3.0,7.0,3.0,29.0,34.0,38:44,22.0,6.0,12.0,4.0,57.0,336.0,5.9,3.0,28.0,112.0,4.0,1.0,28.0,17.0,224.0,2.0,0.0,8.0,13.2,60.7,109.82,10.0,4.0,40.0,0.0,0.0,0.0,5.0,3.0,0.0,0.0,8.0,55.0,2.0,0.0,1.0,9.0,4.0,5.0,4.0,177.0,44.2,0.0,0.0,0.0,75.0,0.0,60.0,0.0,2.0,2.0,0.0,2.0,1.0,0.0,0.0,1.0,1.0,2.0,1.0,0.0,2.0,0.0,0.0,0.0,2.0,1.0,29.0,30.0,1.0,9.0,3.0,1.0,0.0,40.0,29.0,2.0,19.0,3.0,1.0,0.0,Sunday,993004705,21,34,18788.0,-3.0,0,0.0,0.467,0.0,0.0142635508036319,0.4634146341463415,0.122979893218033,-0.0942923061894751,0.0183968693463996,0.5,0.2745047399116536,0.0570206443163832,20.7,31.7,-11.0,278.0,356.0,-1.0,0.399,0.2,124.0,197.0,2.0,-0.0755637125706144,0.4441624739412601,0.0247034166043497,-0.2587362724914869,0.1206546911805442,0.5007066753642097,0.3550407363588317,0.0836728228900149,-0.1306353820054657,0.0588337552103168,-10.7,-32.7,0.0,0.4,37.333333333333314,593.3333333333333,-61.666666666666686,650.3333333333333,-4.0,244.0,-1.0,393.0,-1.0,3.0,-0.09175200227100011,0.0039614101765567955
202410902.0,2024-11-03T13:00:00,1,2024,9,ATL,DAL,HOME,27.0,21.0,48.0,Mercedes-Benz Stadium,7.0,7.0,7.0,6.0,0.0,27.0,26.0,29:20,20.0,8.0,11.0,1.0,60.0,394.0,6.6,4.0,29.0,129.0,4.4,0.0,29.0,23.0,265.0,4.0,0.0,9.1,11.5,79.3,144.32,12.0,6.0,50.0,2.0,2.0,100.0,1.0,1.0,0.0,0.0,4.0,43.0,1.0,0.0,2.0,11.0,0.0,2.0,3.0,128.0,42.7,0.0,3.0,3.0,3.0,7.0,3.0,8.0,0.0,32.0,34.0,30:40,24.0,8.0,16.0,0.0,72.0,432.0,6.0,3.0,22.0,102.0,4.6,0.0,50.0,37.0,330.0,3.0,2.0,6.6,8.9,74.0,94.58,14.0,9.0,64.3,2.0,1.0,50.0,3.0,3.0,0.0,0.0,6.0,45.0,2.0,1.0,0.0,0.0,4.0,6.0,1.0,42.0,42.0,3.0,0.0,-3.0,100.0,0.0,100.0,0.0,4.0,4.0,0.0,0.0,0.0,0.0,0.0,2.0,1.0,3.0,3.0,0.0,0.0,0.0,0.0,0.0,1.0,1.0,48.0,25.0,0.0,0.0,4.0,2.0,1.0,34.0,36.0,2.0,11.0,1.0,0.0,0.0,Sunday,993004704,2,9,18789.0,6.0,1,3.0,0.5,0.0,0.1586745966518713,0.5789473684210527,0.5151637751725732,-0.0666199392071267,0.0406619164680357,0.5054945054945055,0.1484841270472099,-0.2063388202252099,27.7,26.7,1.0,395.3333333333333,368.6666666666667,0.333,0.511,0.8,194.0,195.0,5.0,0.0732722187784017,0.5348877230191066,0.2035827892555335,0.096920731601238,0.0411083862787925,0.4711761107109944,0.1415653830416942,-0.1293859926163956,0.0888460388709018,0.0745921666035936,202410902.0,2024-11-03T13:00:00,1,2024,9,DAL,ATL,AWAY,21.0,27.0,48.0,Mercedes-Benz Stadium,3.0,7.0,3.0,8.0,0.0,26.0,48.0,30:40,18.0,3.0,13.0,2.0,59.0,292.0,4.9,3.0,19.0,56.0,2.9,1.0,38.0,25.0,236.0,2.0,2.0,6.2,9.4,65.8,78.4,12.0,4.0,33.3,2.0,1.0,50.0,3.0,2.0,0.0,0.0,6.0,30.0,3.0,0.0,2.0,7.0,2.0,1.0,4.0,194.0,48.5,2.0,0.0,-2.0,7.0,7.0,7.0,6.0,0.0,33.0,12.0,29:20,19.0,10.0,9.0,0.0,64.0,469.0,7.3,3.0,36.0,223.0,6.2,2.0,26.0,18.0,246.0,1.0,0.0,9.5,13.7,69.2,112.02,16.0,8.0,50.0,1.0,0.0,0.0,4.0,3.0,0.0,0.0,9.0,73.0,1.0,0.0,2.0,14.0,8.0,3.0,4.0,172.0,43.0,0.0,2.0,2.0,66.7,0.0,75.0,0.0,3.0,3.0,0.0,0.0,0.0,0.0,0.0,1.0,1.0,3.0,3.0,0.0,0.0,0.0,0.0,0.0,3.0,3.0,38.0,37.0,2.0,14.0,1.0,0.0,0.0,33.0,20.0,2.0,7.0,4.0,2.0,0.0,Sunday,993004703,9,2,18777.0,-6.0,0,-2.0,0.333,0.0,0.0250846132146532,0.4691358024691358,0.0787845175458266,-0.1093693799032027,0.1078434132936759,0.5238095238095238,0.2884214515031657,0.0568118386950496,17.7,31.3,-13.7,329.3333333333333,395.6666666666667,-3.0,0.388,0.4,150.0,198.0,3.0,-0.050835567946507,0.4663511920100576,-0.0606037710576875,-0.1111583150513166,0.1467275755278403,0.5120617944147356,0.2254739956579856,0.1634926498656215,0.0040164396962734,0.1167474295289117,14.7,-12.7,0.4,1.2000000000000002,66.0,724.6666666666666,-27.0,764.3333333333334,44.0,344.0,-3.0,393.0,2.0,8.0,0.12410778672490871,-0.1056191892490478
202410908.0,2024-11-03T13:00:00,1,2024,9,CLE,LAC,HOME,10.0,27.0,37.0,Huntington Bank Field,0.0,3.0,0.0,7.0,0.0,31.0,6.0,34:09,22.0,5.0,16.0,1.0,66.0,401.0,6.1,3.0,23.0,80.0,3.5,0.0,41.0,27.0,321.0,3.0,0.0,7.8,11.9,65.9,113.97,15.0,8.0,53.3,0.0,0.0,0.0,2.0,0.0,0.0,0.0,7.0,74.0,1.0,1.0,2.0,13.0,7.0,7.0,3.0,146.0,48.7,1.0,0.0,-1.0,7.0,13.0,0.0,7.0,0.0,28.0,54.0,25:51,22.0,5.0,14.0,3.0,62.0,387.0,6.2,3.0,21.0,124.0,5.9,1.0,38.0,23.0,263.0,2.0,0.0,6.9,11.4,60.5,98.9,10.0,2.0,20.0,2.0,0.0,0.0,4.0,3.0,0.0,0.0,7.0,53.0,0.0,0.0,3.0,26.0,8.0,6.0,4.0,209.0,52.2,0.0,1.0,1.0,0.0,0.0,75.0,0.0,2.0,2.0,0.0,2.0,0.0,0.0,0.0,3.0,3.0,3.0,3.0,0.0,0.0,0.0,0.0,0.0,2.0,1.0,37.0,21.0,3.0,26.0,6.0,0.0,0.0,42.0,21.0,2.0,13.0,5.0,1.0,1.0,Sunday,993004710,8,29,18783.0,-17.0,0,-1.0,0.533,0.0,0.1185445495513201,0.5176470588235295,0.2700570455565551,-0.1704485495818629,0.0536953240690408,0.4886363636363636,0.2711544682486833,-0.1501069910766091,19.7,21.7,-2.0,327.0,327.3333333333333,-1.0,0.401,0.2,138.0,186.0,2.0,-0.0460672836708562,0.4319475158484446,0.031086108667824,-0.1407026544991401,-0.0204750442843053,0.4380651932888797,0.1698280098077947,-0.1415594888712824,-0.0884669341015225,-0.017616369627228,202410908.0,2024-11-03T13:00:00,1,2024,9,LAC,CLE,AWAY,27.0,10.0,37.0,Huntington Bank Field,7.0,13.0,0.0,7.0,0.0,31.0,8.0,25:51,19.0,6.0,12.0,1.0,64.0,378.0,5.9,3.0,29.0,122.0,4.2,1.0,32.0,20.0,256.0,2.0,0.0,8.0,12.8,62.5,108.33,12.0,3.0,25.0,1.0,0.0,0.0,3.0,2.0,0.0,0.0,4.0,34.0,2.0,0.0,3.0,23.0,7.0,6.0,6.0,344.0,57.3,0.0,0.0,0.0,0.0,3.0,0.0,7.0,0.0,28.0,52.0,34:09,15.0,4.0,9.0,2.0,68.0,366.0,5.4,0.0,21.0,117.0,5.6,0.0,42.0,22.0,249.0,0.0,0.0,5.9,11.3,52.4,70.44,16.0,2.0,12.5,1.0,1.0,100.0,1.0,0.0,0.0,0.0,7.0,66.0,0.0,0.0,5.0,32.0,7.0,6.0,9.0,437.0,48.6,0.0,0.0,0.0,66.7,0.0,0.0,0.0,3.0,2.0,0.0,0.0,0.0,0.0,0.0,2.0,2.0,0.0,0.0,0.0,0.0,0.0,0.0,0.0,3.0,2.0,40.0,18.0,5.0,32.0,5.0,0.0,0.0,41.0,15.0,3.0,23.0,4.0,1.0,0.0,Sunday,993004709,29,8,18781.0,17.0,1,0.0,0.25,0.0,0.040937728963037,0.3809523809523809,0.1410967582481445,-0.1938110405649058,-0.2054665829418026,0.3763440860215054,-0.2273073801189794,-0.1858749558007167,21.3,13.7,7.7,374.3333333333333,336.0,0.333,0.43,0.4,132.0,91.0,4.0,0.0781318369752736,0.44376325428957,0.1601254996786223,-0.1235387066574812,-0.0570869987809943,0.463283259235286,0.0285506857395397,-0.2668060453795497,-0.0201453881514252,-0.0453362886914434,-9.7,5.7,-0.2,0.6000000000000001,-47.333333333333314,701.3333333333333,-8.666666666666686,663.3333333333333,6.0,270.0,95.0,277.0,-2.0,6.0,-0.12419912064612978,0.036611954496689
202410901.0,2024-11-03T16:05:00,1,2024,9,ARI,CHI,HOME,29.0,9.0,38.0,State Farm Stadium,7.0,14.0,3.0,5.0,0.0,29.0,29.0,28:59,22.0,6.0,15.0,1.0,62.0,389.0,6.3,3.0,26.0,82.0,3.2,1.0,36.0,26.0,307.0,2.0,0.0,8.5,11.8,72.2,116.32,13.0,7.0,53.8,0.0,0.0,0.0,3.0,2.0,0.0,0.0,4.0,29.0,1.0,0.0,0.0,0.0,3.0,5.0,3.0,160.0,53.3,0.0,0.0,0.0,0.0,9.0,0.0,0.0,0.0,30.0,31.0,31:01,22.0,7.0,15.0,0.0,64.0,377.0,5.9,3.0,25.0,150.0,6.0,2.0,38.0,28.0,227.0,1.0,0.0,6.0,8.1,73.7,97.15,15.0,11.0,73.3,0.0,0.0,0.0,4.0,3.0,0.0,0.0,2.0,15.0,4.0,0.0,1.0,7.0,1.0,2.0,2.0,92.0,46.0,0.0,0.0,0.0,66.7,0.0,75.0,0.0,2.0,2.0,0.0,1.0,0.0,0.0,0.0,2.0,2.0,3.0,3.0,0.0,0.0,0.0,0.0,0.0,2.0,2.0,35.0,30.0,1.0,7.0,4.0,2.0,0.0,39.0,21.0,0.0,0.0,5.0,1.0,0.0,Sunday,993004713,1,6,18787.0,20.0,1,0.0,0.538,0.0,0.2223915170967028,0.5301204819277109,0.4400707141294284,-0.0627128705417257,0.1990768805704992,0.5384615384615384,0.2321226730019096,0.0799000812391265,19.3,25.3,-6.0,339.3333333333333,403.0,-0.333,0.408,0.6,178.0,205.0,4.0,0.0581258193403304,0.5146672534888412,0.2145681246100081,-0.154287038926167,0.1542018663838051,0.5213675213675213,0.2975327425141212,-0.0257695953483859,0.0264461392399932,0.1581561260547251,202410901.0,2024-11-03T16:05:00,1,2024,9,CHI,ARI,AWAY,9.0,29.0,38.0,State Farm Stadium,0.0,9.0,0.0,0.0,0.0,27.0,44.0,31:01,15.0,8.0,6.0,1.0,60.0,307.0,5.1,2.0,33.0,202.0,6.1,2.0,24.0,10.0,105.0,0.0,0.0,4.4,10.5,41.7,55.03,12.0,2.0,16.7,1.0,0.0,0.0,2.0,1.0,0.0,0.0,8.0,60.0,1.0,1.0,3.0,26.0,7.0,6.0,7.0,341.0,48.7,1.0,0.0,-1.0,7.0,14.0,3.0,5.0,0.0,32.0,16.0,28:59,23.0,6.0,15.0,2.0,72.0,481.0,6.7,1.0,32.0,168.0,5.2,0.0,38.0,21.0,313.0,1.0,0.0,8.2,14.9,55.3,91.23,15.0,5.0,33.3,0.0,0.0,0.0,3.0,0.0,0.0,0.0,5.0,30.0,1.0,0.0,2.0,13.0,8.0,5.0,5.0,214.0,42.8,0.0,1.0,1.0,50.0,0.0,0.0,0.0,1.0,1.0,0.0,2.0,1.0,0.0,0.0,0.0,0.0,0.0,0.0,0.0,0.0,0.0,0.0,0.0,5.0,4.0,45.0,28.0,2.0,13.0,2.0,1.0,0.0,38.0,16.0,3.0,26.0,1.0,0.0,1.0,Sunday,993004711,6,1,18790.0,-20.0,0,-1.0,0.167,0.0,-0.0806153902211175,0.4320987654320987,-0.163086101205301,0.0113954646970211,-0.0056688468449155,0.4175824175824176,0.2164388936146767,-0.254769351165473,28.7,14.7,14.0,368.0,350.3333333333333,1.0,0.328,0.6,163.0,119.0,4.0,0.1092638119650773,0.4752802550492147,0.2604450453496771,-0.0405516066673428,-0.0627012831995209,0.424844161686267,-0.0727415645514937,-0.0182737780063357,0.0521558077817351,-0.0537465180677964,-20.0,8.0,0.0,1.2,-28.666666666666686,707.3333333333333,52.666666666666686,753.3333333333333,15.0,341.0,86.0,324.0,0.0,8.0,-0.0511379926247469,0.216903149583326
202410926.0,2024-11-03T16:05:00,1,2024,9,PHI,JAX,HOME,28.0,23.0,51.0,Lincoln Financial Field,7.0,9.0,6.0,6.0,0.0,31.0,48.0,38:12,24.0,13.0,10.0,1.0,59.0,397.0,6.7,4.0,39.0,161.0,4.1,3.0,20.0,16.0,236.0,1.0,0.0,11.8,14.8,80.0,132.5,11.0,6.0,54.5,1.0,1.0,100.0,5.0,3.0,0.0,0.0,4.0,40.0,0.0,0.0,0.0,0.0,4.0,2.0,1.0,52.0,52.0,0.0,2.0,2.0,0.0,0.0,16.0,7.0,0.0,28.0,12.0,21:48,18.0,3.0,15.0,0.0,58.0,280.0,4.8,2.0,20.0,58.0,2.9,1.0,37.0,26.0,222.0,1.0,1.0,6.0,8.5,70.3,83.39,13.0,10.0,76.9,1.0,0.0,0.0,3.0,2.0,0.0,0.0,1.0,3.0,3.0,1.0,1.0,12.0,1.0,4.0,0.0,0.0,0.0,2.0,0.0,-2.0,60.0,0.0,66.7,0.0,4.0,4.0,0.0,0.0,0.0,0.0,0.0,3.0,3.0,2.0,2.0,0.0,0.0,0.0,0.0,0.0,2.0,1.0,38.0,17.0,1.0,12.0,6.0,3.0,1.0,37.0,29.0,0.0,0.0,2.0,0.0,0.0,Sunday,993004714,26,15,18778.0,5.0,1,2.0,0.545,0.0,0.3112790117670119,0.5394736842105263,0.6701229336913174,0.1315620753254824,-0.0168576842826538,0.4571428571428571,0.1193912967341106,-0.2840464919367257,28.3,12.0,16.3,369.3333333333333,214.33333333333337,0.667,0.327,0.8,171.0,132.0,5.0,0.1436895840253221,0.480317673090764,0.3377671234666921,0.1348695979286118,-0.1140985400849105,0.4252104620525672,-0.1344586625410133,-0.1934528200048168,0.0597974081911759,-0.0618671372439969,202410926.0,2024-11-03T16:05:00,1,2024,9,JAX,PHI,AWAY,23.0,28.0,51.0,Lincoln Financial Field,0.0,0.0,16.0,7.0,0.0,25.0,51.0,21:48,19.0,5.0,14.0,0.0,56.0,390.0,7.0,3.0,23.0,91.0,4.0,1.0,32.0,21.0,299.0,2.0,1.0,9.3,14.2,65.6,103.52,9.0,1.0,11.1,1.0,1.0,100.0,3.0,3.0,0.0,0.0,8.0,59.0,2.0,1.0,1.0,9.0,4.0,5.0,5.0,298.0,59.6,2.0,1.0,-1.0,7.0,9.0,6.0,6.0,0.0,34.0,9.0,38:12,22.0,8.0,11.0,3.0,67.0,422.0,6.3,3.0,39.0,170.0,4.4,2.0,27.0,18.0,252.0,1.0,1.0,9.3,14.0,66.7,93.44,11.0,3.0,27.3,0.0,0.0,0.0,6.0,2.0,0.0,0.0,3.0,20.0,0.0,0.0,1.0,0.0,4.0,3.0,5.0,241.0,48.2,1.0,2.0,1.0,100.0,0.0,33.3,0.0,3.0,3.0,0.0,0.0,0.0,0.0,0.0,2.0,2.0,3.0,3.0,0.0,0.0,0.0,0.0,0.0,3.0,3.0,40.0,29.0,1.0,0.0,1.0,0.0,0.0,33.0,28.0,1.0,9.0,5.0,1.0,1.0,Sunday,993004712,15,26,18786.0,-5.0,0,-1.0,0.111,0.0,0.0622832565343702,0.5064935064935064,0.0851738145687146,-0.033935231661502,0.1314517912143023,0.4888888888888889,0.3394203689559766,-0.0069555517402477,25.0,27.0,-2.0,344.0,363.3333333333333,-0.667,0.393,0.4,172.0,224.0,2.0,0.1012521053461912,0.5013449260024602,0.2397642243137673,-0.0356774519511681,0.1274186134242388,0.4829257006472196,0.348613453989236,-0.1051965179076686,0.1305948845190124,0.1308097348312889,18.3,14.3,0.4,1.2000000000000002,25.333333333333314,713.3333333333333,-148.99999999999994,577.6666666666667,-1.0,343.0,-92.0,356.0,3.0,7.0,0.04243747867913089,-0.2415171535091493
202410912.0,2024-11-03T16:25:00,1,2024,9,GB,DET,HOME,14.0,24.0,38.0,Lambeau Field,3.0,0.0,3.0,8.0,0.0,34.0,9.0,28:49,22.0,8.0,11.0,3.0,67.0,422.0,6.3,3.0,39.0,170.0,4.4,2.0,27.0,18.0,252.0,1.0,1.0,9.3,14.0,66.7,93.44,11.0,3.0,27.3,0.0,0.0,0.0,6.0,2.0,0.0,0.0,3.0,20.0,0.0,0.0,1.0,0.0,4.0,3.0,5.0,241.0,48.2,1.0,2.0,1.0,0.0,17.0,7.0,0.0,0.0,25.0,51.0,31:11,19.0,5.0,14.0,0.0,56.0,390.0,7.0,3.0,23.0,91.0,4.0,1.0,32.0,21.0,299.0,2.0,1.0,9.3,14.2,65.6,103.52,9.0,1.0,11.1,1.0,1.0,100.0,3.0,3.0,0.0,0.0,8.0,59.0,2.0,1.0,1.0,9.0,4.0,5.0,5.0,298.0,59.6,2.0,1.0,-1.0,33.3,0.0,100.0,0.0,3.0,3.0,0.0,0.0,0.0,0.0,0.0,3.0,3.0,3.0,3.0,0.0,0.0,0.0,0.0,0.0,2.0,2.0,33.0,28.0,1.0,9.0,5.0,1.0,1.0,40.0,29.0,1.0,0.0,1.0,0.0,0.0,Sunday,993004716,12,11,18786.0,-10.0,0,1.0,0.273,0.0,0.1314517912143023,0.4888888888888889,0.3394203689559766,-0.0069555517402477,0.0622832565343702,0.5064935064935064,0.0851738145687146,-0.033935231661502,29.3,20.7,8.7,378.6666666666667,296.6666666666667,0.0,0.419,0.8,216.0,170.0,6.0,0.1063932758715247,0.5024501424501424,0.3096606976525864,-0.0706677569087831,-0.009405171194823,0.4936131660182292,-0.0861861825615811,-0.1087624460857318,0.0504886145851401,-0.0203767526311461,202410912.0,2024-11-03T16:25:00,1,2024,9,DET,GB,AWAY,24.0,14.0,38.0,Lambeau Field,0.0,17.0,7.0,0.0,0.0,24.0,23.0,31:11,17.0,5.0,9.0,3.0,47.0,225.0,4.8,7.0,24.0,164.0,6.8,2.0,19.0,15.0,61.0,4.0,0.0,3.2,4.1,78.9,119.63,9.0,3.0,33.3,0.0,0.0,0.0,5.0,5.0,0.0,0.0,3.0,29.0,2.0,0.0,4.0,33.0,5.0,3.0,5.0,305.0,61.0,0.0,4.0,4.0,3.0,0.0,3.0,8.0,0.0,35.0,37.0,28:49,23.0,9.0,12.0,2.0,71.0,416.0,5.9,2.0,32.0,158.0,4.9,1.0,38.0,22.0,258.0,1.0,2.0,6.8,11.7,57.9,65.46,11.0,3.0,27.3,2.0,1.0,50.0,4.0,2.0,0.0,0.0,8.0,60.0,3.0,2.0,1.0,8.0,5.0,7.0,6.0,296.0,49.3,4.0,0.0,-4.0,100.0,0.0,50.0,0.0,7.0,7.0,0.0,0.0,0.0,0.0,0.0,1.0,1.0,2.0,2.0,0.0,0.0,0.0,0.0,0.0,0.0,0.0,44.0,22.0,1.0,8.0,5.0,3.0,2.0,30.0,25.0,4.0,33.0,1.0,2.0,0.0,Sunday,993004715,11,12,18784.0,10.0,1,4.0,0.333,0.0,0.1821785054328192,0.578125,-0.1071982444037521,0.2317399951255841,-0.3230139937871063,0.4375,-0.294677943645164,-0.2581598529620256,43.3,17.3,26.0,369.3333333333333,350.0,3.0,0.378,1.0,234.0,134.0,6.0,0.1753067405058344,0.5194554424333836,0.2746465365957543,0.0314504918082609,-0.1965047677542314,0.4181243550051599,-0.2823487115357511,-0.1450779153144321,0.1700743555335778,-0.1289998614653432,-17.3,34.7,-0.19999999999999996,1.8,9.333333333333371,748.0,-53.333333333333314,646.6666666666667,-18.0,450.0,36.0,304.0,0.0,12.0,-0.0689134646343097,0.1870995965594084
202410930.0,2024-11-03T16:25:00,1,2024,9,SEA,LAR,HOME,20.0,26.0,46.0,Lumen Field,0.0,13.0,0.0,7.0,0.0,21.0,57.0,32:53,17.0,2.0,13.0,2.0,47.0,233.0,5.0,1.0,17.0,32.0,1.9,1.0,29.0,21.0,201.0,0.0,1.0,6.9,9.6,72.4,76.94,7.0,1.0,14.3,1.0,0.0,0.0,3.0,1.0,0.0,0.0,11.0,82.0,3.0,1.0,1.0,11.0,0.0,0.0,4.0,245.0,61.2,2.0,1.0,-1.0,0.0,3.0,10.0,7.0,6.0,38.0,3.0,32:10,29.0,14.0,12.0,3.0,69.0,445.0,6.4,4.0,34.0,164.0,4.8,2.0,34.0,24.0,281.0,2.0,1.0,8.3,11.7,70.6,102.7,15.0,8.0,53.3,1.0,1.0,100.0,6.0,4.0,0.0,0.0,13.0,85.0,1.0,0.0,1.0,2.0,5.0,5.0,3.0,147.0,49.0,1.0,2.0,1.0,33.3,0.0,66.7,0.0,1.0,1.0,0.0,0.0,0.0,0.0,0.0,1.0,1.0,4.0,4.0,0.0,0.0,0.0,0.0,0.0,1.0,1.0,45.0,21.0,1.0,2.0,4.0,0.0,0.0,29.0,25.0,1.0,11.0,6.0,0.0,1.0,Sunday,993004718,30,32,18782.0,-6.0,0,-1.0,0.143,0.0,-0.0990851228709531,0.4852941176470588,0.0199922815720693,-0.7861657895659196,0.1884962676759157,0.5268817204301075,0.3566456559241511,0.1683180961954349,22.7,27.0,-4.3,310.0,432.3333333333333,-0.333,0.315,0.2,190.0,195.0,4.0,0.0335507177762644,0.4644826065383978,0.1540341426819647,-0.3575735742789609,0.1019143184926283,0.5134674663717184,0.1845233795456549,0.1326971028796337,0.0020529458872519,0.1259483620829117,202410930.0,2024-11-03T16:25:00,1,2024,9,LAR,SEA,AWAY,26.0,20.0,46.0,Lumen Field,0.0,3.0,10.0,7.0,6.0,33.0,37.0,32:10,26.0,5.0,16.0,5.0,66.0,386.0,5.8,4.0,32.0,107.0,3.3,0.0,34.0,25.0,279.0,4.0,1.0,8.2,11.2,73.5,124.51,10.0,4.0,40.0,1.0,1.0,100.0,3.0,3.0,0.0,0.0,6.0,40.0,0.0,0.0,0.0,0.0,6.0,4.0,3.0,128.0,42.7,1.0,0.0,-1.0,0.0,13.0,0.0,7.0,0.0,26.0,23.0,32:53,17.0,3.0,14.0,0.0,50.0,276.0,5.5,2.0,22.0,64.0,2.9,0.0,25.0,18.0,212.0,2.0,0.0,8.5,11.8,72.0,124.08,7.0,2.0,28.6,0.0,0.0,0.0,4.0,2.0,0.0,0.0,9.0,50.0,0.0,0.0,3.0,28.0,2.0,6.0,3.0,151.0,50.3,0.0,1.0,1.0,100.0,0.0,50.0,0.0,4.0,4.0,0.0,0.0,0.0,0.0,0.0,0.0,0.0,2.0,2.0,0.0,0.0,0.0,0.0,0.0,2.0,2.0,33.0,21.0,3.0,28.0,0.0,0.0,0.0,40.0,31.0,0.0,0.0,5.0,0.0,0.0,Sunday,993004717,32,30,18791.0,6.0,1,-1.0,0.4,0.0,0.1480016944232344,0.5,0.5303012893239681,-0.1427945625498601,0.0935265420596365,0.4923076923076923,0.2965074955604395,-0.1653650687250774,23.0,19.7,3.3,338.3333333333333,305.3333333333333,0.333,0.367,0.6,144.0,174.0,3.0,-0.0837448082240374,0.4916937522571324,0.0544372414274705,-0.1268078098839221,-0.0530761711709904,0.4384364776117353,-0.0261115101837169,-0.09908619204834,-0.00975366002239,0.0069611122915246,-7.6,-1.0,-0.39999999999999997,0.8,-28.333333333333314,648.3333333333333,127.0,737.6666666666666,46.0,334.0,21.0,369.0,1.0,7.0,0.1172955260003018,0.1549904896636187
202410920.0,2024-11-03T20:20:00,1,2024,9,MIN,IND,HOME,21.0,13.0,34.0,U.S. Bank Stadium,0.0,0.0,14.0,7.0,0.0,26.0,23.0,36:54,17.0,3.0,14.0,0.0,50.0,276.0,5.5,2.0,22.0,64.0,2.9,0.0,25.0,18.0,212.0,2.0,0.0,8.5,11.8,72.0,124.08,7.0,2.0,28.6,0.0,0.0,0.0,4.0,2.0,0.0,0.0,9.0,50.0,0.0,0.0,3.0,28.0,2.0,6.0,3.0,151.0,50.3,0.0,1.0,1.0,0.0,7.0,0.0,6.0,0.0,33.0,37.0,23:06,26.0,5.0,16.0,5.0,66.0,386.0,5.8,4.0,32.0,107.0,3.3,0.0,34.0,25.0,279.0,4.0,1.0,8.2,11.2,73.5,124.51,10.0,4.0,40.0,1.0,1.0,100.0,3.0,3.0,0.0,0.0,6.0,40.0,0.0,0.0,0.0,0.0,6.0,4.0,3.0,128.0,42.7,1.0,0.0,-1.0,50.0,0.0,100.0,0.0,2.0,2.0,0.0,0.0,0.0,0.0,0.0,2.0,2.0,4.0,4.0,0.0,0.0,0.0,0.0,0.0,0.0,0.0,40.0,31.0,0.0,0.0,5.0,0.0,0.0,33.0,21.0,3.0,28.0,0.0,0.0,0.0,Sunday,993004720,20,14,18791.0,8.0,1,1.0,0.286,0.0,0.0935265420596365,0.4923076923076923,0.2965074955604395,-0.1653650687250774,0.1480016944232344,0.5,0.5303012893239681,-0.1427945625498601,24.0,26.0,-2.0,304.0,343.6666666666667,0.667,0.331,0.6,188.0,137.0,5.0,0.0102208030500799,0.4362230827905884,0.0868039767971146,-0.1869034923390675,0.0096237031037729,0.4766381766381766,0.2635439615624678,-0.3620586624937957,0.0302228517397305,-0.0612796309311053,202410920.0,2024-11-03T20:20:00,1,2024,9,IND,MIN,AWAY,13.0,21.0,34.0,U.S. Bank Stadium,0.0,7.0,0.0,6.0,0.0,24.0,40.0,23:06,17.0,10.0,7.0,0.0,63.0,303.0,4.8,2.0,26.0,163.0,6.3,1.0,32.0,10.0,140.0,1.0,1.0,4.4,14.0,31.2,43.75,13.0,2.0,15.4,2.0,2.0,100.0,2.0,1.0,0.0,0.0,9.0,57.0,2.0,1.0,5.0,35.0,9.0,11.0,6.0,283.0,47.2,2.0,1.0,-1.0,0.0,0.0,14.0,7.0,0.0,35.0,20.0,36:54,21.0,5.0,15.0,1.0,68.0,363.0,5.3,2.0,29.0,96.0,3.3,1.0,37.0,25.0,267.0,1.0,0.0,7.2,10.7,67.6,97.47,13.0,4.0,30.8,0.0,0.0,0.0,6.0,2.0,0.0,0.0,5.0,30.0,1.0,1.0,2.0,18.0,9.0,6.0,6.0,257.0,42.8,1.0,2.0,1.0,50.0,0.0,33.3,0.0,2.0,2.0,0.0,0.0,0.0,0.0,0.0,2.0,2.0,2.0,2.0,0.0,0.0,0.0,0.0,0.0,3.0,3.0,46.0,23.0,2.0,18.0,2.0,1.0,1.0,36.0,14.0,5.0,35.0,10.0,1.0,1.0,Sunday,993004719,14,20,18785.0,-8.0,0,-1.0,0.154,0.0,-0.0334197857758121,0.3529411764705882,-0.2002575914739761,0.0600256451467558,-0.0180532346736663,0.4505494505494505,0.141533270692698,-0.3132358278128473,18.7,16.7,2.0,285.3333333333333,313.6666666666667,0.0,0.309,0.6,175.0,172.0,4.0,-0.0553274857181622,0.3896708683473389,-0.0559352104587212,-0.1426883310109424,-0.0911902649557246,0.4351676703069891,-0.008741680513691,-0.2004374234937612,0.0062876697391679,-0.0114176025502586,-4.0,0.0,0.0,1.2,18.666666666666686,589.3333333333333,30.0,657.3333333333334,13.0,363.0,-35.0,309.0,1.0,9.0,0.0655482887682421,0.10081396805949751
202410916.0,2024-11-04T20:15:00,1,2024,9,KC,TB,HOME,30.0,24.0,54.0,Arrowhead Stadium,3.0,7.0,0.0,14.0,6.0,32.0,30.0,40:42,23.0,5.0,17.0,1.0,68.0,334.0,4.9,3.0,29.0,82.0,2.8,1.0,38.0,27.0,252.0,2.0,1.0,6.6,9.3,71.1,95.5,16.0,12.0,75.0,0.0,0.0,0.0,4.0,3.0,0.0,0.0,8.0,55.0,1.0,0.0,1.0,10.0,8.0,7.0,2.0,93.0,46.5,1.0,1.0,0.0,0.0,7.0,10.0,7.0,0.0,27.0,30.0,25:10,15.0,1.0,13.0,1.0,56.0,228.0,4.1,2.0,21.0,33.0,1.6,0.0,30.0,24.0,195.0,2.0,0.0,6.5,8.1,80.0,115.97,13.0,6.0,46.2,2.0,1.0,50.0,4.0,2.0,0.0,0.0,5.0,32.0,1.0,1.0,5.0,14.0,3.0,3.0,2.0,128.0,64.0,1.0,1.0,0.0,75.0,0.0,50.0,0.0,3.0,3.0,0.0,0.0,0.0,0.0,0.0,2.0,2.0,2.0,2.0,0.0,0.0,0.0,0.0,0.0,2.0,2.0,41.0,18.0,5.0,14.0,2.0,1.0,1.0,38.0,33.0,1.0,10.0,4.0,0.0,0.0,Monday,993004722,16,33,18780.0,6.0,1,0.0,0.75,0.0,0.072210553424804,0.5294117647058824,0.2801728208781632,-0.1394066214957274,-0.0419577595445333,0.5,0.1719080695643549,-0.5366459026914335,27.0,17.0,10.0,374.3333333333333,252.66666666666663,0.333,0.583,1.0,173.0,123.0,7.0,0.0731660365217238,0.5480137072010934,0.1716392227566461,-0.0091120803011099,-0.0802360138441894,0.4567149758454105,-0.0255551555305628,-0.2593507032669839,0.040222347637385,-0.0934567969790167,202410916.0,2024-11-04T20:15:00,1,2024,9,TB,KC,AWAY,24.0,30.0,54.0,Arrowhead Stadium,0.0,7.0,10.0,7.0,0.0,32.0,34.0,25:10,24.0,8.0,16.0,0.0,72.0,432.0,6.0,3.0,22.0,102.0,4.6,0.0,50.0,37.0,330.0,3.0,2.0,6.6,8.9,74.0,94.58,14.0,9.0,64.3,2.0,1.0,50.0,3.0,3.0,0.0,0.0,6.0,45.0,2.0,1.0,0.0,0.0,4.0,6.0,1.0,42.0,42.0,3.0,0.0,-3.0,3.0,7.0,0.0,14.0,6.0,27.0,26.0,40:42,20.0,8.0,11.0,1.0,60.0,394.0,6.6,4.0,29.0,129.0,4.4,0.0,29.0,23.0,265.0,4.0,0.0,9.1,11.5,79.3,144.32,12.0,6.0,50.0,2.0,2.0,100.0,1.0,1.0,0.0,0.0,4.0,43.0,1.0,0.0,2.0,11.0,0.0,2.0,3.0,128.0,42.7,0.0,3.0,3.0,100.0,0.0,100.0,0.0,3.0,3.0,0.0,0.0,0.0,0.0,0.0,1.0,1.0,4.0,4.0,0.0,0.0,0.0,0.0,0.0,2.0,1.0,34.0,36.0,2.0,11.0,1.0,0.0,0.0,48.0,25.0,0.0,0.0,4.0,2.0,1.0,Monday,993004721,33,16,18789.0,-6.0,0,-3.0,0.643,0.0,0.0406619164680357,0.5054945054945055,0.1484841270472099,-0.2063388202252099,0.1586745966518713,0.5789473684210527,0.5151637751725732,-0.0666199392071267,36.0,33.0,3.0,502.3333333333333,401.6666666666667,-1.333,0.63,0.4,235.0,213.0,4.0,0.066984446970817,0.522276501657945,0.1247640390012943,0.0679494225459347,0.0658863560559959,0.5205949656750571,0.3564119835754147,-0.1951270109346419,0.1183742466398658,0.0607892643792123,7.0,13.0,0.6,1.4,-128.0,876.6666666666666,-149.00000000000006,654.3333333333333,-62.0,408.0,-90.0,336.0,3.0,11.0,0.0061815895509068075,-0.1461223699001853
202411003.0,2024-11-07T20:15:00,1,2024,10,BAL,CIN,HOME,35.0,34.0,69.0,M&T Bank Stadium,0.0,7.0,7.0,21.0,0.0,31.0,51.0,28:25,25.0,8.0,12.0,5.0,54.0,396.0,7.3,5.0,34.0,127.0,3.7,2.0,19.0,16.0,269.0,3.0,0.0,14.2,16.8,84.2,158.33,8.0,3.0,37.5,0.0,0.0,0.0,6.0,4.0,0.0,0.0,6.0,53.0,2.0,0.0,1.0,11.0,5.0,5.0,2.0,98.0,49.0,0.0,1.0,1.0,7.0,7.0,7.0,13.0,0.0,28.0,9.0,31:35,20.0,6.0,10.0,4.0,68.0,319.0,4.7,1.0,30.0,122.0,4.1,0.0,34.0,20.0,197.0,1.0,1.0,5.8,9.8,58.8,72.79,14.0,6.0,42.9,5.0,1.0,20.0,4.0,1.0,0.0,0.0,9.0,71.0,0.0,0.0,4.0,28.0,1.0,4.0,2.0,96.0,48.0,1.0,0.0,-1.0,66.7,0.0,25.0,0.0,5.0,5.0,0.0,0.0,0.0,0.0,0.0,2.0,2.0,1.0,1.0,0.0,0.0,0.0,0.0,0.0,1.0,1.0,43.0,24.0,4.0,28.0,7.0,0.0,0.0,36.0,29.0,1.0,11.0,1.0,1.0,0.0,Thursday,993004724,3,7,18798.0,1.0,1,1.0,0.375,0.0,0.3380568411026582,0.5972222222222222,0.8409964802884741,0.0313487624143817,-0.1184959706505441,0.3604651162790697,-0.0545345612415157,-0.320013928017579,35.3,23.3,12.0,430.3333333333333,400.3333333333333,1.0,0.317,0.8,283.0,219.0,6.0,0.2283527415443078,0.5373914584440901,0.6910921747350476,-0.1195573690193568,0.0295186893481603,0.4677882334517082,0.117914040731534,-0.140949983580095,0.2243361526049548,0.0847128711360887,202411003.0,2024-11-07T20:15:00,1,2024,10,CIN,BAL,AWAY,34.0,35.0,69.0,M&T Bank Stadium,7.0,7.0,7.0,13.0,0.0,35.0,14.0,31:35,26.0,5.0,18.0,3.0,71.0,373.0,5.3,5.0,31.0,130.0,4.2,0.0,39.0,27.0,243.0,5.0,1.0,6.2,9.0,69.2,114.64,15.0,8.0,53.3,1.0,1.0,100.0,5.0,4.0,0.0,0.0,7.0,60.0,0.0,0.0,1.0,8.0,13.0,7.0,3.0,175.0,58.3,1.0,2.0,1.0,0.0,7.0,7.0,21.0,0.0,24.0,46.0,28:25,16.0,4.0,10.0,2.0,59.0,217.0,3.7,3.0,21.0,60.0,2.9,1.0,33.0,21.0,157.0,1.0,0.0,4.8,7.5,63.6,85.04,13.0,5.0,38.5,1.0,0.0,0.0,1.0,1.0,0.0,0.0,6.0,51.0,2.0,2.0,5.0,41.0,7.0,2.0,5.0,280.0,56.0,2.0,1.0,-1.0,80.0,0.0,100.0,0.0,5.0,5.0,0.0,0.0,0.0,0.0,0.0,2.0,2.0,3.0,3.0,0.0,0.0,0.0,0.0,0.0,1.0,1.0,35.0,24.0,5.0,41.0,4.0,1.0,2.0,38.0,37.0,1.0,8.0,7.0,0.0,0.0,Thursday,993004723,7,3,18801.0,-1.0,0,1.0,0.533,0.0,0.1136328431589087,0.5652173913043478,0.1879039300602112,-0.0553417243489613,-0.0993764857936342,0.4698795180722891,-0.1318090428646494,-0.3580058143275317,26.3,25.0,1.3,292.0,316.6666666666667,0.333,0.485,0.6,236.0,227.0,4.0,-0.002050052175981,0.4640744207152782,0.0902888080866754,-0.2337185935427368,0.0081874219594032,0.4554986864752242,0.1186322966805914,-0.0982884323661668,0.040525011496559,0.0287549643722229,10.7,13.3,0.20000000000000007,1.4,138.33333333333331,722.3333333333333,83.66666666666663,717.0,47.0,519.0,-8.0,446.0,2.0,10.0,0.2304027937202888,0.0213312673887571
202411005.0,2024-11-10T09:30:00,1,2024,10,CAR,NYG,HOME,20.0,17.0,37.0,Allianz Arena,7.0,3.0,7.0,0.0,3.0,25.0,41.0,27:38,15.0,5.0,8.0,2.0,50.0,246.0,4.9,3.0,23.0,80.0,3.5,2.0,26.0,16.0,166.0,1.0,1.0,6.4,10.4,61.5,76.76,10.0,4.0,40.0,0.0,0.0,0.0,3.0,3.0,0.0,0.0,6.0,55.0,0.0,0.0,1.0,5.0,5.0,5.0,5.0,216.0,43.2,1.0,0.0,-1.0,0.0,0.0,7.0,10.0,0.0,34.0,19.0,34:29,25.0,11.0,12.0,2.0,74.0,427.0,5.8,2.0,41.0,197.0,4.8,1.0,32.0,18.0,230.0,1.0,0.0,7.2,12.8,56.2,89.32,15.0,5.0,33.3,3.0,2.0,66.7,4.0,2.0,0.0,0.0,10.0,109.0,0.0,0.0,1.0,6.0,4.0,5.0,4.0,169.0,42.2,0.0,1.0,1.0,100.0,0.0,50.0,0.0,2.0,2.0,0.0,1.0,0.0,0.0,0.0,1.0,1.0,1.0,1.0,0.0,2.0,0.0,0.0,0.0,3.0,3.0,41.0,42.0,1.0,6.0,2.0,0.0,0.0,26.0,22.0,1.0,5.0,4.0,0.0,0.0,Sunday,993004726,5,23,18800.0,3.0,1,-1.0,0.4,0.0,0.0315162630222697,0.4366197183098591,0.1196949252406715,-0.0715151198000009,0.0644628662245614,0.4375,0.0798697721215331,0.1494477170067728,14.7,30.0,-15.3,236.66666666666663,416.0,-1.0,0.352,0.2,147.0,293.0,2.0,-0.1335151650388386,0.445650190084538,-0.311688177048049,-0.1064680721245993,0.1147887448859043,0.4991925064599483,0.2155117715088628,0.0602427955582298,-0.1366521519877824,0.1367586336254788,202411005.0,2024-11-10T09:30:00,1,2024,10,NYG,CAR,AWAY,17.0,20.0,37.0,Allianz Arena,0.0,0.0,7.0,10.0,0.0,32.0,0.0,34:29,25.0,12.0,10.0,3.0,59.0,326.0,5.5,3.0,31.0,164.0,5.3,1.0,26.0,20.0,162.0,2.0,0.0,6.2,8.1,76.9,117.79,11.0,6.0,54.5,2.0,2.0,100.0,3.0,2.0,0.0,0.0,4.0,51.0,1.0,1.0,2.0,12.0,2.0,3.0,2.0,92.0,46.0,1.0,0.0,-1.0,7.0,3.0,7.0,0.0,3.0,28.0,0.0,27:38,21.0,11.0,8.0,2.0,60.0,358.0,6.0,3.0,38.0,149.0,3.9,1.0,22.0,15.0,209.0,2.0,0.0,9.5,13.9,68.2,128.79,12.0,5.0,41.7,2.0,2.0,100.0,6.0,3.0,0.0,0.0,5.0,52.0,0.0,0.0,0.0,0.0,4.0,4.0,2.0,109.0,54.5,0.0,1.0,1.0,66.7,0.0,50.0,0.0,1.0,1.0,0.0,2.0,0.0,0.0,0.0,1.0,1.0,3.0,3.0,0.0,0.0,0.0,0.0,0.0,2.0,2.0,30.0,37.0,0.0,0.0,2.0,0.0,0.0,34.0,35.0,2.0,12.0,3.0,1.0,1.0,Sunday,993004725,23,5,18804.0,-3.0,0,-1.0,0.545,0.0,0.1253723957867367,0.4871794871794871,0.0183971028518381,0.2618998875337032,0.220323988659104,0.5945945945945946,0.5396135715911418,0.1325188086630078,14.3,27.0,-12.7,279.6666666666667,374.3333333333333,-0.667,0.364,0.2,139.0,202.0,2.0,-0.0527112638802352,0.4397993311036789,-0.1996902758077522,0.1005109410483338,0.1345283244592096,0.513459242374905,0.2220098349732366,0.1136357589118045,-0.0596498013248415,0.0500121562690434,-2.6000000000000014,-28.0,0.0,0.4,-43.00000000000006,516.3333333333333,41.666666666666686,790.3333333333333,8.0,286.0,91.0,495.0,0.0,4.0,-0.08080390115860339,-0.019739579573305285
202411035.0,2024-11-10T13:00:00,1,2024,10,WAS,PIT,HOME,27.0,28.0,55.0,Northwest Stadium,7.0,10.0,10.0,0.0,0.0,28.0,0.0,23:49,21.0,11.0,8.0,2.0,60.0,358.0,6.0,3.0,38.0,149.0,3.9,1.0,22.0,15.0,209.0,2.0,0.0,9.5,13.9,68.2,128.79,12.0,5.0,41.7,2.0,2.0,100.0,6.0,3.0,0.0,0.0,5.0,52.0,0.0,0.0,0.0,0.0,4.0,4.0,2.0,109.0,54.5,0.0,1.0,1.0,7.0,7.0,7.0,7.0,0.0,32.0,0.0,36:11,25.0,12.0,10.0,3.0,59.0,326.0,5.5,3.0,31.0,164.0,5.3,1.0,26.0,20.0,162.0,2.0,0.0,6.2,8.1,76.9,117.79,11.0,6.0,54.5,2.0,2.0,100.0,3.0,2.0,0.0,0.0,4.0,51.0,1.0,1.0,2.0,12.0,2.0,3.0,2.0,92.0,46.0,1.0,0.0,-1.0,50.0,0.0,66.7,0.0,3.0,3.0,0.0,0.0,0.0,0.0,0.0,2.0,2.0,1.0,1.0,0.0,2.0,0.0,0.0,0.0,1.0,1.0,34.0,35.0,2.0,12.0,3.0,1.0,1.0,30.0,37.0,0.0,0.0,2.0,0.0,0.0,Sunday,993004736,35,28,18804.0,-1.0,0,1.0,0.417,0.0,0.220323988659104,0.5945945945945946,0.5396135715911418,0.1325188086630078,0.1253723957867367,0.4871794871794871,0.0183971028518381,0.2618998875337032,28.3,14.7,13.7,420.0,271.0,1.333,0.417,0.8,263.0,189.0,7.0,0.1450383118544247,0.5318367818367818,0.4112571053926612,-0.0320037042033184,-0.0882249751527502,0.456963718612464,-0.3390202766496907,0.0658923491574121,0.1253898952117535,-0.0540059528080971,202411035.0,2024-11-10T13:00:00,1,2024,10,PIT,WAS,AWAY,28.0,27.0,55.0,Northwest Stadium,7.0,7.0,7.0,7.0,0.0,29.0,18.0,36:11,20.0,6.0,12.0,2.0,63.0,426.0,6.8,2.0,31.0,167.0,5.4,0.0,28.0,20.0,259.0,1.0,0.0,9.2,13.0,71.4,112.05,13.0,6.0,46.2,0.0,0.0,0.0,4.0,0.0,0.0,0.0,5.0,50.0,1.0,1.0,4.0,19.0,12.0,6.0,3.0,131.0,43.7,1.0,2.0,1.0,7.0,10.0,10.0,0.0,0.0,30.0,42.0,23:49,17.0,6.0,10.0,1.0,67.0,394.0,5.9,1.0,25.0,157.0,6.3,1.0,38.0,24.0,237.0,0.0,1.0,6.2,9.9,63.2,69.74,15.0,5.0,33.3,1.0,1.0,100.0,3.0,0.0,0.0,0.0,11.0,65.0,1.0,1.0,4.0,27.0,8.0,5.0,4.0,192.0,48.0,2.0,1.0,-1.0,0.0,0.0,0.0,0.0,2.0,2.0,0.0,0.0,0.0,0.0,0.0,4.0,4.0,0.0,0.0,0.0,2.0,0.0,0.0,0.0,4.0,4.0,40.0,30.0,4.0,27.0,4.0,1.0,1.0,40.0,33.0,4.0,19.0,2.0,1.0,1.0,Sunday,993004735,28,35,18776.0,1.0,1,1.0,0.462,0.0,0.0512761028918115,0.5,0.0579958603288056,0.0225378384173382,-0.0274743919240857,0.4347826086956521,-0.0890823646861335,0.152707047869917,31.7,15.3,16.3,376.0,330.6666666666667,2.0,0.375,0.6,187.0,119.0,6.0,0.1038357680386925,0.4660546949703576,0.1645408500373641,0.0163980005412927,-0.1389789607124713,0.4474383587427065,-0.0702928083057294,-0.1903711091529469,0.0648723536046927,-0.0592060944465897,-2.6000000000000014,30.0,0.20000000000000007,1.4,44.0,796.0,-59.666666666666686,601.6666666666667,76.0,450.0,70.0,308.0,1.0,13.0,0.0412025438157322,0.05075398555972109
202411022.0,2024-11-10T13:00:00,1,2024,10,NO,ATL,HOME,20.0,17.0,37.0,Caesars Superdome,0.0,17.0,3.0,0.0,0.0,34.0,19.0,24:53,25.0,11.0,12.0,2.0,74.0,427.0,5.8,2.0,41.0,197.0,4.8,1.0,32.0,18.0,230.0,1.0,0.0,7.2,12.8,56.2,89.32,15.0,5.0,33.3,3.0,2.0,66.7,4.0,2.0,0.0,0.0,10.0,109.0,0.0,0.0,1.0,6.0,4.0,5.0,4.0,169.0,42.2,0.0,1.0,1.0,0.0,7.0,10.0,0.0,0.0,25.0,41.0,35:07,15.0,5.0,8.0,2.0,50.0,246.0,4.9,3.0,23.0,80.0,3.5,2.0,26.0,16.0,166.0,1.0,1.0,6.4,10.4,61.5,76.76,10.0,4.0,40.0,0.0,0.0,0.0,3.0,3.0,0.0,0.0,6.0,55.0,0.0,0.0,1.0,5.0,5.0,5.0,5.0,216.0,43.2,1.0,0.0,-1.0,50.0,0.0,100.0,0.0,1.0,1.0,0.0,2.0,0.0,0.0,0.0,3.0,3.0,2.0,2.0,0.0,1.0,0.0,0.0,0.0,1.0,1.0,26.0,22.0,1.0,5.0,4.0,0.0,0.0,41.0,42.0,1.0,6.0,2.0,0.0,0.0,Sunday,993004740,22,2,18800.0,3.0,1,1.0,0.333,0.0,0.0644628662245614,0.4375,0.0798697721215331,0.1494477170067728,0.0315162630222697,0.4366197183098591,0.1196949252406715,-0.0715151198000009,13.3,27.3,-14.0,354.6666666666667,337.6666666666667,0.0,0.251,0.0,207.0,229.0,2.0,-0.1434478293994196,0.4076449983708048,-0.1957319158053304,-0.0131076463852475,0.0458995466669945,0.4535939919351499,0.0718281098725091,-0.0067380968409274,-0.1542106733430893,0.0607523910103044,202411022.0,2024-11-10T13:00:00,1,2024,10,ATL,NO,AWAY,17.0,20.0,37.0,Caesars Superdome,0.0,7.0,10.0,0.0,0.0,29.0,20.0,35:07,17.0,5.0,12.0,0.0,56.0,310.0,5.5,4.0,30.0,100.0,3.3,1.0,24.0,19.0,210.0,3.0,0.0,8.8,11.1,79.2,142.71,13.0,4.0,30.8,2.0,2.0,100.0,3.0,3.0,0.0,0.0,4.0,26.0,3.0,1.0,2.0,12.0,8.0,5.0,5.0,245.0,49.0,1.0,0.0,-1.0,0.0,17.0,3.0,0.0,0.0,30.0,40.0,24:53,23.0,9.0,13.0,1.0,74.0,378.0,5.1,2.0,21.0,137.0,6.5,0.0,50.0,31.0,241.0,2.0,0.0,4.8,7.8,62.0,87.17,13.0,3.0,23.1,5.0,1.0,20.0,3.0,2.0,0.0,0.0,9.0,55.0,1.0,0.0,3.0,7.0,4.0,7.0,3.0,139.0,46.3,0.0,1.0,1.0,100.0,0.0,66.7,0.0,3.0,3.0,0.0,1.0,0.0,0.0,0.0,0.0,0.0,1.0,1.0,0.0,2.0,1.0,0.0,0.0,2.0,2.0,42.0,26.0,3.0,7.0,4.0,0.0,0.0,32.0,26.0,2.0,12.0,3.0,2.0,1.0,Sunday,993004739,2,22,18797.0,-3.0,0,-1.0,0.308,0.0,0.0180391959930719,0.4459459459459459,0.276086371471243,-0.1091293201274571,-0.0388280890305156,0.4361702127659574,-0.0855357939433447,0.1348449821878028,24.0,27.0,-3.0,357.6666666666667,383.0,-0.333,0.447,0.8,221.0,216.0,6.0,0.0121401300551496,0.504674583049869,0.1989311891714249,-0.0463307216296234,0.0574926044657336,0.4654033909353057,0.1449467477052885,-0.0616598337863443,0.0756781982601351,0.0572907082780711,-11.0,-17.0,-0.8,0.8,-3.0,712.3333333333334,-45.333333333333314,720.6666666666667,-14.0,428.0,13.0,445.0,-4.0,8.0,-0.1555879594545692,-0.0115930577987391
202411014.0,2024-11-10T13:00:00,1,2024,10,IND,BUF,HOME,20.0,30.0,50.0,Lucas Oil Stadium,3.0,10.0,0.0,7.0,0.0,23.0,6.0,27:52,13.0,3.0,9.0,1.0,49.0,227.0,4.6,1.0,19.0,68.0,3.6,0.0,27.0,16.0,159.0,0.0,1.0,5.9,9.9,59.3,60.57,11.0,3.0,27.3,2.0,1.0,50.0,0.0,0.0,0.0,0.0,7.0,50.0,1.0,1.0,3.0,20.0,7.0,8.0,3.0,148.0,49.3,2.0,3.0,1.0,10.0,10.0,0.0,10.0,0.0,36.0,54.0,32:08,29.0,10.0,17.0,2.0,71.0,415.0,5.8,3.0,32.0,133.0,4.2,0.0,35.0,29.0,282.0,3.0,2.0,8.1,9.7,82.9,105.0,12.0,6.0,50.0,1.0,1.0,100.0,5.0,3.0,0.0,0.0,3.0,41.0,1.0,1.0,4.0,30.0,7.0,4.0,2.0,83.0,41.5,3.0,2.0,-1.0,0.0,0.0,60.0,0.0,1.0,1.0,0.0,0.0,0.0,0.0,0.0,3.0,2.0,3.0,3.0,0.0,0.0,0.0,0.0,0.0,2.0,0.0,56.0,22.0,4.0,30.0,2.0,1.0,1.0,28.0,20.0,3.0,20.0,5.0,0.0,1.0,Sunday,993004738,14,4,18803.0,-10.0,0,1.0,0.273,0.0,-0.2787332080964023,0.391304347826087,-0.2977623768966163,-0.3823929960269352,-0.133584842150824,0.5176470588235295,-0.0654783015917038,-0.0321837585128378,16.3,18.0,-1.7,271.3333333333333,371.6666666666667,0.333,0.245,0.4,188.0,193.0,4.0,-0.1561052864361366,0.3772485080988917,-0.2180063664648782,-0.1826802579918554,-0.1258638257094202,0.4717517776341305,0.015467116463822,-0.2539367479481618,-0.05425980016563,-0.0344316989065999,202411014.0,2024-11-10T13:00:00,1,2024,10,BUF,IND,AWAY,30.0,20.0,50.0,Lucas Oil Stadium,10.0,10.0,0.0,10.0,0.0,28.0,7.0,32:08,24.0,5.0,15.0,4.0,59.0,325.0,5.5,3.0,19.0,94.0,4.9,0.0,39.0,25.0,231.0,3.0,1.0,5.9,9.2,64.1,95.14,10.0,5.0,50.0,1.0,1.0,100.0,5.0,2.0,0.0,0.0,4.0,40.0,0.0,0.0,1.0,4.0,2.0,5.0,1.0,49.0,49.0,1.0,1.0,0.0,3.0,10.0,0.0,7.0,0.0,31.0,53.0,27:52,26.0,10.0,14.0,2.0,60.0,373.0,6.2,3.0,31.0,149.0,4.8,1.0,28.0,25.0,224.0,2.0,0.0,8.0,9.0,89.3,123.81,8.0,4.0,50.0,1.0,1.0,100.0,4.0,3.0,0.0,0.0,8.0,57.0,1.0,1.0,1.0,7.0,3.0,4.0,1.0,37.0,37.0,1.0,1.0,0.0,40.0,0.0,75.0,0.0,2.0,1.0,0.0,2.0,1.0,0.0,0.0,3.0,3.0,3.0,3.0,0.0,0.0,0.0,0.0,0.0,2.0,2.0,43.0,26.0,1.0,7.0,1.0,1.0,1.0,35.0,20.0,1.0,4.0,2.0,0.0,0.0,Sunday,993004737,4,14,18799.0,10.0,1,0.0,0.5,0.0,0.2148895112202956,0.5875,0.2752339587859007,-0.0572220557654537,0.2123951972169538,0.5769230769230769,0.6818582888850588,-0.0667052940478294,31.7,15.7,16.0,386.3333333333333,298.3333333333333,1.0,0.444,0.8,260.0,173.0,7.0,0.1904851278257249,0.5357798223029935,0.3315252227893681,0.03200696232617,-0.0120196388339997,0.496929541047188,0.2374943731297943,-0.4572822000062829,0.134795914071694,0.002217337832121,-17.7,14.3,-0.4,1.2000000000000002,-115.0,657.6666666666666,73.33333333333337,670.0,-72.0,448.0,20.0,366.0,-3.0,11.0,-0.34659041426186155,-0.1138441868754205
202411033.0,2024-11-10T13:00:00,1,2024,10,TB,SF,HOME,20.0,23.0,43.0,Raymond James Stadium,0.0,3.0,7.0,10.0,0.0,25.0,10.0,28:12,17.0,7.0,8.0,2.0,52.0,284.0,5.5,3.0,19.0,95.0,5.0,1.0,31.0,23.0,189.0,2.0,0.0,6.1,8.2,74.2,110.82,11.0,5.0,45.5,0.0,0.0,0.0,3.0,3.0,0.0,0.0,6.0,50.0,0.0,0.0,2.0,11.0,7.0,8.0,5.0,216.0,43.2,0.0,1.0,1.0,7.0,3.0,3.0,10.0,0.0,40.0,42.0,31:48,28.0,9.0,19.0,0.0,83.0,384.0,4.6,4.0,35.0,124.0,3.5,1.0,44.0,34.0,260.0,3.0,0.0,5.9,7.6,77.3,113.83,18.0,12.0,66.7,1.0,1.0,100.0,4.0,4.0,0.0,0.0,3.0,30.0,1.0,1.0,4.0,31.0,4.0,3.0,4.0,171.0,42.8,1.0,0.0,-1.0,100.0,0.0,100.0,0.0,3.0,3.0,0.0,0.0,0.0,0.0,0.0,1.0,1.0,3.0,3.0,0.0,0.0,0.0,0.0,0.0,1.0,1.0,53.0,36.0,4.0,31.0,3.0,1.0,1.0,34.0,17.0,2.0,11.0,4.0,0.0,0.0,Sunday,993004730,33,31,18792.0,-3.0,0,1.0,0.455,0.0,0.1333919116023248,0.4444444444444444,0.2254424285422595,0.0412554165975759,0.141209144321199,0.54,0.2625263995735958,-0.0383472582984455,27.0,34.0,-7.0,399.0,428.6666666666667,-1.0,0.581,0.2,259.0,243.0,4.0,0.0875204390713552,0.4917304917304917,0.1707153978230107,-0.032490292256159,0.1977299334780983,0.5484210526315789,0.5796052501380515,-0.114960358633805,0.107260344819854,0.095880670292317,202411033.0,2024-11-10T13:00:00,1,2024,10,SF,TB,AWAY,23.0,20.0,43.0,Raymond James Stadium,7.0,3.0,3.0,10.0,0.0,33.0,12.0,31:48,19.0,10.0,9.0,0.0,64.0,469.0,7.3,3.0,36.0,223.0,6.2,2.0,26.0,18.0,246.0,1.0,0.0,9.5,13.7,69.2,112.02,16.0,8.0,50.0,1.0,0.0,0.0,4.0,3.0,0.0,0.0,9.0,73.0,1.0,0.0,2.0,14.0,8.0,3.0,4.0,172.0,43.0,0.0,2.0,2.0,0.0,3.0,7.0,10.0,0.0,26.0,48.0,28:12,18.0,3.0,13.0,2.0,59.0,292.0,4.9,3.0,19.0,56.0,2.9,1.0,38.0,25.0,236.0,2.0,2.0,6.2,9.4,65.8,78.4,12.0,4.0,33.3,2.0,1.0,50.0,3.0,2.0,0.0,0.0,6.0,30.0,3.0,0.0,2.0,7.0,2.0,1.0,4.0,194.0,48.5,2.0,0.0,-2.0,75.0,0.0,66.7,0.0,3.0,3.0,0.0,0.0,0.0,0.0,0.0,3.0,3.0,3.0,3.0,0.0,0.0,0.0,0.0,0.0,1.0,1.0,33.0,20.0,2.0,7.0,4.0,2.0,0.0,38.0,37.0,2.0,14.0,1.0,0.0,0.0,Sunday,993004729,31,33,18777.0,3.0,1,2.0,0.5,0.0,0.1078434132936759,0.5238095238095238,0.2884214515031657,0.0568118386950496,0.0250846132146532,0.4691358024691358,0.0787845175458266,-0.1093693799032027,28.0,25.3,2.7,420.6666666666667,326.3333333333333,1.333,0.366,0.6,210.0,182.0,4.0,0.0843405040530612,0.5138443670150987,0.1720498373153617,0.0462378467380174,0.0357286932817526,0.4901210325036212,0.0681329969636198,-0.0850236130623477,0.0371973553017805,-0.0272879311004018,-9.7,-4.3,-0.39999999999999997,0.8,-21.666666666666686,819.6666666666667,102.33333333333337,755.0,49.0,469.0,61.0,425.0,0.0,8.0,0.003179935018294,0.1620012401963457
202411006.0,2024-11-10T13:00:00,1,2024,10,CHI,NE,HOME,3.0,19.0,22.0,Soldier Field,0.0,3.0,0.0,0.0,0.0,31.0,1.0,27:32,16.0,5.0,10.0,1.0,70.0,241.0,3.4,0.0,23.0,69.0,3.0,0.0,41.0,22.0,172.0,0.0,0.0,4.2,7.8,53.7,64.28,14.0,3.0,21.4,4.0,2.0,50.0,1.0,0.0,0.0,0.0,6.0,33.0,1.0,0.0,6.0,45.0,3.0,5.0,4.0,218.0,54.5,0.0,2.0,2.0,3.0,10.0,0.0,6.0,0.0,28.0,59.0,32:28,18.0,10.0,7.0,1.0,57.0,350.0,6.1,3.0,34.0,213.0,6.3,3.0,20.0,13.0,137.0,0.0,0.0,6.8,10.5,65.0,84.79,13.0,5.0,38.5,1.0,0.0,0.0,3.0,2.0,0.0,0.0,2.0,15.0,2.0,2.0,3.0,17.0,12.0,5.0,4.0,187.0,46.8,2.0,0.0,-2.0,0.0,0.0,66.7,0.0,0.0,0.0,0.0,0.0,0.0,0.0,0.0,3.0,3.0,3.0,3.0,0.0,0.0,0.0,0.0,0.0,2.0,2.0,36.0,27.0,3.0,17.0,3.0,1.0,2.0,43.0,21.0,6.0,45.0,4.0,1.0,0.0,Sunday,993004728,6,21,18796.0,-16.0,0,2.0,0.214,0.0,-0.1788727152641033,0.3186813186813186,-0.2785241992192007,-0.1420883831298469,0.0428039614055496,0.5068493150684932,-0.3174178347044611,0.0649663676855484,19.7,21.0,-1.3,307.0,369.6666666666667,0.667,0.278,0.6,172.0,148.0,4.0,0.0036424164414252,0.4316946271939239,0.0289336502531161,-0.0496875148417483,0.0164782110126813,0.4534430561827822,-0.0315465756732978,-0.0973542352720673,0.0411991590208041,-0.02040674204676,202411006.0,2024-11-10T13:00:00,1,2024,10,NE,CHI,AWAY,19.0,3.0,22.0,Soldier Field,3.0,10.0,0.0,6.0,0.0,29.0,9.0,32:28,20.0,7.0,10.0,3.0,65.0,295.0,4.5,2.0,20.0,110.0,5.5,1.0,41.0,29.0,185.0,1.0,2.0,4.5,6.4,70.7,67.63,11.0,3.0,27.3,1.0,1.0,100.0,2.0,2.0,0.0,0.0,8.0,58.0,2.0,1.0,4.0,21.0,4.0,5.0,4.0,169.0,42.2,3.0,1.0,-2.0,0.0,3.0,0.0,0.0,0.0,38.0,44.0,27:32,24.0,9.0,13.0,2.0,73.0,400.0,5.5,2.0,39.0,167.0,4.3,0.0,33.0,20.0,233.0,2.0,1.0,7.1,11.6,60.6,89.58,16.0,7.0,43.8,1.0,0.0,0.0,5.0,2.0,0.0,0.0,10.0,67.0,3.0,0.0,1.0,7.0,9.0,9.0,5.0,233.0,46.6,1.0,3.0,2.0,100.0,0.0,40.0,0.0,2.0,2.0,0.0,0.0,0.0,0.0,0.0,2.0,1.0,2.0,2.0,0.0,0.0,0.0,0.0,0.0,2.0,2.0,48.0,25.0,1.0,7.0,4.0,2.0,0.0,38.0,30.0,4.0,21.0,7.0,1.0,1.0,Sunday,993004727,21,6,18805.0,16.0,1,-2.0,0.273,0.0,-0.0856676246800882,0.4651162790697674,-0.0168656262028274,-0.3667001885852577,-0.0526737075848718,0.4130434782608695,0.2087695021575593,-0.1979869935430738,19.3,24.7,-5.3,279.3333333333333,366.6666666666667,-0.667,0.413,0.2,141.0,217.0,2.0,-0.0303384598758462,0.4480384429335082,0.0947076696143622,-0.2504189568883572,0.0649655675961072,0.4915624379591026,0.3703512954573031,-0.0372679170274717,-0.0953742768671949,0.0525731620068613,4.0,-6.6,0.39999999999999997,0.8,27.666666666666686,586.3333333333333,3.0,736.3333333333334,31.0,313.0,-69.0,365.0,2.0,6.0,0.0339808763172714,-0.04848735658342589
202411015.0,2024-11-10T13:00:00,1,2024,10,JAX,MIN,HOME,7.0,12.0,19.0,EverBank Stadium,7.0,0.0,0.0,0.0,0.0,21.0,48.0,17:41,14.0,4.0,9.0,1.0,51.0,215.0,4.2,3.0,18.0,60.0,3.3,2.0,31.0,16.0,155.0,0.0,2.0,5.0,9.7,51.6,39.05,10.0,3.0,30.0,2.0,1.0,50.0,3.0,2.0,0.0,0.0,4.0,17.0,1.0,1.0,2.0,14.0,3.0,6.0,5.0,238.0,47.6,3.0,1.0,-2.0,3.0,0.0,3.0,6.0,0.0,38.0,12.0,42:19,21.0,9.0,11.0,1.0,73.0,447.0,6.1,4.0,46.0,237.0,5.2,2.0,24.0,18.0,210.0,2.0,0.0,8.8,11.7,75.0,128.82,17.0,9.0,52.9,2.0,0.0,0.0,4.0,3.0,0.0,0.0,8.0,67.0,1.0,1.0,3.0,20.0,3.0,3.0,3.0,146.0,48.7,1.0,3.0,2.0,66.7,0.0,75.0,0.0,1.0,1.0,0.0,4.0,2.0,0.0,0.0,0.0,0.0,1.0,1.0,0.0,4.0,0.0,0.0,0.0,2.0,1.0,51.0,19.0,3.0,20.0,2.0,0.0,1.0,26.0,17.0,2.0,14.0,9.0,1.0,1.0,Sunday,993004732,15,20,18793.0,-5.0,0,-2.0,0.3,0.0,-0.0694232684251157,0.417910447761194,-0.1479487116701263,-0.1294665369748448,0.011296953827671,0.431578947368421,0.2029168432953736,-0.207422399776658,27.3,24.7,2.7,323.0,388.0,-1.0,0.337,0.4,195.0,252.0,2.0,0.0740111763786828,0.4953492632903796,0.1883349157337615,-0.0447463901640238,0.0410458130969636,0.4453507506139085,0.2401153180264105,-0.1682141091357482,0.0938660380196912,0.1133938917046253,202411015.0,2024-11-10T13:00:00,1,2024,10,MIN,JAX,AWAY,12.0,7.0,19.0,EverBank Stadium,3.0,0.0,3.0,6.0,0.0,36.0,54.0,42:19,29.0,10.0,17.0,2.0,71.0,415.0,5.8,3.0,32.0,133.0,4.2,0.0,35.0,29.0,282.0,3.0,2.0,8.1,9.7,82.9,105.0,12.0,6.0,50.0,1.0,1.0,100.0,5.0,3.0,0.0,0.0,3.0,41.0,1.0,1.0,4.0,30.0,7.0,4.0,2.0,83.0,41.5,3.0,2.0,-1.0,7.0,0.0,0.0,0.0,0.0,23.0,6.0,17:41,13.0,3.0,9.0,1.0,49.0,227.0,4.6,1.0,19.0,68.0,3.6,0.0,27.0,16.0,159.0,0.0,1.0,5.9,9.9,59.3,60.57,11.0,3.0,27.3,2.0,1.0,50.0,0.0,0.0,0.0,0.0,7.0,50.0,1.0,1.0,3.0,20.0,7.0,8.0,3.0,148.0,49.3,2.0,3.0,1.0,60.0,0.0,0.0,0.0,3.0,3.0,0.0,0.0,0.0,0.0,0.0,2.0,0.0,1.0,1.0,0.0,0.0,0.0,0.0,0.0,3.0,2.0,28.0,20.0,3.0,20.0,5.0,0.0,1.0,56.0,22.0,4.0,30.0,2.0,1.0,1.0,Sunday,993004731,20,15,18803.0,5.0,1,-1.0,0.5,0.0,-0.133584842150824,0.5176470588235295,-0.0654783015917038,-0.0321837585128378,-0.2787332080964023,0.391304347826087,-0.2977623768966163,-0.3823929960269352,23.3,24.7,-1.3,358.0,334.6666666666667,0.0,0.395,0.6,209.0,150.0,6.0,-0.0106883413452411,0.4638445661665476,0.071608901332847,-0.0773841074800264,-0.0293200955339418,0.4552211073950205,0.2489830482813049,-0.3068759321411679,-0.0204804104598428,-0.0646429124797159,4.0,1.4000000000000001,-0.19999999999999996,1.0,-35.0,681.0,53.333333333333314,722.6666666666667,-14.0,404.0,102.0,402.0,-4.0,8.0,0.08469951772392391,0.0703659086309054
202411016.0,2024-11-10T13:00:00,1,2024,10,KC,DEN,HOME,16.0,14.0,30.0,Arrowhead Stadium,0.0,10.0,3.0,3.0,0.0,40.0,42.0,33:21,28.0,9.0,19.0,0.0,83.0,384.0,4.6,4.0,35.0,124.0,3.5,1.0,44.0,34.0,260.0,3.0,0.0,5.9,7.6,77.3,113.83,18.0,12.0,66.7,1.0,1.0,100.0,4.0,4.0,0.0,0.0,3.0,30.0,1.0,1.0,4.0,31.0,4.0,3.0,4.0,171.0,42.8,1.0,0.0,-1.0,0.0,14.0,0.0,0.0,0.0,25.0,10.0,26:39,17.0,7.0,8.0,2.0,52.0,284.0,5.5,3.0,19.0,95.0,5.0,1.0,31.0,23.0,189.0,2.0,0.0,6.1,8.2,74.2,110.82,11.0,5.0,45.5,0.0,0.0,0.0,3.0,3.0,0.0,0.0,6.0,50.0,0.0,0.0,2.0,11.0,7.0,8.0,5.0,216.0,43.2,0.0,1.0,1.0,100.0,0.0,100.0,0.0,3.0,3.0,0.0,0.0,0.0,0.0,0.0,1.0,1.0,3.0,3.0,0.0,0.0,0.0,0.0,0.0,1.0,1.0,34.0,17.0,2.0,11.0,4.0,0.0,0.0,53.0,36.0,4.0,31.0,3.0,1.0,1.0,Sunday,993004734,16,10,18792.0,2.0,1,-1.0,0.667,0.0,0.141209144321199,0.54,0.2625263995735958,-0.0383472582984455,0.1333919116023248,0.4444444444444444,0.2254424285422595,0.0412554165975759,28.3,20.7,7.7,349.0,274.0,0.0,0.663,1.0,203.0,147.0,8.0,0.0888092913788474,0.5390102707749768,0.1993651524449891,-0.0501286897095587,-0.0069759464527213,0.4792592592592593,0.0778991655690595,-0.2021683008575359,0.0513156980499077,-0.0655152115586013,202411016.0,2024-11-10T13:00:00,1,2024,10,DEN,KC,AWAY,14.0,16.0,30.0,Arrowhead Stadium,0.0,14.0,0.0,0.0,0.0,28.0,9.0,26:39,20.0,6.0,10.0,4.0,68.0,319.0,4.7,1.0,30.0,122.0,4.1,0.0,34.0,20.0,197.0,1.0,1.0,5.8,9.8,58.8,72.79,14.0,6.0,42.9,5.0,1.0,20.0,4.0,1.0,0.0,0.0,9.0,71.0,0.0,0.0,4.0,28.0,1.0,4.0,2.0,96.0,48.0,1.0,0.0,-1.0,0.0,10.0,3.0,3.0,0.0,31.0,51.0,33:21,25.0,8.0,12.0,5.0,54.0,396.0,7.3,5.0,34.0,127.0,3.7,2.0,19.0,16.0,269.0,3.0,0.0,14.2,16.8,84.2,158.33,8.0,3.0,37.5,0.0,0.0,0.0,6.0,4.0,0.0,0.0,6.0,53.0,2.0,0.0,1.0,11.0,5.0,5.0,2.0,98.0,49.0,0.0,1.0,1.0,25.0,0.0,66.7,0.0,1.0,1.0,0.0,0.0,0.0,0.0,0.0,1.0,1.0,5.0,5.0,0.0,0.0,0.0,0.0,0.0,2.0,2.0,36.0,29.0,1.0,11.0,1.0,1.0,0.0,43.0,24.0,4.0,28.0,7.0,0.0,0.0,Sunday,993004733,10,16,18798.0,-2.0,0,-1.0,0.429,0.0,-0.1184959706505441,0.3604651162790697,-0.0545345612415157,-0.320013928017579,0.3380568411026582,0.5972222222222222,0.8409964802884741,0.0313487624143817,23.7,21.7,2.0,369.3333333333333,317.0,0.0,0.48,0.6,183.0,161.0,5.0,0.0020640840163996,0.460139726289597,-0.0036317412266381,-0.0232869394666825,-0.0246375858310918,0.4850103600103599,0.0729502386935733,-0.047939243254242,-0.002060403212146,-0.032010249601275,5.7,9.7,0.4,1.6,-20.333333333333314,718.3333333333333,-43.0,591.0,20.0,386.0,-14.0,308.0,3.0,13.0,0.0867452073624478,0.0176616393783705
202411029.0,2024-11-10T16:05:00,1,2024,10,LAC,TEN,HOME,27.0,17.0,44.0,SoFi Stadium,3.0,10.0,7.0,7.0,0.0,25.0,51.0,30:59,13.0,3.0,10.0,0.0,56.0,342.0,6.1,4.0,23.0,96.0,4.2,2.0,27.0,18.0,246.0,2.0,0.0,9.1,13.7,66.7,120.29,14.0,5.0,35.7,1.0,1.0,100.0,3.0,3.0,0.0,0.0,5.0,35.0,0.0,0.0,6.0,36.0,9.0,8.0,7.0,330.0,47.1,0.0,3.0,3.0,7.0,0.0,3.0,7.0,0.0,34.0,9.0,29:01,21.0,6.0,14.0,1.0,76.0,292.0,3.8,1.0,24.0,79.0,3.3,0.0,46.0,26.0,213.0,1.0,3.0,4.6,8.2,56.5,48.55,17.0,6.0,35.3,3.0,2.0,66.7,3.0,1.0,0.0,0.0,4.0,25.0,1.0,0.0,6.0,22.0,11.0,10.0,6.0,318.0,53.0,3.0,0.0,-3.0,100.0,0.0,33.3,0.0,4.0,3.0,0.0,0.0,0.0,0.0,0.0,1.0,0.0,1.0,1.0,0.0,0.0,0.0,0.0,0.0,2.0,1.0,44.0,25.0,6.0,22.0,12.0,1.0,0.0,36.0,20.0,6.0,36.0,4.0,0.0,0.0,Sunday,993004742,29,34,18802.0,10.0,1,3.0,0.357,0.0,-0.0637931982489639,0.3333333333333333,-0.0069049244808782,0.0270560035918606,-0.2663572107038155,0.4270833333333333,-0.3233347956874334,-0.160013048921246,22.7,11.7,11.0,371.6666666666667,328.0,0.667,0.345,0.6,159.0,101.0,5.0,0.0277453924011977,0.4004884004884004,0.0879549583595316,-0.1022786693437956,-0.129751824074852,0.441325121520106,-0.0954600865439231,-0.1509130914487906,-0.0099315230371811,-0.108349394136726,202411029.0,2024-11-10T16:05:00,1,2024,10,TEN,LAC,AWAY,17.0,27.0,44.0,SoFi Stadium,7.0,0.0,3.0,7.0,0.0,38.0,44.0,29:01,24.0,9.0,13.0,2.0,73.0,400.0,5.5,2.0,39.0,167.0,4.3,0.0,33.0,20.0,233.0,2.0,1.0,7.1,11.6,60.6,89.58,16.0,7.0,43.8,1.0,0.0,0.0,5.0,2.0,0.0,0.0,10.0,67.0,3.0,0.0,1.0,7.0,9.0,9.0,5.0,233.0,46.6,1.0,3.0,2.0,3.0,10.0,7.0,7.0,0.0,29.0,9.0,30:59,20.0,7.0,10.0,3.0,65.0,295.0,4.5,2.0,20.0,110.0,5.5,1.0,41.0,29.0,185.0,1.0,2.0,4.5,6.4,70.7,67.63,11.0,3.0,27.3,1.0,1.0,100.0,2.0,2.0,0.0,0.0,8.0,58.0,2.0,1.0,4.0,21.0,4.0,5.0,4.0,169.0,42.2,3.0,1.0,-2.0,40.0,0.0,100.0,0.0,2.0,2.0,0.0,0.0,0.0,0.0,0.0,2.0,2.0,2.0,2.0,0.0,0.0,0.0,0.0,0.0,2.0,1.0,38.0,30.0,4.0,21.0,7.0,1.0,1.0,48.0,25.0,1.0,7.0,4.0,2.0,0.0,Sunday,993004741,34,29,18805.0,-10.0,0,2.0,0.438,0.0,-0.0526737075848718,0.4130434782608695,0.2087695021575593,-0.1979869935430738,-0.0856676246800882,0.4651162790697674,-0.0168656262028274,-0.3667001885852577,14.7,34.3,-19.7,368.3333333333333,303.0,-1.333,0.362,0.4,140.0,213.0,2.0,-0.1750188974066594,0.426371635610766,-0.0250919641851165,-0.3250407876367331,0.0881934951112314,0.5120663418495468,0.0795440610171577,-0.0500117823037149,-0.1025219847305148,0.0038700103475791,30.7,-8.7,0.19999999999999996,1.0,3.3333333333333712,740.0,25.0,631.0,19.0,299.0,-112.0,314.0,3.0,7.0,0.2027642898078571,-0.2179453191860834
202411009.0,2024-11-10T16:25:00,1,2024,10,DAL,PHI,HOME,6.0,34.0,40.0,AT&T Stadium,3.0,3.0,0.0,0.0,0.0,30.0,40.0,25:59,23.0,9.0,13.0,1.0,74.0,378.0,5.1,2.0,21.0,137.0,6.5,0.0,50.0,31.0,241.0,2.0,0.0,4.8,7.8,62.0,87.17,13.0,3.0,23.1,5.0,1.0,20.0,3.0,2.0,0.0,0.0,9.0,55.0,1.0,0.0,3.0,7.0,4.0,7.0,3.0,139.0,46.3,0.0,1.0,1.0,7.0,7.0,14.0,6.0,0.0,29.0,20.0,34:01,17.0,5.0,12.0,0.0,56.0,310.0,5.5,4.0,30.0,100.0,3.3,1.0,24.0,19.0,210.0,3.0,0.0,8.8,11.1,79.2,142.71,13.0,4.0,30.8,2.0,2.0,100.0,3.0,3.0,0.0,0.0,4.0,26.0,3.0,1.0,2.0,12.0,8.0,5.0,5.0,245.0,49.0,1.0,0.0,-1.0,66.7,0.0,100.0,0.0,1.0,1.0,0.0,2.0,1.0,0.0,0.0,2.0,2.0,3.0,3.0,0.0,1.0,0.0,0.0,0.0,0.0,0.0,32.0,26.0,2.0,12.0,3.0,2.0,1.0,42.0,26.0,3.0,7.0,4.0,0.0,0.0,Sunday,993004744,9,26,18797.0,-28.0,0,1.0,0.231,0.0,-0.0388280890305156,0.4361702127659574,-0.0855357939433447,0.1348449821878028,0.0180391959930719,0.4459459459459459,0.276086371471243,-0.1091293201274571,18.0,34.7,-16.7,307.0,423.6666666666667,-2.0,0.265,0.4,171.0,225.0,3.0,-0.0960790204489714,0.4468667109607173,-0.180972325796471,-0.0389982651648355,0.1422843661000297,0.4918792742322154,0.3270784815829536,0.0685780789044999,-0.0163273339359239,0.0953043486890534,202411009.0,2024-11-10T16:25:00,1,2024,10,PHI,DAL,AWAY,34.0,6.0,40.0,AT&T Stadium,7.0,7.0,14.0,6.0,0.0,38.0,12.0,34:01,21.0,9.0,11.0,1.0,73.0,447.0,6.1,4.0,46.0,237.0,5.2,2.0,24.0,18.0,210.0,2.0,0.0,8.8,11.7,75.0,128.82,17.0,9.0,52.9,2.0,0.0,0.0,4.0,3.0,0.0,0.0,8.0,67.0,1.0,1.0,3.0,20.0,3.0,3.0,3.0,146.0,48.7,1.0,3.0,2.0,3.0,3.0,0.0,0.0,0.0,21.0,48.0,25:59,14.0,4.0,9.0,1.0,51.0,215.0,4.2,3.0,18.0,60.0,3.3,2.0,31.0,16.0,155.0,0.0,2.0,5.0,9.7,51.6,39.05,10.0,3.0,30.0,2.0,1.0,50.0,3.0,2.0,0.0,0.0,4.0,17.0,1.0,1.0,2.0,14.0,3.0,6.0,5.0,238.0,47.6,3.0,1.0,-2.0,75.0,0.0,66.7,0.0,1.0,1.0,0.0,4.0,0.0,0.0,0.0,2.0,1.0,1.0,1.0,0.0,4.0,2.0,0.0,0.0,0.0,0.0,26.0,17.0,2.0,14.0,9.0,1.0,1.0,51.0,19.0,3.0,20.0,2.0,0.0,1.0,Sunday,993004743,26,9,18793.0,28.0,1,2.0,0.529,0.0,0.011296953827671,0.431578947368421,0.2029168432953736,-0.207422399776658,-0.0694232684251157,0.417910447761194,-0.1479487116701263,-0.1294665369748448,31.0,14.3,16.7,394.3333333333333,204.66666666666663,1.333,0.384,0.8,199.0,155.0,6.0,0.1515202824737987,0.472278588036356,0.3138199499954845,0.036663435067964,-0.1141042494037087,0.4241630674466495,-0.1856476601749923,-0.1755290470567297,0.0816235641318626,-0.0445514935954926,-33.4,0.0,-0.4,1.2000000000000002,-87.33333333333331,701.3333333333333,219.00000000000006,628.3333333333333,-28.0,370.0,70.0,380.0,-3.0,9.0,-0.2475993029227701,0.25638861550373837
202411001.0,2024-11-10T16:25:00,1,2024,10,ARI,NYJ,HOME,31.0,6.0,37.0,State Farm Stadium,14.0,10.0,7.0,0.0,0.0,28.0,59.0,32:42,18.0,10.0,7.0,1.0,57.0,350.0,6.1,3.0,34.0,213.0,6.3,3.0,20.0,13.0,137.0,0.0,0.0,6.8,10.5,65.0,84.79,13.0,5.0,38.5,1.0,0.0,0.0,3.0,2.0,0.0,0.0,2.0,15.0,2.0,2.0,3.0,17.0,12.0,5.0,4.0,187.0,46.8,2.0,0.0,-2.0,3.0,3.0,0.0,0.0,0.0,31.0,1.0,27:18,16.0,5.0,10.0,1.0,70.0,241.0,3.4,0.0,23.0,69.0,3.0,0.0,41.0,22.0,172.0,0.0,0.0,4.2,7.8,53.7,64.28,14.0,3.0,21.4,4.0,2.0,50.0,1.0,0.0,0.0,0.0,6.0,33.0,1.0,0.0,6.0,45.0,3.0,5.0,4.0,218.0,54.5,0.0,2.0,2.0,66.7,0.0,0.0,0.0,3.0,3.0,0.0,0.0,0.0,0.0,0.0,2.0,2.0,0.0,0.0,0.0,0.0,0.0,0.0,0.0,3.0,3.0,43.0,21.0,6.0,45.0,4.0,1.0,0.0,36.0,27.0,3.0,17.0,3.0,1.0,2.0,Sunday,993004746,1,24,18796.0,25.0,1,-2.0,0.385,0.0,0.0428039614055496,0.5068493150684932,-0.3174178347044611,0.0649663676855484,-0.1788727152641033,0.3186813186813186,-0.2785241992192007,-0.1420883831298469,24.7,17.0,7.7,355.0,337.6666666666667,-0.333,0.403,0.8,207.0,214.0,5.0,0.1159212666411047,0.5191725807338946,0.1289715985332035,-0.0348659241601955,0.042098603931972,0.448107448107448,0.0277571716980125,-0.0674230909830206,0.0471057668901431,0.0476137779609251,202411001.0,2024-11-10T16:25:00,1,2024,10,NYJ,ARI,AWAY,6.0,31.0,37.0,State Farm Stadium,3.0,3.0,0.0,0.0,0.0,26.0,18.0,27:18,17.0,4.0,11.0,2.0,55.0,293.0,5.3,3.0,21.0,100.0,4.8,0.0,32.0,22.0,193.0,3.0,0.0,6.0,8.8,68.8,115.76,12.0,5.0,41.7,1.0,1.0,100.0,3.0,2.0,0.0,0.0,9.0,83.0,2.0,1.0,2.0,18.0,11.0,10.0,5.0,274.0,54.8,1.0,1.0,0.0,14.0,10.0,7.0,0.0,0.0,33.0,42.0,32:42,21.0,10.0,6.0,5.0,75.0,322.0,4.3,1.0,36.0,187.0,5.2,1.0,31.0,11.0,135.0,0.0,0.0,4.4,12.3,35.5,49.8,17.0,6.0,35.3,2.0,2.0,100.0,4.0,1.0,0.0,0.0,7.0,60.0,2.0,1.0,8.0,56.0,4.0,7.0,3.0,154.0,51.3,1.0,1.0,0.0,66.7,0.0,25.0,0.0,3.0,3.0,0.0,0.0,0.0,0.0,0.0,0.0,0.0,1.0,1.0,0.0,0.0,0.0,0.0,0.0,4.0,2.0,46.0,20.0,8.0,56.0,4.0,1.0,1.0,29.0,23.0,2.0,18.0,4.0,1.0,0.0,Sunday,993004745,24,1,18806.0,-25.0,0,0.0,0.417,0.0,0.1170591968089985,0.4520547945205479,0.2602989572009796,-0.2380543709261387,0.0115980637160271,0.4105263157894737,-0.0906735559497822,0.0365536712721223,19.3,25.0,-5.7,317.3333333333333,326.3333333333333,-0.667,0.372,0.2,171.0,183.0,3.0,0.0051590958395934,0.4640182648401826,0.178956689602091,-0.1074844797291757,0.0673915123346068,0.4421073007722558,0.1062999803463242,-7.215276044528439e-05,-0.0144548207889288,0.0518400942261684,13.4,2.0,0.6000000000000001,1.0,37.666666666666686,672.3333333333333,11.333333333333371,664.0,36.0,378.0,31.0,397.0,2.0,8.0,0.11076217080151131,-0.025292908402634803
202411013.0,2024-11-10T20:20:00,1,2024,10,HOU,DET,HOME,23.0,26.0,49.0,NRG Stadium,10.0,13.0,0.0,0.0,0.0,33.0,42.0,32:28,21.0,10.0,6.0,5.0,75.0,322.0,4.3,1.0,36.0,187.0,5.2,1.0,31.0,11.0,135.0,0.0,0.0,4.4,12.3,35.5,49.8,17.0,6.0,35.3,2.0,2.0,100.0,4.0,1.0,0.0,0.0,7.0,60.0,2.0,1.0,8.0,56.0,4.0,7.0,3.0,154.0,51.3,1.0,1.0,0.0,0.0,7.0,6.0,13.0,0.0,26.0,18.0,27:32,17.0,4.0,11.0,2.0,55.0,293.0,5.3,3.0,21.0,100.0,4.8,0.0,32.0,22.0,193.0,3.0,0.0,6.0,8.8,68.8,115.76,12.0,5.0,41.7,1.0,1.0,100.0,3.0,2.0,0.0,0.0,9.0,83.0,2.0,1.0,2.0,18.0,11.0,10.0,5.0,274.0,54.8,1.0,1.0,0.0,25.0,0.0,66.7,0.0,1.0,1.0,0.0,0.0,0.0,0.0,0.0,4.0,2.0,3.0,3.0,0.0,0.0,0.0,0.0,0.0,0.0,0.0,29.0,23.0,2.0,18.0,4.0,1.0,0.0,46.0,20.0,8.0,56.0,4.0,1.0,1.0,Sunday,993004748,13,11,18806.0,-3.0,0,0.0,0.353,0.0,0.0115980637160271,0.4105263157894737,-0.0906735559497822,0.0365536712721223,0.1170591968089985,0.4520547945205479,0.2602989572009796,-0.2380543709261387,19.3,21.7,-2.3,294.0,291.0,1.333,0.323,0.6,201.0,200.0,6.0,0.0112094798067649,0.4473628081889241,-0.0774147970121648,-0.0919124288413507,0.0379767917806874,0.4283319903303786,0.0396001921665536,-0.1219828495131806,0.0242034575063011,-0.0265544327265834,202411013.0,2024-11-10T20:20:00,1,2024,10,DET,HOU,AWAY,26.0,23.0,49.0,NRG Stadium,0.0,7.0,6.0,13.0,0.0,31.0,11.0,27:32,17.0,8.0,8.0,1.0,55.0,261.0,4.7,3.0,32.0,124.0,3.9,1.0,22.0,18.0,137.0,1.0,0.0,6.2,7.6,81.8,107.77,12.0,4.0,33.3,2.0,2.0,100.0,4.0,2.0,0.0,0.0,5.0,51.0,0.0,0.0,1.0,8.0,2.0,1.0,4.0,199.0,49.8,0.0,1.0,1.0,10.0,13.0,0.0,0.0,0.0,28.0,49.0,32:28,20.0,7.0,10.0,3.0,62.0,411.0,6.6,1.0,23.0,138.0,6.0,1.0,39.0,23.0,273.0,0.0,1.0,7.0,11.9,59.0,69.71,12.0,3.0,25.0,3.0,2.0,66.7,4.0,1.0,0.0,0.0,10.0,67.0,3.0,0.0,0.0,0.0,4.0,3.0,2.0,84.0,42.0,1.0,0.0,-1.0,50.0,0.0,25.0,0.0,3.0,3.0,0.0,0.0,0.0,0.0,0.0,1.0,1.0,0.0,0.0,0.0,2.0,1.0,0.0,0.0,3.0,2.0,35.0,19.0,0.0,0.0,3.0,0.0,0.0,30.0,38.0,1.0,8.0,0.0,0.0,0.0,Sunday,993004747,11,13,18794.0,3.0,1,1.0,0.333,0.0,0.1078033171242289,0.5,0.3145720262573669,-0.019158305619688,-0.0558503147427458,0.475,-0.0339315488873464,0.0909363123935505,35.7,19.0,16.7,292.3333333333333,403.3333333333333,1.667,0.356,1.0,258.0,148.0,7.0,0.1109176832094634,0.5174946581196581,0.2405946714233925,-0.0609528494469374,-0.1236236774914626,0.4313596491228069,-0.1149373275009016,-0.067275678590213,0.1931020572976444,-0.1129543010947183,-19.0,14.399999999999999,-0.4,1.6,1.6666666666666856,586.3333333333333,-112.33333333333331,694.3333333333333,-57.0,459.0,52.0,348.0,-1.0,13.0,-0.0997082034026985,0.16160046927215
202411032.0,2024-11-11T20:15:00,1,2024,10,LAR,MIA,HOME,15.0,23.0,38.0,SoFi Stadium,0.0,6.0,0.0,9.0,0.0,32.0,10.0,30:12,22.0,4.0,13.0,5.0,68.0,366.0,5.4,3.0,24.0,68.0,2.8,0.0,44.0,25.0,298.0,2.0,1.0,6.8,11.9,56.8,83.33,13.0,3.0,23.1,0.0,0.0,0.0,3.0,1.0,0.0,0.0,8.0,83.0,3.0,0.0,0.0,0.0,11.0,8.0,7.0,281.0,40.1,1.0,3.0,2.0,7.0,3.0,7.0,6.0,0.0,32.0,53.0,29:48,20.0,4.0,14.0,2.0,74.0,424.0,5.7,3.0,33.0,107.0,3.2,0.0,34.0,21.0,317.0,3.0,3.0,9.3,15.1,61.8,85.05,15.0,4.0,26.7,3.0,2.0,66.7,4.0,1.0,0.0,0.0,12.0,95.0,2.0,0.0,7.0,46.0,7.0,5.0,7.0,330.0,47.1,3.0,1.0,-2.0,33.3,0.0,25.0,0.0,2.0,2.0,0.0,0.0,0.0,0.0,0.0,2.0,2.0,3.0,2.0,1.0,0.0,0.0,0.0,0.0,0.0,0.0,44.0,31.0,7.0,46.0,8.0,0.0,0.0,38.0,29.0,0.0,0.0,8.0,1.0,0.0,Monday,993004750,32,19,18795.0,-8.0,0,2.0,0.231,0.0,-0.0400106518075965,0.4148936170212766,0.2088123765583452,-0.3226501043950702,-0.154509961240682,0.4356435643564356,-0.0746220012770209,-0.4488276002605656,25.3,18.3,7.0,337.0,339.0,1.333,0.277,0.6,170.0,194.0,4.0,-0.0723521487356923,0.4505044451103785,0.1730368217065442,-0.251321127756517,-0.1067847278927587,0.4364648518777334,-0.0805302135533573,-0.2410843751982846,-0.0495957797040991,-0.0513322800561522,202411032.0,2024-11-11T20:15:00,1,2024,10,MIA,LAR,AWAY,23.0,15.0,38.0,SoFi Stadium,7.0,3.0,7.0,6.0,0.0,31.0,53.0,29:48,26.0,10.0,14.0,2.0,60.0,373.0,6.2,3.0,31.0,149.0,4.8,1.0,28.0,25.0,224.0,2.0,0.0,8.0,9.0,89.3,123.81,8.0,4.0,50.0,1.0,1.0,100.0,4.0,3.0,0.0,0.0,8.0,57.0,1.0,1.0,1.0,7.0,3.0,4.0,1.0,37.0,37.0,1.0,1.0,0.0,0.0,6.0,0.0,9.0,0.0,28.0,7.0,30:12,24.0,5.0,15.0,4.0,59.0,325.0,5.5,3.0,19.0,94.0,4.9,0.0,39.0,25.0,231.0,3.0,1.0,5.9,9.2,64.1,95.14,10.0,5.0,50.0,1.0,1.0,100.0,5.0,2.0,0.0,0.0,4.0,40.0,0.0,0.0,1.0,4.0,2.0,5.0,1.0,49.0,49.0,1.0,1.0,0.0,75.0,0.0,40.0,0.0,3.0,3.0,0.0,0.0,0.0,0.0,0.0,2.0,2.0,2.0,1.0,0.0,2.0,1.0,0.0,0.0,3.0,3.0,35.0,20.0,1.0,4.0,2.0,0.0,0.0,43.0,26.0,1.0,7.0,1.0,1.0,1.0,Monday,993004749,19,32,18799.0,8.0,1,0.0,0.5,0.0,0.2123951972169538,0.5769230769230769,0.6818582888850588,-0.0667052940478294,0.2148895112202956,0.5875,0.2752339587859007,-0.0572220557654537,21.3,24.7,-3.3,362.3333333333333,332.6666666666667,-0.333,0.544,0.2,124.0,187.0,2.0,0.0618395591612275,0.5208144796380091,0.2947757807258134,-0.1343986234425011,0.093706054293601,0.501706827309237,0.1864351806304289,-0.1152027831341887,-0.0259473012184181,0.0317232938787802,10.3,3.7,0.39999999999999997,0.8,-25.333333333333314,699.3333333333333,6.333333333333314,671.6666666666667,46.0,294.0,7.0,381.0,2.0,6.0,-0.1341917078969198,-0.20049078218635968
202411126.0,2024-11-14T20:15:00,1,2024,11,PHI,WAS,HOME,26.0,18.0,44.0,Lincoln Financial Field,0.0,3.0,3.0,20.0,0.0,34.0,1.0,33:04,24.0,11.0,9.0,4.0,65.0,348.0,5.4,4.0,38.0,187.0,4.9,2.0,22.0,15.0,161.0,2.0,1.0,7.3,10.7,68.2,100.76,11.0,4.0,36.4,1.0,1.0,100.0,5.0,4.0,0.0,0.0,7.0,49.0,1.0,1.0,5.0,46.0,6.0,5.0,4.0,208.0,52.0,2.0,5.0,3.0,7.0,0.0,3.0,8.0,0.0,25.0,59.0,26:56,11.0,5.0,4.0,2.0,56.0,146.0,2.6,0.0,24.0,97.0,4.0,0.0,29.0,17.0,49.0,0.0,1.0,1.7,2.9,58.6,49.07,14.0,3.0,21.4,2.0,2.0,100.0,2.0,0.0,0.0,0.0,5.0,40.0,4.0,4.0,3.0,17.0,8.0,4.0,6.0,304.0,50.7,5.0,2.0,-3.0,80.0,0.0,0.0,0.0,4.0,4.0,0.0,0.0,0.0,0.0,0.0,2.0,2.0,0.0,0.0,0.0,0.0,0.0,0.0,0.0,2.0,2.0,34.0,19.0,3.0,17.0,7.0,3.0,4.0,43.0,25.0,5.0,46.0,3.0,1.0,1.0,Thursday,993004752,26,35,18810.0,8.0,1,3.0,0.364,0.0,-0.0220568775655282,0.4823529411764706,-0.03664813127389,-0.0219675659492333,-0.4866688933246769,0.44,-0.7451051918480479,-0.5080091070927603,33.0,15.3,17.7,397.3333333333333,213.66666666666663,2.333,0.48,1.0,233.0,161.0,7.0,0.1001730293430515,0.4844685242518059,0.2787972152376003,-0.0326092968001363,-0.1909832820108155,0.4383511016346837,-0.2578875355946878,-0.3071740453347769,0.0840617656676218,-0.1796775564009048,202411126.0,2024-11-14T20:15:00,1,2024,11,WAS,PHI,AWAY,18.0,26.0,44.0,Lincoln Financial Field,7.0,0.0,3.0,8.0,0.0,23.0,49.0,26:56,19.0,9.0,7.0,3.0,59.0,242.0,4.1,3.0,22.0,60.0,2.7,3.0,34.0,17.0,182.0,0.0,0.0,5.4,10.7,50.0,66.05,14.0,5.0,35.7,1.0,0.0,0.0,3.0,3.0,0.0,0.0,5.0,41.0,2.0,1.0,3.0,20.0,6.0,5.0,6.0,330.0,55.0,1.0,2.0,1.0,0.0,3.0,3.0,20.0,0.0,36.0,11.0,33:04,21.0,9.0,9.0,3.0,75.0,312.0,4.2,4.0,43.0,140.0,3.3,1.0,29.0,14.0,172.0,3.0,1.0,5.9,12.3,48.3,87.14,16.0,7.0,43.8,2.0,1.0,50.0,4.0,3.0,0.0,0.0,5.0,49.0,1.0,1.0,3.0,23.0,6.0,9.0,5.0,212.0,42.4,2.0,1.0,-1.0,100.0,0.0,75.0,0.0,3.0,3.0,0.0,0.0,0.0,0.0,0.0,2.0,2.0,4.0,4.0,0.0,0.0,0.0,0.0,0.0,0.0,0.0,38.0,41.0,3.0,23.0,2.0,1.0,1.0,40.0,7.0,3.0,20.0,5.0,0.0,1.0,Thursday,993004751,35,26,18818.0,-8.0,0,1.0,0.357,0.0,0.0286517317903233,0.5432098765432098,-0.1480499958181309,0.0433750549526176,0.056864777916742,0.40625,0.2524063372450958,-0.20329919259093,24.0,21.7,2.3,360.3333333333333,315.0,1.0,0.369,0.6,290.0,217.0,7.0,0.0811022912015039,0.518462296240074,0.2026674897958958,-0.0262918291832825,0.0338739278274537,0.4418427508705286,0.0359057796305443,0.0233320532132647,0.1214912170741583,-0.0045454974412496,15.399999999999999,20.0,0.4,1.6,37.0,757.6666666666666,-101.33333333333337,528.6666666666666,-57.0,523.0,-56.0,378.0,0.0,14.0,0.019070738141547597,-0.22485720983826918
202411128.0,2024-11-17T13:00:00,1,2024,11,PIT,BAL,HOME,18.0,16.0,34.0,Acrisure Stadium,3.0,6.0,6.0,3.0,0.0,36.0,11.0,36:22,21.0,9.0,9.0,3.0,75.0,312.0,4.2,4.0,43.0,140.0,3.3,1.0,29.0,14.0,172.0,3.0,1.0,5.9,12.3,48.3,87.14,16.0,7.0,43.8,2.0,1.0,50.0,4.0,3.0,0.0,0.0,5.0,49.0,1.0,1.0,3.0,23.0,6.0,9.0,5.0,212.0,42.4,2.0,1.0,-1.0,0.0,7.0,3.0,6.0,0.0,23.0,49.0,23:38,19.0,9.0,7.0,3.0,59.0,242.0,4.1,3.0,22.0,60.0,2.7,3.0,34.0,17.0,182.0,0.0,0.0,5.4,10.7,50.0,66.05,14.0,5.0,35.7,1.0,0.0,0.0,3.0,3.0,0.0,0.0,5.0,41.0,2.0,1.0,3.0,20.0,6.0,5.0,6.0,330.0,55.0,1.0,2.0,1.0,75.0,0.0,100.0,0.0,4.0,4.0,0.0,0.0,0.0,0.0,0.0,0.0,0.0,3.0,3.0,0.0,0.0,0.0,0.0,0.0,2.0,2.0,40.0,7.0,3.0,20.0,5.0,0.0,1.0,38.0,41.0,3.0,23.0,2.0,1.0,1.0,Sunday,993004764,28,3,18818.0,2.0,1,-1.0,0.438,0.0,0.056864777916742,0.40625,0.2524063372450958,-0.20329919259093,0.0286517317903233,0.5432098765432098,-0.1480499958181309,0.0433750549526176,30.3,20.0,10.3,382.3333333333333,319.6666666666667,0.667,0.419,0.8,215.0,146.0,7.0,0.0948179344309049,0.452876984126984,0.1989986004482077,-0.0410797258458582,-0.0396004795901266,0.4726641617462873,-0.0783553296035414,0.0182207967482542,0.0799481812618646,-0.0582765763740426,202411128.0,2024-11-17T13:00:00,1,2024,11,BAL,PIT,AWAY,16.0,18.0,34.0,Acrisure Stadium,0.0,7.0,3.0,6.0,0.0,28.0,25.0,23:38,20.0,5.0,14.0,1.0,58.0,389.0,6.7,5.0,25.0,99.0,4.0,1.0,33.0,25.0,290.0,4.0,0.0,8.8,11.6,75.8,141.41,12.0,7.0,58.3,0.0,0.0,0.0,4.0,4.0,0.0,0.0,11.0,81.0,0.0,0.0,0.0,0.0,13.0,3.0,5.0,231.0,46.2,0.0,1.0,1.0,3.0,6.0,6.0,3.0,0.0,31.0,35.0,36:22,27.0,2.0,21.0,4.0,75.0,470.0,6.3,5.0,16.0,49.0,3.1,1.0,56.0,34.0,421.0,4.0,0.0,7.5,12.4,60.7,107.81,16.0,8.0,50.0,4.0,2.0,50.0,3.0,3.0,0.0,0.0,3.0,23.0,3.0,1.0,3.0,7.0,1.0,4.0,3.0,124.0,41.3,1.0,0.0,-1.0,100.0,0.0,100.0,0.0,4.0,3.0,0.0,0.0,0.0,1.0,1.0,0.0,0.0,4.0,4.0,0.0,2.0,0.0,0.0,0.0,0.0,0.0,37.0,20.0,3.0,7.0,7.0,2.0,1.0,33.0,23.0,0.0,0.0,4.0,0.0,0.0,Sunday,993004763,3,28,18820.0,-2.0,0,1.0,0.583,0.0,0.2060047492633469,0.5185185185185185,0.4825887450454338,-0.0804853696222923,0.1676150402622859,0.5208333333333334,0.303904578066565,-0.3305784791700716,33.3,24.3,9.0,390.6666666666667,396.6666666666667,1.0,0.386,0.8,318.0,253.0,7.0,0.1992523048116819,0.5347923681257014,0.5315798978608637,-0.0664145327615065,0.0558878730543539,0.4663151694786442,0.1731423541272014,-0.2736803189231712,0.2152291268463061,0.0799721052647922,1.3000000000000007,19.3,0.0,1.6,-8.333333333333371,773.0,-77.0,716.3333333333334,-103.0,533.0,-107.0,399.0,0.0,14.0,-0.104434370380777,-0.0954883526444805
202411122.0,2024-11-17T13:00:00,1,2024,11,NO,CLE,HOME,35.0,14.0,49.0,Caesars Superdome,7.0,7.0,0.0,21.0,0.0,24.0,53.0,30:38,14.0,5.0,8.0,1.0,52.0,365.0,7.0,2.0,27.0,96.0,3.6,0.0,25.0,16.0,269.0,2.0,0.0,10.8,16.8,64.0,126.92,13.0,5.0,38.5,1.0,0.0,0.0,3.0,1.0,0.0,0.0,8.0,76.0,1.0,0.0,0.0,0.0,9.0,6.0,5.0,224.0,44.8,0.0,1.0,1.0,6.0,0.0,8.0,0.0,0.0,35.0,7.0,29:22,25.0,9.0,12.0,4.0,73.0,468.0,6.4,2.0,32.0,181.0,5.7,2.0,38.0,23.0,287.0,0.0,1.0,7.6,12.5,60.5,73.03,14.0,5.0,35.7,2.0,1.0,50.0,3.0,1.0,0.0,0.0,6.0,45.0,2.0,0.0,3.0,19.0,1.0,2.0,3.0,144.0,48.0,1.0,0.0,-1.0,33.3,0.0,33.3,0.0,2.0,2.0,0.0,0.0,0.0,0.0,0.0,2.0,2.0,2.0,2.0,0.0,0.0,0.0,0.0,0.0,4.0,1.0,42.0,31.0,3.0,19.0,9.0,2.0,0.0,26.0,28.0,0.0,0.0,1.0,0.0,0.0,Sunday,993004768,22,8,18816.0,21.0,1,1.0,0.385,0.0,-0.0167046521024745,0.4142857142857143,0.224000216093141,-0.2853169621026609,-0.0365464487385098,0.5319148936170213,0.03448335316583,0.1721267729401862,16.7,22.0,-5.3,386.0,364.0,0.667,0.281,0.2,227.0,246.0,3.0,-0.0525694562732385,0.4093766001024066,0.0255208693652315,-0.1072480669655349,0.0119691810822656,0.4498289976264204,0.0984250122182153,-0.0310664624749068,-0.1402739456491683,0.0345872253126368,202411122.0,2024-11-17T13:00:00,1,2024,11,CLE,NO,AWAY,14.0,35.0,49.0,Caesars Superdome,6.0,0.0,8.0,0.0,0.0,34.0,9.0,29:22,21.0,6.0,14.0,1.0,76.0,292.0,3.8,1.0,24.0,79.0,3.3,0.0,46.0,26.0,213.0,1.0,3.0,4.6,8.2,56.5,48.55,17.0,6.0,35.3,3.0,2.0,66.7,3.0,1.0,0.0,0.0,4.0,25.0,1.0,0.0,6.0,22.0,11.0,10.0,6.0,318.0,53.0,3.0,0.0,-3.0,7.0,7.0,0.0,21.0,0.0,25.0,51.0,30:38,13.0,3.0,10.0,0.0,56.0,342.0,6.1,4.0,23.0,96.0,4.2,2.0,27.0,18.0,246.0,2.0,0.0,9.1,13.7,66.7,120.29,14.0,5.0,35.7,1.0,1.0,100.0,3.0,3.0,0.0,0.0,5.0,35.0,0.0,0.0,6.0,36.0,9.0,8.0,7.0,330.0,47.1,0.0,3.0,3.0,33.3,0.0,100.0,0.0,1.0,1.0,0.0,0.0,0.0,0.0,0.0,2.0,1.0,4.0,3.0,0.0,0.0,0.0,0.0,0.0,1.0,0.0,36.0,20.0,6.0,36.0,4.0,0.0,0.0,44.0,25.0,6.0,22.0,12.0,1.0,0.0,Sunday,993004767,8,22,18802.0,-21.0,0,-3.0,0.353,0.0,-0.2663572107038155,0.4270833333333333,-0.3233347956874334,-0.160013048921246,-0.0637931982489639,0.3333333333333333,-0.0069049244808782,0.0270560035918606,17.7,24.0,-6.3,343.0,317.3333333333333,-2.0,0.436,0.2,148.0,213.0,2.0,-0.1117176404158877,0.4339577497665732,-0.0785649169719239,-0.1329610521998533,-0.0376743965280403,0.3972775702227757,0.0759402470778365,-0.161606183942424,-0.1189993121267758,-0.0154146417247161,1.0,-11.6,0.0,0.4,43.0,729.0,46.666666666666686,681.3333333333333,79.0,375.0,33.0,459.0,1.0,5.0,0.059148184142649204,0.0496435776103059
202411106.0,2024-11-17T13:00:00,1,2024,11,CHI,GB,HOME,19.0,20.0,39.0,Soldier Field,3.0,7.0,9.0,0.0,0.0,27.0,32.0,36:21,11.0,4.0,6.0,1.0,59.0,142.0,2.4,0.0,20.0,73.0,3.6,0.0,30.0,16.0,69.0,0.0,0.0,2.3,4.3,53.3,59.03,14.0,1.0,7.1,4.0,2.0,50.0,1.0,0.0,0.0,0.0,5.0,25.0,0.0,0.0,9.0,51.0,7.0,0.0,8.0,335.0,41.9,0.0,1.0,1.0,7.0,0.0,7.0,6.0,0.0,32.0,28.0,23:39,16.0,7.0,9.0,0.0,61.0,328.0,5.4,1.0,35.0,144.0,4.1,0.0,25.0,15.0,184.0,1.0,1.0,7.4,12.3,60.0,79.42,14.0,5.0,35.7,1.0,1.0,100.0,5.0,1.0,0.0,0.0,7.0,40.0,2.0,0.0,1.0,0.0,13.0,13.0,5.0,285.0,57.0,1.0,0.0,-1.0,0.0,0.0,20.0,0.0,0.0,0.0,0.0,0.0,0.0,0.0,0.0,1.0,1.0,1.0,1.0,0.0,0.0,0.0,0.0,0.0,4.0,4.0,39.0,28.0,1.0,0.0,4.0,0.0,0.0,38.0,12.0,9.0,51.0,5.0,0.0,0.0,Sunday,993004756,6,12,18812.0,-1.0,0,1.0,0.071,0.0,-0.2970076327932475,0.35,-0.4341983530733815,-0.2312363524397369,-0.0363305588381502,0.4871794871794871,-0.0878054658960787,0.0260806287724812,9.0,22.0,-13.0,230.0,386.3333333333333,0.667,0.151,0.4,175.0,167.0,4.0,-0.1854985794261561,0.3669266947044724,-0.2919362178326277,-0.1206430902908542,0.0002681852408279,0.4705370732767993,-0.0629281356619543,-0.0545741182358144,-0.0296177824324237,-0.0363260894062326,202411106.0,2024-11-17T13:00:00,1,2024,11,GB,CHI,AWAY,20.0,19.0,39.0,Soldier Field,7.0,0.0,7.0,6.0,0.0,28.0,49.0,23:39,20.0,7.0,10.0,3.0,62.0,411.0,6.6,1.0,23.0,138.0,6.0,1.0,39.0,23.0,273.0,0.0,1.0,7.0,11.9,59.0,69.71,12.0,3.0,25.0,3.0,2.0,66.7,4.0,1.0,0.0,0.0,10.0,67.0,3.0,0.0,0.0,0.0,4.0,3.0,2.0,84.0,42.0,1.0,0.0,-1.0,3.0,7.0,9.0,0.0,0.0,31.0,11.0,36:21,17.0,8.0,8.0,1.0,55.0,261.0,4.7,3.0,32.0,124.0,3.9,1.0,22.0,18.0,137.0,1.0,0.0,6.2,7.6,81.8,107.77,12.0,4.0,33.3,2.0,2.0,100.0,4.0,2.0,0.0,0.0,5.0,51.0,0.0,0.0,1.0,8.0,2.0,1.0,4.0,199.0,49.8,0.0,1.0,1.0,25.0,0.0,50.0,0.0,0.0,0.0,0.0,2.0,1.0,0.0,0.0,3.0,2.0,3.0,3.0,0.0,0.0,0.0,0.0,0.0,1.0,1.0,30.0,38.0,1.0,8.0,0.0,0.0,0.0,35.0,19.0,0.0,0.0,3.0,0.0,0.0,Sunday,993004754,12,6,18794.0,1.0,1,-1.0,0.25,0.0,-0.0558503147427458,0.475,-0.0339315488873464,0.0909363123935505,0.1078033171242289,0.5,0.3145720262573669,-0.019158305619688,22.7,24.3,-1.7,370.0,282.6666666666667,-1.0,0.308,0.8,230.0,194.0,6.0,0.0352974802601441,0.4812962962962963,0.1214160102804292,-0.0346463540356187,0.0700567280121777,0.4958353882404515,0.0388805783488903,-0.0173828890881724,0.0539890443592902,0.0010798346534256,-11.3,-14.7,-0.4,1.2000000000000002,-140.0,600.0,103.66666666666663,669.0,-55.0,405.0,-27.0,361.0,-2.0,10.0,-0.2207960596863002,-0.0697885427713498
202411134.0,2024-11-17T13:00:00,1,2024,11,TEN,MIN,HOME,13.0,23.0,36.0,Nissan Stadium,3.0,0.0,7.0,3.0,0.0,29.0,1.0,27:29,19.0,8.0,10.0,1.0,51.0,289.0,5.7,2.0,21.0,132.0,6.3,0.0,23.0,18.0,157.0,2.0,0.0,6.8,8.7,78.3,124.09,9.0,3.0,33.3,0.0,0.0,0.0,3.0,1.0,0.0,0.0,9.0,68.0,1.0,0.0,7.0,18.0,2.0,4.0,4.0,214.0,53.5,0.0,0.0,0.0,7.0,9.0,7.0,0.0,0.0,30.0,59.0,32:31,23.0,11.0,8.0,4.0,57.0,309.0,5.4,3.0,39.0,145.0,3.7,2.0,18.0,14.0,164.0,1.0,0.0,9.1,11.7,77.8,123.15,10.0,4.0,40.0,1.0,1.0,100.0,5.0,3.0,0.0,0.0,5.0,30.0,0.0,0.0,0.0,0.0,9.0,8.0,3.0,116.0,38.7,0.0,0.0,0.0,33.3,0.0,60.0,0.0,2.0,2.0,0.0,0.0,0.0,0.0,0.0,2.0,1.0,3.0,3.0,0.0,0.0,0.0,0.0,0.0,2.0,2.0,40.0,23.0,0.0,0.0,3.0,0.0,0.0,38.0,17.0,7.0,18.0,1.0,1.0,0.0,Sunday,993004766,34,20,18811.0,-10.0,0,0.0,0.333,0.0,0.0406660154978398,0.5,0.0624728989842449,0.171693075969345,0.193143271502455,0.5277777777777778,0.4399755280365609,0.0687705082382308,17.0,32.0,-15.0,368.3333333333333,276.3333333333333,-0.667,0.348,0.2,157.0,240.0,2.0,-0.1116738952913794,0.4501811594202898,-0.0078118475011199,-0.0948179235119181,0.0965513840850619,0.5236730189491817,0.1053038858099938,-0.0220632284071476,-0.1027909673223751,0.0962647901787339,202411134.0,2024-11-17T13:00:00,1,2024,11,MIN,TEN,AWAY,23.0,13.0,36.0,Nissan Stadium,7.0,9.0,7.0,0.0,0.0,42.0,19.0,32:31,28.0,10.0,15.0,3.0,82.0,402.0,4.9,0.0,43.0,169.0,3.9,0.0,38.0,24.0,233.0,0.0,3.0,6.1,9.7,63.2,47.37,14.0,5.0,35.7,1.0,1.0,100.0,5.0,0.0,0.0,0.0,6.0,40.0,0.0,0.0,1.0,8.0,4.0,8.0,2.0,72.0,36.0,3.0,3.0,0.0,3.0,0.0,7.0,3.0,0.0,17.0,41.0,27:29,10.0,4.0,5.0,1.0,43.0,143.0,3.3,1.0,18.0,56.0,3.1,1.0,22.0,14.0,87.0,0.0,2.0,4.0,6.2,63.6,33.71,11.0,5.0,45.5,0.0,0.0,0.0,1.0,1.0,0.0,0.0,3.0,25.0,1.0,1.0,3.0,24.0,3.0,4.0,5.0,274.0,54.8,3.0,3.0,0.0,0.0,0.0,100.0,0.0,0.0,0.0,0.0,0.0,0.0,0.0,0.0,4.0,4.0,1.0,1.0,0.0,0.0,0.0,0.0,0.0,0.0,0.0,24.0,17.0,3.0,24.0,2.0,0.0,1.0,53.0,33.0,1.0,8.0,6.0,0.0,0.0,Sunday,993004765,20,34,18814.0,10.0,1,0.0,0.357,0.0,-0.0092909325048634,0.4639175257731959,0.0093784565015884,-0.0123755240083709,-0.1904815425188712,0.4181818181818181,-0.2591305225630224,-0.4143006024314672,17.7,16.7,1.0,364.3333333333333,252.0,0.0,0.381,0.6,221.0,157.0,7.0,-0.0164497441986836,0.4912907589681392,0.080135883490108,-0.069974783748762,-0.1070710187306797,0.4364953886693017,-0.0088638700452235,-0.3131627203360875,-0.0224426731010895,-0.0880687282607909,-16.0,-14.0,-0.39999999999999997,0.8,4.0,732.6666666666666,24.333333333333314,528.3333333333333,-64.0,378.0,83.0,397.0,-5.0,9.0,-0.0952241510926958,0.20362240281574162
202411124.0,2024-11-17T13:00:00,1,2024,11,NYJ,IND,HOME,27.0,28.0,55.0,MetLife Stadium,0.0,7.0,10.0,10.0,0.0,27.0,18.0,25:43,17.0,5.0,10.0,2.0,55.0,207.0,3.8,0.0,17.0,79.0,4.6,0.0,35.0,22.0,128.0,0.0,0.0,3.7,5.8,62.9,69.7,13.0,6.0,46.2,3.0,1.0,33.3,3.0,0.0,0.0,0.0,3.0,25.0,1.0,1.0,3.0,23.0,2.0,3.0,2.0,93.0,46.5,1.0,0.0,-1.0,3.0,10.0,3.0,12.0,0.0,32.0,42.0,34:17,28.0,11.0,15.0,2.0,57.0,406.0,7.1,4.0,32.0,147.0,4.6,3.0,24.0,22.0,259.0,1.0,0.0,10.8,11.8,91.7,125.52,7.0,5.0,71.4,1.0,1.0,100.0,5.0,4.0,0.0,0.0,5.0,58.0,1.0,0.0,1.0,7.0,5.0,5.0,1.0,40.0,40.0,0.0,1.0,1.0,0.0,0.0,80.0,0.0,0.0,0.0,0.0,0.0,0.0,0.0,0.0,2.0,2.0,4.0,4.0,0.0,0.0,0.0,0.0,0.0,1.0,1.0,30.0,42.0,1.0,7.0,0.0,1.0,0.0,33.0,17.0,3.0,23.0,6.0,1.0,1.0,Sunday,993004758,24,14,18809.0,-1.0,0,-1.0,0.462,0.0,-0.0490323229768203,0.5147058823529411,-0.2044720623444599,0.1320490866920034,0.3159036966040904,0.6056338028169014,0.7320129482419135,0.0974475423741575,16.3,23.0,-6.7,278.6666666666667,325.3333333333333,-0.333,0.426,0.2,177.0,214.0,3.0,0.0288079143928592,0.4889202256244964,0.1101105449227244,-0.0163282133059173,0.1139217703745831,0.4931915842509055,0.2547730951700548,0.0132363024856015,0.0081190770523586,0.1291923153399587,202411124.0,2024-11-17T13:00:00,1,2024,11,IND,NYJ,AWAY,28.0,27.0,55.0,MetLife Stadium,3.0,10.0,3.0,12.0,0.0,27.0,52.0,34:17,19.0,4.0,14.0,1.0,61.0,361.0,5.9,2.0,22.0,121.0,5.5,0.0,35.0,26.0,240.0,2.0,3.0,6.9,9.2,74.3,75.89,11.0,4.0,36.4,3.0,2.0,66.7,4.0,2.0,0.0,0.0,5.0,25.0,2.0,1.0,4.0,32.0,5.0,2.0,2.0,108.0,54.0,4.0,2.0,-2.0,0.0,7.0,10.0,10.0,0.0,32.0,8.0,25:43,21.0,9.0,11.0,1.0,70.0,415.0,5.9,3.0,31.0,135.0,4.4,2.0,37.0,22.0,280.0,0.0,2.0,7.6,12.7,59.5,60.64,14.0,7.0,50.0,3.0,2.0,66.7,4.0,2.0,0.0,0.0,8.0,54.0,1.0,0.0,2.0,0.0,6.0,6.0,2.0,109.0,54.5,2.0,4.0,2.0,50.0,0.0,50.0,0.0,2.0,2.0,0.0,0.0,0.0,0.0,0.0,2.0,2.0,3.0,3.0,0.0,0.0,0.0,0.0,0.0,3.0,3.0,41.0,33.0,2.0,0.0,5.0,1.0,0.0,43.0,22.0,4.0,32.0,5.0,2.0,1.0,Sunday,993004757,14,24,18813.0,1.0,1,-2.0,0.364,0.0,-0.1648365959254365,0.475,-0.2821678233689957,-0.1307206294838,0.0155633247742441,0.4835164835164835,-0.1218894968529701,0.1836760971171315,17.7,24.7,-7.0,297.0,397.6666666666667,-0.667,0.263,0.4,208.0,223.0,4.0,-0.1589965299325502,0.4064151747655584,-0.2600625972465293,-0.1510293267879931,-0.0453582506834153,0.4839043309631545,-0.0152781759173252,-0.0539144964028511,-0.1219104522352651,-0.0783184624487507,0.2999999999999998,-13.7,-0.2,0.6000000000000001,-18.333333333333314,575.6666666666667,-72.33333333333337,723.0,-31.0,385.0,-9.0,437.0,-1.0,7.0,0.1878044443254094,0.1592800210579984
202411121.0,2024-11-17T13:00:00,1,2024,11,NE,LAR,HOME,22.0,28.0,50.0,Gillette Stadium,7.0,3.0,3.0,9.0,0.0,32.0,28.0,37:20,16.0,7.0,9.0,0.0,61.0,328.0,5.4,1.0,35.0,144.0,4.1,0.0,25.0,15.0,184.0,1.0,1.0,7.4,12.3,60.0,79.42,14.0,5.0,35.7,1.0,1.0,100.0,5.0,1.0,0.0,0.0,7.0,40.0,2.0,0.0,1.0,0.0,13.0,13.0,5.0,285.0,57.0,1.0,0.0,-1.0,0.0,14.0,14.0,0.0,0.0,27.0,32.0,22:40,11.0,4.0,6.0,1.0,59.0,142.0,2.4,0.0,20.0,73.0,3.6,0.0,30.0,16.0,69.0,0.0,0.0,2.3,4.3,53.3,59.03,14.0,1.0,7.1,4.0,2.0,50.0,1.0,0.0,0.0,0.0,5.0,25.0,0.0,0.0,9.0,51.0,7.0,0.0,8.0,335.0,41.9,0.0,1.0,1.0,20.0,0.0,0.0,0.0,1.0,1.0,0.0,0.0,0.0,0.0,0.0,4.0,4.0,0.0,0.0,0.0,0.0,0.0,0.0,0.0,1.0,1.0,38.0,12.0,9.0,51.0,5.0,0.0,0.0,39.0,28.0,1.0,0.0,4.0,0.0,0.0,Sunday,993004760,21,32,18812.0,-6.0,0,-1.0,0.357,0.0,-0.0363305588381502,0.4871794871794871,-0.0878054658960787,0.0260806287724812,-0.2970076327932475,0.35,-0.4341983530733815,-0.2312363524397369,20.3,15.0,5.3,290.3333333333333,292.6666666666667,-1.0,0.366,0.4,160.0,220.0,3.0,-0.0359115442382021,0.471903466798532,0.0061029337063756,-0.1449706220007505,-0.1104281570105732,0.4210144927536232,0.0163586296652771,-0.1240675672221424,-0.0697378642460163,0.0024565466327027,202411121.0,2024-11-17T13:00:00,1,2024,11,LAR,NE,AWAY,28.0,22.0,50.0,Gillette Stadium,0.0,14.0,14.0,0.0,0.0,30.0,12.0,22:40,20.0,4.0,16.0,0.0,68.0,327.0,4.8,0.0,18.0,70.0,3.9,0.0,46.0,32.0,257.0,0.0,1.0,5.6,8.0,69.6,74.28,12.0,3.0,25.0,0.0,0.0,0.0,3.0,0.0,0.0,0.0,6.0,64.0,3.0,1.0,4.0,36.0,4.0,10.0,3.0,148.0,49.3,2.0,2.0,0.0,7.0,3.0,3.0,9.0,0.0,29.0,48.0,37:20,15.0,3.0,11.0,1.0,53.0,238.0,4.5,2.0,22.0,67.0,3.0,1.0,28.0,20.0,171.0,1.0,1.0,6.1,8.6,71.4,84.08,13.0,6.0,46.2,0.0,0.0,0.0,3.0,2.0,0.0,0.0,1.0,15.0,1.0,1.0,3.0,36.0,6.0,7.0,3.0,134.0,44.7,2.0,2.0,0.0,0.0,0.0,66.7,0.0,0.0,0.0,0.0,0.0,0.0,0.0,0.0,6.0,5.0,2.0,2.0,0.0,0.0,0.0,0.0,0.0,3.0,3.0,39.0,15.0,3.0,36.0,4.0,1.0,1.0,39.0,30.0,4.0,36.0,6.0,2.0,1.0,Sunday,993004759,32,21,18807.0,6.0,1,0.0,0.25,0.0,-0.1989244587676621,0.4827586206896552,-0.1521462349509164,-0.5016468791669467,-0.0658517836648102,0.4477611940298507,-0.0493952083597312,-0.2259566321625329,23.7,21.0,2.7,359.6666666666667,312.6666666666667,0.333,0.294,0.6,185.0,217.0,4.0,-0.0303111387173413,0.4658840792369772,0.1956558103104656,-0.322363848703959,-0.0422784009486185,0.4585708168979929,0.0574967619745624,-0.2800497670493919,-0.0980339070494741,-0.0759180516836927,2.5999999999999996,8.0,-0.19999999999999996,1.0,-69.33333333333337,650.0,-20.0,605.3333333333334,-25.0,345.0,3.0,437.0,-1.0,7.0,-0.005600405520860802,-0.0681497560619547
202411111.0,2024-11-17T13:00:00,1,2024,11,DET,JAX,HOME,52.0,6.0,58.0,Ford Field,7.0,21.0,14.0,10.0,0.0,27.0,32.0,39:06,19.0,7.0,11.0,1.0,62.0,345.0,5.6,3.0,32.0,105.0,3.3,1.0,30.0,15.0,240.0,2.0,5.0,8.0,16.0,50.0,59.72,12.0,7.0,58.3,0.0,0.0,0.0,3.0,2.0,0.0,0.0,4.0,61.0,1.0,0.0,0.0,0.0,7.0,9.0,4.0,188.0,47.0,5.0,2.0,-3.0,3.0,3.0,0.0,0.0,0.0,32.0,28.0,20:54,16.0,3.0,12.0,1.0,65.0,248.0,3.8,2.0,28.0,56.0,2.0,1.0,33.0,19.0,192.0,1.0,2.0,5.8,10.1,57.6,59.15,15.0,6.0,40.0,0.0,0.0,0.0,4.0,2.0,0.0,0.0,4.0,30.0,1.0,0.0,4.0,40.0,5.0,3.0,5.0,275.0,55.0,2.0,5.0,3.0,66.7,0.0,50.0,0.0,2.0,2.0,0.0,1.0,0.0,0.0,0.0,2.0,2.0,2.0,2.0,0.0,0.0,0.0,0.0,0.0,4.0,3.0,48.0,18.0,4.0,40.0,7.0,1.0,0.0,33.0,29.0,0.0,0.0,9.0,1.0,0.0,Sunday,993004755,11,15,18808.0,46.0,1,-3.0,0.583,0.0,-0.0784692124587487,0.4444444444444444,-0.0445737329299759,-0.1899955626550361,-0.1243123922280375,0.4186046511627907,-0.0665093539809022,-0.3845318534258212,34.0,17.0,17.0,277.0,358.3333333333333,0.667,0.417,1.0,284.0,171.0,8.0,0.0705042033660998,0.5075231481481481,0.0542666829745462,0.0075287089502866,-0.1677255669192965,0.4437015503875969,-0.1317062821711375,-0.1839184646647654,0.1110508652365966,-0.1539354020466954,202411111.0,2024-11-17T13:00:00,1,2024,11,JAX,DET,AWAY,6.0,52.0,58.0,Ford Field,3.0,3.0,0.0,0.0,0.0,17.0,41.0,20:54,10.0,4.0,5.0,1.0,43.0,143.0,3.3,1.0,18.0,56.0,3.1,1.0,22.0,14.0,87.0,0.0,2.0,4.0,6.2,63.6,33.71,11.0,5.0,45.5,0.0,0.0,0.0,1.0,1.0,0.0,0.0,3.0,25.0,1.0,1.0,3.0,24.0,3.0,4.0,5.0,274.0,54.8,3.0,3.0,0.0,7.0,21.0,14.0,10.0,0.0,42.0,19.0,39:06,28.0,10.0,15.0,3.0,82.0,402.0,4.9,0.0,43.0,169.0,3.9,0.0,38.0,24.0,233.0,0.0,3.0,6.1,9.7,63.2,47.37,14.0,5.0,35.7,1.0,1.0,100.0,5.0,0.0,0.0,0.0,6.0,40.0,0.0,0.0,1.0,8.0,4.0,8.0,2.0,72.0,36.0,3.0,3.0,0.0,100.0,0.0,0.0,0.0,1.0,1.0,0.0,0.0,0.0,0.0,0.0,0.0,0.0,0.0,0.0,0.0,0.0,0.0,0.0,0.0,4.0,4.0,53.0,33.0,1.0,8.0,6.0,0.0,0.0,24.0,17.0,3.0,24.0,2.0,0.0,1.0,Sunday,993004753,15,11,18814.0,-46.0,0,0.0,0.455,0.0,-0.1904815425188712,0.4181818181818181,-0.2591305225630224,-0.4143006024314672,-0.0092909325048634,0.4639175257731959,0.0093784565015884,-0.0123755240083709,19.0,23.3,-4.3,249.33333333333337,423.6666666666667,-1.0,0.289,0.2,202.0,264.0,2.0,-0.0658738514698722,0.4475285908121728,-0.1073018065548113,-0.1925674570226046,0.0444859375123699,0.4614617873435019,0.1839052229176462,-0.0755844918417588,0.0087703010189173,0.0768523723191048,21.3,12.7,0.8,1.2,27.66666666666663,526.3333333333334,-65.33333333333337,782.0,82.0,486.0,-93.0,435.0,6.0,10.0,0.13637805483597198,-0.2122115044316664
202411119.0,2024-11-17T13:00:00,1,2024,11,MIA,LV,HOME,34.0,19.0,53.0,Hard Rock Stadium,7.0,3.0,7.0,17.0,0.0,29.0,48.0,33:12,15.0,3.0,11.0,1.0,53.0,238.0,4.5,2.0,22.0,67.0,3.0,1.0,28.0,20.0,171.0,1.0,1.0,6.1,8.6,71.4,84.08,13.0,6.0,46.2,0.0,0.0,0.0,3.0,2.0,0.0,0.0,1.0,15.0,1.0,1.0,3.0,36.0,6.0,7.0,3.0,134.0,44.7,2.0,2.0,0.0,3.0,3.0,6.0,7.0,0.0,30.0,12.0,26:48,20.0,4.0,16.0,0.0,68.0,327.0,4.8,0.0,18.0,70.0,3.9,0.0,46.0,32.0,257.0,0.0,1.0,5.6,8.0,69.6,74.28,12.0,3.0,25.0,0.0,0.0,0.0,3.0,0.0,0.0,0.0,6.0,64.0,3.0,1.0,4.0,36.0,4.0,10.0,3.0,148.0,49.3,2.0,2.0,0.0,66.7,0.0,0.0,0.0,2.0,2.0,0.0,0.0,0.0,0.0,0.0,3.0,3.0,0.0,0.0,0.0,0.0,0.0,0.0,0.0,6.0,5.0,39.0,30.0,4.0,36.0,6.0,2.0,1.0,39.0,15.0,3.0,36.0,4.0,1.0,1.0,Sunday,993004762,19,25,18807.0,15.0,1,0.0,0.462,0.0,-0.0658517836648102,0.4477611940298507,-0.0493952083597312,-0.2259566321625329,-0.1989244587676621,0.4827586206896552,-0.1521462349509164,-0.5016468791669467,25.7,24.3,1.3,329.3333333333333,347.0,0.0,0.565,0.4,147.0,202.0,3.0,0.1152067647075475,0.5210486031381554,0.2881952511757457,-0.0709206149904119,0.0794521898497787,0.5334597008724554,0.1877194793214709,-0.207193935158042,0.0146484675792836,-0.0164637835661804,202411119.0,2024-11-17T13:00:00,1,2024,11,LV,MIA,AWAY,19.0,34.0,53.0,Hard Rock Stadium,3.0,3.0,6.0,7.0,0.0,24.0,46.0,26:48,16.0,4.0,10.0,2.0,59.0,217.0,3.7,3.0,21.0,60.0,2.9,1.0,33.0,21.0,157.0,1.0,0.0,4.8,7.5,63.6,85.04,13.0,5.0,38.5,1.0,0.0,0.0,1.0,1.0,0.0,0.0,6.0,51.0,2.0,2.0,5.0,41.0,7.0,2.0,5.0,280.0,56.0,2.0,1.0,-1.0,7.0,3.0,7.0,17.0,0.0,35.0,14.0,33:12,26.0,5.0,18.0,3.0,71.0,373.0,5.3,5.0,31.0,130.0,4.2,0.0,39.0,27.0,243.0,5.0,1.0,6.2,9.0,69.2,114.64,15.0,8.0,53.3,1.0,1.0,100.0,5.0,4.0,0.0,0.0,7.0,60.0,0.0,0.0,1.0,8.0,13.0,7.0,3.0,175.0,58.3,1.0,2.0,1.0,100.0,0.0,80.0,0.0,3.0,3.0,0.0,0.0,0.0,0.0,0.0,1.0,1.0,5.0,5.0,0.0,0.0,0.0,0.0,0.0,2.0,2.0,38.0,37.0,1.0,8.0,7.0,0.0,0.0,35.0,24.0,5.0,41.0,4.0,1.0,2.0,Sunday,993004761,25,19,18801.0,-15.0,0,-1.0,0.385,0.0,-0.0993764857936342,0.4698795180722891,-0.1318090428646494,-0.3580058143275317,0.1136328431589087,0.5652173913043478,0.1879039300602112,-0.0553417243489613,19.7,29.3,-9.7,254.0,322.0,-1.333,0.349,0.0,168.0,251.0,2.0,-0.1335683366117993,0.450440939013787,-0.1411257027479283,-0.3345707245427253,-0.0464013640796674,0.5104162914400298,0.0826911833918979,-0.1610890207231032,-0.1687386694796944,-0.0046834693573169,11.0,-8.399999999999999,0.4,0.4,75.33333333333331,583.3333333333333,25.0,669.0,-21.0,315.0,-49.0,453.0,1.0,5.0,0.24877510131934677,0.12585355392944608
202411131.0,2024-11-17T16:05:00,1,2024,11,SF,SEA,HOME,17.0,20.0,37.0,Levi's Stadium,7.0,0.0,3.0,7.0,0.0,31.0,48.0,33:25,24.0,3.0,17.0,4.0,61.0,413.0,6.8,2.0,22.0,75.0,3.4,0.0,36.0,25.0,338.0,2.0,0.0,9.4,13.5,69.4,117.59,11.0,5.0,45.5,0.0,0.0,0.0,3.0,1.0,0.0,0.0,6.0,49.0,2.0,1.0,3.0,15.0,2.0,5.0,1.0,35.0,35.0,1.0,0.0,-1.0,3.0,3.0,7.0,7.0,0.0,28.0,12.0,26:35,18.0,6.0,8.0,4.0,58.0,215.0,3.7,2.0,27.0,110.0,4.1,1.0,29.0,18.0,105.0,1.0,0.0,3.6,5.8,62.1,80.39,14.0,5.0,35.7,1.0,1.0,100.0,4.0,2.0,0.0,0.0,5.0,42.0,2.0,0.0,2.0,11.0,7.0,4.0,6.0,273.0,45.5,0.0,1.0,1.0,33.3,0.0,50.0,0.0,2.0,2.0,0.0,0.0,0.0,0.0,0.0,6.0,3.0,2.0,2.0,0.0,0.0,0.0,0.0,0.0,2.0,2.0,34.0,21.0,2.0,11.0,5.0,0.0,0.0,38.0,26.0,3.0,15.0,3.0,1.0,1.0,Sunday,993004772,31,30,18817.0,-3.0,0,-1.0,0.455,0.0,0.1325722514029754,0.575,0.4894954539766212,-0.2144112687318637,0.0592259611947246,0.5,0.0068206062131083,-0.0430707599842679,23.7,24.0,-0.3,397.3333333333333,278.6666666666667,0.0,0.379,0.6,233.0,202.0,5.0,0.0426845577602318,0.5307142857142857,0.2047546346934504,-0.0895712821718547,0.0457729169333057,0.5055849500293945,0.047000453547381,-0.0416907764073246,0.0679859538958945,0.0369518912128314,202411131.0,2024-11-17T16:05:00,1,2024,11,SEA,SF,AWAY,20.0,17.0,37.0,Levi's Stadium,3.0,3.0,7.0,7.0,0.0,32.0,53.0,26:35,20.0,4.0,14.0,2.0,74.0,424.0,5.7,3.0,33.0,107.0,3.2,0.0,34.0,21.0,317.0,3.0,3.0,9.3,15.1,61.8,85.05,15.0,4.0,26.7,3.0,2.0,66.7,4.0,1.0,0.0,0.0,12.0,95.0,2.0,0.0,7.0,46.0,7.0,5.0,7.0,330.0,47.1,3.0,1.0,-2.0,7.0,0.0,3.0,7.0,0.0,32.0,10.0,33:25,22.0,4.0,13.0,5.0,68.0,366.0,5.4,3.0,24.0,68.0,2.8,0.0,44.0,25.0,298.0,2.0,1.0,6.8,11.9,56.8,83.33,13.0,3.0,23.1,0.0,0.0,0.0,3.0,1.0,0.0,0.0,8.0,83.0,3.0,0.0,0.0,0.0,11.0,8.0,7.0,281.0,40.1,1.0,3.0,2.0,25.0,0.0,33.3,0.0,3.0,2.0,1.0,0.0,0.0,0.0,0.0,0.0,0.0,2.0,2.0,0.0,0.0,0.0,0.0,0.0,2.0,2.0,38.0,29.0,0.0,0.0,8.0,1.0,0.0,44.0,31.0,7.0,46.0,8.0,0.0,0.0,Sunday,993004771,30,31,18795.0,3.0,1,-2.0,0.267,0.0,-0.154509961240682,0.4356435643564356,-0.0746220012770209,-0.4488276002605656,-0.0400106518075965,0.4148936170212766,0.2088123765583452,-0.3226501043950702,21.3,23.7,-2.3,332.0,393.3333333333333,0.0,0.258,0.2,210.0,221.0,4.0,-0.0276503660506513,0.4584943788496496,0.1057540634356828,-0.449493017716037,0.002730737796275,0.4769685907446643,0.1236671511176516,-0.0391916379179739,-0.044967668867254,0.0515888821520944,1.9999999999999998,-2.5999999999999996,0.39999999999999997,0.8,65.33333333333331,729.3333333333333,-114.66666666666663,672.0,23.0,443.0,-19.0,423.0,1.0,9.0,0.0703349238108831,0.0430421791370307
202411110.0,2024-11-17T16:05:00,1,2024,11,DEN,ATL,HOME,38.0,6.0,44.0,Empower Field at Mile High,7.0,14.0,7.0,10.0,0.0,26.0,39.0,30:05,16.0,4.0,12.0,0.0,55.0,260.0,4.7,2.0,23.0,78.0,3.4,0.0,30.0,22.0,182.0,2.0,0.0,6.1,8.3,73.3,110.69,13.0,7.0,53.8,0.0,0.0,0.0,2.0,1.0,0.0,0.0,6.0,35.0,1.0,0.0,2.0,33.0,9.0,5.0,5.0,236.0,47.2,0.0,0.0,0.0,3.0,3.0,0.0,0.0,0.0,33.0,21.0,29:55,19.0,4.0,13.0,2.0,65.0,300.0,4.6,1.0,19.0,57.0,3.0,0.0,42.0,28.0,243.0,1.0,0.0,5.8,8.7,66.7,89.68,16.0,7.0,43.8,2.0,2.0,100.0,4.0,1.0,0.0,0.0,3.0,10.0,0.0,0.0,4.0,23.0,5.0,6.0,4.0,213.0,53.2,0.0,0.0,0.0,50.0,0.0,25.0,0.0,2.0,2.0,0.0,0.0,0.0,0.0,0.0,2.0,0.0,1.0,1.0,0.0,0.0,0.0,0.0,0.0,3.0,3.0,37.0,28.0,4.0,23.0,2.0,0.0,0.0,32.0,25.0,2.0,33.0,0.0,0.0,0.0,Sunday,993004770,10,2,18815.0,32.0,1,0.0,0.538,0.0,-0.0131462106422844,0.4266666666666667,0.1826529282159559,-0.195297067173649,0.0192857476749917,0.425,0.12057110219464,-0.2856351687600288,17.3,23.7,-6.3,326.3333333333333,326.6666666666667,-0.333,0.538,0.4,197.0,177.0,5.0,-0.0240662022029208,0.4212919896640826,0.07235501946911,-0.1700899184719404,0.0782375872209113,0.4903133903133903,0.2597266525646349,-0.1421857327203187,-0.0110633386830655,0.006547825130996,202411110.0,2024-11-17T16:05:00,1,2024,11,ATL,DEN,AWAY,6.0,38.0,44.0,Empower Field at Mile High,3.0,3.0,0.0,0.0,0.0,35.0,7.0,29:55,25.0,9.0,12.0,4.0,73.0,468.0,6.4,2.0,32.0,181.0,5.7,2.0,38.0,23.0,287.0,0.0,1.0,7.6,12.5,60.5,73.03,14.0,5.0,35.7,2.0,1.0,50.0,3.0,1.0,0.0,0.0,6.0,45.0,2.0,0.0,3.0,19.0,1.0,2.0,3.0,144.0,48.0,1.0,0.0,-1.0,7.0,14.0,7.0,10.0,0.0,24.0,53.0,30:05,14.0,5.0,8.0,1.0,52.0,365.0,7.0,2.0,27.0,96.0,3.6,0.0,25.0,16.0,269.0,2.0,0.0,10.8,16.8,64.0,126.92,13.0,5.0,38.5,1.0,0.0,0.0,3.0,1.0,0.0,0.0,8.0,76.0,1.0,0.0,0.0,0.0,9.0,6.0,5.0,224.0,44.8,0.0,1.0,1.0,33.3,0.0,33.3,0.0,2.0,2.0,0.0,0.0,0.0,0.0,0.0,4.0,1.0,2.0,2.0,0.0,0.0,0.0,0.0,0.0,2.0,2.0,26.0,28.0,0.0,0.0,1.0,0.0,0.0,42.0,31.0,3.0,19.0,9.0,2.0,0.0,Sunday,993004769,2,10,18816.0,-32.0,0,-1.0,0.357,0.0,-0.0365464487385098,0.5319148936170213,0.03448335316583,0.1721267729401862,-0.0167046521024745,0.4142857142857143,0.224000216093141,-0.2853169621026609,25.0,22.3,2.7,390.6666666666667,391.6666666666667,0.333,0.388,0.6,238.0,236.0,6.0,0.0467224479688111,0.5189360693280066,0.2752444999365487,-0.0012074954647991,-0.0049569415549848,0.4519834775153923,0.095649516399002,-0.1189369333800226,0.0402618807179534,0.0135584835406774,-9.0,-3.5999999999999996,-0.19999999999999996,1.0,-64.33333333333337,717.0,-65.0,718.3333333333334,-41.0,435.0,-59.0,413.0,-1.0,11.0,-0.0707886501717319,0.0831945287758961
202411104.0,2024-11-17T16:25:00,1,2024,11,BUF,KC,HOME,30.0,21.0,51.0,Highmark Stadium,6.0,10.0,0.0,14.0,0.0,32.0,8.0,34:03,21.0,9.0,11.0,1.0,70.0,415.0,5.9,3.0,31.0,135.0,4.4,2.0,37.0,22.0,280.0,0.0,2.0,7.6,12.7,59.5,60.64,14.0,7.0,50.0,3.0,2.0,66.7,4.0,2.0,0.0,0.0,8.0,54.0,1.0,0.0,2.0,0.0,6.0,6.0,2.0,109.0,54.5,2.0,4.0,2.0,0.0,14.0,0.0,7.0,0.0,27.0,52.0,25:57,19.0,4.0,14.0,1.0,61.0,361.0,5.9,2.0,22.0,121.0,5.5,0.0,35.0,26.0,240.0,2.0,3.0,6.9,9.2,74.3,75.89,11.0,4.0,36.4,3.0,2.0,66.7,4.0,2.0,0.0,0.0,5.0,25.0,2.0,1.0,4.0,32.0,5.0,2.0,2.0,108.0,54.0,4.0,2.0,-2.0,50.0,0.0,50.0,0.0,3.0,3.0,0.0,0.0,0.0,0.0,0.0,3.0,3.0,2.0,2.0,0.0,0.0,0.0,0.0,0.0,2.0,2.0,43.0,22.0,4.0,32.0,5.0,2.0,1.0,41.0,33.0,2.0,0.0,5.0,1.0,0.0,Sunday,993004774,4,16,18813.0,9.0,1,2.0,0.5,0.0,0.0155633247742441,0.4835164835164835,-0.1218894968529701,0.1836760971171315,-0.1648365959254365,0.475,-0.2821678233689957,-0.1307206294838,30.3,19.0,11.3,395.0,322.3333333333333,1.0,0.511,1.0,290.0,193.0,8.0,0.1396497012234851,0.5326327346488636,0.1699967059523605,0.0982573791823708,-0.0171755071931452,0.5124057315233785,0.1398942490293775,-0.3278639043658497,0.1429804102686603,-0.0253490183415205,202411104.0,2024-11-17T16:25:00,1,2024,11,KC,BUF,AWAY,21.0,30.0,51.0,Highmark Stadium,0.0,14.0,0.0,7.0,0.0,33.0,21.0,25:57,19.0,4.0,13.0,2.0,65.0,300.0,4.6,1.0,19.0,57.0,3.0,0.0,42.0,28.0,243.0,1.0,0.0,5.8,8.7,66.7,89.68,16.0,7.0,43.8,2.0,2.0,100.0,4.0,1.0,0.0,0.0,3.0,10.0,0.0,0.0,4.0,23.0,5.0,6.0,4.0,213.0,53.2,0.0,0.0,0.0,6.0,10.0,0.0,14.0,0.0,26.0,39.0,34:03,16.0,4.0,12.0,0.0,55.0,260.0,4.7,2.0,23.0,78.0,3.4,0.0,30.0,22.0,182.0,2.0,0.0,6.1,8.3,73.3,110.69,13.0,7.0,53.8,0.0,0.0,0.0,2.0,1.0,0.0,0.0,6.0,35.0,1.0,0.0,2.0,33.0,9.0,5.0,5.0,236.0,47.2,0.0,0.0,0.0,25.0,0.0,50.0,0.0,1.0,1.0,0.0,0.0,0.0,0.0,0.0,3.0,3.0,2.0,2.0,0.0,0.0,0.0,0.0,0.0,2.0,0.0,32.0,25.0,2.0,33.0,0.0,0.0,0.0,37.0,28.0,4.0,23.0,2.0,0.0,0.0,Sunday,993004773,16,4,18815.0,-9.0,0,0.0,0.438,0.0,0.0192857476749917,0.425,0.12057110219464,-0.2856351687600288,-0.0131462106422844,0.4266666666666667,0.1826529282159559,-0.195297067173649,24.3,19.3,5.0,339.3333333333333,257.3333333333333,-0.333,0.618,1.0,219.0,161.0,9.0,0.0775684818069982,0.4981372549019607,0.2210901075487996,-0.1544630161847339,0.0260959804718356,0.4570370370370371,0.1933344754408567,-0.2302291844225022,0.0759986003122724,-0.0240924681145056,6.300000000000001,16.3,0.0,2.0,55.666666666666686,734.3333333333333,65.0,579.6666666666666,71.0,509.0,32.0,354.0,-1.0,17.0,0.06208121941648691,-0.043271487664980804
202411129.0,2024-11-17T20:20:00,1,2024,11,LAC,CIN,HOME,34.0,27.0,61.0,SoFi Stadium,7.0,17.0,3.0,7.0,0.0,30.0,59.0,25:52,23.0,11.0,8.0,4.0,57.0,309.0,5.4,3.0,39.0,145.0,3.7,2.0,18.0,14.0,164.0,1.0,0.0,9.1,11.7,77.8,123.15,10.0,4.0,40.0,1.0,1.0,100.0,5.0,3.0,0.0,0.0,5.0,30.0,0.0,0.0,0.0,0.0,9.0,8.0,3.0,116.0,38.7,0.0,0.0,0.0,3.0,3.0,14.0,7.0,0.0,29.0,1.0,34:08,19.0,8.0,10.0,1.0,51.0,289.0,5.7,2.0,21.0,132.0,6.3,0.0,23.0,18.0,157.0,2.0,0.0,6.8,8.7,78.3,124.09,9.0,3.0,33.3,0.0,0.0,0.0,3.0,1.0,0.0,0.0,9.0,68.0,1.0,0.0,7.0,18.0,2.0,4.0,4.0,214.0,53.5,0.0,0.0,0.0,60.0,0.0,33.3,0.0,3.0,3.0,0.0,0.0,0.0,0.0,0.0,2.0,2.0,2.0,2.0,0.0,0.0,0.0,0.0,0.0,2.0,1.0,38.0,17.0,7.0,18.0,1.0,1.0,0.0,40.0,23.0,0.0,0.0,3.0,0.0,0.0,Sunday,993004776,29,7,18811.0,7.0,1,0.0,0.4,0.0,0.193143271502455,0.5277777777777778,0.4399755280365609,0.0687705082382308,0.0406660154978398,0.5,0.0624728989842449,0.171693075969345,26.7,11.7,15.0,343.0,315.6666666666667,1.0,0.336,0.8,186.0,118.0,6.0,0.0567626007388427,0.4140211640211639,0.1913891206012757,-0.0326615095782714,-0.1437192593825927,0.4344758064516128,-0.1627230922740559,-0.0580649762508725,0.0727491168358624,-0.0793904383097917,202411129.0,2024-11-17T20:20:00,1,2024,11,CIN,LAC,AWAY,27.0,34.0,61.0,SoFi Stadium,3.0,3.0,14.0,7.0,0.0,31.0,35.0,34:08,27.0,2.0,21.0,4.0,75.0,470.0,6.3,5.0,16.0,49.0,3.1,1.0,56.0,34.0,421.0,4.0,0.0,7.5,12.4,60.7,107.81,16.0,8.0,50.0,4.0,2.0,50.0,3.0,3.0,0.0,0.0,3.0,23.0,3.0,1.0,3.0,7.0,1.0,4.0,3.0,124.0,41.3,1.0,0.0,-1.0,7.0,17.0,3.0,7.0,0.0,28.0,25.0,25:52,20.0,5.0,14.0,1.0,58.0,389.0,6.7,5.0,25.0,99.0,4.0,1.0,33.0,25.0,290.0,4.0,0.0,8.8,11.6,75.8,141.41,12.0,7.0,58.3,0.0,0.0,0.0,4.0,4.0,0.0,0.0,11.0,81.0,0.0,0.0,0.0,0.0,13.0,3.0,5.0,231.0,46.2,0.0,1.0,1.0,100.0,0.0,100.0,0.0,4.0,4.0,0.0,2.0,0.0,0.0,0.0,0.0,0.0,4.0,3.0,0.0,0.0,0.0,1.0,1.0,0.0,0.0,33.0,23.0,0.0,0.0,4.0,0.0,0.0,37.0,20.0,3.0,7.0,7.0,2.0,1.0,Sunday,993004775,7,29,18820.0,-7.0,0,-1.0,0.5,0.0,0.1676150402622859,0.5208333333333334,0.303904578066565,-0.3305784791700716,0.2060047492633469,0.5185185185185185,0.4825887450454338,-0.0804853696222923,30.7,32.0,-1.3,374.3333333333333,334.3333333333333,-0.667,0.601,0.6,270.0,262.0,4.0,0.0881300663795136,0.5143978605935128,0.2037332682869622,-0.2233222318185862,0.1393024250789082,0.5092905736004446,0.3403008786240339,-0.1023097028747805,0.0357842456252625,0.0196479386135742,16.3,13.7,0.20000000000000007,1.4,-31.333333333333314,717.3333333333333,-18.66666666666663,650.0,-84.0,456.0,-144.0,380.0,2.0,10.0,-0.031367465640670895,-0.2830216844615009
202411109.0,2024-11-18T20:15:00,1,2024,11,DAL,HOU,HOME,10.0,34.0,44.0,AT&T Stadium,0.0,10.0,0.0,0.0,0.0,25.0,59.0,29:23,11.0,5.0,4.0,2.0,56.0,146.0,2.6,0.0,24.0,97.0,4.0,0.0,29.0,17.0,49.0,0.0,1.0,1.7,2.9,58.6,49.07,14.0,3.0,21.4,2.0,2.0,100.0,2.0,0.0,0.0,0.0,5.0,40.0,4.0,4.0,3.0,17.0,8.0,4.0,6.0,304.0,50.7,5.0,2.0,-3.0,14.0,3.0,3.0,14.0,0.0,34.0,1.0,30:37,24.0,11.0,9.0,4.0,65.0,348.0,5.4,4.0,38.0,187.0,4.9,2.0,22.0,15.0,161.0,2.0,1.0,7.3,10.7,68.2,100.76,11.0,4.0,36.4,1.0,1.0,100.0,5.0,4.0,0.0,0.0,7.0,49.0,1.0,1.0,5.0,46.0,6.0,5.0,4.0,208.0,52.0,2.0,5.0,3.0,0.0,0.0,80.0,0.0,0.0,0.0,0.0,0.0,0.0,0.0,0.0,2.0,2.0,4.0,4.0,0.0,0.0,0.0,0.0,0.0,2.0,2.0,43.0,25.0,5.0,46.0,3.0,1.0,1.0,34.0,19.0,3.0,17.0,7.0,3.0,4.0,Monday,993004778,9,13,18810.0,-24.0,0,-3.0,0.214,0.0,-0.4866688933246769,0.44,-0.7451051918480479,-0.5080091070927603,-0.0220568775655282,0.4823529411764706,-0.03664813127389,-0.0219675659492333,17.0,30.3,-13.3,272.0,375.6666666666667,-1.333,0.259,0.2,177.0,259.0,3.0,-0.1668041230468464,0.4484353384116977,-0.250618822748522,-0.16084450160272,0.0346085772404065,0.4840361369773134,0.1759532305668395,-0.0247616824605469,-0.1356007372389427,0.0872330090022129,202411109.0,2024-11-18T20:15:00,1,2024,11,HOU,DAL,AWAY,34.0,10.0,44.0,AT&T Stadium,14.0,3.0,3.0,14.0,0.0,32.0,28.0,30:37,16.0,3.0,12.0,1.0,65.0,248.0,3.8,2.0,28.0,56.0,2.0,1.0,33.0,19.0,192.0,1.0,2.0,5.8,10.1,57.6,59.15,15.0,6.0,40.0,0.0,0.0,0.0,4.0,2.0,0.0,0.0,4.0,30.0,1.0,0.0,4.0,40.0,5.0,3.0,5.0,275.0,55.0,2.0,5.0,3.0,0.0,10.0,0.0,0.0,0.0,27.0,32.0,29:23,19.0,7.0,11.0,1.0,62.0,345.0,5.6,3.0,32.0,105.0,3.3,1.0,30.0,15.0,240.0,2.0,5.0,8.0,16.0,50.0,59.72,12.0,7.0,58.3,0.0,0.0,0.0,3.0,2.0,0.0,0.0,4.0,61.0,1.0,0.0,0.0,0.0,7.0,9.0,4.0,188.0,47.0,5.0,2.0,-3.0,50.0,0.0,66.7,0.0,2.0,2.0,0.0,0.0,0.0,0.0,0.0,4.0,3.0,2.0,2.0,0.0,1.0,0.0,0.0,0.0,2.0,2.0,33.0,29.0,0.0,0.0,9.0,1.0,0.0,48.0,18.0,4.0,40.0,7.0,1.0,0.0,Monday,993004777,13,9,18808.0,24.0,1,3.0,0.4,0.0,-0.1243123922280375,0.4186046511627907,-0.0665093539809022,-0.3845318534258212,-0.0784692124587487,0.4444444444444444,-0.0445737329299759,-0.1899955626550361,19.7,22.3,-2.7,311.0,313.6666666666667,1.333,0.354,0.4,224.0,226.0,6.0,-0.0435891877285589,0.4265601391672383,-0.0052165464126621,-0.2204046699888487,0.0017233995248125,0.4164801384785268,0.0051558775990092,-0.122674762811473,0.0047419420721393,-0.0371764439762158,-10.600000000000001,-16.0,-0.2,0.6000000000000001,-39.0,583.0,62.0,689.3333333333334,-47.0,401.0,33.0,485.0,-3.0,9.0,-0.12321493531828748,0.032885177715594
202411208.0,2024-11-21T20:15:00,1,2024,12,CLE,PIT,HOME,24.0,19.0,43.0,Huntington Bank Field,0.0,10.0,0.0,14.0,0.0,29.0,22.0,24:58,22.0,3.0,17.0,2.0,70.0,443.0,6.3,2.0,20.0,66.0,3.3,0.0,47.0,30.0,377.0,2.0,0.0,8.0,12.6,63.8,102.88,13.0,3.0,23.1,3.0,1.0,33.3,1.0,0.0,0.0,0.0,3.0,14.0,0.0,0.0,3.0,18.0,2.0,5.0,5.0,228.0,45.6,0.0,2.0,2.0,0.0,3.0,3.0,13.0,0.0,30.0,38.0,35:02,19.0,8.0,11.0,0.0,58.0,473.0,8.2,5.0,28.0,214.0,7.6,3.0,29.0,22.0,259.0,2.0,1.0,8.9,11.8,75.9,111.14,10.0,5.0,50.0,1.0,1.0,100.0,3.0,2.0,0.0,0.0,5.0,41.0,2.0,1.0,1.0,7.0,5.0,5.0,3.0,110.0,36.7,2.0,0.0,-2.0,0.0,0.0,66.7,0.0,0.0,0.0,0.0,3.0,1.0,0.0,0.0,2.0,0.0,5.0,5.0,0.0,0.0,0.0,0.0,0.0,0.0,0.0,29.0,32.0,1.0,7.0,3.0,2.0,1.0,32.0,39.0,3.0,18.0,5.0,0.0,0.0,Thursday,993004780,8,28,18831.0,5.0,1,2.0,0.231,0.0,-0.0730158823959959,0.3956043956043956,0.1892320200081166,-0.3646457659227675,0.2156725019474644,0.5205479452054794,0.0910954551692421,0.4077851457404904,17.7,28.7,-11.0,378.6666666666667,400.6666666666667,-0.667,0.372,0.2,162.0,248.0,2.0,-0.0736095145161637,0.4467782625870861,0.0453180899590794,-0.2317024548086254,0.0685248759225137,0.4475058807250587,0.1184483329790157,0.0949113860852473,-0.095514988822476,0.0180908341691168,202411208.0,2024-11-21T20:15:00,1,2024,12,PIT,CLE,AWAY,19.0,24.0,43.0,Huntington Bank Field,0.0,3.0,3.0,13.0,0.0,36.0,22.0,35:02,18.0,7.0,9.0,2.0,74.0,303.0,4.1,0.0,34.0,122.0,3.6,0.0,36.0,23.0,181.0,0.0,1.0,5.0,7.9,63.9,64.7,16.0,4.0,25.0,1.0,0.0,0.0,4.0,0.0,0.0,0.0,7.0,45.0,0.0,0.0,4.0,24.0,6.0,3.0,4.0,226.0,56.5,1.0,3.0,2.0,0.0,10.0,0.0,14.0,0.0,23.0,38.0,24:58,16.0,5.0,9.0,2.0,54.0,329.0,6.1,2.0,19.0,124.0,6.5,1.0,33.0,16.0,205.0,1.0,1.0,6.2,12.8,48.5,65.85,11.0,4.0,36.4,0.0,0.0,0.0,2.0,2.0,0.0,0.0,12.0,80.0,2.0,2.0,2.0,2.0,8.0,7.0,4.0,217.0,54.2,3.0,1.0,-2.0,0.0,0.0,100.0,0.0,0.0,0.0,0.0,0.0,0.0,0.0,0.0,6.0,6.0,1.0,1.0,0.0,1.0,0.0,0.0,0.0,3.0,1.0,20.0,29.0,2.0,2.0,6.0,2.0,2.0,46.0,36.0,4.0,24.0,6.0,0.0,0.0,Thursday,993004779,28,8,18832.0,-5.0,0,2.0,0.25,0.0,-0.1029295153884678,0.4123711340206185,-0.2844633250429302,-0.2495966203471956,-0.1652322883520169,0.4177215189873418,-0.1853981645270619,-0.0351114995760976,24.0,20.3,3.7,347.0,321.6666666666667,0.667,0.383,1.0,233.0,162.0,8.0,0.0017371218066952,0.4395403780068728,0.008646290843657,-0.1434526581735958,-0.0546849828285931,0.4652380014087345,-0.1408435083437754,0.0536568677488123,0.0530885133288703,-0.1107034877398214,-14.7,-7.3,-0.8,1.2,31.666666666666686,725.6666666666667,79.0,722.3333333333334,-71.0,395.0,86.0,410.0,-6.0,10.0,-0.0753466363228589,0.1232098587511068
202411223.0,2024-11-24T13:00:00,1,2024,12,NYG,TB,HOME,7.0,30.0,37.0,MetLife Stadium,0.0,0.0,0.0,7.0,0.0,34.0,29.0,26:01,24.0,11.0,12.0,1.0,73.0,342.0,4.7,2.0,34.0,167.0,4.9,2.0,37.0,22.0,175.0,0.0,2.0,4.7,8.0,59.5,48.82,15.0,7.0,46.7,0.0,0.0,0.0,3.0,1.0,0.0,0.0,3.0,15.0,2.0,1.0,2.0,15.0,4.0,4.0,5.0,204.0,40.8,3.0,1.0,-2.0,7.0,16.0,7.0,0.0,0.0,27.0,38.0,33:59,15.0,8.0,6.0,1.0,58.0,306.0,5.3,2.0,32.0,188.0,5.9,1.0,25.0,15.0,118.0,1.0,0.0,4.7,7.9,60.0,85.08,15.0,6.0,40.0,0.0,0.0,0.0,3.0,2.0,0.0,0.0,10.0,87.0,2.0,1.0,1.0,8.0,5.0,6.0,7.0,337.0,48.1,1.0,3.0,2.0,33.3,0.0,66.7,0.0,2.0,2.0,0.0,0.0,0.0,0.0,0.0,2.0,1.0,2.0,2.0,0.0,0.0,0.0,0.0,0.0,2.0,2.0,33.0,32.0,1.0,8.0,1.0,1.0,1.0,41.0,37.0,2.0,15.0,6.0,2.0,1.0,Sunday,993004786,23,33,18819.0,-23.0,0,-2.0,0.467,0.0,-0.063932644955925,0.5591397849462365,-0.1602275910421019,-0.001605792895134,-0.0163631576247366,0.430379746835443,-0.2028835542986704,0.1031725111925219,19.0,24.3,-5.3,354.0,363.3333333333333,-1.333,0.448,0.0,156.0,222.0,2.0,0.0113217863022419,0.4937006269404586,-0.076970950958799,0.1376670475028287,0.0850789779753929,0.5083247804766792,0.1315752925404256,0.0860763860909559,-0.0708787517340632,0.0809356320289724,202411223.0,2024-11-24T13:00:00,1,2024,12,TB,NYG,AWAY,30.0,7.0,37.0,MetLife Stadium,7.0,16.0,7.0,0.0,0.0,28.0,12.0,33:59,18.0,6.0,8.0,4.0,58.0,215.0,3.7,2.0,27.0,110.0,4.1,1.0,29.0,18.0,105.0,1.0,0.0,3.6,5.8,62.1,80.39,14.0,5.0,35.7,1.0,1.0,100.0,4.0,2.0,0.0,0.0,5.0,42.0,2.0,0.0,2.0,11.0,7.0,4.0,6.0,273.0,45.5,0.0,1.0,1.0,0.0,0.0,0.0,7.0,0.0,31.0,48.0,26:01,24.0,3.0,17.0,4.0,61.0,413.0,6.8,2.0,22.0,75.0,3.4,0.0,36.0,25.0,338.0,2.0,0.0,9.4,13.5,69.4,117.59,11.0,5.0,45.5,0.0,0.0,0.0,3.0,1.0,0.0,0.0,6.0,49.0,2.0,1.0,3.0,15.0,2.0,5.0,1.0,35.0,35.0,1.0,0.0,-1.0,50.0,0.0,33.3,0.0,2.0,2.0,0.0,0.0,0.0,0.0,0.0,2.0,2.0,2.0,2.0,0.0,0.0,0.0,0.0,0.0,6.0,3.0,38.0,26.0,3.0,15.0,3.0,1.0,1.0,34.0,21.0,2.0,11.0,5.0,0.0,0.0,Sunday,993004785,33,23,18817.0,23.0,1,1.0,0.357,0.0,0.0592259611947246,0.5,0.0068206062131083,-0.0430707599842679,0.1325722514029754,0.575,0.4894954539766212,-0.2144112687318637,23.3,28.0,-4.7,310.3333333333333,397.0,-0.333,0.485,0.2,279.0,266.0,4.0,0.0777599297550283,0.4833129833129833,0.1269157206008592,-0.0693847212039673,0.1441519974586819,0.5646491228070175,0.4223952095742634,-0.1064594887458119,0.0787142427419001,0.0942880927784324,-0.5999999999999996,-10.0,-0.2,0.2,43.666666666666686,664.3333333333333,-33.666666666666686,760.3333333333333,-123.0,435.0,-44.0,488.0,-2.0,6.0,-0.0664381434527864,-0.059073019483289
202411235.0,2024-11-24T13:00:00,1,2024,12,WAS,DAL,HOME,26.0,34.0,60.0,Northwest Stadium,3.0,0.0,6.0,17.0,0.0,26.0,56.0,24:48,18.0,6.0,10.0,2.0,63.0,264.0,4.2,2.0,28.0,93.0,3.3,1.0,32.0,22.0,171.0,1.0,1.0,5.3,7.8,68.8,79.04,12.0,3.0,25.0,2.0,1.0,50.0,2.0,2.0,0.0,0.0,4.0,25.0,1.0,0.0,3.0,20.0,4.0,3.0,5.0,221.0,44.2,1.0,0.0,-1.0,0.0,3.0,7.0,24.0,0.0,33.0,4.0,35:12,23.0,13.0,9.0,1.0,70.0,434.0,6.2,3.0,40.0,228.0,5.7,3.0,28.0,18.0,206.0,0.0,0.0,7.4,11.4,64.3,86.31,16.0,9.0,56.2,0.0,0.0,0.0,3.0,1.0,0.0,0.0,4.0,49.0,1.0,0.0,2.0,15.0,3.0,8.0,3.0,133.0,44.3,0.0,1.0,1.0,100.0,0.0,33.3,0.0,1.0,1.0,0.0,2.0,1.0,0.0,0.0,1.0,1.0,3.0,2.0,0.0,0.0,0.0,0.0,0.0,4.0,2.0,42.0,29.0,2.0,15.0,2.0,1.0,0.0,41.0,27.0,3.0,20.0,4.0,1.0,0.0,Sunday,993004788,35,9,18834.0,-8.0,0,-1.0,0.25,0.0,-0.0255982521339238,0.5,0.1059822348453038,-0.3489427717674213,0.066073773574168,0.4597701149425287,0.0891171958458996,0.2819940790714702,24.0,25.3,-1.3,288.0,357.3333333333333,0.333,0.341,0.6,308.0,243.0,7.0,0.0744591561051678,0.5459348237126015,0.1658486035394382,-0.0576829693839319,0.0827703157592155,0.4510665340406719,0.1199735453142778,0.1135315913380811,0.0876336830439347,-0.0283472747934681,202411235.0,2024-11-24T13:00:00,1,2024,12,DAL,WAS,AWAY,34.0,26.0,60.0,Northwest Stadium,0.0,3.0,7.0,24.0,0.0,29.0,23.0,35:12,24.0,3.0,17.0,4.0,79.0,388.0,4.9,1.0,18.0,64.0,3.6,0.0,56.0,33.0,324.0,1.0,1.0,5.8,9.8,58.9,73.81,15.0,5.0,33.3,4.0,0.0,0.0,1.0,0.0,0.0,0.0,9.0,66.0,3.0,1.0,5.0,34.0,1.0,2.0,2.0,82.0,41.0,2.0,1.0,-1.0,3.0,0.0,6.0,17.0,0.0,30.0,37.0,24:48,21.0,6.0,13.0,2.0,60.0,391.0,6.5,4.0,25.0,141.0,5.6,3.0,34.0,23.0,250.0,0.0,1.0,7.4,10.9,67.6,76.84,12.0,4.0,33.3,2.0,1.0,50.0,4.0,2.0,0.0,0.0,9.0,69.0,0.0,0.0,1.0,7.0,6.0,6.0,4.0,210.0,52.5,1.0,2.0,1.0,0.0,0.0,50.0,0.0,1.0,1.0,0.0,0.0,0.0,0.0,0.0,2.0,1.0,4.0,4.0,0.0,0.0,0.0,0.0,0.0,2.0,2.0,35.0,25.0,1.0,7.0,5.0,0.0,0.0,44.0,21.0,5.0,34.0,10.0,2.0,1.0,Sunday,993004787,9,35,18821.0,8.0,1,-1.0,0.333,0.0,-0.2249891156811621,0.3939393939393939,-0.274418814128305,-0.4115965776693295,0.1098607252330536,0.4567901234567901,0.1827634159647389,0.1459140919121083,12.3,31.7,-19.3,304.0,349.6666666666667,-1.0,0.259,0.0,187.0,293.0,3.0,-0.2501620326787848,0.4233698689017838,-0.3683532666398992,-0.2615869008580956,0.0352810145535324,0.4616963368597355,0.1407338853873639,0.0049390686118059,-0.1999790140705506,0.1029313891935229,18.0,-20.6,0.6,0.6,-16.0,592.0,7.666666666666629,707.0,121.0,495.0,-50.0,536.0,4.0,10.0,0.3246211887839526,0.04748930120568309
202411205.0,2024-11-24T13:00:00,1,2024,12,CAR,KC,HOME,27.0,30.0,57.0,Bank of America Stadium,3.0,6.0,7.0,11.0,0.0,27.0,38.0,27:44,15.0,8.0,6.0,1.0,58.0,306.0,5.3,2.0,32.0,188.0,5.9,1.0,25.0,15.0,118.0,1.0,0.0,4.7,7.9,60.0,85.08,15.0,6.0,40.0,0.0,0.0,0.0,3.0,2.0,0.0,0.0,10.0,87.0,2.0,1.0,1.0,8.0,5.0,6.0,7.0,337.0,48.1,1.0,3.0,2.0,10.0,10.0,7.0,3.0,0.0,34.0,29.0,32:16,24.0,11.0,12.0,1.0,73.0,342.0,4.7,2.0,34.0,167.0,4.9,2.0,37.0,22.0,175.0,0.0,2.0,4.7,8.0,59.5,48.82,15.0,7.0,46.7,0.0,0.0,0.0,3.0,1.0,0.0,0.0,3.0,15.0,2.0,1.0,2.0,15.0,4.0,4.0,5.0,204.0,40.8,3.0,1.0,-2.0,66.7,0.0,33.3,0.0,2.0,2.0,0.0,0.0,0.0,0.0,0.0,2.0,2.0,2.0,2.0,0.0,0.0,0.0,0.0,0.0,2.0,1.0,41.0,37.0,2.0,15.0,6.0,2.0,1.0,33.0,32.0,1.0,8.0,1.0,1.0,1.0,Sunday,993004790,5,16,18819.0,-3.0,0,2.0,0.4,0.0,-0.0163631576247366,0.430379746835443,-0.2028835542986704,0.1031725111925219,-0.063932644955925,0.5591397849462365,-0.1602275910421019,-0.001605792895134,19.0,22.3,-3.3,278.6666666666667,389.6666666666667,0.333,0.386,0.4,167.0,310.0,3.0,-0.0358255739057942,0.4385724712877503,-0.0885254179490693,-0.0468711334742627,0.0199912653175674,0.491127990330916,0.002862957504107,0.0509610546290152,-0.1009778792665183,0.0963738103729232,202411205.0,2024-11-24T13:00:00,1,2024,12,KC,CAR,AWAY,30.0,27.0,57.0,Bank of America Stadium,10.0,10.0,7.0,3.0,0.0,25.0,57.0,32:16,19.0,3.0,15.0,1.0,52.0,259.0,5.0,3.0,17.0,78.0,4.6,0.0,33.0,23.0,181.0,3.0,2.0,5.5,7.9,69.7,88.07,10.0,5.0,50.0,1.0,0.0,0.0,3.0,3.0,0.0,0.0,6.0,57.0,0.0,0.0,2.0,15.0,4.0,3.0,4.0,193.0,48.2,2.0,1.0,-1.0,3.0,6.0,7.0,11.0,0.0,34.0,3.0,27:44,24.0,9.0,13.0,2.0,71.0,366.0,5.2,4.0,31.0,104.0,3.4,3.0,40.0,27.0,262.0,1.0,1.0,6.6,9.7,67.5,83.54,15.0,9.0,60.0,2.0,1.0,50.0,4.0,3.0,0.0,0.0,3.0,24.0,0.0,0.0,0.0,0.0,7.0,3.0,3.0,126.0,42.0,1.0,2.0,1.0,100.0,0.0,75.0,0.0,3.0,3.0,0.0,0.0,0.0,0.0,0.0,0.0,0.0,4.0,3.0,0.0,0.0,0.0,0.0,0.0,1.0,1.0,44.0,20.0,0.0,0.0,2.0,0.0,0.0,28.0,24.0,2.0,15.0,5.0,0.0,0.0,Sunday,993004789,16,5,18823.0,3.0,1,-1.0,0.5,0.0,0.0421373004701804,0.5362318840579711,0.1123387004228884,0.0314818797787131,0.139175346315911,0.4712643678160919,0.3141183680479762,-0.1219814406625422,22.3,22.7,-0.3,314.3333333333333,303.3333333333333,-0.667,0.535,0.8,240.0,191.0,9.0,0.067544064155457,0.5004106280193237,0.1651454007303747,-0.097500182426587,0.0864736824253171,0.4474584929757343,0.2407379082687305,-0.0920076970795384,0.0655701844563429,0.0210202592630924,-3.0,-3.5999999999999996,-0.4,1.2000000000000002,-35.66666666666663,593.0,86.33333333333337,693.0,-73.0,407.0,119.0,501.0,-6.0,12.0,-0.1033696380612512,-0.0664824171077497
202411213.0,2024-11-24T13:00:00,1,2024,12,HOU,TEN,HOME,27.0,32.0,59.0,NRG Stadium,7.0,10.0,7.0,3.0,0.0,30.0,37.0,25:31,21.0,6.0,13.0,2.0,60.0,391.0,6.5,4.0,25.0,141.0,5.6,3.0,34.0,23.0,250.0,0.0,1.0,7.4,10.9,67.6,76.84,12.0,4.0,33.3,2.0,1.0,50.0,4.0,2.0,0.0,0.0,9.0,69.0,0.0,0.0,1.0,7.0,6.0,6.0,4.0,210.0,52.5,1.0,2.0,1.0,10.0,10.0,3.0,9.0,0.0,29.0,23.0,34:29,24.0,3.0,17.0,4.0,79.0,388.0,4.9,1.0,18.0,64.0,3.6,0.0,56.0,33.0,324.0,1.0,1.0,5.8,9.8,58.9,73.81,15.0,5.0,33.3,4.0,0.0,0.0,1.0,0.0,0.0,0.0,9.0,66.0,3.0,1.0,5.0,34.0,1.0,2.0,2.0,82.0,41.0,2.0,1.0,-1.0,50.0,0.0,0.0,0.0,4.0,4.0,0.0,0.0,0.0,0.0,0.0,2.0,2.0,1.0,1.0,0.0,0.0,0.0,0.0,0.0,2.0,1.0,44.0,21.0,5.0,34.0,10.0,2.0,1.0,35.0,25.0,1.0,7.0,5.0,0.0,0.0,Sunday,993004784,13,34,18821.0,-5.0,0,1.0,0.333,0.0,0.1098607252330536,0.4567901234567901,0.1827634159647389,0.1459140919121083,-0.2249891156811621,0.3939393939393939,-0.274418814128305,-0.4115965776693295,23.3,19.0,4.3,320.3333333333333,342.0,1.333,0.362,0.4,258.0,236.0,7.0,-0.0009512010929855,0.4286403634696848,0.0085268353446848,-0.0673546967471968,-0.0621330437769707,0.4301462109681287,-0.0195645299524337,-0.2798821704168348,0.0038353544850621,-0.0379055905595697,202411213.0,2024-11-24T13:00:00,1,2024,12,TEN,HOU,AWAY,32.0,27.0,59.0,NRG Stadium,10.0,10.0,3.0,9.0,0.0,27.0,29.0,34:29,11.0,3.0,8.0,0.0,55.0,294.0,5.3,1.0,19.0,33.0,1.7,0.0,31.0,17.0,261.0,1.0,1.0,8.4,15.4,54.8,80.17,15.0,6.0,40.0,2.0,0.0,0.0,1.0,0.0,0.0,0.0,13.0,91.0,0.0,0.0,5.0,34.0,4.0,6.0,5.0,241.0,48.2,1.0,1.0,0.0,7.0,10.0,7.0,3.0,0.0,32.0,31.0,25:31,24.0,5.0,12.0,7.0,67.0,318.0,4.7,3.0,33.0,82.0,2.5,1.0,32.0,20.0,236.0,2.0,0.0,7.4,11.8,62.5,105.73,14.0,5.0,35.7,0.0,0.0,0.0,2.0,2.0,0.0,0.0,3.0,35.0,2.0,1.0,2.0,10.0,9.0,10.0,5.0,222.0,44.4,1.0,1.0,0.0,0.0,0.0,100.0,0.0,1.0,1.0,0.0,0.0,0.0,0.0,0.0,2.0,2.0,3.0,2.0,0.0,0.0,0.0,0.0,0.0,1.0,1.0,43.0,21.0,2.0,10.0,2.0,1.0,1.0,34.0,17.0,5.0,34.0,2.0,0.0,0.0,Sunday,993004783,34,13,18833.0,5.0,1,0.0,0.4,0.0,-0.1456500363523915,0.3378378378378378,0.0053688839871658,-0.6174299533110267,0.0271650208657237,0.4482758620689655,0.3667026708277076,-0.3639274760404782,16.7,22.3,-5.7,327.6666666666667,307.3333333333333,0.667,0.39,0.2,170.0,263.0,2.0,-0.0525525761464744,0.416960438699569,0.0922037617096566,-0.2145746236282518,0.0448802225626968,0.4803899729721703,0.2632708575538137,-0.2206190521291683,-0.1260081426149059,0.0969777555403746,10.0,-1.4000000000000004,0.2,0.6000000000000001,-7.333333333333371,648.0,34.666666666666686,649.3333333333333,88.0,428.0,-27.0,499.0,5.0,9.0,0.0516013750534889,-0.10701326633966751
202411214.0,2024-11-24T13:00:00,1,2024,12,IND,DET,HOME,6.0,24.0,30.0,Lucas Oil Stadium,3.0,3.0,0.0,0.0,0.0,34.0,17.0,22:59,18.0,5.0,13.0,0.0,67.0,332.0,5.0,3.0,35.0,91.0,2.6,2.0,30.0,20.0,241.0,1.0,0.0,8.0,12.0,66.7,102.22,15.0,6.0,40.0,2.0,1.0,50.0,4.0,3.0,0.0,0.0,5.0,40.0,2.0,1.0,2.0,31.0,5.0,6.0,4.0,200.0,50.0,1.0,0.0,-1.0,0.0,14.0,7.0,3.0,0.0,25.0,43.0,37:01,10.0,3.0,7.0,0.0,52.0,253.0,4.9,3.0,20.0,91.0,4.6,1.0,29.0,22.0,162.0,2.0,0.0,5.6,7.4,75.9,111.57,13.0,4.0,30.8,1.0,0.0,0.0,3.0,2.0,0.0,0.0,2.0,14.0,1.0,0.0,3.0,22.0,5.0,7.0,5.0,277.0,55.4,0.0,1.0,1.0,75.0,0.0,66.7,0.0,1.0,1.0,0.0,3.0,0.0,0.0,0.0,3.0,3.0,3.0,3.0,0.0,0.0,0.0,0.0,0.0,2.0,2.0,35.0,29.0,3.0,22.0,2.0,1.0,0.0,49.0,25.0,2.0,31.0,1.0,1.0,1.0,Sunday,993004792,14,11,18822.0,-18.0,0,-1.0,0.4,0.0,0.0446810059733087,0.4186046511627907,0.2633547933604638,-0.23534719839757,-0.0076136455424544,0.4507042253521127,-0.0243061137488506,-0.2342368407806038,20.3,26.0,-5.7,306.6666666666667,361.0,-0.667,0.345,0.4,236.0,250.0,5.0,-0.1329629326828433,0.4283029996629592,-0.1055251356350493,-0.2494869413027684,-0.0418783876396781,0.4839559225640419,-0.0705579707311748,-0.0275815007254366,-0.1176942898521075,-0.0739283595792942,202411214.0,2024-11-24T13:00:00,1,2024,12,DET,IND,AWAY,24.0,6.0,30.0,Lucas Oil Stadium,0.0,14.0,7.0,3.0,0.0,39.0,6.0,37:01,38.0,14.0,22.0,2.0,76.0,645.0,8.5,7.0,43.0,196.0,4.6,3.0,33.0,27.0,449.0,4.0,0.0,13.6,16.6,81.8,158.33,10.0,6.0,60.0,3.0,3.0,100.0,5.0,5.0,0.0,0.0,4.0,46.0,0.0,0.0,0.0,0.0,3.0,3.0,0.0,0.0,0.0,0.0,1.0,1.0,3.0,3.0,0.0,0.0,0.0,20.0,54.0,22:59,10.0,2.0,7.0,1.0,47.0,170.0,3.6,0.0,17.0,41.0,2.4,0.0,29.0,17.0,129.0,0.0,1.0,4.4,7.6,58.6,55.1,10.0,2.0,20.0,2.0,1.0,50.0,1.0,0.0,0.0,0.0,6.0,40.0,0.0,0.0,1.0,9.0,2.0,3.0,5.0,267.0,53.4,1.0,0.0,-1.0,100.0,0.0,0.0,0.0,7.0,7.0,0.0,0.0,0.0,0.0,0.0,1.0,1.0,0.0,0.0,0.0,0.0,0.0,0.0,0.0,2.0,2.0,25.0,22.0,1.0,9.0,2.0,0.0,0.0,52.0,31.0,0.0,0.0,1.0,0.0,0.0,Sunday,993004791,11,14,18828.0,18.0,1,1.0,0.6,0.0,0.4441400054942261,0.6703296703296703,1.0176920264763978,0.1036525204828462,-0.1933241894732771,0.4328358208955223,-0.3892852353145331,-0.2872294496846734,34.0,14.3,19.7,417.0,276.3333333333333,-0.333,0.506,1.0,336.0,177.0,9.0,0.1578247033865687,0.5382580382580383,0.4292301066012629,-0.0351671159306259,-0.1244956321480201,0.4421468240194376,-0.1632420460609272,-0.1936083302389813,0.1396847685327735,-0.1377015228351405,-25.4,14.0,-0.6,1.4,-110.33333333333331,723.6666666666667,84.66666666666669,637.3333333333333,-100.0,572.0,73.0,427.0,-4.0,14.0,-0.290787636069412,0.08261724450834201
202411206.0,2024-11-24T13:00:00,1,2024,12,CHI,MIN,HOME,27.0,30.0,57.0,Soldier Field,7.0,3.0,0.0,17.0,0.0,36.0,21.0,34:24,23.0,10.0,12.0,1.0,68.0,391.0,5.8,2.0,34.0,179.0,5.3,2.0,31.0,23.0,212.0,0.0,0.0,6.8,9.2,74.2,92.41,16.0,9.0,56.2,3.0,3.0,100.0,2.0,1.0,0.0,0.0,7.0,50.0,0.0,0.0,3.0,19.0,2.0,5.0,2.0,83.0,41.5,0.0,1.0,1.0,0.0,14.0,10.0,3.0,3.0,23.0,39.0,33:26,19.0,8.0,10.0,1.0,43.0,366.0,8.5,3.0,25.0,106.0,4.2,2.0,17.0,13.0,260.0,1.0,1.0,15.3,20.0,76.5,112.99,5.0,1.0,20.0,1.0,0.0,0.0,5.0,3.0,0.0,0.0,3.0,25.0,0.0,0.0,1.0,1.0,6.0,4.0,1.0,47.0,47.0,1.0,0.0,-1.0,50.0,0.0,60.0,0.0,1.0,1.0,0.0,2.0,0.0,0.0,0.0,3.0,2.0,2.0,2.0,0.0,1.0,0.0,0.0,0.0,0.0,0.0,24.0,28.0,1.0,1.0,2.0,0.0,0.0,46.0,27.0,3.0,19.0,1.0,0.0,0.0,Sunday,993004782,6,20,18827.0,-3.0,0,1.0,0.562,0.0,0.1356916051457356,0.4941176470588235,0.1541877056667155,0.1701973394466303,0.262221356057926,0.5357142857142857,0.5136981316992949,-0.0124714015217437,10.3,22.7,-12.3,258.0,348.0,1.333,0.283,0.2,194.0,187.0,4.0,-0.113396247637205,0.387599655246714,-0.1861782822086222,-0.0677091320409845,0.0895649195417751,0.5099143626540886,0.0361582770329183,0.0261918649787619,-0.0300777556646471,0.0550650860515639,202411206.0,2024-11-24T13:00:00,1,2024,12,MIN,CHI,AWAY,30.0,27.0,57.0,Soldier Field,0.0,14.0,10.0,3.0,3.0,32.0,31.0,33:26,24.0,5.0,12.0,7.0,67.0,318.0,4.7,3.0,33.0,82.0,2.5,1.0,32.0,20.0,236.0,2.0,0.0,7.4,11.8,62.5,105.73,14.0,5.0,35.7,0.0,0.0,0.0,2.0,2.0,0.0,0.0,3.0,35.0,2.0,1.0,2.0,10.0,9.0,10.0,5.0,222.0,44.4,1.0,1.0,0.0,7.0,3.0,0.0,17.0,0.0,27.0,29.0,34:24,11.0,3.0,8.0,0.0,55.0,294.0,5.3,1.0,19.0,33.0,1.7,0.0,31.0,17.0,261.0,1.0,1.0,8.4,15.4,54.8,80.17,15.0,6.0,40.0,2.0,0.0,0.0,1.0,0.0,0.0,0.0,13.0,91.0,0.0,0.0,5.0,34.0,4.0,6.0,5.0,241.0,48.2,1.0,1.0,0.0,100.0,0.0,0.0,0.0,3.0,2.0,0.0,0.0,0.0,0.0,0.0,1.0,1.0,1.0,1.0,0.0,0.0,0.0,0.0,0.0,2.0,2.0,34.0,17.0,5.0,34.0,2.0,0.0,0.0,43.0,21.0,2.0,10.0,2.0,1.0,1.0,Sunday,993004781,20,6,18833.0,3.0,1,0.0,0.357,0.0,0.0271650208657237,0.4482758620689655,0.3667026708277076,-0.3639274760404782,-0.1456500363523915,0.3378378378378378,0.0053688839871658,-0.6174299533110267,18.7,11.0,7.7,378.3333333333333,221.33333333333337,-0.333,0.405,0.6,244.0,170.0,8.0,-0.0385702512633212,0.476613482221897,0.103534275245864,-0.1361622528538956,-0.2049549289892216,0.3824413346152476,-0.1838413384908243,-0.4713745172564763,-0.0028381871349726,-0.0848183730946176,-20.0,-4.6000000000000005,-0.39999999999999997,0.8,-120.33333333333331,636.3333333333333,126.66666666666663,569.3333333333334,-50.0,438.0,17.0,357.0,-4.0,12.0,-0.0748259963738838,0.2945198485309967
202411219.0,2024-11-24T13:00:00,1,2024,12,MIA,NE,HOME,34.0,15.0,49.0,Hard Rock Stadium,0.0,24.0,7.0,3.0,0.0,33.0,12.0,32:04,25.0,4.0,18.0,3.0,64.0,353.0,5.5,4.0,26.0,82.0,3.2,1.0,36.0,28.0,271.0,3.0,0.0,7.5,9.7,77.8,125.81,12.0,8.0,66.7,2.0,2.0,100.0,4.0,3.0,0.0,0.0,4.0,23.0,1.0,0.0,2.0,17.0,4.0,4.0,0.0,0.0,0.0,0.0,1.0,1.0,0.0,0.0,0.0,15.0,0.0,26.0,48.0,27:56,22.0,3.0,17.0,2.0,62.0,328.0,5.3,2.0,16.0,60.0,3.8,0.0,43.0,30.0,268.0,2.0,1.0,6.2,8.9,69.8,92.01,14.0,8.0,57.1,2.0,2.0,100.0,3.0,1.0,0.0,0.0,7.0,49.0,0.0,0.0,3.0,14.0,2.0,10.0,1.0,54.0,54.0,1.0,0.0,-1.0,75.0,0.0,33.3,0.0,4.0,4.0,0.0,0.0,0.0,0.0,0.0,2.0,2.0,1.0,1.0,0.0,1.0,0.0,0.0,0.0,2.0,2.0,37.0,21.0,3.0,14.0,3.0,0.0,0.0,40.0,32.0,2.0,17.0,2.0,1.0,0.0,Sunday,993004794,19,21,18829.0,19.0,1,1.0,0.667,0.0,0.3147005300433919,0.573170731707317,0.6607682905199452,-0.1749492200658467,0.1266246576885364,0.5128205128205128,0.1020214270704668,-0.0601612902920317,28.0,21.3,6.7,321.3333333333333,326.6666666666667,0.333,0.543,0.4,181.0,221.0,4.0,0.1537479811985118,0.5326183342200815,0.4310771236817576,-0.1558703820920697,0.0475299033803899,0.5276930445033893,0.0750363836351503,-0.206343408408144,0.0868734847724528,0.0417636723603354,202411219.0,2024-11-24T13:00:00,1,2024,12,NE,MIA,AWAY,15.0,34.0,49.0,Hard Rock Stadium,0.0,0.0,0.0,15.0,0.0,37.0,20.0,27:56,26.0,6.0,16.0,4.0,72.0,382.0,5.3,2.0,30.0,125.0,4.2,0.0,39.0,29.0,257.0,2.0,1.0,6.6,8.9,74.4,97.92,14.0,6.0,42.9,0.0,0.0,0.0,5.0,2.0,0.0,0.0,7.0,45.0,2.0,1.0,3.0,25.0,4.0,0.0,2.0,74.0,37.0,2.0,0.0,-2.0,0.0,24.0,7.0,3.0,0.0,22.0,40.0,32:04,19.0,5.0,13.0,1.0,51.0,402.0,7.9,4.0,24.0,107.0,4.5,0.0,27.0,18.0,295.0,4.0,0.0,10.9,16.4,66.7,142.75,8.0,2.0,25.0,1.0,1.0,100.0,4.0,3.0,0.0,0.0,7.0,66.0,0.0,0.0,0.0,0.0,5.0,6.0,4.0,138.0,34.5,0.0,2.0,2.0,40.0,0.0,75.0,0.0,2.0,1.0,1.0,0.0,0.0,0.0,0.0,3.0,3.0,4.0,4.0,0.0,0.0,0.0,0.0,0.0,1.0,0.0,27.0,22.0,0.0,0.0,2.0,0.0,0.0,46.0,39.0,3.0,25.0,8.0,2.0,1.0,Sunday,993004793,21,19,18830.0,-19.0,0,-2.0,0.429,0.0,0.0695212654521384,0.5052631578947369,0.2456173320816704,-0.1641320854042922,0.2110671898280241,0.5441176470588235,0.5777560770174007,0.1606162132368245,19.3,17.0,2.3,335.0,314.6666666666667,-1.667,0.353,0.4,182.0,248.0,3.0,-0.0174923060220333,0.4858529747146637,0.0469820799942547,-0.1682505484056895,-0.0462047168500317,0.4357203751065643,0.1174424087005261,-0.0895357109153287,-0.0115649346027101,0.0217912519646196,4.4,9.0,0.0,0.8,-13.666666666666686,656.3333333333333,12.0,641.3333333333334,-1.0,363.0,-27.0,469.0,1.0,7.0,0.1712402872205451,0.09373462023042159
202411225.0,2024-11-24T16:05:00,1,2024,12,LV,DEN,HOME,19.0,29.0,48.0,Allegiant Stadium,0.0,13.0,0.0,6.0,0.0,26.0,48.0,28:49,22.0,3.0,17.0,2.0,62.0,328.0,5.3,2.0,16.0,60.0,3.8,0.0,43.0,30.0,268.0,2.0,1.0,6.2,8.9,69.8,92.01,14.0,8.0,57.1,2.0,2.0,100.0,3.0,1.0,0.0,0.0,7.0,49.0,0.0,0.0,3.0,14.0,2.0,10.0,1.0,54.0,54.0,1.0,0.0,-1.0,3.0,6.0,7.0,13.0,0.0,33.0,12.0,31:11,25.0,4.0,18.0,3.0,64.0,353.0,5.5,4.0,26.0,82.0,3.2,1.0,36.0,28.0,271.0,3.0,0.0,7.5,9.7,77.8,125.81,12.0,8.0,66.7,2.0,2.0,100.0,4.0,3.0,0.0,0.0,4.0,23.0,1.0,0.0,2.0,17.0,4.0,4.0,0.0,0.0,0.0,0.0,1.0,1.0,33.3,0.0,75.0,0.0,1.0,1.0,0.0,1.0,0.0,0.0,0.0,2.0,2.0,4.0,4.0,0.0,0.0,0.0,0.0,0.0,2.0,2.0,40.0,32.0,2.0,17.0,2.0,1.0,0.0,37.0,21.0,3.0,14.0,3.0,0.0,0.0,Sunday,993004796,25,10,18829.0,-10.0,0,-1.0,0.571,0.0,0.1266246576885364,0.5128205128205128,0.1020214270704668,-0.0601612902920317,0.3147005300433919,0.573170731707317,0.6607682905199452,-0.1749492200658467,21.0,34.0,-13.0,257.6666666666667,353.3333333333333,-0.667,0.473,0.0,187.0,285.0,2.0,-0.0049031958832103,0.4942333436309339,0.0473734845900574,-0.3182710024369989,0.1668479755423682,0.5559332959058491,0.3762816804861065,-0.1232325219701784,-0.1087128127447144,0.0518829433088988,202411225.0,2024-11-24T16:05:00,1,2024,12,DEN,LV,AWAY,29.0,19.0,48.0,Allegiant Stadium,3.0,6.0,7.0,13.0,0.0,30.0,5.0,31:11,22.0,7.0,14.0,1.0,60.0,400.0,6.7,5.0,26.0,105.0,4.0,1.0,33.0,28.0,295.0,4.0,0.0,8.9,10.5,84.8,143.5,11.0,6.0,54.5,1.0,1.0,100.0,4.0,4.0,0.0,0.0,4.0,45.0,1.0,0.0,1.0,12.0,6.0,8.0,3.0,135.0,45.0,0.0,1.0,1.0,0.0,13.0,0.0,6.0,0.0,29.0,55.0,28:49,13.0,2.0,10.0,1.0,56.0,226.0,4.0,0.0,21.0,50.0,2.4,0.0,31.0,20.0,176.0,0.0,1.0,5.7,8.8,64.5,66.06,13.0,4.0,30.8,2.0,2.0,100.0,1.0,0.0,0.0,0.0,6.0,52.0,1.0,0.0,4.0,21.0,3.0,5.0,5.0,250.0,50.0,1.0,0.0,-1.0,100.0,0.0,0.0,0.0,5.0,5.0,0.0,0.0,0.0,0.0,0.0,1.0,1.0,0.0,0.0,0.0,0.0,0.0,0.0,0.0,2.0,2.0,34.0,26.0,4.0,21.0,5.0,0.0,0.0,40.0,26.0,1.0,12.0,2.0,1.0,0.0,Sunday,993004795,10,25,18825.0,10.0,1,1.0,0.545,0.0,0.2899848231270657,0.5526315789473685,0.5937780491506351,-0.0459155899622531,-0.1697272087476449,0.4342105263157895,-0.0992990573140407,-0.50291562763265,20.7,21.0,-0.3,326.3333333333333,307.3333333333333,0.0,0.504,0.6,235.0,183.0,6.0,0.0527808806114123,0.4465877872977016,0.2406321387083584,-0.1870755283844937,0.0625384600100016,0.4854775828460039,0.2874228417230245,-0.2524006779927656,0.056606172906796,-0.0448708437131857,-12.7,-13.3,-0.6,0.6,-68.66666666666663,584.0,46.0,660.6666666666666,-48.0,422.0,102.0,468.0,-4.0,8.0,-0.0576840764946226,0.10430951553236659
202411212.0,2024-11-24T16:25:00,1,2024,12,GB,SF,HOME,38.0,10.0,48.0,Lambeau Field,10.0,7.0,7.0,14.0,0.0,23.0,39.0,36:43,19.0,8.0,10.0,1.0,43.0,366.0,8.5,3.0,25.0,106.0,4.2,2.0,17.0,13.0,260.0,1.0,1.0,15.3,20.0,76.5,112.99,5.0,1.0,20.0,1.0,0.0,0.0,5.0,3.0,0.0,0.0,3.0,25.0,0.0,0.0,1.0,1.0,6.0,4.0,1.0,47.0,47.0,1.0,0.0,-1.0,0.0,7.0,3.0,0.0,0.0,36.0,21.0,23:17,23.0,10.0,12.0,1.0,68.0,391.0,5.8,2.0,34.0,179.0,5.3,2.0,31.0,23.0,212.0,0.0,0.0,6.8,9.2,74.2,92.41,16.0,9.0,56.2,3.0,3.0,100.0,2.0,1.0,0.0,0.0,7.0,50.0,0.0,0.0,3.0,19.0,2.0,5.0,2.0,83.0,41.5,0.0,1.0,1.0,60.0,0.0,50.0,0.0,2.0,2.0,0.0,1.0,0.0,0.0,0.0,0.0,0.0,1.0,1.0,0.0,2.0,0.0,0.0,0.0,3.0,2.0,46.0,27.0,3.0,19.0,1.0,0.0,0.0,24.0,28.0,1.0,1.0,2.0,0.0,0.0,Sunday,993004798,12,31,18827.0,28.0,1,-1.0,0.2,0.0,0.262221356057926,0.5357142857142857,0.5136981316992949,-0.0124714015217437,0.1356916051457356,0.4941176470588235,0.1541877056667155,0.1701973394466303,21.3,23.3,-2.0,399.6666666666667,347.3333333333333,-0.333,0.241,0.8,250.0,213.0,7.0,0.1126076108431608,0.4998677248677248,0.273062317255975,0.023836453043853,0.1019260596014449,0.5002037178507767,0.184644515497599,0.0390346007218134,0.1051101737859508,0.043055881737099,202411212.0,2024-11-24T16:25:00,1,2024,12,SF,GB,AWAY,10.0,38.0,48.0,Lambeau Field,0.0,7.0,3.0,0.0,0.0,33.0,25.0,23:17,21.0,9.0,10.0,2.0,57.0,277.0,4.9,2.0,27.0,131.0,4.9,1.0,28.0,21.0,146.0,1.0,1.0,5.2,7.0,75.0,83.33,11.0,7.0,63.6,0.0,0.0,0.0,3.0,2.0,0.0,0.0,9.0,54.0,0.0,0.0,2.0,13.0,7.0,4.0,3.0,123.0,41.0,1.0,1.0,0.0,10.0,7.0,7.0,14.0,0.0,26.0,35.0,36:43,19.0,8.0,10.0,1.0,59.0,289.0,4.9,2.0,23.0,94.0,4.1,2.0,32.0,25.0,195.0,0.0,1.0,6.1,7.8,78.1,79.04,13.0,6.0,46.2,2.0,1.0,50.0,2.0,2.0,0.0,0.0,4.0,20.0,1.0,0.0,4.0,26.0,4.0,4.0,2.0,97.0,48.5,1.0,1.0,0.0,66.7,0.0,100.0,0.0,2.0,2.0,0.0,0.0,0.0,0.0,0.0,1.0,1.0,2.0,2.0,0.0,0.0,0.0,0.0,0.0,2.0,2.0,36.0,23.0,4.0,26.0,3.0,0.0,0.0,33.0,35.0,2.0,13.0,6.0,0.0,0.0,Sunday,993004797,31,12,18826.0,-28.0,0,0.0,0.636,0.0,-0.0054028110707784,0.4675324675324675,0.1152516267649112,-0.1206363643892109,0.0611208227972134,0.5,0.1133483785158964,-0.1901161801956948,23.3,21.3,2.0,386.3333333333333,265.3333333333333,0.333,0.53,0.6,250.0,222.0,5.0,0.0783376178752909,0.5221139971139971,0.2977228440815661,-0.092745264808675,0.048477132402197,0.4897119341563785,0.0663178340916104,-0.1141854400277217,0.0760381904982761,0.0455065727674392,-4.0,0.0,0.20000000000000007,1.4,13.333333333333371,786.0,82.0,612.6666666666666,0.0,500.0,-9.0,435.0,2.0,12.0,0.03426999296786991,0.053448927199247896
202411230.0,2024-11-24T16:25:00,1,2024,12,SEA,ARI,HOME,16.0,6.0,22.0,Lumen Field,0.0,7.0,6.0,3.0,0.0,26.0,35.0,33:13,19.0,8.0,10.0,1.0,59.0,289.0,4.9,2.0,23.0,94.0,4.1,2.0,32.0,25.0,195.0,0.0,1.0,6.1,7.8,78.1,79.04,13.0,6.0,46.2,2.0,1.0,50.0,2.0,2.0,0.0,0.0,4.0,20.0,1.0,0.0,4.0,26.0,4.0,4.0,2.0,97.0,48.5,1.0,1.0,0.0,0.0,3.0,0.0,3.0,0.0,33.0,25.0,26:47,21.0,9.0,10.0,2.0,57.0,277.0,4.9,2.0,27.0,131.0,4.9,1.0,28.0,21.0,146.0,1.0,1.0,5.2,7.0,75.0,83.33,11.0,7.0,63.6,0.0,0.0,0.0,3.0,2.0,0.0,0.0,9.0,54.0,0.0,0.0,2.0,13.0,7.0,4.0,3.0,123.0,41.0,1.0,1.0,0.0,100.0,0.0,66.7,0.0,2.0,2.0,0.0,0.0,0.0,0.0,0.0,2.0,2.0,2.0,2.0,0.0,0.0,0.0,0.0,0.0,1.0,1.0,33.0,35.0,2.0,13.0,6.0,0.0,0.0,36.0,23.0,4.0,26.0,3.0,0.0,0.0,Sunday,993004800,30,1,18826.0,10.0,1,0.0,0.462,0.0,0.0611208227972134,0.5,0.1133483785158964,-0.1901161801956948,-0.0054028110707784,0.4675324675324675,0.1152516267649112,-0.1206363643892109,16.7,24.7,-8.0,315.3333333333333,362.6666666666667,-1.0,0.29,0.4,230.0,238.0,5.0,-0.0641580871048072,0.4736458940011648,0.0195728862703149,-0.4750365233407267,0.0476942682658469,0.4697692683279506,0.2269032197491357,-0.091656124196282,0.0014526029770649,0.052065898519902,202411230.0,2024-11-24T16:25:00,1,2024,12,ARI,SEA,AWAY,6.0,16.0,22.0,Lumen Field,0.0,3.0,0.0,3.0,0.0,32.0,42.0,26:47,28.0,11.0,15.0,2.0,57.0,406.0,7.1,4.0,32.0,147.0,4.6,3.0,24.0,22.0,259.0,1.0,0.0,10.8,11.8,91.7,125.52,7.0,5.0,71.4,1.0,1.0,100.0,5.0,4.0,0.0,0.0,5.0,58.0,1.0,0.0,1.0,7.0,5.0,5.0,1.0,40.0,40.0,0.0,1.0,1.0,0.0,7.0,6.0,3.0,0.0,27.0,18.0,33:13,17.0,5.0,10.0,2.0,55.0,207.0,3.8,0.0,17.0,79.0,4.6,0.0,35.0,22.0,128.0,0.0,0.0,3.7,5.8,62.9,69.7,13.0,6.0,46.2,3.0,1.0,33.3,3.0,0.0,0.0,0.0,3.0,25.0,1.0,1.0,3.0,23.0,2.0,3.0,2.0,93.0,46.5,1.0,0.0,-1.0,80.0,0.0,0.0,0.0,4.0,4.0,0.0,0.0,0.0,0.0,0.0,1.0,1.0,0.0,0.0,0.0,0.0,0.0,0.0,0.0,2.0,2.0,33.0,17.0,3.0,23.0,6.0,1.0,1.0,30.0,42.0,1.0,7.0,0.0,1.0,0.0,Sunday,993004799,1,30,18809.0,-10.0,0,1.0,0.714,0.0,0.3159036966040904,0.6056338028169014,0.7320129482419135,0.0974475423741575,-0.0490323229768203,0.5147058823529411,-0.2044720623444599,0.1320490866920034,29.3,14.0,15.3,381.6666666666667,275.0,-0.333,0.546,0.8,238.0,220.0,6.0,0.1936997250354476,0.5475345332710352,0.2848886092222936,0.0332336798393267,-0.0096093858901414,0.4572829131652661,-0.0836245295205836,0.0232869282670943,0.1066170232061262,0.0469401121820983,-23.3,7.300000000000001,-0.4,1.2000000000000002,-66.33333333333337,697.0,87.66666666666669,637.6666666666667,-8.0,468.0,18.0,458.0,-1.0,11.0,-0.2578578121402548,0.0573036541559883
202411232.0,2024-11-24T20:20:00,1,2024,12,LAR,PHI,HOME,20.0,37.0,57.0,SoFi Stadium,7.0,0.0,7.0,6.0,0.0,22.0,40.0,26:19,19.0,5.0,13.0,1.0,51.0,402.0,7.9,4.0,24.0,107.0,4.5,0.0,27.0,18.0,295.0,4.0,0.0,10.9,16.4,66.7,142.75,8.0,2.0,25.0,1.0,1.0,100.0,4.0,3.0,0.0,0.0,7.0,66.0,0.0,0.0,0.0,0.0,5.0,6.0,4.0,138.0,34.5,0.0,2.0,2.0,3.0,10.0,14.0,10.0,0.0,37.0,20.0,33:41,26.0,6.0,16.0,4.0,72.0,382.0,5.3,2.0,30.0,125.0,4.2,0.0,39.0,29.0,257.0,2.0,1.0,6.6,8.9,74.4,97.92,14.0,6.0,42.9,0.0,0.0,0.0,5.0,2.0,0.0,0.0,7.0,45.0,2.0,1.0,3.0,25.0,4.0,0.0,2.0,74.0,37.0,2.0,0.0,-2.0,75.0,0.0,40.0,0.0,4.0,4.0,0.0,0.0,0.0,0.0,0.0,1.0,0.0,2.0,1.0,1.0,0.0,0.0,0.0,0.0,3.0,3.0,46.0,39.0,3.0,25.0,8.0,2.0,1.0,27.0,22.0,0.0,0.0,2.0,0.0,0.0,Sunday,993004802,32,26,18830.0,-17.0,0,2.0,0.25,0.0,0.2110671898280241,0.5441176470588235,0.5777560770174007,0.1606162132368245,0.0695212654521384,0.5052631578947369,0.2456173320816704,-0.1641320854042922,23.0,21.7,1.3,365.0,348.0,1.333,0.244,0.8,213.0,239.0,5.0,-0.0092893069157448,0.4805899615899184,0.2114740728749431,-0.2212269234417308,-0.0502801598177846,0.4628893054270077,0.0405333741483061,-0.2796387726091302,-0.0409827430293429,-0.0633369403781896,202411232.0,2024-11-24T20:20:00,1,2024,12,PHI,LAR,AWAY,37.0,20.0,57.0,SoFi Stadium,3.0,10.0,14.0,10.0,0.0,33.0,4.0,33:41,23.0,13.0,9.0,1.0,70.0,434.0,6.2,3.0,40.0,228.0,5.7,3.0,28.0,18.0,206.0,0.0,0.0,7.4,11.4,64.3,86.31,16.0,9.0,56.2,0.0,0.0,0.0,3.0,1.0,0.0,0.0,4.0,49.0,1.0,0.0,2.0,15.0,3.0,8.0,3.0,133.0,44.3,0.0,1.0,1.0,7.0,0.0,7.0,6.0,0.0,26.0,56.0,26:19,18.0,6.0,10.0,2.0,63.0,264.0,4.2,2.0,28.0,93.0,3.3,1.0,32.0,22.0,171.0,1.0,1.0,5.3,7.8,68.8,79.04,12.0,3.0,25.0,2.0,1.0,50.0,2.0,2.0,0.0,0.0,4.0,25.0,1.0,0.0,3.0,20.0,4.0,3.0,5.0,221.0,44.2,1.0,0.0,-1.0,33.3,0.0,100.0,0.0,3.0,2.0,0.0,0.0,0.0,0.0,0.0,4.0,2.0,1.0,1.0,0.0,2.0,1.0,0.0,0.0,1.0,1.0,41.0,27.0,3.0,20.0,4.0,1.0,0.0,42.0,29.0,2.0,15.0,2.0,1.0,0.0,Sunday,993004801,26,32,18834.0,17.0,1,1.0,0.562,0.0,0.066073773574168,0.4597701149425287,0.0891171958458996,0.2819940790714702,-0.0255982521339238,0.5,0.1059822348453038,-0.3489427717674213,29.3,15.7,13.7,409.6666666666667,208.33333333333337,2.0,0.485,1.0,259.0,179.0,8.0,0.0184379499454369,0.4579006678291401,0.0851286359557944,0.0175347044485263,-0.1938968046279054,0.452636815920398,-0.2623572228909568,-0.3288061386116754,0.0997155486860072,-0.1709159787339453,-12.399999999999999,15.0,-0.19999999999999996,1.8,-44.666666666666686,774.6666666666667,139.66666666666663,556.3333333333334,-46.0,472.0,60.0,418.0,-3.0,13.0,-0.0277272568611817,0.1436166448101208
202411229.0,2024-11-25T20:15:00,1,2024,12,LAC,BAL,HOME,23.0,30.0,53.0,SoFi Stadium,7.0,6.0,3.0,7.0,0.0,25.0,52.0,29:03,24.0,7.0,14.0,3.0,63.0,435.0,6.9,4.0,25.0,155.0,6.2,2.0,36.0,17.0,280.0,2.0,0.0,7.8,16.5,47.2,92.36,11.0,3.0,27.3,1.0,1.0,100.0,2.0,1.0,0.0,0.0,5.0,50.0,1.0,1.0,2.0,17.0,14.0,5.0,6.0,280.0,46.7,1.0,0.0,-1.0,0.0,14.0,3.0,13.0,0.0,34.0,8.0,30:57,24.0,6.0,14.0,4.0,78.0,452.0,5.8,3.0,25.0,110.0,4.4,0.0,50.0,28.0,342.0,3.0,0.0,6.8,12.2,56.0,97.25,17.0,5.0,29.4,3.0,3.0,100.0,4.0,2.0,0.0,0.0,8.0,56.0,0.0,0.0,3.0,14.0,6.0,4.0,5.0,250.0,50.0,0.0,1.0,1.0,50.0,0.0,50.0,0.0,4.0,4.0,0.0,0.0,0.0,0.0,0.0,2.0,2.0,3.0,3.0,0.0,0.0,0.0,0.0,0.0,4.0,2.0,38.0,31.0,3.0,14.0,10.0,0.0,0.0,31.0,24.0,2.0,17.0,9.0,1.0,1.0,Monday,993004804,29,3,18824.0,-7.0,0,-1.0,0.273,0.0,0.0414455098986743,0.4827586206896552,0.0415435777512873,0.0399635632638819,0.008935266779052,0.4215686274509804,0.1803911765013469,-0.0532953811773989,29.3,18.0,11.3,362.0,344.3333333333333,0.667,0.343,0.8,220.0,145.0,7.0,0.0569318610507217,0.447956577266922,0.1582047271023233,0.0452633583646577,-0.0722519761423079,0.4495506535947712,-0.0268235734006138,-0.0138717847097665,0.0635649917209445,-0.0679308379895328,202411229.0,2024-11-25T20:15:00,1,2024,12,BAL,LAC,AWAY,30.0,23.0,53.0,SoFi Stadium,0.0,14.0,3.0,13.0,0.0,23.0,38.0,30:57,16.0,5.0,9.0,2.0,54.0,329.0,6.1,2.0,19.0,124.0,6.5,1.0,33.0,16.0,205.0,1.0,1.0,6.2,12.8,48.5,65.85,11.0,4.0,36.4,0.0,0.0,0.0,2.0,2.0,0.0,0.0,12.0,80.0,2.0,2.0,2.0,2.0,8.0,7.0,4.0,217.0,54.2,3.0,1.0,-2.0,7.0,6.0,3.0,7.0,0.0,36.0,22.0,29:03,18.0,7.0,9.0,2.0,74.0,303.0,4.1,0.0,34.0,122.0,3.6,0.0,36.0,23.0,181.0,0.0,1.0,5.0,7.9,63.9,64.7,16.0,4.0,25.0,1.0,0.0,0.0,4.0,0.0,0.0,0.0,7.0,45.0,0.0,0.0,4.0,24.0,6.0,3.0,4.0,226.0,56.5,1.0,3.0,2.0,100.0,0.0,0.0,0.0,1.0,1.0,0.0,1.0,0.0,0.0,0.0,3.0,1.0,0.0,0.0,0.0,0.0,0.0,0.0,0.0,6.0,6.0,46.0,36.0,4.0,24.0,6.0,0.0,0.0,20.0,29.0,2.0,2.0,6.0,2.0,2.0,Monday,993004803,3,29,18832.0,7.0,1,-2.0,0.364,0.0,-0.1652322883520169,0.4177215189873418,-0.1853981645270619,-0.0351114995760976,-0.1029295153884678,0.4123711340206185,-0.2844633250429302,-0.2495966203471956,30.7,20.7,10.0,371.3333333333333,364.0,0.0,0.441,0.6,334.0,271.0,7.0,0.1262764340046627,0.5111540865760276,0.3793956869356154,-0.028082702261336,-0.0179368152589086,0.4312231945443405,-0.0116977694059603,-0.3000630091782821,0.1451661371088507,0.0306483185836598,1.3000000000000007,21.3,0.20000000000000007,1.4,-9.333333333333314,733.3333333333333,-19.666666666666686,708.3333333333333,-114.0,554.0,-126.0,416.0,0.0,14.0,-0.069344572953941,-0.0543151608833993
202411311.0,2024-11-28T12:30:00,1,2024,13,DET,CHI,HOME,23.0,20.0,43.0,Ford Field,3.0,13.0,7.0,0.0,0.0,37.0,1.0,35:14,26.0,10.0,15.0,1.0,72.0,390.0,5.4,3.0,33.0,137.0,4.2,3.0,36.0,26.0,253.0,0.0,0.0,7.0,9.7,72.2,91.55,15.0,9.0,60.0,1.0,0.0,0.0,4.0,3.0,0.0,0.0,5.0,45.0,1.0,0.0,3.0,16.0,6.0,1.0,4.0,192.0,48.0,0.0,0.0,0.0,0.0,0.0,7.0,13.0,0.0,22.0,59.0,24:46,11.0,3.0,7.0,1.0,49.0,268.0,5.5,0.0,21.0,96.0,4.6,0.0,28.0,11.0,172.0,0.0,0.0,6.1,15.6,39.3,60.42,12.0,3.0,25.0,1.0,0.0,0.0,2.0,0.0,0.0,0.0,10.0,75.0,2.0,0.0,0.0,0.0,9.0,7.0,6.0,317.0,52.8,0.0,0.0,0.0,75.0,0.0,0.0,0.0,3.0,3.0,0.0,0.0,0.0,0.0,0.0,1.0,1.0,0.0,0.0,0.0,0.0,0.0,0.0,0.0,2.0,2.0,26.0,13.0,0.0,0.0,2.0,1.0,0.0,38.0,47.0,3.0,16.0,2.0,1.0,0.0,Thursday,993004806,11,6,18843.0,3.0,1,0.0,0.6,0.0,0.113464706341061,0.5227272727272727,0.2124338037645818,0.0776294523910168,-0.1726688031238787,0.3623188405797101,-0.2853745285694725,-0.1605304670734576,34.0,11.7,22.3,460.0,228.66666666666663,-0.667,0.594,1.0,360.0,183.0,10.0,0.1597118331255128,0.5458337958337958,0.3951840324370012,-0.0029045299270576,-0.1634351282750644,0.4045864375460077,-0.2470563726216359,-0.2774305900613174,0.1538234643867173,-0.173833938671009,202411311.0,2024-11-28T12:30:00,1,2024,13,CHI,DET,AWAY,20.0,23.0,43.0,Ford Field,0.0,0.0,7.0,13.0,0.0,34.0,24.0,24:46,20.0,6.0,14.0,0.0,73.0,398.0,5.5,3.0,22.0,78.0,3.5,1.0,48.0,32.0,320.0,2.0,0.0,6.7,10.0,66.7,99.31,17.0,6.0,35.3,3.0,2.0,66.7,3.0,3.0,0.0,0.0,7.0,80.0,2.0,1.0,3.0,20.0,9.0,5.0,6.0,292.0,48.7,1.0,1.0,0.0,3.0,13.0,7.0,0.0,0.0,33.0,26.0,35:14,22.0,7.0,13.0,2.0,65.0,452.0,7.0,3.0,27.0,124.0,4.6,1.0,35.0,23.0,328.0,2.0,0.0,9.4,14.3,65.7,114.94,13.0,6.0,46.2,1.0,0.0,0.0,7.0,3.0,0.0,0.0,5.0,45.0,1.0,1.0,3.0,16.0,4.0,8.0,4.0,167.0,41.8,1.0,1.0,0.0,100.0,0.0,42.9,0.0,1.0,1.0,0.0,4.0,1.0,0.0,0.0,3.0,2.0,3.0,3.0,0.0,0.0,0.0,0.0,0.0,3.0,3.0,42.0,29.0,3.0,16.0,5.0,1.0,1.0,44.0,29.0,3.0,20.0,3.0,1.0,1.0,Thursday,993004805,6,11,18841.0,-3.0,0,0.0,0.353,0.0,0.0445507361212103,0.4842105263157895,0.1080136592404585,-0.171982009354157,0.1409707486000297,0.5,0.3566576417585939,-0.3247506685632781,16.3,23.0,-6.7,310.3333333333333,382.0,0.667,0.329,0.0,221.0,217.0,4.0,-0.0389217638421005,0.4427760577915376,-0.0573323293887358,-0.0776736741157545,0.1222871819399352,0.5076312576312576,0.2608501025206033,-0.1037138137708468,-0.0752506794023044,0.0807993320760879,29.0,15.600000000000001,1.0,1.0,149.66666666666669,770.3333333333333,-153.33333333333337,610.6666666666666,139.0,581.0,-34.0,400.0,6.0,14.0,0.1986335969676133,-0.2857223102149996
202411309.0,2024-11-28T16:30:00,1,2024,13,DAL,NYG,HOME,27.0,20.0,47.0,AT&T Stadium,3.0,10.0,14.0,0.0,0.0,35.0,12.0,31:36,19.0,3.0,12.0,4.0,61.0,332.0,5.4,4.0,28.0,91.0,3.2,0.0,32.0,24.0,241.0,2.0,0.0,7.5,10.0,75.0,116.8,11.0,2.0,18.2,0.0,0.0,0.0,3.0,2.0,0.0,0.0,4.0,20.0,3.0,1.0,1.0,6.0,8.0,5.0,6.0,238.0,39.7,1.0,3.0,2.0,7.0,3.0,0.0,10.0,0.0,24.0,48.0,28:24,19.0,8.0,11.0,0.0,67.0,412.0,6.1,3.0,25.0,145.0,5.8,1.0,38.0,25.0,267.0,2.0,2.0,7.0,10.7,65.8,81.8,12.0,4.0,33.3,0.0,0.0,0.0,2.0,2.0,0.0,0.0,8.0,78.0,2.0,1.0,4.0,8.0,2.0,6.0,6.0,247.0,41.2,3.0,1.0,-2.0,66.7,0.0,100.0,0.0,4.0,4.0,0.0,0.0,0.0,0.0,0.0,4.0,2.0,2.0,0.0,0.0,0.0,0.0,1.0,1.0,3.0,2.0,37.0,30.0,4.0,8.0,7.0,2.0,1.0,34.0,37.0,1.0,6.0,6.0,1.0,1.0,Thursday,993004808,9,23,18846.0,7.0,1,2.0,0.182,0.0,0.0287288638423822,0.4777777777777778,0.2310291198284284,-0.3865260466507734,-0.0659346405043096,0.4333333333333333,-0.2000604370758568,0.2287285216810461,16.7,31.3,-14.7,288.6666666666667,383.6666666666667,-0.667,0.243,0.2,221.0,319.0,4.0,-0.2276430483878189,0.4372390572390572,-0.2628316287159748,-0.4353772438042877,0.0072897357210719,0.4574921326555314,-0.0179817174616692,0.1175583492146403,-0.1393345241958638,0.0295503632899927,202411309.0,2024-11-28T16:30:00,1,2024,13,NYG,DAL,AWAY,20.0,27.0,47.0,AT&T Stadium,7.0,3.0,0.0,10.0,0.0,26.0,1.0,28:24,17.0,5.0,11.0,1.0,56.0,245.0,4.4,1.0,20.0,76.0,3.8,1.0,32.0,22.0,169.0,0.0,0.0,5.3,7.7,68.8,81.38,11.0,5.0,45.5,2.0,0.0,0.0,3.0,1.0,0.0,0.0,4.0,42.0,2.0,1.0,4.0,23.0,2.0,3.0,4.0,168.0,42.0,1.0,1.0,0.0,3.0,10.0,14.0,0.0,0.0,33.0,59.0,31:36,24.0,10.0,12.0,2.0,62.0,451.0,7.3,4.0,32.0,157.0,4.9,4.0,30.0,24.0,294.0,0.0,0.0,9.8,12.2,80.0,107.5,11.0,6.0,54.5,2.0,1.0,50.0,5.0,4.0,0.0,0.0,4.0,29.0,4.0,1.0,0.0,0.0,9.0,6.0,2.0,80.0,40.0,1.0,1.0,0.0,33.3,0.0,80.0,0.0,1.0,1.0,0.0,0.0,0.0,0.0,0.0,0.0,0.0,4.0,3.0,0.0,0.0,0.0,0.0,0.0,1.0,1.0,35.0,40.0,0.0,0.0,2.0,3.0,1.0,37.0,21.0,4.0,23.0,3.0,2.0,2.0,Thursday,993004807,23,9,18845.0,-7.0,0,0.0,0.455,0.0,-0.1799283215095709,0.4305555555555556,-0.0972287739663612,-0.6164283696659064,0.211400159744966,0.5,0.7273384571058809,-0.1907838824810393,15.3,25.7,-10.3,304.3333333333333,371.6666666666667,-1.0,0.489,0.0,163.0,252.0,2.0,-0.039496190226253,0.4922916092270931,-0.079686420718875,-0.1187114250091124,0.1384536635931111,0.5083247804766792,0.3546894914661174,0.0149691457914967,-0.0803989516212403,0.1197243950995716,-4.399999999999999,-25.0,0.2,0.2,-15.666666666666629,593.0,12.0,755.3333333333334,58.0,384.0,67.0,571.0,2.0,6.0,-0.1881468581615659,-0.1311639278720392
202411312.0,2024-11-28T20:20:00,1,2024,13,GB,MIA,HOME,30.0,17.0,47.0,Lambeau Field,14.0,10.0,3.0,3.0,0.0,36.0,43.0,26:56,22.0,12.0,9.0,1.0,67.0,325.0,4.9,5.0,42.0,169.0,4.0,3.0,23.0,13.0,156.0,2.0,0.0,6.8,12.0,56.5,106.43,13.0,6.0,46.2,2.0,1.0,50.0,5.0,5.0,0.0,0.0,5.0,40.0,0.0,0.0,2.0,7.0,3.0,3.0,4.0,195.0,48.8,0.0,3.0,3.0,0.0,3.0,8.0,6.0,0.0,23.0,17.0,33:04,11.0,3.0,8.0,0.0,47.0,241.0,5.1,1.0,16.0,44.0,2.8,0.0,29.0,17.0,197.0,1.0,1.0,6.8,11.6,58.6,76.36,10.0,3.0,30.0,2.0,0.0,0.0,1.0,1.0,0.0,0.0,9.0,77.0,5.0,2.0,2.0,2.0,3.0,5.0,3.0,147.0,49.0,3.0,0.0,-3.0,100.0,0.0,100.0,0.0,5.0,5.0,0.0,0.0,0.0,0.0,0.0,1.0,1.0,1.0,1.0,0.0,0.0,0.0,0.0,0.0,1.0,1.0,25.0,19.0,2.0,2.0,3.0,5.0,2.0,43.0,28.0,2.0,7.0,3.0,0.0,0.0,Thursday,993004810,12,19,18837.0,13.0,1,3.0,0.462,0.0,0.1462588826528733,0.5465116279069767,0.3208731673988478,-0.0233162197619094,-0.2792209488916941,0.3880597014925373,-0.5242600624762176,-0.1750590745850786,24.0,17.7,6.3,367.3333333333333,297.6666666666667,0.333,0.304,0.8,288.0,223.0,8.0,0.1175433079893511,0.5190753045404208,0.266879916736932,0.0183828970366324,-0.0119086755405765,0.4607257828504536,-0.018500110184045,-0.0080066802527121,0.1028745358982463,0.0133281680581149,202411312.0,2024-11-28T20:20:00,1,2024,13,MIA,GB,AWAY,17.0,30.0,47.0,Lambeau Field,0.0,3.0,8.0,6.0,0.0,32.0,4.0,33:04,23.0,2.0,19.0,2.0,66.0,373.0,5.7,4.0,24.0,65.0,2.7,0.0,40.0,29.0,308.0,4.0,0.0,7.7,10.6,72.5,127.92,12.0,4.0,33.3,0.0,0.0,0.0,4.0,3.0,0.0,0.0,3.0,17.0,1.0,1.0,2.0,9.0,8.0,6.0,5.0,240.0,48.0,1.0,2.0,1.0,14.0,10.0,3.0,3.0,0.0,27.0,56.0,26:56,14.0,4.0,8.0,2.0,63.0,268.0,4.3,2.0,21.0,86.0,4.1,0.0,38.0,22.0,182.0,1.0,1.0,4.8,8.3,57.9,68.09,14.0,3.0,21.4,3.0,1.0,33.3,0.0,0.0,0.0,0.0,10.0,75.0,1.0,1.0,4.0,39.0,2.0,5.0,5.0,259.0,51.8,2.0,1.0,-1.0,75.0,0.0,0.0,0.0,4.0,4.0,0.0,0.0,0.0,0.0,0.0,2.0,2.0,1.0,1.0,0.0,2.0,1.0,0.0,0.0,1.0,0.0,39.0,19.0,4.0,39.0,6.0,1.0,1.0,39.0,28.0,2.0,9.0,9.0,1.0,1.0,Thursday,993004809,19,12,18844.0,-13.0,0,1.0,0.333,0.0,0.0307853584208535,0.5,0.3177776330180042,-0.6274470336901048,-0.2046314815928376,0.4090909090909091,-0.2355039600529707,-0.0692852431823629,30.3,16.3,14.0,321.3333333333333,307.6666666666667,0.667,0.487,0.6,215.0,236.0,5.0,0.0932113682664783,0.506977308579056,0.3097169050594061,-0.3427842953061614,-0.0923104275573211,0.4682233475336923,-0.09520958931114,-0.2103644708804471,0.1382212365173776,0.032069949129007,-7.7,20.3,0.20000000000000007,1.4,46.0,688.6666666666666,-10.0,605.3333333333334,73.0,503.0,-13.0,459.0,3.0,13.0,0.0243319397228728,0.0804017520167446
202411316.0,2024-11-29T15:00:00,1,2024,13,KC,LV,HOME,19.0,17.0,36.0,Arrowhead Stadium,3.0,7.0,6.0,3.0,0.0,32.0,16.0,28:48,27.0,8.0,15.0,4.0,68.0,391.0,5.8,3.0,26.0,165.0,6.3,0.0,37.0,27.0,226.0,3.0,0.0,6.1,8.4,73.0,115.37,13.0,8.0,61.5,1.0,1.0,100.0,5.0,2.0,0.0,0.0,10.0,91.0,1.0,0.0,5.0,43.0,7.0,2.0,2.0,94.0,47.0,0.0,0.0,0.0,0.0,3.0,7.0,7.0,0.0,27.0,44.0,31:12,21.0,6.0,13.0,2.0,58.0,334.0,5.8,2.0,21.0,85.0,4.0,1.0,35.0,21.0,249.0,1.0,0.0,7.1,11.9,60.0,91.25,13.0,5.0,38.5,2.0,2.0,100.0,6.0,2.0,0.0,0.0,9.0,53.0,1.0,0.0,2.0,14.0,8.0,8.0,2.0,103.0,51.5,0.0,0.0,0.0,40.0,0.0,33.3,0.0,3.0,3.0,0.0,0.0,0.0,0.0,0.0,3.0,3.0,1.0,1.0,0.0,0.0,0.0,1.0,1.0,4.0,4.0,31.0,23.0,2.0,14.0,2.0,1.0,0.0,46.0,19.0,5.0,43.0,3.0,1.0,0.0,Friday,993004812,16,25,18840.0,2.0,1,0.0,0.615,0.0,0.2444722455047745,0.5955056179775281,0.2789609080235302,0.1986508315868294,0.1368873899725561,0.5121951219512195,0.2364514950870513,0.2133715663780825,22.3,23.7,-1.3,316.6666666666667,320.0,-0.333,0.518,0.8,270.0,218.0,10.0,0.1019650978833155,0.5189125006784997,0.1706235702136862,-0.0185008191314954,0.0876388418820608,0.4700420521446594,0.2444075971169944,-0.0346356471527029,0.1038629982791899,0.0708701355407948,202411316.0,2024-11-29T15:00:00,1,2024,13,LV,KC,AWAY,17.0,19.0,36.0,Arrowhead Stadium,0.0,3.0,7.0,7.0,0.0,28.0,49.0,31:12,21.0,4.0,15.0,2.0,74.0,369.0,5.0,1.0,16.0,69.0,4.3,0.0,53.0,31.0,300.0,1.0,1.0,5.7,9.7,58.5,72.84,14.0,4.0,28.6,2.0,2.0,100.0,5.0,1.0,0.0,0.0,4.0,44.0,2.0,1.0,5.0,28.0,2.0,8.0,4.0,190.0,47.5,2.0,0.0,-2.0,3.0,7.0,6.0,3.0,0.0,31.0,11.0,28:48,19.0,5.0,13.0,1.0,65.0,325.0,5.0,2.0,22.0,63.0,2.9,0.0,42.0,25.0,262.0,2.0,0.0,6.2,10.5,59.5,93.55,15.0,6.0,40.0,0.0,0.0,0.0,4.0,2.0,0.0,0.0,6.0,58.0,0.0,0.0,1.0,11.0,10.0,4.0,4.0,192.0,48.0,0.0,2.0,2.0,20.0,0.0,50.0,0.0,1.0,1.0,0.0,0.0,0.0,0.0,0.0,4.0,4.0,2.0,2.0,0.0,0.0,0.0,0.0,0.0,5.0,5.0,37.0,20.0,1.0,11.0,7.0,0.0,0.0,42.0,17.0,5.0,28.0,7.0,1.0,1.0,Friday,993004811,25,16,18839.0,-2.0,0,-2.0,0.286,0.0,-0.0851289266810222,0.4948453608247423,-0.2135487195093997,-0.0664468267866617,0.0849183989015088,0.4651162790697674,0.2208585668115245,-0.3643019491926056,20.7,34.7,-14.0,304.6666666666667,350.3333333333333,-1.333,0.414,0.0,206.0,314.0,2.0,-0.0192935849287066,0.4925151305725146,-0.0811121117678607,-0.1615379771354083,0.1710839240346031,0.5345014673604774,0.3565102624638936,-0.1981976312024712,-0.0718418557655768,0.0520829673411796,12.7,-15.3,0.8,0.8,12.0,621.3333333333334,-30.333333333333314,670.3333333333333,64.0,476.0,-96.0,532.0,8.0,12.0,0.1212586828120221,-0.0834450821525423
202411335.0,2024-12-01T13:00:00,1,2024,13,WAS,TEN,HOME,42.0,19.0,61.0,Northwest Stadium,21.0,7.0,0.0,14.0,0.0,24.0,48.0,40:13,19.0,8.0,11.0,0.0,67.0,412.0,6.1,3.0,25.0,145.0,5.8,1.0,38.0,25.0,267.0,2.0,2.0,7.0,10.7,65.8,81.8,12.0,4.0,33.3,0.0,0.0,0.0,2.0,2.0,0.0,0.0,8.0,78.0,2.0,1.0,4.0,8.0,2.0,6.0,6.0,247.0,41.2,3.0,1.0,-2.0,0.0,7.0,6.0,6.0,0.0,35.0,12.0,19:47,19.0,3.0,12.0,4.0,61.0,332.0,5.4,4.0,28.0,91.0,3.2,0.0,32.0,24.0,241.0,2.0,0.0,7.5,10.0,75.0,116.8,11.0,2.0,18.2,0.0,0.0,0.0,3.0,2.0,0.0,0.0,4.0,20.0,3.0,1.0,1.0,6.0,8.0,5.0,6.0,238.0,39.7,1.0,3.0,2.0,100.0,0.0,66.7,0.0,2.0,0.0,0.0,0.0,0.0,1.0,1.0,3.0,2.0,4.0,4.0,0.0,0.0,0.0,0.0,0.0,4.0,2.0,34.0,37.0,1.0,6.0,6.0,1.0,1.0,37.0,30.0,4.0,8.0,7.0,2.0,1.0,Sunday,993004824,35,34,18846.0,23.0,1,-2.0,0.333,0.0,-0.0659346405043096,0.4333333333333333,-0.2000604370758568,0.2287285216810461,0.0287288638423822,0.4777777777777778,0.2310291198284284,-0.3865260466507734,23.7,29.3,-5.7,306.0,359.3333333333333,-0.667,0.313,0.4,334.0,277.0,7.0,-0.0209603869493033,0.4921810699588477,-0.0807093993495613,-0.0256130650445858,0.0505558051110973,0.4479326309067688,0.1908508843064746,-0.102610386723411,0.0303547961932556,0.0392848841797822,202411335.0,2024-12-01T13:00:00,1,2024,13,TEN,WAS,AWAY,19.0,42.0,61.0,Northwest Stadium,0.0,7.0,6.0,6.0,0.0,34.0,29.0,19:47,19.0,8.0,8.0,3.0,66.0,369.0,5.6,3.0,33.0,132.0,4.0,1.0,25.0,18.0,237.0,2.0,1.0,9.5,13.2,72.0,111.58,14.0,4.0,28.6,1.0,1.0,100.0,1.0,1.0,0.0,0.0,6.0,35.0,3.0,2.0,8.0,41.0,6.0,9.0,5.0,250.0,50.0,3.0,2.0,-1.0,21.0,7.0,0.0,14.0,0.0,25.0,31.0,40:13,12.0,0.0,11.0,1.0,54.0,260.0,4.8,3.0,17.0,40.0,2.4,0.0,33.0,20.0,220.0,2.0,2.0,6.7,11.0,60.6,75.32,13.0,3.0,23.1,0.0,0.0,0.0,4.0,2.0,0.0,0.0,11.0,81.0,0.0,0.0,4.0,27.0,9.0,13.0,5.0,240.0,48.0,2.0,3.0,1.0,100.0,0.0,50.0,0.0,3.0,3.0,0.0,0.0,0.0,0.0,0.0,3.0,3.0,3.0,3.0,0.0,0.0,0.0,0.0,0.0,3.0,2.0,35.0,11.0,4.0,27.0,7.0,0.0,0.0,47.0,18.0,8.0,41.0,2.0,0.0,2.0,Sunday,993004823,34,35,18842.0,-23.0,0,-1.0,0.286,0.0,-0.0059414865931632,0.4606741573033708,0.0424124374276086,-0.2033883300061137,-0.099807983025588,0.4025974025974026,-0.1658294414090441,-0.512402424688584,20.7,25.7,-5.0,317.3333333333333,295.6666666666667,-0.333,0.34,0.4,202.0,290.0,3.0,-0.0369751691492383,0.4328373317137362,0.0367514067996731,-0.2163750691159317,0.0401667697808635,0.459550347481382,0.2136162524850748,-0.2691864641636105,-0.0973226417639386,0.0434022380190643,-0.7000000000000002,-10.7,0.0,0.8,-11.333333333333314,623.3333333333333,63.66666666666663,655.0,132.0,536.0,-13.0,567.0,4.0,10.0,0.016014782199934997,0.010389035330233803
202411307.0,2024-12-01T13:00:00,1,2024,13,CIN,PIT,HOME,38.0,44.0,82.0,Paycor Stadium,14.0,7.0,3.0,14.0,0.0,34.0,8.0,28:51,24.0,6.0,14.0,4.0,78.0,452.0,5.8,3.0,25.0,110.0,4.4,0.0,50.0,28.0,342.0,3.0,0.0,6.8,12.2,56.0,97.25,17.0,5.0,29.4,3.0,3.0,100.0,4.0,2.0,0.0,0.0,8.0,56.0,0.0,0.0,3.0,14.0,6.0,4.0,5.0,250.0,50.0,0.0,1.0,1.0,7.0,20.0,7.0,10.0,0.0,25.0,52.0,31:09,24.0,7.0,14.0,3.0,63.0,435.0,6.9,4.0,25.0,155.0,6.2,2.0,36.0,17.0,280.0,2.0,0.0,7.8,16.5,47.2,92.36,11.0,3.0,27.3,1.0,1.0,100.0,2.0,1.0,0.0,0.0,5.0,50.0,1.0,1.0,2.0,17.0,14.0,5.0,6.0,280.0,46.7,1.0,0.0,-1.0,50.0,0.0,50.0,0.0,3.0,3.0,0.0,0.0,0.0,0.0,0.0,4.0,2.0,4.0,4.0,0.0,0.0,0.0,0.0,0.0,2.0,2.0,31.0,24.0,2.0,17.0,9.0,1.0,1.0,38.0,31.0,3.0,14.0,10.0,0.0,0.0,Sunday,993004814,7,28,18824.0,-6.0,0,1.0,0.294,0.0,0.008935266779052,0.4215686274509804,0.1803911765013469,-0.0532953811773989,0.0414455098986743,0.4827586206896552,0.0415435777512873,0.0399635632638819,34.0,31.0,3.0,431.6666666666667,347.0,0.333,0.442,0.4,297.0,296.0,4.0,0.0967277167334155,0.5025397840295539,0.2240665615427076,-0.1464051948988106,0.0493579244561289,0.4903855524268209,0.1307744266440239,-0.1328425402286474,0.0340800301026789,0.0544025050080462,202411307.0,2024-12-01T13:00:00,1,2024,13,PIT,CIN,AWAY,44.0,38.0,82.0,Paycor Stadium,7.0,20.0,7.0,10.0,0.0,35.0,2.0,31:09,17.0,5.0,10.0,2.0,67.0,368.0,5.5,2.0,34.0,120.0,3.5,1.0,29.0,21.0,248.0,1.0,0.0,8.6,11.8,72.4,109.55,16.0,7.0,43.8,3.0,1.0,33.3,2.0,1.0,0.0,0.0,6.0,39.0,2.0,1.0,4.0,22.0,6.0,1.0,1.0,15.0,15.0,1.0,3.0,2.0,14.0,7.0,3.0,14.0,0.0,24.0,58.0,28:51,17.0,8.0,8.0,1.0,55.0,304.0,5.5,3.0,27.0,85.0,3.1,3.0,27.0,18.0,219.0,0.0,1.0,8.1,12.2,66.7,76.0,10.0,1.0,10.0,4.0,4.0,100.0,4.0,3.0,0.0,0.0,8.0,48.0,3.0,2.0,1.0,0.0,9.0,11.0,3.0,92.0,30.7,3.0,1.0,-2.0,50.0,0.0,75.0,0.0,1.0,1.0,0.0,2.0,0.0,0.0,0.0,3.0,2.0,1.0,1.0,0.0,4.0,1.0,0.0,0.0,1.0,1.0,26.0,34.0,1.0,0.0,6.0,3.0,2.0,50.0,27.0,4.0,22.0,0.0,1.0,1.0,Sunday,993004813,28,7,18847.0,6.0,1,2.0,0.438,0.0,-0.0537514248845461,0.4047619047619047,0.2663146684222173,-0.3088189726713057,-0.0469423366419008,0.4594594594594595,-0.0838508407680501,0.0898993807385338,21.7,22.3,-0.7,327.6666666666667,291.6666666666667,1.0,0.375,0.8,252.0,186.0,8.0,-0.0332720541187573,0.407794346260841,0.0780858935414609,-0.2539049285364771,-0.0611742977345314,0.4734636183300036,-0.1390996670377476,0.0327209787050179,0.0255545726039402,-0.0661952127528595,3.7,2.3,-0.4,1.2000000000000002,104.0,759.3333333333334,55.333333333333314,638.6666666666667,45.0,549.0,110.0,482.0,-4.0,12.0,0.1299997708521728,0.1105322221906603
202411320.0,2024-12-01T13:00:00,1,2024,13,MIN,ARI,HOME,23.0,22.0,45.0,U.S. Bank Stadium,3.0,3.0,7.0,10.0,0.0,33.0,26.0,24:11,22.0,7.0,13.0,2.0,65.0,452.0,7.0,3.0,27.0,124.0,4.6,1.0,35.0,23.0,328.0,2.0,0.0,9.4,14.3,65.7,114.94,13.0,6.0,46.2,1.0,0.0,0.0,7.0,3.0,0.0,0.0,5.0,45.0,1.0,1.0,3.0,16.0,4.0,8.0,4.0,167.0,41.8,1.0,1.0,0.0,3.0,6.0,10.0,3.0,0.0,34.0,24.0,35:49,20.0,6.0,14.0,0.0,73.0,398.0,5.5,3.0,22.0,78.0,3.5,1.0,48.0,32.0,320.0,2.0,0.0,6.7,10.0,66.7,99.31,17.0,6.0,35.3,3.0,2.0,66.7,3.0,3.0,0.0,0.0,7.0,80.0,2.0,1.0,3.0,20.0,9.0,5.0,6.0,292.0,48.7,1.0,1.0,0.0,42.9,0.0,100.0,0.0,3.0,3.0,0.0,0.0,0.0,0.0,0.0,3.0,3.0,1.0,1.0,0.0,4.0,1.0,0.0,0.0,3.0,2.0,44.0,29.0,3.0,20.0,3.0,1.0,1.0,42.0,29.0,3.0,16.0,5.0,1.0,1.0,Sunday,993004820,20,1,18841.0,1.0,1,0.0,0.462,0.0,0.1409707486000297,0.5,0.3566576417585939,-0.3247506685632781,0.0445507361212103,0.4842105263157895,0.1080136592404585,-0.171982009354157,21.7,15.7,6.0,390.6666666666667,278.3333333333333,0.0,0.392,0.8,274.0,197.0,9.0,0.0529482789869633,0.4707311292807205,0.2442462563626299,-0.2336845562040424,-0.0971936142500174,0.4134100607784818,-0.048582659778466,-0.4012375216988836,0.0237573073739404,-0.084462471284644,202411320.0,2024-12-01T13:00:00,1,2024,13,ARI,MIN,AWAY,22.0,23.0,45.0,U.S. Bank Stadium,3.0,6.0,10.0,3.0,0.0,26.0,47.0,35:49,15.0,0.0,15.0,0.0,56.0,298.0,5.3,0.0,14.0,49.0,3.5,0.0,37.0,24.0,249.0,0.0,1.0,6.7,10.4,64.9,72.92,12.0,3.0,25.0,1.0,0.0,0.0,2.0,0.0,0.0,0.0,5.0,60.0,0.0,0.0,5.0,36.0,6.0,8.0,6.0,310.0,51.7,1.0,1.0,0.0,3.0,3.0,7.0,10.0,0.0,33.0,13.0,24:11,17.0,4.0,12.0,1.0,61.0,285.0,4.7,2.0,25.0,65.0,2.6,0.0,31.0,22.0,220.0,1.0,1.0,7.1,10.0,71.0,88.1,14.0,7.0,50.0,0.0,0.0,0.0,2.0,1.0,0.0,0.0,5.0,51.0,1.0,0.0,5.0,34.0,7.0,5.0,5.0,218.0,43.6,1.0,1.0,0.0,0.0,0.0,50.0,0.0,0.0,0.0,0.0,0.0,0.0,0.0,0.0,3.0,2.0,2.0,1.0,0.0,0.0,0.0,0.0,0.0,1.0,1.0,42.0,19.0,5.0,34.0,5.0,1.0,0.0,33.0,25.0,5.0,36.0,6.0,0.0,0.0,Sunday,993004819,1,20,18838.0,-1.0,0,0.0,0.25,0.0,-0.1647547930883269,0.3888888888888889,-0.1619117882427736,-0.4082181490957737,-0.0338624734393256,0.4025974025974026,0.0566588799194552,-0.2762885621902153,22.0,10.3,11.7,351.3333333333333,244.33333333333337,-0.333,0.45,0.8,244.0,236.0,6.0,0.064650954973771,0.5004573355914279,0.0842277750982262,-0.0819347463453559,-0.0872558372267497,0.4119948678772208,-0.1421124605480684,-0.0954426195426862,0.0997825406878155,0.008680203075954,-5.699999999999999,17.7,0.0,1.6,39.33333333333337,742.0,33.99999999999994,522.6666666666667,30.0,518.0,-39.0,433.0,3.0,15.0,-0.011702675986807708,-0.009937777023267688
202411324.0,2024-12-01T13:00:00,1,2024,13,NYJ,SEA,HOME,21.0,26.0,47.0,MetLife Stadium,14.0,7.0,0.0,0.0,0.0,25.0,43.0,28:39,10.0,3.0,7.0,0.0,52.0,253.0,4.9,3.0,20.0,91.0,4.6,1.0,29.0,22.0,162.0,2.0,0.0,5.6,7.4,75.9,111.57,13.0,4.0,30.8,1.0,0.0,0.0,3.0,2.0,0.0,0.0,2.0,14.0,1.0,0.0,3.0,22.0,5.0,7.0,5.0,277.0,55.4,0.0,1.0,1.0,0.0,16.0,0.0,10.0,0.0,34.0,17.0,31:21,18.0,5.0,13.0,0.0,67.0,332.0,5.0,3.0,35.0,91.0,2.6,2.0,30.0,20.0,241.0,1.0,0.0,8.0,12.0,66.7,102.22,15.0,6.0,40.0,2.0,1.0,50.0,4.0,3.0,0.0,0.0,5.0,40.0,2.0,1.0,2.0,31.0,5.0,6.0,4.0,200.0,50.0,1.0,0.0,-1.0,66.7,0.0,75.0,0.0,3.0,3.0,0.0,0.0,0.0,0.0,0.0,2.0,2.0,1.0,1.0,0.0,3.0,0.0,0.0,0.0,3.0,3.0,49.0,25.0,2.0,31.0,1.0,1.0,1.0,35.0,29.0,3.0,22.0,2.0,1.0,0.0,Sunday,993004816,24,30,18822.0,-5.0,0,1.0,0.308,0.0,-0.0076136455424544,0.4507042253521127,-0.0243061137488506,-0.2342368407806038,0.0446810059733087,0.4186046511627907,0.2633547933604638,-0.23534719839757,18.0,24.0,-6.0,251.0,353.3333333333333,0.0,0.395,0.2,204.0,242.0,3.0,0.0201377427632412,0.4724883007418672,0.0105069270358897,-0.1134140416715796,0.1240609220978087,0.4782549232563886,0.3015647285508651,-0.0337819949170967,-0.0082337362000988,0.1125518479162439,202411324.0,2024-12-01T13:00:00,1,2024,13,SEA,NYJ,AWAY,26.0,21.0,47.0,MetLife Stadium,0.0,16.0,0.0,10.0,0.0,33.0,13.0,31:21,17.0,4.0,12.0,1.0,61.0,285.0,4.7,2.0,25.0,65.0,2.6,0.0,31.0,22.0,220.0,1.0,1.0,7.1,10.0,71.0,88.1,14.0,7.0,50.0,0.0,0.0,0.0,2.0,1.0,0.0,0.0,5.0,51.0,1.0,0.0,5.0,34.0,7.0,5.0,5.0,218.0,43.6,1.0,1.0,0.0,14.0,7.0,0.0,0.0,0.0,26.0,47.0,28:39,15.0,0.0,15.0,0.0,56.0,298.0,5.3,0.0,14.0,49.0,3.5,0.0,37.0,24.0,249.0,0.0,1.0,6.7,10.4,64.9,72.92,12.0,3.0,25.0,1.0,0.0,0.0,2.0,0.0,0.0,0.0,5.0,60.0,0.0,0.0,5.0,36.0,6.0,8.0,6.0,310.0,51.7,1.0,1.0,0.0,50.0,0.0,0.0,0.0,2.0,1.0,0.0,0.0,0.0,0.0,0.0,1.0,1.0,0.0,0.0,0.0,0.0,0.0,0.0,0.0,3.0,2.0,33.0,25.0,5.0,36.0,6.0,0.0,0.0,42.0,19.0,5.0,34.0,5.0,1.0,0.0,Sunday,993004815,30,24,18838.0,5.0,1,0.0,0.5,0.0,-0.0338624734393256,0.4025974025974026,0.0566588799194552,-0.2762885621902153,-0.1647547930883269,0.3888888888888889,-0.1619117882427736,-0.4082181490957737,18.7,16.3,2.3,332.6666666666667,313.6666666666667,-0.667,0.409,0.6,246.0,244.0,6.0,-0.0424172039609314,0.4460803223179461,0.0317950857194435,-0.3050774475488252,-0.0700560853222339,0.423771657814211,0.0540507383601608,-0.2838348726266849,-0.0111385497588132,-0.032393078154056,-8.3,-3.7,-0.39999999999999997,0.8,-81.66666666666669,583.6666666666667,39.66666666666663,667.0,-42.0,450.0,-2.0,486.0,-3.0,9.0,0.0625549467241726,0.1941170074200426
202411321.0,2024-12-01T13:00:00,1,2024,13,NE,IND,HOME,24.0,25.0,49.0,Gillette Stadium,6.0,10.0,0.0,8.0,0.0,27.0,56.0,34:12,14.0,4.0,8.0,2.0,63.0,268.0,4.3,2.0,21.0,86.0,4.1,0.0,38.0,22.0,182.0,1.0,1.0,4.8,8.3,57.9,68.09,14.0,3.0,21.4,3.0,1.0,33.3,0.0,0.0,0.0,0.0,10.0,75.0,1.0,1.0,4.0,39.0,2.0,5.0,5.0,259.0,51.8,2.0,1.0,-1.0,7.0,7.0,3.0,8.0,0.0,32.0,4.0,25:48,23.0,2.0,19.0,2.0,66.0,373.0,5.7,4.0,24.0,65.0,2.7,0.0,40.0,29.0,308.0,4.0,0.0,7.7,10.6,72.5,127.92,12.0,4.0,33.3,0.0,0.0,0.0,4.0,3.0,0.0,0.0,3.0,17.0,1.0,1.0,2.0,9.0,8.0,6.0,5.0,240.0,48.0,1.0,2.0,1.0,0.0,0.0,75.0,0.0,1.0,1.0,0.0,2.0,1.0,0.0,0.0,1.0,0.0,4.0,4.0,0.0,0.0,0.0,0.0,0.0,2.0,2.0,39.0,28.0,2.0,9.0,9.0,1.0,1.0,39.0,19.0,4.0,39.0,6.0,1.0,1.0,Sunday,993004826,21,14,18844.0,-1.0,0,-1.0,0.214,0.0,-0.2046314815928376,0.4090909090909091,-0.2355039600529707,-0.0692852431823629,0.0307853584208535,0.5,0.3177776330180042,-0.6274470336901048,18.7,21.7,-3.0,326.0,305.6666666666667,-1.333,0.333,0.4,197.0,282.0,3.0,-0.0571469249929498,0.4671778513883777,-0.0258973646224596,-0.0691122332713913,-0.0183850281814566,0.4647058823529411,0.1537784523206744,-0.2326890576310057,-0.0485689697710611,-0.0178863845565684,202411321.0,2024-12-01T13:00:00,1,2024,13,IND,NE,AWAY,25.0,24.0,49.0,Gillette Stadium,7.0,7.0,3.0,8.0,0.0,22.0,59.0,25:48,11.0,3.0,7.0,1.0,49.0,268.0,5.5,0.0,21.0,96.0,4.6,0.0,28.0,11.0,172.0,0.0,0.0,6.1,15.6,39.3,60.42,12.0,3.0,25.0,1.0,0.0,0.0,2.0,0.0,0.0,0.0,10.0,75.0,2.0,0.0,0.0,0.0,9.0,7.0,6.0,317.0,52.8,0.0,0.0,0.0,6.0,10.0,0.0,8.0,0.0,37.0,1.0,34:12,26.0,10.0,15.0,1.0,72.0,390.0,5.4,3.0,33.0,137.0,4.2,3.0,36.0,26.0,253.0,0.0,0.0,7.0,9.7,72.2,91.55,15.0,9.0,60.0,1.0,0.0,0.0,4.0,3.0,0.0,0.0,5.0,45.0,1.0,0.0,3.0,16.0,6.0,1.0,4.0,192.0,48.0,0.0,0.0,0.0,0.0,0.0,75.0,0.0,0.0,0.0,0.0,0.0,0.0,0.0,0.0,2.0,2.0,3.0,3.0,0.0,0.0,0.0,0.0,0.0,1.0,1.0,38.0,47.0,3.0,16.0,2.0,1.0,0.0,26.0,13.0,0.0,0.0,2.0,1.0,0.0,Sunday,993004825,14,21,18843.0,1.0,1,0.0,0.25,0.0,-0.1726688031238787,0.3623188405797101,-0.2853745285694725,-0.1605304670734576,0.113464706341061,0.5227272727272727,0.2124338037645818,0.0776294523910168,18.0,27.0,-9.0,320.3333333333333,352.6666666666667,-1.0,0.338,0.2,242.0,274.0,5.0,-0.0976081310253354,0.4186411639141669,-0.1013958528593347,-0.1755327649849425,0.0404714618576169,0.4856493271986229,0.0220793977209203,0.0090229029091815,-0.1209954773896441,-0.0060447382503279,6.0,-12.0,0.2,0.6000000000000001,5.666666666666686,646.3333333333333,-47.0,658.3333333333334,-45.0,439.0,8.0,556.0,-2.0,8.0,0.0404612060323856,-0.058856490039073506
202411302.0,2024-12-01T13:00:00,1,2024,13,ATL,LAC,HOME,13.0,17.0,30.0,Mercedes-Benz Stadium,7.0,0.0,6.0,0.0,0.0,29.0,55.0,35:55,13.0,2.0,10.0,1.0,56.0,226.0,4.0,0.0,21.0,50.0,2.4,0.0,31.0,20.0,176.0,0.0,1.0,5.7,8.8,64.5,66.06,13.0,4.0,30.8,2.0,2.0,100.0,1.0,0.0,0.0,0.0,6.0,52.0,1.0,0.0,4.0,21.0,3.0,5.0,5.0,250.0,50.0,1.0,0.0,-1.0,3.0,6.0,8.0,0.0,0.0,30.0,5.0,24:05,22.0,7.0,14.0,1.0,60.0,400.0,6.7,5.0,26.0,105.0,4.0,1.0,33.0,28.0,295.0,4.0,0.0,8.9,10.5,84.8,143.5,11.0,6.0,54.5,1.0,1.0,100.0,4.0,4.0,0.0,0.0,4.0,45.0,1.0,0.0,1.0,12.0,6.0,8.0,3.0,135.0,45.0,0.0,1.0,1.0,0.0,0.0,100.0,0.0,0.0,0.0,0.0,0.0,0.0,0.0,0.0,2.0,2.0,5.0,5.0,0.0,0.0,0.0,0.0,0.0,1.0,1.0,40.0,26.0,1.0,12.0,2.0,1.0,0.0,34.0,26.0,4.0,21.0,5.0,0.0,0.0,Sunday,993004822,2,29,18825.0,-4.0,0,-1.0,0.308,0.0,-0.1697272087476449,0.4342105263157895,-0.0992990573140407,-0.50291562763265,0.2899848231270657,0.5526315789473685,0.5937780491506351,-0.0459155899622531,16.7,26.3,-9.7,334.6666666666667,381.0,-1.0,0.324,0.4,244.0,274.0,6.0,-0.0627448204976942,0.4706904552929189,0.070423555774344,-0.1466393916066402,0.0781506939980251,0.4676958353330134,0.2440808237668105,-0.0654625232923704,-0.0339706534641411,0.0891515968843584,202411302.0,2024-12-01T13:00:00,1,2024,13,LAC,ATL,AWAY,17.0,13.0,30.0,Mercedes-Benz Stadium,3.0,6.0,8.0,0.0,0.0,29.0,3.0,24:05,19.0,7.0,9.0,3.0,60.0,285.0,4.8,2.0,20.0,83.0,4.2,2.0,36.0,21.0,202.0,0.0,0.0,5.6,9.6,58.3,74.07,14.0,5.0,35.7,2.0,2.0,100.0,2.0,2.0,0.0,0.0,7.0,62.0,1.0,0.0,4.0,16.0,2.0,4.0,4.0,165.0,41.2,0.0,0.0,0.0,7.0,0.0,6.0,0.0,0.0,30.0,57.0,35:55,19.0,12.0,6.0,1.0,60.0,389.0,6.5,4.0,37.0,212.0,5.7,2.0,22.0,16.0,177.0,2.0,0.0,8.0,11.1,72.7,126.52,15.0,8.0,53.3,3.0,3.0,100.0,2.0,2.0,0.0,0.0,9.0,102.0,0.0,0.0,1.0,0.0,7.0,6.0,3.0,163.0,54.3,0.0,0.0,0.0,100.0,0.0,100.0,0.0,2.0,2.0,0.0,0.0,0.0,0.0,0.0,3.0,3.0,3.0,3.0,0.0,2.0,0.0,0.0,0.0,1.0,1.0,32.0,33.0,1.0,0.0,2.0,0.0,0.0,33.0,18.0,4.0,16.0,5.0,1.0,0.0,Sunday,993004821,29,2,18835.0,4.0,1,0.0,0.357,0.0,0.0864378599997444,0.5057471264367817,0.0935641490071645,-0.1577348487917333,0.2318591342108034,0.4871794871794871,0.2914311766268986,0.2465885013052438,28.0,24.7,3.3,343.0,376.6666666666667,-0.333,0.343,0.8,243.0,175.0,7.0,0.1070088804669578,0.5054278416347382,0.1916944182650042,-0.0163335924298735,0.0938201388292317,0.4695827048768224,0.1780984173708301,0.1216620653657299,0.0596342344229893,-0.0380726754315845,-13.0,-6.3999999999999995,-0.4,1.2000000000000002,-8.333333333333314,677.6666666666667,4.333333333333314,757.6666666666667,1.0,487.0,99.0,449.0,-1.0,13.0,-0.169753700964652,-0.015669444831206594
202411315.0,2024-12-01T13:00:00,1,2024,13,JAX,HOU,HOME,20.0,23.0,43.0,EverBank Stadium,0.0,3.0,3.0,14.0,0.0,20.0,54.0,27:43,10.0,2.0,7.0,1.0,47.0,170.0,3.6,0.0,17.0,41.0,2.4,0.0,29.0,17.0,129.0,0.0,1.0,4.4,7.6,58.6,55.1,10.0,2.0,20.0,2.0,1.0,50.0,1.0,0.0,0.0,0.0,6.0,40.0,0.0,0.0,1.0,9.0,2.0,3.0,5.0,267.0,53.4,1.0,0.0,-1.0,0.0,6.0,10.0,7.0,0.0,39.0,6.0,32:17,38.0,14.0,22.0,2.0,76.0,645.0,8.5,7.0,43.0,196.0,4.6,3.0,33.0,27.0,449.0,4.0,0.0,13.6,16.6,81.8,158.33,10.0,6.0,60.0,3.0,3.0,100.0,5.0,5.0,0.0,0.0,4.0,46.0,0.0,0.0,0.0,0.0,3.0,3.0,0.0,0.0,0.0,0.0,1.0,1.0,0.0,0.0,100.0,0.0,0.0,0.0,0.0,0.0,0.0,0.0,0.0,2.0,2.0,7.0,7.0,0.0,0.0,0.0,0.0,0.0,1.0,1.0,52.0,31.0,0.0,0.0,1.0,0.0,0.0,25.0,22.0,1.0,9.0,2.0,0.0,0.0,Sunday,993004818,15,13,18828.0,-3.0,0,-1.0,0.2,0.0,-0.1933241894732771,0.4328358208955223,-0.3892852353145331,-0.2872294496846734,0.4441400054942261,0.6703296703296703,1.0176920264763978,0.1036525204828462,12.0,30.7,-18.7,176.0,498.0,-1.0,0.318,0.2,208.0,316.0,2.0,-0.1510763334724213,0.4229760289461781,-0.2654548231825606,-0.2769988630303284,0.1487153422723445,0.5219420478237624,0.4099957754244532,-0.0387151344340609,-0.0323544405712199,0.1115973024560507,202411315.0,2024-12-01T13:00:00,1,2024,13,HOU,JAX,AWAY,23.0,20.0,43.0,EverBank Stadium,0.0,6.0,10.0,7.0,0.0,25.0,31.0,32:17,12.0,0.0,11.0,1.0,54.0,260.0,4.8,3.0,17.0,40.0,2.4,0.0,33.0,20.0,220.0,2.0,2.0,6.7,11.0,60.6,75.32,13.0,3.0,23.1,0.0,0.0,0.0,4.0,2.0,0.0,0.0,11.0,81.0,0.0,0.0,4.0,27.0,9.0,13.0,5.0,240.0,48.0,2.0,3.0,1.0,0.0,3.0,3.0,14.0,0.0,34.0,29.0,27:43,19.0,8.0,8.0,3.0,66.0,369.0,5.6,3.0,33.0,132.0,4.0,1.0,25.0,18.0,237.0,2.0,1.0,9.5,13.2,72.0,111.58,14.0,4.0,28.6,1.0,1.0,100.0,1.0,1.0,0.0,0.0,6.0,35.0,3.0,2.0,8.0,41.0,6.0,9.0,5.0,250.0,50.0,3.0,2.0,-1.0,50.0,0.0,100.0,0.0,3.0,3.0,0.0,0.0,0.0,0.0,0.0,3.0,2.0,3.0,3.0,0.0,0.0,0.0,0.0,0.0,3.0,3.0,47.0,18.0,8.0,41.0,2.0,0.0,2.0,35.0,11.0,4.0,27.0,7.0,0.0,0.0,Sunday,993004817,13,15,18842.0,3.0,1,1.0,0.231,0.0,-0.099807983025588,0.4025974025974026,-0.1658294414090441,-0.512402424688584,-0.0059414865931632,0.4606741573033708,0.0424124374276086,-0.2033883300061137,28.0,22.7,5.3,299.6666666666667,367.3333333333333,1.667,0.321,0.4,285.0,268.0,7.0,-0.0380865500068573,0.4259973924056612,-0.0165251264750691,-0.2503400620674323,-0.1031332715776913,0.4330193318957363,-0.0921933698768907,-0.268326823443493,-0.0241429641956422,-0.0451520807399775,-24.0,-13.399999999999999,-0.2,0.6000000000000001,-123.66666666666669,475.6666666666667,130.66666666666669,865.3333333333333,-77.0,493.0,48.0,584.0,-5.0,9.0,-0.112989783465564,0.2518486138500358
202411305.0,2024-12-01T16:05:00,1,2024,13,CAR,TB,HOME,23.0,26.0,49.0,Bank of America Stadium,3.0,10.0,3.0,7.0,0.0,27.0,44.0,27:39,21.0,6.0,13.0,2.0,58.0,334.0,5.8,2.0,21.0,85.0,4.0,1.0,35.0,21.0,249.0,1.0,0.0,7.1,11.9,60.0,91.25,13.0,5.0,38.5,2.0,2.0,100.0,6.0,2.0,0.0,0.0,9.0,53.0,1.0,0.0,2.0,14.0,8.0,8.0,2.0,103.0,51.5,0.0,0.0,0.0,7.0,3.0,0.0,13.0,3.0,32.0,16.0,39:31,27.0,8.0,15.0,4.0,68.0,391.0,5.8,3.0,26.0,165.0,6.3,0.0,37.0,27.0,226.0,3.0,0.0,6.1,8.4,73.0,115.37,13.0,8.0,61.5,1.0,1.0,100.0,5.0,2.0,0.0,0.0,10.0,91.0,1.0,0.0,5.0,43.0,7.0,2.0,2.0,94.0,47.0,0.0,0.0,0.0,33.3,0.0,40.0,0.0,1.0,1.0,0.0,0.0,0.0,1.0,1.0,4.0,4.0,3.0,3.0,0.0,0.0,0.0,0.0,0.0,3.0,3.0,46.0,19.0,5.0,43.0,3.0,1.0,0.0,31.0,23.0,2.0,14.0,2.0,1.0,0.0,Sunday,993004828,5,33,18840.0,-3.0,0,0.0,0.385,0.0,0.1368873899725561,0.5121951219512195,0.2364514950870513,0.2133715663780825,0.2444722455047745,0.5955056179775281,0.2789609080235302,0.1986508315868294,23.3,23.0,0.3,295.3333333333333,386.6666666666667,0.333,0.395,0.4,194.0,340.0,3.0,0.050680165123363,0.4597315290321739,0.0510876220096841,0.0816763192568678,0.0816674889244703,0.5307151343079216,0.0662010297009871,0.1154975852328227,-0.0560042525537392,0.1049811670413125,202411305.0,2024-12-01T16:05:00,1,2024,13,TB,CAR,AWAY,26.0,23.0,49.0,Bank of America Stadium,7.0,3.0,0.0,13.0,3.0,33.0,59.0,39:31,24.0,10.0,12.0,2.0,62.0,451.0,7.3,4.0,32.0,157.0,4.9,4.0,30.0,24.0,294.0,0.0,0.0,9.8,12.2,80.0,107.5,11.0,6.0,54.5,2.0,1.0,50.0,5.0,4.0,0.0,0.0,4.0,29.0,4.0,1.0,0.0,0.0,9.0,6.0,2.0,80.0,40.0,1.0,1.0,0.0,3.0,10.0,3.0,7.0,0.0,26.0,1.0,27:39,17.0,5.0,11.0,1.0,56.0,245.0,4.4,1.0,20.0,76.0,3.8,1.0,32.0,22.0,169.0,0.0,0.0,5.3,7.7,68.8,81.38,11.0,5.0,45.5,2.0,0.0,0.0,3.0,1.0,0.0,0.0,4.0,42.0,2.0,1.0,4.0,23.0,2.0,3.0,4.0,168.0,42.0,1.0,1.0,0.0,80.0,0.0,33.3,0.0,4.0,3.0,0.0,0.0,0.0,0.0,0.0,1.0,1.0,1.0,1.0,0.0,0.0,0.0,0.0,0.0,0.0,0.0,37.0,21.0,4.0,23.0,3.0,2.0,2.0,35.0,40.0,0.0,0.0,2.0,3.0,1.0,Sunday,993004827,33,5,18845.0,3.0,1,0.0,0.545,0.0,0.211400159744966,0.5,0.7273384571058809,-0.1907838824810393,-0.1799283215095709,0.4305555555555556,-0.0972287739663612,-0.6164283696659064,24.7,20.0,4.7,316.6666666666667,347.3333333333333,0.667,0.452,0.2,309.0,273.0,5.0,0.1346726775140051,0.4814814814814814,0.3198671639537495,-0.0641997419559104,0.0312843580715344,0.5151851851851852,0.2182643598612852,-0.2897289655654052,0.1066374876307512,0.1091667460655399,-4.4,5.0,0.2,0.6000000000000001,-21.33333333333337,612.0,39.33333333333337,734.0,-115.0,503.0,67.0,613.0,-2.0,8.0,-0.08399251239064211,0.0503831308529359
202411322.0,2024-12-01T16:05:00,1,2024,13,NO,LAR,HOME,14.0,21.0,35.0,Caesars Superdome,3.0,3.0,0.0,8.0,0.0,30.0,38.0,32:37,19.0,8.0,11.0,0.0,58.0,473.0,8.2,5.0,28.0,214.0,7.6,3.0,29.0,22.0,259.0,2.0,1.0,8.9,11.8,75.9,111.14,10.0,5.0,50.0,1.0,1.0,100.0,3.0,2.0,0.0,0.0,5.0,41.0,2.0,1.0,1.0,7.0,5.0,5.0,3.0,110.0,36.7,2.0,0.0,-2.0,0.0,0.0,7.0,14.0,0.0,29.0,22.0,27:23,22.0,3.0,17.0,2.0,70.0,443.0,6.3,2.0,20.0,66.0,3.3,0.0,47.0,30.0,377.0,2.0,0.0,8.0,12.6,63.8,102.88,13.0,3.0,23.1,3.0,1.0,33.3,1.0,0.0,0.0,0.0,3.0,14.0,0.0,0.0,3.0,18.0,2.0,5.0,5.0,228.0,45.6,0.0,2.0,2.0,66.7,0.0,0.0,0.0,5.0,5.0,0.0,0.0,0.0,0.0,0.0,0.0,0.0,0.0,0.0,0.0,3.0,1.0,0.0,0.0,2.0,0.0,32.0,39.0,3.0,18.0,5.0,0.0,0.0,29.0,32.0,1.0,7.0,3.0,2.0,1.0,Sunday,993004830,22,32,18831.0,-7.0,0,-2.0,0.5,0.0,0.2156725019474644,0.5205479452054794,0.0910954551692421,0.4077851457404904,-0.0730158823959959,0.3956043956043956,0.1892320200081166,-0.3646457659227675,25.7,18.0,7.7,421.6666666666667,385.6666666666667,0.0,0.406,0.4,262.0,260.0,4.0,0.0878102386898504,0.4574445531637313,0.1316551477946387,0.0906386335482007,-0.0260153560374119,0.4547130025104253,0.1144700994715393,-0.0880113709275274,-0.0462751276706538,0.0056272617732956,202411322.0,2024-12-01T16:05:00,1,2024,13,LAR,NO,AWAY,21.0,14.0,35.0,Caesars Superdome,0.0,0.0,7.0,14.0,0.0,26.0,19.0,27:23,23.0,8.0,13.0,2.0,59.0,290.0,4.9,3.0,18.0,92.0,5.1,1.0,36.0,24.0,198.0,2.0,0.0,5.5,8.2,66.7,99.07,8.0,0.0,0.0,3.0,3.0,100.0,4.0,2.0,0.0,0.0,4.0,38.0,4.0,1.0,5.0,45.0,2.0,4.0,4.0,159.0,39.8,1.0,0.0,-1.0,3.0,3.0,0.0,8.0,0.0,33.0,41.0,32:37,24.0,12.0,10.0,2.0,68.0,481.0,7.1,4.0,45.0,314.0,7.0,3.0,22.0,15.0,167.0,1.0,0.0,7.6,11.1,68.2,105.68,15.0,9.0,60.0,1.0,0.0,0.0,5.0,2.0,0.0,0.0,4.0,52.0,0.0,0.0,1.0,12.0,11.0,8.0,1.0,54.0,54.0,0.0,1.0,1.0,50.0,0.0,40.0,0.0,2.0,2.0,0.0,2.0,0.0,0.0,0.0,1.0,0.0,4.0,4.0,0.0,0.0,0.0,0.0,0.0,3.0,3.0,42.0,32.0,1.0,12.0,2.0,0.0,0.0,38.0,12.0,5.0,45.0,7.0,4.0,1.0,Sunday,993004829,32,22,18836.0,7.0,1,-1.0,0.0,0.0,-0.0146126754220746,0.5063291139240507,0.1651998102500832,-0.3573132290004971,0.2780694653663297,0.5227272727272727,0.3226361324830439,0.3124295776797225,21.0,27.3,-6.3,339.6666666666667,367.0,0.333,0.167,0.6,233.0,276.0,5.0,-0.0008233147872375,0.5110684605575098,0.1969365507721892,-0.2327812983102064,0.0939129823845526,0.4919172082172867,0.1729527520683277,-0.0258863799623675,0.021104219650785,0.0441511055945224,14.0,1.4000000000000004,-0.19999999999999996,1.0,82.0,761.3333333333334,18.666666666666686,752.6666666666667,29.0,495.0,-16.0,536.0,-1.0,9.0,0.0886335534770879,-0.1199283384219645
202411303.0,2024-12-01T16:25:00,1,2024,13,BAL,PHI,HOME,19.0,24.0,43.0,M&T Bank Stadium,9.0,3.0,0.0,7.0,0.0,30.0,57.0,33:51,19.0,12.0,6.0,1.0,60.0,389.0,6.5,4.0,37.0,212.0,5.7,2.0,22.0,16.0,177.0,2.0,0.0,8.0,11.1,72.7,126.52,15.0,8.0,53.3,3.0,3.0,100.0,2.0,2.0,0.0,0.0,9.0,102.0,0.0,0.0,1.0,0.0,7.0,6.0,3.0,163.0,54.3,0.0,0.0,0.0,0.0,14.0,0.0,10.0,0.0,29.0,3.0,26:09,19.0,7.0,9.0,3.0,60.0,285.0,4.8,2.0,20.0,83.0,4.2,2.0,36.0,21.0,202.0,0.0,0.0,5.6,9.6,58.3,74.07,14.0,5.0,35.7,2.0,2.0,100.0,2.0,2.0,0.0,0.0,7.0,62.0,1.0,0.0,4.0,16.0,2.0,4.0,4.0,165.0,41.2,0.0,0.0,0.0,100.0,0.0,100.0,0.0,3.0,3.0,0.0,2.0,0.0,0.0,0.0,1.0,1.0,2.0,2.0,0.0,0.0,0.0,0.0,0.0,3.0,3.0,33.0,18.0,4.0,16.0,5.0,1.0,0.0,32.0,33.0,1.0,0.0,2.0,0.0,0.0,Sunday,993004832,3,26,18835.0,-5.0,0,0.0,0.533,0.0,0.2318591342108034,0.4871794871794871,0.2914311766268986,0.2465885013052438,0.0864378599997444,0.5057471264367817,0.0935641490071645,-0.1577348487917333,27.0,25.0,2.0,369.0,352.6666666666667,-0.333,0.493,0.6,364.0,294.0,8.0,0.0908771983740444,0.4744731748951158,0.1962072523817568,0.0436638773689513,0.0503744616245208,0.4796505312635779,0.0376684673435997,-0.2459699827696668,0.1328767520587664,0.0302343927548677,202411303.0,2024-12-01T16:25:00,1,2024,13,PHI,BAL,AWAY,24.0,19.0,43.0,M&T Bank Stadium,0.0,14.0,0.0,10.0,0.0,33.0,41.0,26:09,24.0,12.0,10.0,2.0,68.0,481.0,7.1,4.0,45.0,314.0,7.0,3.0,22.0,15.0,167.0,1.0,0.0,7.6,11.1,68.2,105.68,15.0,9.0,60.0,1.0,0.0,0.0,5.0,2.0,0.0,0.0,4.0,52.0,0.0,0.0,1.0,12.0,11.0,8.0,1.0,54.0,54.0,0.0,1.0,1.0,9.0,3.0,0.0,7.0,0.0,26.0,19.0,33:51,23.0,8.0,13.0,2.0,59.0,290.0,4.9,3.0,18.0,92.0,5.1,1.0,36.0,24.0,198.0,2.0,0.0,5.5,8.2,66.7,99.07,8.0,0.0,0.0,3.0,3.0,100.0,4.0,2.0,0.0,0.0,4.0,38.0,4.0,1.0,5.0,45.0,2.0,4.0,4.0,159.0,39.8,1.0,0.0,-1.0,40.0,0.0,50.0,0.0,4.0,4.0,0.0,0.0,0.0,0.0,0.0,3.0,3.0,2.0,2.0,0.0,2.0,0.0,0.0,0.0,1.0,0.0,38.0,12.0,5.0,45.0,7.0,4.0,1.0,42.0,32.0,1.0,12.0,2.0,0.0,0.0,Sunday,993004831,26,3,18836.0,5.0,1,1.0,0.6,0.0,0.2780694653663297,0.5227272727272727,0.3226361324830439,0.3124295776797225,-0.0146126754220746,0.5063291139240507,0.1651998102500832,-0.3573132290004971,32.3,14.7,17.7,421.0,233.33333333333337,1.667,0.509,1.0,296.0,199.0,9.0,0.1073621204583231,0.4882834429487573,0.1250350656850178,0.1908186969339864,-0.1756266069602251,0.4821097046413502,-0.1579743822508869,-0.4047550359535596,0.1289324653939305,-0.1226321547176889,-15.7,19.7,-0.4,1.6,-52.0,790.0,119.33333333333331,586.0,68.0,660.0,95.0,493.0,-1.0,17.0,-0.016484922084278694,0.22600106858474592
202411304.0,2024-12-01T20:20:00,1,2024,13,BUF,SF,HOME,35.0,10.0,45.0,Highmark Stadium,7.0,14.0,7.0,7.0,0.0,34.0,3.0,33:27,24.0,9.0,13.0,2.0,71.0,366.0,5.2,4.0,31.0,104.0,3.4,3.0,40.0,27.0,262.0,1.0,1.0,6.6,9.7,67.5,83.54,15.0,9.0,60.0,2.0,1.0,50.0,4.0,3.0,0.0,0.0,3.0,24.0,0.0,0.0,0.0,0.0,7.0,3.0,3.0,126.0,42.0,1.0,2.0,1.0,3.0,0.0,7.0,0.0,0.0,25.0,57.0,26:33,19.0,3.0,15.0,1.0,52.0,259.0,5.0,3.0,17.0,78.0,4.6,0.0,33.0,23.0,181.0,3.0,2.0,5.5,7.9,69.7,88.07,10.0,5.0,50.0,1.0,0.0,0.0,3.0,3.0,0.0,0.0,6.0,57.0,0.0,0.0,2.0,15.0,4.0,3.0,4.0,193.0,48.2,2.0,1.0,-1.0,75.0,0.0,100.0,0.0,4.0,3.0,0.0,0.0,0.0,0.0,0.0,1.0,1.0,3.0,3.0,0.0,0.0,0.0,0.0,0.0,0.0,0.0,28.0,24.0,2.0,15.0,5.0,0.0,0.0,44.0,20.0,0.0,0.0,2.0,0.0,0.0,Sunday,993004834,4,31,18823.0,25.0,1,1.0,0.6,0.0,0.139175346315911,0.4712643678160919,0.3141183680479762,-0.1219814406625422,0.0421373004701804,0.5362318840579711,0.1123387004228884,0.0314818797787131,30.0,22.7,7.3,368.6666666666667,331.0,1.0,0.533,1.0,320.0,214.0,9.0,0.1232093941034835,0.5140936171108584,0.1558209433269689,0.0014908668963785,0.0298986339205659,0.5293849869936826,0.1706763886463171,-0.0553146812509721,0.1452388109134659,-0.031751642391451,202411304.0,2024-12-01T20:20:00,1,2024,13,SF,BUF,AWAY,10.0,35.0,45.0,Highmark Stadium,3.0,0.0,7.0,0.0,0.0,23.0,17.0,26:33,11.0,3.0,8.0,0.0,47.0,241.0,5.1,1.0,16.0,44.0,2.8,0.0,29.0,17.0,197.0,1.0,1.0,6.8,11.6,58.6,76.36,10.0,3.0,30.0,2.0,0.0,0.0,1.0,1.0,0.0,0.0,9.0,77.0,5.0,2.0,2.0,2.0,3.0,5.0,3.0,147.0,49.0,3.0,0.0,-3.0,7.0,14.0,7.0,7.0,0.0,36.0,43.0,33:27,22.0,12.0,9.0,1.0,67.0,325.0,4.9,5.0,42.0,169.0,4.0,3.0,23.0,13.0,156.0,2.0,0.0,6.8,12.0,56.5,106.43,13.0,6.0,46.2,2.0,1.0,50.0,5.0,5.0,0.0,0.0,5.0,40.0,0.0,0.0,2.0,7.0,3.0,3.0,4.0,195.0,48.8,0.0,3.0,3.0,100.0,0.0,100.0,0.0,1.0,1.0,0.0,0.0,0.0,0.0,0.0,1.0,1.0,5.0,5.0,0.0,0.0,0.0,0.0,0.0,1.0,1.0,43.0,28.0,2.0,7.0,3.0,0.0,0.0,25.0,19.0,2.0,2.0,3.0,5.0,2.0,Sunday,993004833,31,4,18837.0,-25.0,0,-3.0,0.3,0.0,-0.2792209488916941,0.3880597014925373,-0.5242600624762176,-0.1750590745850786,0.1462588826528733,0.5465116279069767,0.3208731673988478,-0.0233162197619094,16.7,26.0,-9.3,310.3333333333333,276.3333333333333,-1.333,0.464,0.4,260.0,260.0,5.0,-0.050683836186499,0.4768640563416682,0.0268290060884382,-0.1700355692353844,0.0888685555482704,0.5155038759689923,0.1470140507092841,-0.0855010533139573,-0.0313140173363553,0.0689396912500007,16.6,-2.000000000000001,0.6,1.4,58.33333333333337,679.0,54.666666666666686,607.3333333333333,60.0,580.0,-46.0,474.0,4.0,14.0,0.1738932302899825,-0.05896992162770451
202411310.0,2024-12-02T20:15:00,1,2024,13,DEN,CLE,HOME,41.0,32.0,73.0,Empower Field at Mile High,7.0,14.0,10.0,10.0,0.0,31.0,11.0,27:50,19.0,5.0,13.0,1.0,65.0,325.0,5.0,2.0,22.0,63.0,2.9,0.0,42.0,25.0,262.0,2.0,0.0,6.2,10.5,59.5,93.55,15.0,6.0,40.0,0.0,0.0,0.0,4.0,2.0,0.0,0.0,6.0,58.0,0.0,0.0,1.0,11.0,10.0,4.0,4.0,192.0,48.0,0.0,2.0,2.0,7.0,10.0,8.0,7.0,0.0,28.0,49.0,32:10,21.0,4.0,15.0,2.0,74.0,369.0,5.0,1.0,16.0,69.0,4.3,0.0,53.0,31.0,300.0,1.0,1.0,5.7,9.7,58.5,72.84,14.0,4.0,28.6,2.0,2.0,100.0,5.0,1.0,0.0,0.0,4.0,44.0,2.0,1.0,5.0,28.0,2.0,8.0,4.0,190.0,47.5,2.0,0.0,-2.0,50.0,0.0,20.0,0.0,2.0,2.0,0.0,0.0,0.0,0.0,0.0,5.0,5.0,1.0,1.0,0.0,0.0,0.0,0.0,0.0,4.0,4.0,42.0,17.0,5.0,28.0,7.0,1.0,1.0,37.0,20.0,1.0,11.0,7.0,0.0,0.0,Monday,993004836,10,8,18839.0,9.0,1,2.0,0.4,0.0,0.0849183989015088,0.4651162790697674,0.2208585668115245,-0.3643019491926056,-0.0851289266810222,0.4948453608247423,-0.2135487195093997,-0.0664468267866617,27.0,13.7,13.3,328.3333333333333,298.3333333333333,1.0,0.495,0.6,264.0,202.0,7.0,0.1205856704620966,0.4814715082279341,0.3324298480593718,-0.2018382021095025,-0.0785234625845584,0.4513519623801772,-0.0640922248762667,-0.2849992077264468,0.0605409230839623,-0.0040286747531866,202411310.0,2024-12-02T20:15:00,1,2024,13,CLE,DEN,AWAY,32.0,41.0,73.0,Empower Field at Mile High,7.0,10.0,8.0,7.0,0.0,24.0,58.0,32:10,17.0,8.0,8.0,1.0,55.0,304.0,5.5,3.0,27.0,85.0,3.1,3.0,27.0,18.0,219.0,0.0,1.0,8.1,12.2,66.7,76.0,10.0,1.0,10.0,4.0,4.0,100.0,4.0,3.0,0.0,0.0,8.0,48.0,3.0,2.0,1.0,0.0,9.0,11.0,3.0,92.0,30.7,3.0,1.0,-2.0,7.0,14.0,10.0,10.0,0.0,35.0,2.0,27:50,17.0,5.0,10.0,2.0,67.0,368.0,5.5,2.0,34.0,120.0,3.5,1.0,29.0,21.0,248.0,1.0,0.0,8.6,11.8,72.4,109.55,16.0,7.0,43.8,3.0,1.0,33.3,2.0,1.0,0.0,0.0,6.0,39.0,2.0,1.0,4.0,22.0,6.0,1.0,1.0,15.0,15.0,1.0,3.0,2.0,75.0,0.0,50.0,0.0,1.0,1.0,0.0,4.0,1.0,0.0,0.0,1.0,1.0,1.0,1.0,0.0,2.0,0.0,0.0,0.0,3.0,2.0,50.0,27.0,4.0,22.0,0.0,1.0,1.0,26.0,34.0,1.0,0.0,6.0,3.0,2.0,Monday,993004835,8,10,18847.0,-9.0,0,-2.0,0.1,0.0,-0.0469423366419008,0.4594594594594595,-0.0838508407680501,0.0898993807385338,-0.0537514248845461,0.4047619047619047,0.2663146684222173,-0.3088189726713057,16.0,27.0,-11.0,346.3333333333333,394.3333333333333,-1.0,0.228,0.4,186.0,267.0,3.0,-0.128771809913904,0.4273823961323961,-0.0726512054824556,-0.1449198113684932,0.0327092929379848,0.4195477277669058,0.1168350663701937,0.0420073922203484,-0.0910222280571119,0.0097795774957594,24.3,2.3000000000000007,0.19999999999999996,1.0,-18.0,674.6666666666666,-96.0,692.6666666666666,78.0,450.0,-65.0,469.0,4.0,10.0,0.24935748037600058,-0.1112327555225432
202411411.0,2024-12-05T20:15:00,1,2024,14,DET,GB,HOME,34.0,31.0,65.0,Ford Field,7.0,10.0,7.0,10.0,0.0,35.0,14.0,36:06,25.0,10.0,12.0,3.0,69.0,405.0,5.9,2.0,33.0,194.0,5.9,0.0,34.0,21.0,211.0,2.0,0.0,6.2,10.0,61.8,99.02,14.0,5.0,35.7,1.0,1.0,100.0,5.0,2.0,0.0,0.0,6.0,79.0,2.0,1.0,2.0,10.0,10.0,7.0,2.0,100.0,50.0,1.0,0.0,-1.0,0.0,7.0,14.0,10.0,0.0,24.0,46.0,23:54,17.0,3.0,11.0,3.0,59.0,301.0,5.1,3.0,15.0,78.0,5.2,0.0,39.0,20.0,223.0,3.0,0.0,5.7,11.2,51.3,94.28,15.0,7.0,46.7,2.0,0.0,0.0,1.0,1.0,0.0,0.0,8.0,78.0,0.0,0.0,5.0,33.0,3.0,2.0,4.0,223.0,55.8,0.0,1.0,1.0,40.0,0.0,100.0,0.0,2.0,2.0,0.0,0.0,0.0,0.0,0.0,4.0,3.0,2.0,2.0,0.0,2.0,0.0,0.0,0.0,0.0,0.0,31.0,13.0,5.0,33.0,5.0,0.0,0.0,40.0,31.0,2.0,10.0,5.0,1.0,1.0,Thursday,993004838,11,12,18863.0,3.0,1,-1.0,0.357,0.0,0.0579958807544455,0.5,0.0278887300147871,0.0772174686186618,0.0132135151440306,0.4375,0.0252329221738798,-0.1014040577945045,33.0,10.7,22.3,480.0,246.33333333333337,0.0,0.519,1.0,383.0,203.0,11.0,0.2052001975299109,0.5643523143523144,0.4193381867519222,0.0861664804975082,-0.1175931591510417,0.4108848871584107,-0.2164756139033752,-0.1830546581842118,0.1289869394510425,-0.1065884368847817,202411411.0,2024-12-05T20:15:00,1,2024,14,GB,DET,AWAY,31.0,34.0,65.0,Ford Field,0.0,7.0,14.0,10.0,0.0,26.0,56.0,23:54,19.0,7.0,11.0,1.0,53.0,388.0,7.3,3.0,25.0,114.0,4.6,1.0,28.0,21.0,274.0,2.0,0.0,9.8,13.0,75.0,129.17,11.0,5.0,45.5,0.0,0.0,0.0,5.0,3.0,0.0,0.0,7.0,44.0,0.0,0.0,0.0,0.0,6.0,9.0,4.0,172.0,43.0,0.0,1.0,1.0,7.0,10.0,7.0,10.0,0.0,33.0,4.0,36:06,21.0,1.0,20.0,0.0,65.0,375.0,5.8,2.0,14.0,39.0,2.8,0.0,46.0,37.0,336.0,2.0,0.0,7.3,9.1,80.4,111.59,14.0,4.0,28.6,5.0,3.0,60.0,4.0,2.0,0.0,0.0,10.0,75.0,2.0,1.0,5.0,29.0,3.0,3.0,3.0,146.0,48.7,1.0,0.0,-1.0,60.0,0.0,50.0,0.0,3.0,3.0,0.0,0.0,0.0,0.0,0.0,3.0,3.0,0.0,0.0,0.0,4.0,1.0,0.0,0.0,1.0,1.0,46.0,20.0,5.0,29.0,3.0,1.0,1.0,29.0,30.0,0.0,0.0,4.0,0.0,0.0,Thursday,993004837,12,11,18861.0,-3.0,0,1.0,0.455,0.0,0.2782993445534096,0.5138888888888888,0.4592402892126727,-0.0593656524673251,0.0784191320420745,0.5168539325842697,0.2162505761419542,-0.4653366082930006,29.3,15.3,14.0,359.6666666666667,335.6666666666667,1.0,0.372,0.8,318.0,240.0,9.0,0.2289265277547363,0.5320382675033838,0.4312705294369385,-0.0317177579169927,-0.0217034039012946,0.4663437603785434,-0.0512739268891826,-0.1567327811438163,0.152476211947153,0.020995272390943,8.3,36.3,0.19999999999999996,1.8,120.33333333333331,839.6666666666667,-89.33333333333331,582.0,65.0,701.0,-37.0,443.0,2.0,20.0,-0.023726330224825398,-0.09588975524974709
202411423.0,2024-12-08T13:00:00,1,2024,14,NYG,NO,HOME,11.0,14.0,25.0,MetLife Stadium,0.0,3.0,0.0,8.0,0.0,28.0,24.0,28:11,17.0,7.0,8.0,2.0,59.0,247.0,4.2,2.0,21.0,116.0,5.5,2.0,32.0,21.0,131.0,0.0,1.0,4.1,6.2,65.6,60.81,12.0,3.0,25.0,1.0,1.0,100.0,2.0,2.0,0.0,0.0,13.0,98.0,2.0,1.0,6.0,47.0,3.0,3.0,5.0,228.0,45.6,2.0,0.0,-2.0,7.0,0.0,7.0,0.0,0.0,31.0,36.0,31:49,21.0,7.0,10.0,4.0,68.0,317.0,4.7,3.0,32.0,122.0,3.8,1.0,36.0,21.0,195.0,1.0,0.0,5.4,9.3,58.3,82.52,15.0,7.0,46.7,1.0,0.0,0.0,4.0,2.0,0.0,0.0,6.0,48.0,2.0,0.0,0.0,0.0,14.0,5.0,5.0,236.0,47.2,0.0,2.0,2.0,100.0,0.0,50.0,0.0,2.0,2.0,0.0,0.0,0.0,0.0,0.0,2.0,2.0,3.0,3.0,0.0,0.0,0.0,0.0,0.0,2.0,2.0,35.0,30.0,0.0,0.0,9.0,1.0,0.0,31.0,30.0,6.0,47.0,5.0,2.0,1.0,Sunday,993004848,23,22,18862.0,-3.0,0,-2.0,0.25,0.0,-0.1435283373983037,0.4642857142857143,-0.314655441253416,-0.0117533019979924,-0.0574442957377622,0.4193548387096774,0.0353995331540226,-0.1470897013524306,14.7,25.7,-11.0,278.0,358.0,-1.333,0.39,0.0,183.0,279.0,2.0,-0.1291297679545998,0.4846603515958354,-0.1907039354206263,-0.2099291548530109,0.0458642354608224,0.4499115285150401,0.186618145320411,-0.078233690880316,-0.0578982600002297,0.0818385595866765,202411423.0,2024-12-08T13:00:00,1,2024,14,NO,NYG,AWAY,14.0,11.0,25.0,MetLife Stadium,7.0,0.0,7.0,0.0,0.0,32.0,37.0,31:49,19.0,7.0,11.0,1.0,68.0,327.0,4.8,1.0,31.0,143.0,4.6,0.0,37.0,24.0,184.0,1.0,0.0,5.0,7.7,64.9,85.87,15.0,5.0,33.3,3.0,2.0,66.7,2.0,0.0,0.0,0.0,4.0,38.0,0.0,0.0,0.0,0.0,6.0,2.0,3.0,128.0,42.7,0.0,0.0,0.0,0.0,3.0,0.0,8.0,0.0,27.0,23.0,28:11,22.0,12.0,9.0,1.0,55.0,322.0,5.9,3.0,29.0,156.0,5.4,1.0,24.0,14.0,166.0,2.0,0.0,6.9,11.9,58.3,107.29,9.0,4.0,44.4,2.0,1.0,50.0,3.0,3.0,0.0,0.0,3.0,30.0,0.0,0.0,2.0,17.0,3.0,3.0,3.0,116.0,38.7,0.0,0.0,0.0,0.0,0.0,100.0,0.0,0.0,0.0,0.0,2.0,1.0,0.0,0.0,3.0,2.0,3.0,3.0,0.0,0.0,0.0,0.0,0.0,0.0,0.0,35.0,9.0,2.0,17.0,1.0,0.0,0.0,40.0,29.0,0.0,0.0,6.0,0.0,0.0,Sunday,993004847,22,23,18852.0,3.0,1,0.0,0.333,0.0,-0.0258508379943441,0.4268292682926829,0.0458669040406388,-0.1069246243260101,0.1180385512284444,0.5,0.0746540362985494,0.2377960854878269,23.0,17.3,5.7,388.3333333333333,411.0,-0.333,0.406,0.4,276.0,281.0,4.0,0.0577056706168819,0.4538876425946256,0.1203208584343406,0.0051811864372731,0.0028254066979795,0.4758397630738056,0.0994564698241653,0.0150923641684152,0.0064226590266809,0.016186042415849,-16.7,-5.3,-0.4,0.4,-110.33333333333331,666.3333333333333,-53.0,769.0,-93.0,459.0,-2.0,560.0,-2.0,6.0,-0.1868354385714817,0.043038828762842894
202411428.0,2024-12-08T13:00:00,1,2024,14,PIT,CLE,HOME,27.0,14.0,41.0,Acrisure Stadium,3.0,10.0,14.0,0.0,0.0,31.0,9.0,30:00,28.0,5.0,18.0,5.0,66.0,520.0,7.9,5.0,26.0,110.0,4.2,1.0,38.0,29.0,410.0,3.0,1.0,10.8,14.1,76.3,125.99,9.0,4.0,44.4,0.0,0.0,0.0,4.0,2.0,0.0,0.0,9.0,103.0,1.0,0.0,2.0,4.0,11.0,6.0,1.0,38.0,38.0,1.0,3.0,2.0,7.0,0.0,0.0,7.0,0.0,28.0,51.0,30:00,25.0,5.0,16.0,4.0,57.0,375.0,6.6,5.0,15.0,93.0,6.2,1.0,38.0,28.0,282.0,3.0,1.0,7.4,10.1,73.7,109.76,8.0,4.0,50.0,0.0,0.0,0.0,5.0,4.0,0.0,0.0,11.0,101.0,2.0,2.0,4.0,27.0,9.0,4.0,2.0,87.0,43.5,3.0,1.0,-2.0,50.0,0.0,80.0,0.0,5.0,5.0,0.0,0.0,0.0,0.0,0.0,4.0,3.0,5.0,5.0,0.0,0.0,0.0,0.0,0.0,1.0,1.0,32.0,24.0,4.0,27.0,4.0,2.0,2.0,35.0,43.0,2.0,4.0,2.0,1.0,0.0,Sunday,993004842,28,8,18854.0,13.0,1,2.0,0.444,0.0,0.1923794525590077,0.6111111111111112,0.4279407780715127,0.0964336989627159,0.0887425176802073,0.5783132530120482,0.0711842533529515,0.1026370825935513,27.0,26.0,1.0,397.0,336.0,2.0,0.377,0.8,296.0,224.0,9.0,0.0118995040953312,0.4760813832978781,0.1365973738169332,-0.1539939646852618,-0.0411440357712368,0.4851647438196165,-0.0660215839807201,0.0524749879186625,0.0287678786189094,-0.0244509534894945,202411428.0,2024-12-08T13:00:00,1,2024,14,CLE,PIT,AWAY,14.0,27.0,41.0,Acrisure Stadium,7.0,0.0,0.0,7.0,0.0,32.0,10.0,30:00,28.0,3.0,24.0,1.0,84.0,552.0,6.6,4.0,23.0,77.0,3.3,0.0,58.0,34.0,475.0,4.0,3.0,8.2,14.0,58.6,86.49,19.0,9.0,47.4,2.0,2.0,100.0,4.0,3.0,0.0,0.0,5.0,46.0,0.0,0.0,3.0,22.0,2.0,4.0,6.0,312.0,52.0,3.0,2.0,-1.0,3.0,10.0,14.0,0.0,0.0,27.0,50.0,30:00,19.0,5.0,11.0,3.0,61.0,400.0,6.6,5.0,26.0,106.0,4.1,2.0,35.0,18.0,294.0,1.0,2.0,8.4,16.3,51.4,65.65,13.0,6.0,46.2,0.0,0.0,0.0,4.0,2.0,0.0,0.0,4.0,57.0,0.0,0.0,0.0,0.0,10.0,2.0,5.0,256.0,51.2,2.0,3.0,1.0,75.0,0.0,50.0,0.0,3.0,3.0,0.0,2.0,1.0,0.0,0.0,2.0,1.0,5.0,5.0,0.0,0.0,0.0,0.0,0.0,2.0,2.0,29.0,26.0,0.0,0.0,6.0,0.0,0.0,44.0,26.0,3.0,22.0,12.0,0.0,0.0,Sunday,993004841,8,28,18848.0,-13.0,0,-1.0,0.474,0.0,-0.0195300107898562,0.4587155963302752,0.0149890839149631,-0.1245217251019891,0.0893467382095068,0.5176470588235295,0.1595896767399197,-0.0199970440335164,23.3,31.7,-8.3,433.0,413.6666666666667,-0.333,0.268,0.4,218.0,308.0,3.0,-0.0464960766092509,0.4379264837980434,0.0401234210516765,-0.1330893700954075,0.0837559384241417,0.4809856362636379,0.1723332667771263,0.0263230430118894,-0.0574601781960496,0.0482339882185004,9.3,-7.300000000000001,0.4,1.2000000000000002,-36.0,830.0,-77.66666666666669,749.6666666666667,78.0,514.0,-84.0,532.0,6.0,12.0,0.0583955807045821,-0.12489997419537849
202411420.0,2024-12-08T13:00:00,1,2024,14,MIN,ATL,HOME,42.0,21.0,63.0,U.S. Bank Stadium,7.0,7.0,7.0,21.0,0.0,24.0,11.0,28:25,19.0,4.0,13.0,2.0,51.0,273.0,5.4,2.0,15.0,68.0,4.5,0.0,31.0,21.0,205.0,2.0,0.0,6.6,9.8,67.7,107.59,8.0,1.0,12.5,1.0,1.0,100.0,4.0,2.0,0.0,0.0,3.0,56.0,2.0,1.0,5.0,30.0,3.0,5.0,2.0,110.0,55.0,1.0,2.0,1.0,7.0,3.0,11.0,0.0,0.0,35.0,49.0,31:35,25.0,10.0,13.0,2.0,77.0,406.0,5.3,1.0,31.0,154.0,5.0,0.0,45.0,31.0,252.0,1.0,2.0,5.6,8.1,68.9,71.71,13.0,5.0,38.5,1.0,0.0,0.0,6.0,1.0,0.0,0.0,10.0,96.0,1.0,0.0,1.0,8.0,8.0,6.0,1.0,42.0,42.0,2.0,1.0,-1.0,50.0,0.0,16.7,0.0,2.0,2.0,0.0,0.0,0.0,0.0,0.0,4.0,3.0,1.0,1.0,0.0,0.0,0.0,0.0,0.0,6.0,5.0,47.0,32.0,1.0,8.0,7.0,1.0,0.0,34.0,15.0,5.0,30.0,3.0,2.0,1.0,Sunday,993004851,20,2,18856.0,21.0,1,1.0,0.125,0.0,0.0152974101131566,0.6119402985074627,-0.023639627478703,-0.0241947551892901,0.0236662648413838,0.5048543689320388,0.1471243678296598,-0.0443078461364064,25.3,20.7,4.7,347.6666666666667,366.0,0.333,0.315,1.0,297.0,219.0,10.0,0.06114439319297,0.520072053525476,0.2332402283691995,-0.2376242999310155,-0.0258110117965991,0.4423009110285553,0.0868356370190947,-0.2779066029338633,0.0081114809846445,-0.1093295572010141,202411420.0,2024-12-08T13:00:00,1,2024,14,ATL,MIN,AWAY,21.0,42.0,63.0,U.S. Bank Stadium,7.0,3.0,11.0,0.0,0.0,35.0,55.0,31:35,24.0,7.0,13.0,4.0,77.0,350.0,4.5,1.0,37.0,116.0,3.1,1.0,39.0,24.0,234.0,0.0,4.0,6.0,9.8,61.5,38.78,14.0,3.0,21.4,4.0,2.0,50.0,4.0,1.0,0.0,0.0,2.0,10.0,1.0,0.0,1.0,11.0,8.0,5.0,2.0,82.0,41.0,4.0,1.0,-3.0,7.0,7.0,7.0,21.0,0.0,24.0,5.0,28:25,10.0,5.0,5.0,0.0,46.0,187.0,4.1,1.0,17.0,56.0,3.3,0.0,24.0,17.0,131.0,0.0,0.0,5.5,7.7,70.8,83.85,11.0,3.0,27.3,1.0,0.0,0.0,2.0,0.0,0.0,0.0,7.0,33.0,2.0,1.0,5.0,19.0,4.0,5.0,3.0,146.0,48.7,1.0,4.0,3.0,25.0,0.0,0.0,0.0,1.0,1.0,0.0,0.0,0.0,0.0,0.0,3.0,2.0,0.0,0.0,0.0,2.0,1.0,0.0,0.0,3.0,3.0,27.0,21.0,5.0,19.0,6.0,2.0,1.0,41.0,44.0,1.0,11.0,9.0,1.0,0.0,Sunday,993004850,2,20,18853.0,-21.0,0,-3.0,0.214,0.0,-0.1678156390092653,0.4731182795698925,-0.1740975474109681,-0.1531389547269913,-0.1436483544962114,0.3934426229508196,-0.2634943681964026,-0.3349994052051833,12.0,25.0,-13.0,348.0,317.3333333333333,-1.667,0.293,0.4,257.0,291.0,6.0,-0.12469643216514,0.4797478998342344,-0.0796377505197262,-0.161309269806485,0.0432106055094599,0.4534533053946341,0.1847612990157912,-0.2220773190900324,-0.0394751007700953,0.0262931287931799,17.7,-8.3,0.6,1.4,-0.3333333333333144,695.6666666666667,48.666666666666686,683.3333333333333,40.0,554.0,-72.0,510.0,4.0,16.0,0.18584082535811,-0.06902161730605899
202411433.0,2024-12-08T13:00:00,1,2024,14,TB,LV,HOME,28.0,13.0,41.0,Raymond James Stadium,14.0,0.0,0.0,14.0,0.0,39.0,31.0,28:30,27.0,11.0,14.0,2.0,77.0,445.0,5.8,2.0,39.0,236.0,6.1,1.0,34.0,22.0,209.0,1.0,2.0,6.1,9.5,64.7,66.91,12.0,2.0,16.7,1.0,1.0,100.0,5.0,2.0,0.0,0.0,7.0,54.0,2.0,0.0,4.0,31.0,11.0,2.0,5.0,228.0,45.6,2.0,1.0,-1.0,0.0,10.0,0.0,3.0,0.0,27.0,39.0,31:30,19.0,3.0,14.0,2.0,68.0,367.0,5.4,2.0,21.0,78.0,3.7,1.0,46.0,26.0,289.0,1.0,0.0,6.3,11.1,56.5,82.61,16.0,6.0,37.5,0.0,0.0,0.0,4.0,1.0,0.0,0.0,7.0,62.0,1.0,1.0,1.0,9.0,6.0,8.0,5.0,192.0,38.4,1.0,2.0,1.0,40.0,0.0,25.0,0.0,2.0,2.0,0.0,0.0,0.0,0.0,0.0,5.0,4.0,2.0,2.0,0.0,0.0,0.0,0.0,0.0,5.0,3.0,41.0,13.0,1.0,9.0,1.0,1.0,1.0,49.0,27.0,4.0,31.0,7.0,0.0,0.0,Sunday,993004846,33,25,18851.0,15.0,1,-1.0,0.167,0.0,-0.0262051607602925,0.5,-0.1212956169419496,0.1181286144640514,-0.0755211601188689,0.5056179775280899,0.1305507233048884,-0.3615150115603879,25.3,17.7,7.7,370.3333333333333,341.6666666666667,0.0,0.356,0.4,335.0,296.0,6.0,0.0814736533931326,0.5,0.2042878154590132,-0.0385753426670852,-0.0409590767418214,0.5037245110278818,0.1742724677717161,-0.3974515499860526,0.0836949576499517,0.0354013021495212,202411433.0,2024-12-08T13:00:00,1,2024,14,LV,TB,AWAY,13.0,28.0,41.0,Raymond James Stadium,0.0,10.0,0.0,3.0,0.0,31.0,12.0,31:30,20.0,7.0,13.0,0.0,63.0,434.0,6.9,2.0,25.0,116.0,4.6,0.0,35.0,23.0,318.0,2.0,0.0,9.1,13.8,65.7,113.75,12.0,3.0,25.0,1.0,0.0,0.0,1.0,0.0,0.0,0.0,9.0,101.0,2.0,1.0,3.0,22.0,12.0,5.0,3.0,140.0,46.7,1.0,0.0,-1.0,14.0,0.0,0.0,14.0,0.0,28.0,48.0,28:30,18.0,2.0,14.0,2.0,67.0,329.0,4.9,1.0,16.0,63.0,3.9,0.0,46.0,26.0,266.0,1.0,0.0,5.8,10.2,56.5,80.53,16.0,7.0,43.8,0.0,0.0,0.0,5.0,1.0,0.0,0.0,7.0,40.0,1.0,0.0,5.0,40.0,4.0,6.0,5.0,217.0,43.4,0.0,1.0,1.0,0.0,0.0,20.0,0.0,2.0,2.0,0.0,0.0,0.0,0.0,0.0,4.0,1.0,1.0,1.0,0.0,0.0,0.0,0.0,0.0,5.0,4.0,37.0,17.0,5.0,40.0,3.0,0.0,0.0,39.0,22.0,3.0,22.0,6.0,1.0,1.0,Sunday,993004845,25,33,18860.0,-15.0,0,-1.0,0.25,0.0,-0.056146813967673,0.4367816091954023,0.1921687134407709,-0.2163433881158618,-0.0336209274502999,0.3707865168539326,0.0628605321077279,-0.2822921807715569,18.3,27.3,-9.0,377.0,335.6666666666667,-1.333,0.369,0.0,223.0,333.0,2.0,-0.0048836943200529,0.4814824942802191,0.0268804736672793,-0.114317168398185,0.1219993338315336,0.4696911758770057,0.3148291298130658,-0.2738477833433363,-0.0311970656596652,0.1103682796156626,16.7,-1.2999999999999998,0.4,0.4,-6.666666666666686,747.3333333333333,6.0,677.3333333333334,112.0,558.0,-37.0,629.0,4.0,8.0,0.0863573477131855,-0.162958410573355
202411426.0,2024-12-08T13:00:00,1,2024,14,PHI,CAR,HOME,22.0,16.0,38.0,Lincoln Financial Field,0.0,14.0,0.0,8.0,0.0,26.0,9.0,26:27,17.0,9.0,7.0,1.0,54.0,252.0,4.7,3.0,33.0,140.0,4.2,2.0,19.0,11.0,112.0,1.0,0.0,5.9,10.2,57.9,92.43,12.0,4.0,33.3,1.0,1.0,100.0,3.0,2.0,0.0,0.0,8.0,55.0,2.0,0.0,2.0,6.0,6.0,5.0,6.0,307.0,51.2,0.0,0.0,0.0,3.0,7.0,6.0,0.0,0.0,33.0,51.0,33:33,24.0,10.0,11.0,3.0,71.0,372.0,5.2,2.0,32.0,166.0,5.2,0.0,36.0,23.0,206.0,2.0,0.0,5.7,9.0,63.9,97.69,15.0,6.0,40.0,2.0,1.0,50.0,5.0,2.0,0.0,0.0,4.0,20.0,3.0,0.0,3.0,31.0,3.0,5.0,4.0,191.0,47.8,0.0,0.0,0.0,66.7,0.0,40.0,0.0,3.0,3.0,0.0,0.0,0.0,0.0,0.0,1.0,1.0,2.0,1.0,0.0,0.0,0.0,0.0,0.0,4.0,2.0,44.0,23.0,3.0,31.0,4.0,2.0,0.0,29.0,26.0,2.0,6.0,2.0,1.0,0.0,Sunday,993004840,26,5,18850.0,6.0,1,0.0,0.333,0.0,0.0459496748038237,0.5066666666666667,-0.0698030319484963,0.1261460284529734,-0.0499532034030133,0.4065934065934066,0.1127292950081134,-0.1357234030578251,29.0,19.0,10.0,389.0,308.6666666666667,0.667,0.499,1.0,320.0,218.0,10.0,0.1300309712481071,0.496388018112156,0.1139834321268157,0.2401898950680553,-0.0300547103196705,0.4709741735058191,0.1279704467011668,-0.2806598012752478,0.0758665980012928,-0.1292512585417608,202411426.0,2024-12-08T13:00:00,1,2024,14,CAR,PHI,AWAY,16.0,22.0,38.0,Lincoln Financial Field,3.0,7.0,6.0,0.0,0.0,27.0,39.0,33:33,19.0,3.0,14.0,2.0,68.0,367.0,5.4,2.0,21.0,78.0,3.7,1.0,46.0,26.0,289.0,1.0,0.0,6.3,11.1,56.5,82.61,16.0,6.0,37.5,0.0,0.0,0.0,4.0,1.0,0.0,0.0,7.0,62.0,1.0,1.0,1.0,9.0,6.0,8.0,5.0,192.0,38.4,1.0,2.0,1.0,0.0,14.0,0.0,8.0,0.0,39.0,31.0,26:27,27.0,11.0,14.0,2.0,77.0,445.0,5.8,2.0,39.0,236.0,6.1,1.0,34.0,22.0,209.0,1.0,2.0,6.1,9.5,64.7,66.91,12.0,2.0,16.7,1.0,1.0,100.0,5.0,2.0,0.0,0.0,7.0,54.0,2.0,0.0,4.0,31.0,11.0,2.0,5.0,228.0,45.6,2.0,1.0,-1.0,25.0,0.0,40.0,0.0,2.0,2.0,0.0,0.0,0.0,0.0,0.0,5.0,3.0,2.0,2.0,0.0,0.0,0.0,0.0,0.0,5.0,4.0,49.0,27.0,4.0,31.0,7.0,0.0,0.0,41.0,13.0,1.0,9.0,1.0,1.0,1.0,Sunday,993004839,5,26,18851.0,-6.0,0,1.0,0.375,0.0,-0.0755211601188689,0.5056179775280899,0.1305507233048884,-0.3615150115603879,-0.0262051607602925,0.5,-0.1212956169419496,0.1181286144640514,23.3,24.3,-1.0,335.6666666666667,392.6666666666667,1.0,0.387,0.4,217.0,366.0,3.0,0.0150010240763168,0.4827309487715841,0.0547062213644231,-0.0149903113299278,0.0514448132628523,0.5515484676412549,-0.0008540999868404,0.1050578843852489,-0.009222098372739,0.0556481761394368,11.0,9.0,0.6,1.4,53.333333333333314,724.6666666666667,-84.0,701.3333333333334,103.0,537.0,-148.0,584.0,7.0,13.0,0.11502994717179031,-0.0814995235825228
202411434.0,2024-12-08T13:00:00,1,2024,14,TEN,JAX,HOME,6.0,10.0,16.0,Nissan Stadium,3.0,0.0,3.0,0.0,0.0,19.0,47.0,31:44,12.0,1.0,9.0,2.0,50.0,245.0,4.9,2.0,11.0,35.0,3.2,0.0,37.0,18.0,210.0,2.0,0.0,5.7,11.7,48.6,84.29,12.0,5.0,41.7,1.0,0.0,0.0,2.0,1.0,0.0,0.0,12.0,93.0,3.0,2.0,2.0,2.0,2.0,3.0,4.0,213.0,53.2,2.0,1.0,-1.0,0.0,0.0,0.0,10.0,0.0,40.0,13.0,28:16,29.0,13.0,12.0,4.0,77.0,463.0,6.0,6.0,45.0,267.0,5.9,3.0,30.0,25.0,196.0,3.0,1.0,6.5,7.8,83.3,113.33,14.0,9.0,64.3,1.0,1.0,100.0,7.0,5.0,0.0,0.0,7.0,65.0,1.0,0.0,2.0,10.0,9.0,3.0,1.0,52.0,52.0,1.0,2.0,1.0,50.0,0.0,71.4,0.0,1.0,1.0,0.0,2.0,0.0,0.0,0.0,2.0,2.0,6.0,6.0,0.0,0.0,0.0,0.0,0.0,2.0,0.0,44.0,49.0,2.0,10.0,2.0,1.0,0.0,23.0,13.0,2.0,2.0,1.0,2.0,2.0,Sunday,993004844,34,15,18859.0,-4.0,0,-1.0,0.417,0.0,-0.1267459364898878,0.3611111111111111,0.089217151747258,-0.7000962779664949,0.1510672337311873,0.58,0.2904724904668844,0.2899467137432386,21.3,30.7,-9.3,302.6666666666667,347.0,-0.667,0.367,0.4,221.0,332.0,3.0,-0.0927791531451475,0.3865410354174399,0.0456661577206774,-0.5069715204278784,0.0261414238571076,0.4769577548887893,0.1637819066285159,-0.1954610623286078,-0.0580690303044949,0.0371799836787379,202411434.0,2024-12-08T13:00:00,1,2024,14,JAX,TEN,AWAY,10.0,6.0,16.0,Nissan Stadium,0.0,0.0,0.0,10.0,0.0,27.0,43.0,28:16,19.0,5.0,13.0,1.0,67.0,373.0,5.6,2.0,25.0,97.0,3.9,0.0,42.0,24.0,276.0,2.0,1.0,6.6,11.5,57.1,83.04,15.0,5.0,33.3,2.0,2.0,100.0,4.0,2.0,0.0,0.0,4.0,30.0,1.0,0.0,0.0,0.0,3.0,5.0,4.0,191.0,47.8,1.0,0.0,-1.0,3.0,0.0,3.0,0.0,0.0,32.0,17.0,31:44,20.0,9.0,10.0,1.0,61.0,326.0,5.3,2.0,25.0,108.0,4.3,1.0,34.0,22.0,218.0,1.0,0.0,6.4,9.9,64.7,92.52,13.0,5.0,38.5,1.0,1.0,100.0,3.0,1.0,0.0,0.0,3.0,15.0,0.0,0.0,2.0,24.0,3.0,3.0,4.0,202.0,50.5,0.0,1.0,1.0,50.0,0.0,33.3,0.0,0.0,0.0,0.0,4.0,1.0,0.0,0.0,3.0,2.0,2.0,2.0,0.0,0.0,0.0,0.0,0.0,3.0,3.0,38.0,16.0,2.0,24.0,6.0,0.0,0.0,31.0,31.0,0.0,0.0,5.0,0.0,0.0,Sunday,993004843,15,34,18855.0,4.0,1,-1.0,0.333,0.0,0.0072354531564728,0.4186046511627907,0.1815903319800063,-0.1726306142290527,0.0873911030328366,0.4556962025316455,0.0746668027250306,0.0886716467823134,11.0,29.0,-18.0,228.66666666666663,457.6666666666667,-0.667,0.329,0.0,228.0,339.0,2.0,-0.1255234262785585,0.4232074300800437,-0.155608475299183,-0.2913868887817311,0.1740800586740664,0.5299811328781705,0.3672457619010056,0.0599828810855962,-0.0767420581452842,0.1329977842128345,8.7,-27.3,0.4,0.4,74.00000000000006,531.3333333333333,-110.66666666666669,804.6666666666667,-7.0,449.0,-7.0,671.0,1.0,5.0,0.03274427313341101,-0.1479386348169588
202411419.0,2024-12-08T13:00:00,1,2024,14,MIA,NYJ,HOME,32.0,26.0,58.0,Hard Rock Stadium,6.0,9.0,0.0,11.0,6.0,33.0,4.0,32:53,21.0,1.0,20.0,0.0,65.0,375.0,5.8,2.0,14.0,39.0,2.8,0.0,46.0,37.0,336.0,2.0,0.0,7.3,9.1,80.4,111.59,14.0,4.0,28.6,5.0,3.0,60.0,4.0,2.0,0.0,0.0,10.0,75.0,2.0,1.0,5.0,29.0,3.0,3.0,3.0,146.0,48.7,1.0,0.0,-1.0,3.0,10.0,10.0,3.0,0.0,26.0,56.0,31:02,19.0,7.0,11.0,1.0,53.0,388.0,7.3,3.0,25.0,114.0,4.6,1.0,28.0,21.0,274.0,2.0,0.0,9.8,13.0,75.0,129.17,11.0,5.0,45.5,0.0,0.0,0.0,5.0,3.0,0.0,0.0,7.0,44.0,0.0,0.0,0.0,0.0,6.0,9.0,4.0,172.0,43.0,0.0,1.0,1.0,50.0,0.0,60.0,0.0,0.0,0.0,0.0,4.0,1.0,0.0,0.0,1.0,1.0,3.0,3.0,0.0,0.0,0.0,0.0,0.0,3.0,3.0,29.0,30.0,0.0,0.0,4.0,0.0,0.0,46.0,20.0,5.0,29.0,3.0,1.0,1.0,Sunday,993004852,19,24,18861.0,6.0,1,-1.0,0.286,0.0,0.0784191320420745,0.5168539325842697,0.2162505761419542,-0.4653366082930006,0.2782993445534096,0.5138888888888888,0.4592402892126727,-0.0593656524673251,28.3,21.3,7.0,367.0,328.0,0.333,0.429,0.6,232.0,266.0,5.0,0.1413016735021066,0.530008221430529,0.3982654998933012,-0.4225776206829841,0.0667641735497028,0.4786001036001035,0.1085859187433896,-0.0629373953139065,0.1140896868116927,0.0432515146203483,202411419.0,2024-12-08T13:00:00,1,2024,14,NYJ,MIA,AWAY,26.0,32.0,58.0,Hard Rock Stadium,3.0,10.0,10.0,3.0,0.0,28.0,39.0,31:02,17.0,3.0,12.0,2.0,62.0,258.0,4.2,3.0,21.0,89.0,4.2,0.0,39.0,21.0,169.0,2.0,1.0,4.3,8.0,53.8,71.42,13.0,5.0,38.5,3.0,1.0,33.3,3.0,2.0,0.0,0.0,12.0,83.0,2.0,1.0,2.0,16.0,6.0,7.0,4.0,162.0,40.5,2.0,2.0,0.0,6.0,9.0,0.0,11.0,6.0,31.0,21.0,32:53,16.0,5.0,7.0,4.0,57.0,259.0,4.5,3.0,23.0,84.0,3.7,1.0,31.0,20.0,175.0,1.0,0.0,5.6,8.8,64.5,90.12,13.0,4.0,30.8,2.0,1.0,50.0,3.0,2.0,0.0,0.0,5.0,50.0,3.0,2.0,3.0,31.0,6.0,4.0,3.0,141.0,47.0,2.0,2.0,0.0,66.7,0.0,66.7,0.0,2.0,1.0,1.0,0.0,0.0,1.0,1.0,0.0,0.0,3.0,2.0,1.0,0.0,0.0,0.0,0.0,2.0,2.0,39.0,14.0,3.0,31.0,3.0,2.0,2.0,36.0,18.0,2.0,16.0,3.0,2.0,1.0,Sunday,993004849,24,19,18858.0,-6.0,0,0.0,0.385,0.0,-0.1337795380427196,0.4024390243902439,-0.2627255587579889,-0.1759981604230759,-0.0346382076951658,0.379746835443038,0.1252812315907491,0.0684839093690686,18.0,28.3,-10.3,239.33333333333337,332.3333333333333,0.0,0.385,0.2,225.0,268.0,3.0,-0.0634751688539981,0.4559497106984325,-0.1638345782837664,-0.0927286381705587,0.108648831627411,0.4679950964742433,0.3735496577310421,-0.0231385822181146,-0.0109938880813192,0.0703616218803784,17.3,-3.3000000000000007,0.39999999999999997,0.8,127.66666666666663,606.3333333333334,-4.333333333333314,660.3333333333333,7.0,457.0,-2.0,534.0,2.0,8.0,0.20477684235610472,-0.041884658077708206
202411401.0,2024-12-08T16:05:00,1,2024,14,ARI,SEA,HOME,18.0,30.0,48.0,State Farm Stadium,7.0,3.0,8.0,0.0,0.0,35.0,49.0,26:58,25.0,10.0,13.0,2.0,77.0,406.0,5.3,1.0,31.0,154.0,5.0,0.0,45.0,31.0,252.0,1.0,2.0,5.6,8.1,68.9,71.71,13.0,5.0,38.5,1.0,0.0,0.0,6.0,1.0,0.0,0.0,10.0,96.0,1.0,0.0,1.0,8.0,8.0,6.0,1.0,42.0,42.0,2.0,1.0,-1.0,17.0,7.0,3.0,3.0,0.0,24.0,11.0,33:02,19.0,4.0,13.0,2.0,51.0,273.0,5.4,2.0,15.0,68.0,4.5,0.0,31.0,21.0,205.0,2.0,0.0,6.6,9.8,67.7,107.59,8.0,1.0,12.5,1.0,1.0,100.0,4.0,2.0,0.0,0.0,3.0,56.0,2.0,1.0,5.0,30.0,3.0,5.0,2.0,110.0,55.0,1.0,2.0,1.0,16.7,0.0,50.0,0.0,1.0,1.0,0.0,0.0,0.0,0.0,0.0,6.0,5.0,2.0,2.0,0.0,0.0,0.0,0.0,0.0,4.0,3.0,34.0,15.0,5.0,30.0,3.0,2.0,1.0,47.0,32.0,1.0,8.0,7.0,1.0,0.0,Sunday,993004854,1,30,18856.0,-12.0,0,-1.0,0.385,0.0,0.0236662648413838,0.5048543689320388,0.1471243678296598,-0.0443078461364064,0.0152974101131566,0.6119402985074627,-0.023639627478703,-0.0241947551892901,19.7,15.0,4.7,370.0,255.0,0.0,0.45,0.6,266.0,259.0,6.0,0.0582717227857157,0.4997923535459431,0.2390751759429332,-0.1183594842860075,-0.0225324621009964,0.5097478611526022,-0.0571509366345692,-0.0561447435625006,0.0880021293718799,-0.0094786441993186,202411401.0,2024-12-08T16:05:00,1,2024,14,SEA,ARI,AWAY,30.0,18.0,48.0,State Farm Stadium,17.0,7.0,3.0,3.0,0.0,31.0,21.0,33:02,16.0,5.0,7.0,4.0,57.0,259.0,4.5,3.0,23.0,84.0,3.7,1.0,31.0,20.0,175.0,1.0,0.0,5.6,8.8,64.5,90.12,13.0,4.0,30.8,2.0,1.0,50.0,3.0,2.0,0.0,0.0,5.0,50.0,3.0,2.0,3.0,31.0,6.0,4.0,3.0,141.0,47.0,2.0,2.0,0.0,7.0,3.0,8.0,0.0,0.0,28.0,39.0,26:58,17.0,3.0,12.0,2.0,62.0,258.0,4.2,3.0,21.0,89.0,4.2,0.0,39.0,21.0,169.0,2.0,1.0,4.3,8.0,53.8,71.42,13.0,5.0,38.5,3.0,1.0,33.3,3.0,2.0,0.0,0.0,12.0,83.0,2.0,1.0,2.0,16.0,6.0,7.0,4.0,162.0,40.5,2.0,2.0,0.0,66.7,0.0,66.7,0.0,3.0,2.0,1.0,0.0,0.0,0.0,0.0,2.0,2.0,2.0,1.0,1.0,0.0,0.0,1.0,1.0,0.0,0.0,36.0,18.0,2.0,16.0,3.0,2.0,1.0,39.0,14.0,3.0,31.0,3.0,2.0,2.0,Sunday,993004853,30,1,18858.0,12.0,1,0.0,0.308,0.0,-0.0346382076951658,0.379746835443038,0.1252812315907491,0.0684839093690686,-0.1337795380427196,0.4024390243902439,-0.2627255587579889,-0.1759981604230759,20.7,14.7,6.0,277.6666666666667,277.6666666666667,0.0,0.423,0.6,272.0,265.0,7.0,-0.0024599527790926,0.4274480793468135,0.0984294966753668,-0.1326402776722805,-0.1013123807339416,0.4196201269372001,-0.1031285734119505,-0.2349508913026868,-0.0521949884897826,-0.0310903052667011,-1.2999999999999998,10.7,0.0,1.2,92.33333333333331,647.6666666666667,-22.666666666666686,532.6666666666667,-6.0,538.0,-6.0,524.0,-1.0,13.0,0.060731675564808296,0.0787799186329452
202411431.0,2024-12-08T16:25:00,1,2024,14,SF,CHI,HOME,38.0,13.0,51.0,Levi's Stadium,14.0,10.0,0.0,14.0,0.0,26.0,33.0,31:48,15.0,10.0,4.0,1.0,47.0,239.0,5.1,1.0,27.0,153.0,5.7,1.0,18.0,11.0,86.0,0.0,0.0,4.8,7.8,61.1,72.92,10.0,3.0,30.0,1.0,1.0,100.0,3.0,1.0,0.0,0.0,2.0,10.0,3.0,3.0,2.0,8.0,1.0,3.0,3.0,124.0,41.3,3.0,0.0,-3.0,0.0,0.0,6.0,7.0,0.0,33.0,27.0,28:12,20.0,12.0,7.0,1.0,56.0,372.0,6.6,5.0,38.0,220.0,5.8,3.0,18.0,14.0,152.0,2.0,0.0,8.4,10.9,77.8,138.89,12.0,6.0,50.0,1.0,1.0,100.0,4.0,4.0,0.0,0.0,5.0,35.0,0.0,0.0,0.0,0.0,1.0,5.0,3.0,140.0,46.7,0.0,3.0,3.0,33.3,0.0,100.0,0.0,1.0,1.0,0.0,0.0,0.0,0.0,0.0,3.0,1.0,5.0,5.0,0.0,0.0,0.0,0.0,0.0,1.0,0.0,35.0,29.0,0.0,0.0,2.0,0.0,0.0,30.0,24.0,2.0,8.0,1.0,2.0,3.0,Sunday,993004858,31,6,18849.0,25.0,1,-3.0,0.3,0.0,-0.2554541550534068,0.3538461538461538,-0.287041603092259,-0.1520527717967587,0.1450526415209684,0.5070422535211268,0.5630559879922657,0.2198550043437343,12.3,31.0,-18.7,252.33333333333337,328.6666666666667,-2.0,0.412,0.4,270.0,295.0,5.0,-0.1800259716719597,0.4031461076237195,-0.2320166796011884,-0.1492494035903494,0.1174774489903516,0.5178512938093678,0.33242584463567,0.00214086812871,-0.0599324500638456,0.0873485842760865,202411431.0,2024-12-08T16:25:00,1,2024,14,CHI,SF,AWAY,13.0,38.0,51.0,Levi's Stadium,0.0,0.0,6.0,7.0,0.0,24.0,46.0,28:12,17.0,3.0,11.0,3.0,59.0,301.0,5.1,3.0,15.0,78.0,5.2,0.0,39.0,20.0,223.0,3.0,0.0,5.7,11.2,51.3,94.28,15.0,7.0,46.7,2.0,0.0,0.0,1.0,1.0,0.0,0.0,8.0,78.0,0.0,0.0,5.0,33.0,3.0,2.0,4.0,223.0,55.8,0.0,1.0,1.0,14.0,10.0,0.0,14.0,0.0,35.0,14.0,31:48,25.0,10.0,12.0,3.0,69.0,405.0,5.9,2.0,33.0,194.0,5.9,0.0,34.0,21.0,211.0,2.0,0.0,6.2,10.0,61.8,99.02,14.0,5.0,35.7,1.0,1.0,100.0,5.0,2.0,0.0,0.0,6.0,79.0,2.0,1.0,2.0,10.0,10.0,7.0,2.0,100.0,50.0,1.0,0.0,-1.0,100.0,0.0,40.0,0.0,2.0,2.0,0.0,2.0,0.0,0.0,0.0,0.0,0.0,2.0,2.0,0.0,0.0,0.0,0.0,0.0,4.0,3.0,40.0,31.0,2.0,10.0,5.0,1.0,1.0,31.0,13.0,5.0,33.0,5.0,0.0,0.0,Sunday,993004857,6,31,18863.0,-25.0,0,1.0,0.467,0.0,0.0132135151440306,0.4375,0.0252329221738798,-0.1014040577945045,0.0579958807544455,0.5,0.0278887300147871,0.0772174686186618,22.0,24.3,-2.3,363.3333333333333,407.6666666666667,0.667,0.461,0.0,241.0,240.0,4.0,0.0644852854703255,0.4719427244582043,0.0958114290270179,-0.0343962425673437,0.1537293284708004,0.5119047619047619,0.2994148344908919,-0.0866682004887866,-0.0564848983292748,0.0935322775959601,-16.4,-21.0,0.4,0.4,-110.99999999999994,615.6666666666667,-79.0,736.3333333333334,29.0,511.0,55.0,535.0,1.0,9.0,-0.2445112571422852,-0.03625187948044879
202411432.0,2024-12-08T16:25:00,1,2024,14,LAR,BUF,HOME,44.0,42.0,86.0,SoFi Stadium,7.0,17.0,14.0,6.0,0.0,27.0,23.0,38:30,22.0,12.0,9.0,1.0,55.0,322.0,5.9,3.0,29.0,156.0,5.4,1.0,24.0,14.0,166.0,2.0,0.0,6.9,11.9,58.3,107.29,9.0,4.0,44.4,2.0,1.0,50.0,3.0,3.0,0.0,0.0,3.0,30.0,0.0,0.0,2.0,17.0,3.0,3.0,3.0,116.0,38.7,0.0,0.0,0.0,7.0,7.0,7.0,21.0,0.0,32.0,37.0,21:30,19.0,7.0,11.0,1.0,68.0,327.0,4.8,1.0,31.0,143.0,4.6,0.0,37.0,24.0,184.0,1.0,0.0,5.0,7.7,64.9,85.87,15.0,5.0,33.3,3.0,2.0,66.7,2.0,0.0,0.0,0.0,4.0,38.0,0.0,0.0,0.0,0.0,6.0,2.0,3.0,128.0,42.7,0.0,0.0,0.0,100.0,0.0,0.0,0.0,3.0,3.0,0.0,0.0,0.0,0.0,0.0,0.0,0.0,0.0,0.0,0.0,2.0,1.0,0.0,0.0,3.0,2.0,40.0,29.0,0.0,0.0,6.0,0.0,0.0,35.0,9.0,2.0,17.0,1.0,0.0,0.0,Sunday,993004856,32,4,18852.0,2.0,1,0.0,0.444,0.0,0.1180385512284444,0.5,0.0746540362985494,0.2377960854878269,-0.0258508379943441,0.4268292682926829,0.0458669040406388,-0.1069246243260101,23.0,24.3,-1.3,338.0,396.6666666666667,0.333,0.231,0.6,254.0,290.0,6.0,0.1048310218781313,0.5168155869942914,0.2725366411886777,0.0136996899080513,0.1072466309413746,0.4849398996382308,0.2047067895351177,0.01379095598314,0.015111591011827,0.0202756295837263,202411432.0,2024-12-08T16:25:00,1,2024,14,BUF,LAR,AWAY,42.0,44.0,86.0,SoFi Stadium,7.0,7.0,7.0,21.0,0.0,33.0,27.0,21:30,20.0,12.0,7.0,1.0,56.0,372.0,6.6,5.0,38.0,220.0,5.8,3.0,18.0,14.0,152.0,2.0,0.0,8.4,10.9,77.8,138.89,12.0,6.0,50.0,1.0,1.0,100.0,4.0,4.0,0.0,0.0,5.0,35.0,0.0,0.0,0.0,0.0,1.0,5.0,3.0,140.0,46.7,0.0,3.0,3.0,7.0,17.0,14.0,6.0,0.0,26.0,33.0,38:30,15.0,10.0,4.0,1.0,47.0,239.0,5.1,1.0,27.0,153.0,5.7,1.0,18.0,11.0,86.0,0.0,0.0,4.8,7.8,61.1,72.92,10.0,3.0,30.0,1.0,1.0,100.0,3.0,1.0,0.0,0.0,2.0,10.0,3.0,3.0,2.0,8.0,1.0,3.0,3.0,124.0,41.3,3.0,0.0,-3.0,100.0,0.0,33.3,0.0,5.0,5.0,0.0,0.0,0.0,0.0,0.0,1.0,0.0,1.0,1.0,0.0,0.0,0.0,0.0,0.0,3.0,1.0,30.0,24.0,2.0,8.0,1.0,2.0,3.0,35.0,29.0,0.0,0.0,2.0,0.0,0.0,Sunday,993004855,4,32,18849.0,-2.0,0,3.0,0.5,0.0,0.1450526415209684,0.5070422535211268,0.5630559879922657,0.2198550043437343,-0.2554541550534068,0.3538461538461538,-0.287041603092259,-0.1520527717967587,31.7,17.0,14.7,384.3333333333333,286.3333333333333,2.0,0.533,1.0,355.0,224.0,10.0,0.0999304375370411,0.4872743682845673,0.2517616197290906,0.0938498869327745,-0.1260511501695543,0.4550260126347082,-0.1522902420127887,-0.0837638405006152,0.1406354183014669,-0.0529686752325324,-16.0,13.399999999999999,-0.4,1.6,-46.333333333333314,722.3333333333333,110.33333333333337,683.0,-101.0,609.0,66.0,514.0,-4.0,16.0,0.004900584341090197,0.2332977811109289
202411416.0,2024-12-08T20:20:00,1,2024,14,KC,LAC,HOME,19.0,17.0,36.0,Arrowhead Stadium,3.0,10.0,0.0,6.0,0.0,28.0,48.0,29:07,18.0,2.0,14.0,2.0,67.0,329.0,4.9,1.0,16.0,63.0,3.9,0.0,46.0,26.0,266.0,1.0,0.0,5.8,10.2,56.5,80.53,16.0,7.0,43.8,0.0,0.0,0.0,5.0,1.0,0.0,0.0,7.0,40.0,1.0,0.0,5.0,40.0,4.0,6.0,5.0,217.0,43.4,0.0,1.0,1.0,0.0,0.0,14.0,3.0,0.0,31.0,12.0,30:53,20.0,7.0,13.0,0.0,63.0,434.0,6.9,2.0,25.0,116.0,4.6,0.0,35.0,23.0,318.0,2.0,0.0,9.1,13.8,65.7,113.75,12.0,3.0,25.0,1.0,0.0,0.0,1.0,0.0,0.0,0.0,9.0,101.0,2.0,1.0,3.0,22.0,12.0,5.0,3.0,140.0,46.7,1.0,0.0,-1.0,20.0,0.0,0.0,0.0,1.0,1.0,0.0,0.0,0.0,0.0,0.0,5.0,4.0,2.0,2.0,0.0,0.0,0.0,0.0,0.0,4.0,1.0,39.0,22.0,3.0,22.0,6.0,1.0,1.0,37.0,17.0,5.0,40.0,3.0,0.0,0.0,Sunday,993004860,16,29,18860.0,2.0,1,1.0,0.438,0.0,-0.0336209274502999,0.3707865168539326,0.0628605321077279,-0.2822921807715569,-0.056146813967673,0.4367816091954023,0.1921687134407709,-0.2163433881158618,23.3,24.7,-1.3,326.3333333333333,378.0,0.0,0.518,0.8,289.0,235.0,11.0,0.0843295395082183,0.5008413396298105,0.1513867135180488,-0.0173864898020048,0.0733053074402646,0.4734136996542379,0.2475795255252661,-0.0416510874667738,0.0826967021041691,0.0680323246561669,202411416.0,2024-12-08T20:20:00,1,2024,14,LAC,KC,AWAY,17.0,19.0,36.0,Arrowhead Stadium,0.0,0.0,14.0,3.0,0.0,24.0,5.0,30:53,10.0,5.0,5.0,0.0,46.0,187.0,4.1,1.0,17.0,56.0,3.3,0.0,24.0,17.0,131.0,0.0,0.0,5.5,7.7,70.8,83.85,11.0,3.0,27.3,1.0,0.0,0.0,2.0,0.0,0.0,0.0,7.0,33.0,2.0,1.0,5.0,19.0,4.0,5.0,3.0,146.0,48.7,1.0,4.0,3.0,3.0,10.0,0.0,6.0,0.0,35.0,55.0,29:07,24.0,7.0,13.0,4.0,77.0,350.0,4.5,1.0,37.0,116.0,3.1,1.0,39.0,24.0,234.0,0.0,4.0,6.0,9.8,61.5,38.78,14.0,3.0,21.4,4.0,2.0,50.0,4.0,1.0,0.0,0.0,2.0,10.0,1.0,0.0,1.0,11.0,8.0,5.0,2.0,82.0,41.0,4.0,1.0,-3.0,0.0,0.0,25.0,0.0,0.0,0.0,0.0,2.0,1.0,0.0,0.0,3.0,3.0,1.0,1.0,0.0,0.0,0.0,0.0,0.0,3.0,2.0,41.0,44.0,1.0,11.0,9.0,1.0,0.0,27.0,21.0,5.0,19.0,6.0,2.0,1.0,Sunday,993004859,29,16,18853.0,-2.0,0,3.0,0.273,0.0,-0.1436483544962114,0.3934426229508196,-0.2634943681964026,-0.3349994052051833,-0.1678156390092653,0.4731182795698925,-0.1740975474109681,-0.1531389547269913,24.7,23.3,1.3,302.3333333333333,397.0,0.667,0.301,0.8,260.0,188.0,8.0,-0.0052549948659309,0.4606494566924188,-0.0427955471459835,-0.1509235635776782,0.02432625399353,0.46062213140012,0.0992416019057591,0.0133847218002845,0.0227170177311396,-0.0305424866450771,-2.6,0.0,0.0,1.6,24.0,628.6666666666666,-19.0,775.0,29.0,549.0,47.0,423.0,3.0,19.0,0.08958453437414919,0.0489790534467346
202411409.0,2024-12-09T20:15:00,1,2024,14,DAL,CIN,HOME,20.0,27.0,47.0,AT&T Stadium,7.0,3.0,7.0,3.0,0.0,31.0,36.0,26:49,21.0,7.0,10.0,4.0,68.0,317.0,4.7,3.0,32.0,122.0,3.8,1.0,36.0,21.0,195.0,1.0,0.0,5.4,9.3,58.3,82.52,15.0,7.0,46.7,1.0,0.0,0.0,4.0,2.0,0.0,0.0,6.0,48.0,2.0,0.0,0.0,0.0,14.0,5.0,5.0,236.0,47.2,0.0,2.0,2.0,7.0,10.0,0.0,10.0,0.0,28.0,24.0,33:11,17.0,7.0,8.0,2.0,59.0,247.0,4.2,2.0,21.0,116.0,5.5,2.0,32.0,21.0,131.0,0.0,1.0,4.1,6.2,65.6,60.81,12.0,3.0,25.0,1.0,1.0,100.0,2.0,2.0,0.0,0.0,13.0,98.0,2.0,1.0,6.0,47.0,3.0,3.0,5.0,228.0,45.6,2.0,0.0,-2.0,50.0,0.0,100.0,0.0,3.0,3.0,0.0,0.0,0.0,0.0,0.0,2.0,2.0,2.0,2.0,0.0,0.0,0.0,0.0,0.0,2.0,2.0,31.0,30.0,6.0,47.0,5.0,2.0,1.0,35.0,30.0,0.0,0.0,9.0,1.0,0.0,Monday,993004862,9,7,18862.0,-7.0,0,2.0,0.467,0.0,-0.0574442957377622,0.4193548387096774,0.0353995331540226,-0.1470897013524306,-0.1435283373983037,0.4642857142857143,-0.314655441253416,-0.0117533019979924,23.7,26.7,-3.0,345.6666666666667,350.0,1.0,0.327,0.4,248.0,339.0,5.0,-0.084568182525514,0.4303573368089497,-0.002663387048618,-0.3150707752241778,-0.0332007508898532,0.451469723691946,-0.1106508207881779,0.120963103865054,-0.1558403059863469,-0.0207239868484032,202411409.0,2024-12-09T20:15:00,1,2024,14,CIN,DAL,AWAY,27.0,20.0,47.0,AT&T Stadium,7.0,10.0,0.0,10.0,0.0,28.0,51.0,33:11,25.0,5.0,16.0,4.0,57.0,375.0,6.6,5.0,15.0,93.0,6.2,1.0,38.0,28.0,282.0,3.0,1.0,7.4,10.1,73.7,109.76,8.0,4.0,50.0,0.0,0.0,0.0,5.0,4.0,0.0,0.0,11.0,101.0,2.0,2.0,4.0,27.0,9.0,4.0,2.0,87.0,43.5,3.0,1.0,-2.0,7.0,3.0,7.0,3.0,0.0,31.0,9.0,26:49,28.0,5.0,18.0,5.0,66.0,520.0,7.9,5.0,26.0,110.0,4.2,1.0,38.0,29.0,410.0,3.0,1.0,10.8,14.1,76.3,125.99,9.0,4.0,44.4,0.0,0.0,0.0,4.0,2.0,0.0,0.0,9.0,103.0,1.0,0.0,2.0,4.0,11.0,6.0,1.0,38.0,38.0,1.0,3.0,2.0,80.0,0.0,50.0,0.0,5.0,5.0,0.0,0.0,0.0,0.0,0.0,1.0,1.0,5.0,5.0,0.0,0.0,0.0,0.0,0.0,4.0,3.0,35.0,43.0,2.0,4.0,2.0,1.0,0.0,32.0,24.0,4.0,27.0,4.0,2.0,2.0,Monday,993004861,7,9,18854.0,7.0,1,-2.0,0.5,0.0,0.0887425176802073,0.5783132530120482,0.0711842533529515,0.1026370825935513,0.1923794525590077,0.6111111111111112,0.4279407780715127,0.0964336989627159,33.0,37.7,-4.7,432.3333333333333,448.0,-0.667,0.431,0.2,335.0,340.0,4.0,0.0884309415738483,0.5069050712654539,0.1851600026402877,-0.0937455925846397,0.1466099039070096,0.5374627501064283,0.3173577002894113,0.0186372975347684,0.07241359671956,0.1303464475388813,1.7000000000000002,-7.7,0.2,0.6000000000000001,-86.66666666666663,778.0,-98.0,798.0,-87.0,583.0,-1.0,679.0,1.0,9.0,-0.1729991240993623,-0.17981065479686278
202411531.0,2024-12-12T20:15:00,1,2024,15,SF,LAR,HOME,6.0,12.0,18.0,Levi's Stadium,3.0,0.0,3.0,0.0,0.0,31.0,48.0,24:56,22.0,8.0,13.0,1.0,61.0,452.0,7.4,5.0,34.0,131.0,3.9,3.0,26.0,20.0,321.0,2.0,1.0,12.3,16.0,76.9,127.24,12.0,6.0,50.0,2.0,2.0,100.0,6.0,5.0,0.0,0.0,7.0,31.0,0.0,0.0,1.0,4.0,7.0,7.0,2.0,92.0,46.0,1.0,1.0,0.0,0.0,3.0,0.0,9.0,0.0,28.0,12.0,35:04,14.0,4.0,10.0,0.0,52.0,162.0,3.1,2.0,21.0,68.0,3.2,0.0,24.0,18.0,94.0,2.0,0.0,3.9,5.2,75.0,108.68,10.0,4.0,40.0,0.0,0.0,0.0,2.0,2.0,0.0,0.0,2.0,30.0,1.0,1.0,7.0,46.0,3.0,4.0,6.0,316.0,52.7,1.0,1.0,0.0,83.3,0.0,100.0,0.0,5.0,5.0,0.0,0.0,0.0,0.0,0.0,1.0,1.0,1.0,1.0,0.0,2.0,0.0,0.0,0.0,0.0,0.0,37.0,16.0,7.0,46.0,3.0,0.0,1.0,38.0,23.0,1.0,4.0,4.0,0.0,0.0,Thursday,993004864,31,32,18867.0,-6.0,0,0.0,0.5,0.0,0.3068982449558217,0.5064935064935064,0.7295945686650921,0.124743572358966,-0.0689056426648877,0.4776119402985074,-0.165754701427321,-0.1349469748521714,19.3,28.7,-9.3,310.6666666666667,286.3333333333333,-2.0,0.367,0.4,308.0,308.0,6.0,-0.075925619663093,0.4161331206107325,-0.0272356989677948,-0.0674560913409571,0.0741352938363179,0.5103886072422036,0.2393914846545975,0.0205306032432178,-0.0201214837314164,0.0685505331001784,202411531.0,2024-12-12T20:15:00,1,2024,15,LAR,SF,AWAY,12.0,6.0,18.0,Levi's Stadium,0.0,3.0,0.0,9.0,0.0,38.0,30.0,35:04,28.0,10.0,15.0,3.0,72.0,457.0,6.3,6.0,42.0,137.0,3.3,3.0,30.0,23.0,320.0,2.0,0.0,10.7,13.9,76.7,132.64,15.0,11.0,73.3,1.0,1.0,100.0,6.0,5.0,0.0,0.0,9.0,99.0,0.0,0.0,0.0,0.0,1.0,0.0,2.0,95.0,47.5,0.0,0.0,0.0,3.0,0.0,3.0,0.0,0.0,21.0,30.0,24:56,25.0,6.0,14.0,5.0,54.0,445.0,8.2,6.0,17.0,103.0,6.1,3.0,37.0,22.0,342.0,3.0,0.0,9.2,15.5,59.5,117.17,9.0,5.0,55.6,0.0,0.0,0.0,3.0,3.0,0.0,0.0,7.0,59.0,0.0,0.0,0.0,0.0,3.0,4.0,2.0,101.0,50.5,0.0,0.0,0.0,83.3,0.0,100.0,0.0,6.0,5.0,0.0,0.0,0.0,0.0,0.0,1.0,1.0,6.0,6.0,0.0,0.0,0.0,0.0,0.0,0.0,0.0,27.0,16.0,0.0,0.0,3.0,0.0,0.0,46.0,36.0,0.0,0.0,2.0,0.0,0.0,Thursday,993004863,32,31,18866.0,6.0,1,0.0,0.733,0.0,0.2614811076575571,0.5578947368421052,0.7802516602434265,-0.0951994620914948,0.3085171630672629,0.55,0.676267760841357,0.0898737463382228,28.3,31.0,-2.7,356.3333333333333,417.6666666666667,-0.333,0.393,0.6,298.0,332.0,7.0,0.1216356611546423,0.5214079502553853,0.3400351689306863,-0.071572201868055,0.1869119301464161,0.4998521803399852,0.3482569324550132,0.0984595665639784,0.0754099429048577,0.1128810544453153,-6.6000000000000005,-12.0,-0.19999999999999996,1.0,-45.66666666666663,667.0,-131.33333333333337,704.0,10.0,606.0,-24.0,640.0,-1.0,13.0,-0.1975612808177353,-0.11277663631009821
202411523.0,2024-12-15T13:00:00,1,2024,15,NYG,BAL,HOME,14.0,35.0,49.0,MetLife Stadium,0.0,7.0,0.0,7.0,0.0,28.0,11.0,31:02,16.0,4.0,12.0,0.0,74.0,325.0,4.4,1.0,23.0,112.0,4.9,1.0,49.0,21.0,213.0,0.0,1.0,4.3,10.1,42.9,47.41,19.0,5.0,26.3,4.0,2.0,50.0,3.0,1.0,0.0,0.0,12.0,112.0,0.0,0.0,2.0,14.0,4.0,13.0,8.0,299.0,37.4,1.0,1.0,0.0,7.0,14.0,7.0,7.0,0.0,31.0,49.0,28:58,18.0,7.0,10.0,1.0,66.0,292.0,4.4,2.0,33.0,92.0,2.8,1.0,31.0,20.0,200.0,1.0,1.0,6.5,10.0,64.5,80.04,15.0,5.0,33.3,1.0,0.0,0.0,2.0,2.0,0.0,0.0,6.0,40.0,2.0,0.0,2.0,19.0,13.0,2.0,7.0,292.0,41.7,1.0,1.0,0.0,33.3,0.0,100.0,0.0,0.0,0.0,0.0,2.0,1.0,0.0,0.0,2.0,1.0,2.0,2.0,0.0,0.0,0.0,0.0,0.0,2.0,0.0,42.0,29.0,2.0,19.0,3.0,2.0,0.0,40.0,17.0,2.0,14.0,14.0,0.0,0.0,Sunday,993004868,23,3,18871.0,-21.0,0,0.0,0.263,0.0,-0.1836162586252452,0.336734693877551,-0.1027375693869006,-0.2641882516084782,-0.1525378524150364,0.3953488372093023,0.0828148599214888,-0.2217423665533715,12.7,23.7,-11.0,272.3333333333333,353.3333333333333,-0.667,0.323,0.0,194.0,293.0,2.0,-0.1690243058443732,0.4105253212396069,-0.1715405948688926,-0.2974566410907923,0.0004726705307224,0.4382345586396599,0.281850950060464,-0.1865386501289471,-0.0891266333404616,0.0410757685253069,202411523.0,2024-12-15T13:00:00,1,2024,15,BAL,NYG,AWAY,35.0,14.0,49.0,MetLife Stadium,7.0,14.0,7.0,7.0,0.0,33.0,51.0,28:58,24.0,10.0,11.0,3.0,71.0,372.0,5.2,2.0,32.0,166.0,5.2,0.0,36.0,23.0,206.0,2.0,0.0,5.7,9.0,63.9,97.69,15.0,6.0,40.0,2.0,1.0,50.0,5.0,2.0,0.0,0.0,4.0,20.0,3.0,0.0,3.0,31.0,3.0,5.0,4.0,191.0,47.8,0.0,0.0,0.0,0.0,7.0,0.0,7.0,0.0,26.0,9.0,31:02,17.0,9.0,7.0,1.0,54.0,252.0,4.7,3.0,33.0,140.0,4.2,2.0,19.0,11.0,112.0,1.0,0.0,5.9,10.2,57.9,92.43,12.0,4.0,33.3,1.0,1.0,100.0,3.0,2.0,0.0,0.0,8.0,55.0,2.0,0.0,2.0,6.0,6.0,5.0,6.0,307.0,51.2,0.0,0.0,0.0,40.0,0.0,66.7,0.0,2.0,1.0,0.0,0.0,0.0,0.0,0.0,4.0,2.0,3.0,3.0,0.0,0.0,0.0,0.0,0.0,1.0,1.0,29.0,26.0,2.0,6.0,2.0,1.0,0.0,44.0,23.0,3.0,31.0,4.0,2.0,0.0,Sunday,993004867,3,23,18850.0,21.0,1,0.0,0.4,0.0,-0.0499532034030133,0.4065934065934066,0.1127292950081134,-0.1357234030578251,0.0459496748038237,0.5066666666666667,-0.0698030319484963,0.1261460284529734,21.7,21.7,0.0,363.3333333333333,280.0,-0.667,0.432,0.6,383.0,318.0,8.0,0.005557880818591,0.4371648042534118,0.0729207690359833,0.025251199557107,0.0098193398050334,0.4749283090413557,-0.086900735994754,-0.0937284802286518,0.1121470465643556,0.0157154178053684,-11.0,-11.0,-0.6,0.6,-91.0,635.6666666666666,73.33333333333331,633.3333333333333,-189.0,577.0,-25.0,611.0,-6.0,10.0,-0.17458218666296418,-0.009346669274311
202411505.0,2024-12-15T13:00:00,1,2024,15,CAR,DAL,HOME,14.0,30.0,44.0,Bank of America Stadium,0.0,7.0,0.0,7.0,0.0,33.0,33.0,26:14,20.0,7.0,11.0,2.0,69.0,302.0,4.4,2.0,34.0,118.0,3.5,1.0,34.0,19.0,184.0,1.0,1.0,5.4,9.7,55.9,68.75,16.0,7.0,43.8,5.0,3.0,60.0,2.0,2.0,0.0,0.0,7.0,43.0,0.0,0.0,1.0,7.0,5.0,3.0,2.0,90.0,45.0,1.0,0.0,-1.0,0.0,10.0,14.0,6.0,0.0,26.0,27.0,33:46,18.0,11.0,7.0,0.0,56.0,292.0,5.2,3.0,31.0,209.0,6.7,1.0,21.0,14.0,83.0,2.0,0.0,4.0,5.9,66.7,105.85,12.0,7.0,58.3,0.0,0.0,0.0,3.0,3.0,0.0,0.0,7.0,40.0,1.0,0.0,4.0,25.0,8.0,6.0,4.0,172.0,43.0,0.0,1.0,1.0,100.0,0.0,100.0,0.0,2.0,1.0,0.0,0.0,0.0,0.0,0.0,1.0,1.0,2.0,2.0,0.0,0.0,0.0,1.0,1.0,1.0,0.0,35.0,24.0,4.0,25.0,3.0,1.0,0.0,42.0,22.0,1.0,7.0,5.0,0.0,0.0,Sunday,993004872,5,9,18872.0,-16.0,0,-1.0,0.438,0.0,-0.0012703475080083,0.3975903614457831,0.093145775463876,-0.1254512362469249,0.0368983743618468,0.4459459459459459,0.0333409531525948,0.2214845222827446,22.0,26.0,-4.0,334.3333333333333,376.0,0.0,0.399,0.4,233.0,388.0,3.0,0.0200319607818929,0.4718011536416975,0.1533826646186052,-0.0911982271430767,0.0850551530354429,0.5138171879744914,0.0636687480780584,0.1794213227778751,0.0150497975486424,0.051139136074993,202411505.0,2024-12-15T13:00:00,1,2024,15,DAL,CAR,AWAY,30.0,14.0,44.0,Bank of America Stadium,0.0,10.0,14.0,6.0,0.0,26.0,49.0,33:46,17.0,7.0,9.0,1.0,59.0,322.0,5.5,2.0,25.0,156.0,6.2,0.0,31.0,16.0,166.0,2.0,1.0,5.4,10.4,51.6,75.47,12.0,4.0,33.3,2.0,1.0,50.0,4.0,2.0,0.0,0.0,4.0,36.0,1.0,1.0,3.0,17.0,8.0,2.0,4.0,198.0,49.5,2.0,1.0,-1.0,0.0,7.0,0.0,7.0,0.0,33.0,11.0,26:14,23.0,4.0,18.0,1.0,65.0,433.0,6.7,3.0,19.0,74.0,3.9,0.0,44.0,33.0,359.0,3.0,1.0,8.2,10.9,75.0,111.84,10.0,4.0,40.0,1.0,0.0,0.0,4.0,2.0,0.0,0.0,10.0,77.0,1.0,0.0,2.0,10.0,7.0,4.0,3.0,121.0,40.3,1.0,2.0,1.0,50.0,0.0,50.0,0.0,2.0,2.0,0.0,0.0,0.0,0.0,0.0,2.0,2.0,3.0,3.0,0.0,0.0,0.0,0.0,0.0,2.0,2.0,39.0,27.0,2.0,10.0,6.0,1.0,0.0,33.0,21.0,3.0,17.0,6.0,0.0,1.0,Sunday,993004870,9,5,18864.0,16.0,1,-1.0,0.333,0.0,0.0280134633529781,0.5064935064935064,-0.1475779361487566,0.2185248319833825,0.1250949051192449,0.5287356321839081,0.1485463671030754,-0.0417329813250997,27.0,24.3,2.7,323.6666666666667,364.0,1.0,0.327,0.4,268.0,366.0,5.0,-0.0002339895141339,0.4678753743269871,0.0396169056112314,-0.1050303053399404,-0.0281226909277894,0.4754515599343185,-0.1220565037420658,0.0584140794526513,-0.1424719955096481,0.0006871549768314,-6.7,-1.2999999999999998,0.0,0.8,10.666666666666629,658.0,12.0,740.0,-35.0,501.0,22.0,754.0,-2.0,8.0,0.020265950296026798,0.1131778439632323
202411513.0,2024-12-15T13:00:00,1,2024,15,HOU,MIA,HOME,20.0,12.0,32.0,NRG Stadium,3.0,10.0,7.0,0.0,0.0,32.0,17.0,26:36,20.0,9.0,10.0,1.0,61.0,326.0,5.3,2.0,25.0,108.0,4.3,1.0,34.0,22.0,218.0,1.0,0.0,6.4,9.9,64.7,92.52,13.0,5.0,38.5,1.0,1.0,100.0,3.0,1.0,0.0,0.0,3.0,15.0,0.0,0.0,2.0,24.0,3.0,3.0,4.0,202.0,50.5,0.0,1.0,1.0,0.0,6.0,6.0,0.0,0.0,27.0,43.0,33:24,19.0,5.0,13.0,1.0,67.0,373.0,5.6,2.0,25.0,97.0,3.9,0.0,42.0,24.0,276.0,2.0,1.0,6.6,11.5,57.1,83.04,15.0,5.0,33.3,2.0,2.0,100.0,4.0,2.0,0.0,0.0,4.0,30.0,1.0,0.0,0.0,0.0,3.0,5.0,4.0,191.0,47.8,1.0,0.0,-1.0,33.3,0.0,50.0,0.0,2.0,2.0,0.0,0.0,0.0,0.0,0.0,3.0,3.0,0.0,0.0,0.0,4.0,1.0,0.0,0.0,3.0,2.0,31.0,31.0,0.0,0.0,5.0,0.0,0.0,38.0,16.0,2.0,24.0,6.0,0.0,0.0,Sunday,993004871,13,19,18855.0,8.0,1,1.0,0.385,0.0,0.0873911030328366,0.4556962025316455,0.0746668027250306,0.0886716467823134,0.0072354531564728,0.4186046511627907,0.1815903319800063,-0.1726306142290527,28.0,20.7,7.3,325.6666666666667,376.6666666666667,1.0,0.316,0.4,308.0,288.0,8.0,0.0324812817467674,0.4383612428619461,0.0305335924269084,-0.0926055619980541,-0.0745650497059508,0.4244060674685184,-0.01680534824023,-0.2625385073014986,-0.0030540966543416,-0.0370210329535205,202411513.0,2024-12-15T13:00:00,1,2024,15,MIA,HOU,AWAY,12.0,20.0,32.0,NRG Stadium,0.0,6.0,6.0,0.0,0.0,32.0,53.0,33:24,28.0,3.0,21.0,4.0,66.0,375.0,5.7,3.0,19.0,44.0,2.3,1.0,47.0,33.0,331.0,2.0,0.0,7.0,10.0,70.2,104.12,9.0,1.0,11.1,2.0,2.0,100.0,4.0,3.0,0.0,0.0,8.0,49.0,0.0,0.0,0.0,0.0,6.0,5.0,3.0,148.0,49.3,0.0,0.0,0.0,3.0,10.0,7.0,0.0,0.0,31.0,2.0,26:36,23.0,3.0,18.0,2.0,63.0,402.0,6.4,2.0,21.0,83.0,4.0,1.0,39.0,27.0,319.0,1.0,0.0,8.2,11.8,69.2,102.4,12.0,4.0,33.3,2.0,2.0,100.0,5.0,2.0,0.0,0.0,10.0,83.0,0.0,0.0,3.0,20.0,0.0,4.0,2.0,96.0,48.0,0.0,0.0,0.0,75.0,0.0,40.0,0.0,1.0,0.0,0.0,2.0,1.0,0.0,0.0,4.0,4.0,2.0,2.0,0.0,0.0,0.0,0.0,0.0,4.0,4.0,34.0,27.0,3.0,20.0,4.0,0.0,0.0,42.0,21.0,0.0,0.0,4.0,0.0,0.0,Sunday,993004869,19,13,18869.0,-8.0,0,0.0,0.111,0.0,0.2251064696404249,0.6222222222222222,0.4276334237399143,-0.3111776712263235,0.2023552278399493,0.5681818181818182,0.3797240887326745,-0.0215790693891113,27.7,23.7,4.0,374.3333333333333,352.6666666666667,0.0,0.243,0.8,264.0,292.0,6.0,0.1114369867011176,0.5463587182688306,0.3205538776332909,-0.467987104403143,0.0920076969335071,0.4970538720538719,0.2011534726307922,-0.0500766550129331,0.1166319412963869,0.0407446579442791,3.3,11.3,-0.4,1.2000000000000002,-48.66666666666663,700.0,24.0,729.3333333333334,44.0,572.0,-4.0,580.0,2.0,14.0,-0.0789557049543502,-0.16657274663945792
202411522.0,2024-12-15T13:00:00,1,2024,15,NO,WAS,HOME,19.0,20.0,39.0,Caesars Superdome,0.0,0.0,7.0,12.0,0.0,31.0,49.0,19:10,18.0,7.0,10.0,1.0,66.0,292.0,4.4,2.0,33.0,92.0,2.8,1.0,31.0,20.0,200.0,1.0,1.0,6.5,10.0,64.5,80.04,15.0,5.0,33.3,1.0,0.0,0.0,2.0,2.0,0.0,0.0,6.0,40.0,2.0,0.0,2.0,19.0,13.0,2.0,7.0,292.0,41.7,1.0,1.0,0.0,7.0,7.0,3.0,3.0,0.0,28.0,11.0,40:50,16.0,4.0,12.0,0.0,74.0,325.0,4.4,1.0,23.0,112.0,4.9,1.0,49.0,21.0,213.0,0.0,1.0,4.3,10.1,42.9,47.41,19.0,5.0,26.3,4.0,2.0,50.0,3.0,1.0,0.0,0.0,12.0,112.0,0.0,0.0,2.0,14.0,4.0,13.0,8.0,299.0,37.4,1.0,1.0,0.0,100.0,0.0,33.3,0.0,2.0,2.0,0.0,0.0,0.0,0.0,0.0,2.0,0.0,0.0,0.0,0.0,2.0,1.0,0.0,0.0,2.0,1.0,40.0,17.0,2.0,14.0,14.0,0.0,0.0,42.0,29.0,2.0,19.0,3.0,2.0,0.0,Sunday,993004874,22,35,18871.0,-1.0,0,0.0,0.333,0.0,-0.1525378524150364,0.3953488372093023,0.0828148599214888,-0.2217423665533715,-0.1836162586252452,0.336734693877551,-0.1027375693869006,-0.2641882516084782,21.0,15.3,5.7,364.0,363.3333333333333,-0.667,0.389,0.6,290.0,292.0,5.0,0.0124279371793613,0.4475753502358215,0.0732590730437899,0.0263727182870362,-0.0461978632642655,0.4107796964939822,0.0537161623065884,-0.1303459773478062,0.0170084051320341,-0.0287247551018073,202411522.0,2024-12-15T13:00:00,1,2024,15,WAS,NO,AWAY,20.0,19.0,39.0,Caesars Superdome,7.0,7.0,3.0,3.0,0.0,40.0,13.0,40:50,29.0,13.0,12.0,4.0,77.0,463.0,6.0,6.0,45.0,267.0,5.9,3.0,30.0,25.0,196.0,3.0,1.0,6.5,7.8,83.3,113.33,14.0,9.0,64.3,1.0,1.0,100.0,7.0,5.0,0.0,0.0,7.0,65.0,1.0,0.0,2.0,10.0,9.0,3.0,1.0,52.0,52.0,1.0,2.0,1.0,0.0,0.0,7.0,12.0,0.0,19.0,47.0,19:10,12.0,1.0,9.0,2.0,50.0,245.0,4.9,2.0,11.0,35.0,3.2,0.0,37.0,18.0,210.0,2.0,0.0,5.7,11.7,48.6,84.29,12.0,5.0,41.7,1.0,0.0,0.0,2.0,1.0,0.0,0.0,12.0,93.0,3.0,2.0,2.0,2.0,2.0,3.0,4.0,213.0,53.2,2.0,1.0,-1.0,71.4,0.0,50.0,0.0,6.0,6.0,0.0,0.0,0.0,0.0,0.0,2.0,0.0,1.0,1.0,0.0,2.0,0.0,0.0,0.0,2.0,2.0,23.0,13.0,2.0,2.0,1.0,2.0,2.0,44.0,49.0,2.0,10.0,2.0,1.0,0.0,Sunday,993004873,35,22,18859.0,1.0,1,1.0,0.643,0.0,0.1510672337311873,0.58,0.2904724904668844,0.2899467137432386,-0.1267459364898878,0.3611111111111111,0.089217151747258,-0.7000962779664949,28.7,26.3,2.3,379.6666666666667,337.0,-0.667,0.409,0.4,376.0,296.0,8.0,0.0198447803643179,0.5044444444444444,0.0654647627454437,0.0565774878856211,-0.0106477663577792,0.4328863346104725,0.1364544891405286,-0.2682094151819327,0.0617020123084762,0.0300587749260282,3.4000000000000004,8.0,0.19999999999999996,1.0,-15.666666666666686,743.6666666666667,26.333333333333314,700.3333333333333,-86.0,666.0,-4.0,588.0,-3.0,13.0,-0.0074168431849566015,-0.0355500969064863
202411534.0,2024-12-15T13:00:00,1,2024,15,TEN,CIN,HOME,27.0,37.0,64.0,Nissan Stadium,14.0,0.0,0.0,13.0,0.0,31.0,44.0,31:29,17.0,8.0,8.0,1.0,62.0,272.0,4.4,0.0,28.0,126.0,4.5,0.0,32.0,19.0,146.0,0.0,0.0,4.6,7.7,59.4,70.57,16.0,8.0,50.0,3.0,0.0,0.0,2.0,0.0,0.0,0.0,4.0,25.0,1.0,0.0,2.0,22.0,6.0,5.0,3.0,143.0,47.7,0.0,2.0,2.0,7.0,17.0,7.0,6.0,0.0,28.0,16.0,28:31,16.0,5.0,11.0,0.0,58.0,291.0,5.0,1.0,26.0,71.0,2.7,1.0,31.0,23.0,220.0,0.0,2.0,7.1,9.6,74.2,66.6,13.0,6.0,46.2,1.0,1.0,100.0,2.0,1.0,0.0,0.0,5.0,39.0,0.0,0.0,1.0,0.0,3.0,4.0,4.0,198.0,49.5,2.0,0.0,-2.0,0.0,0.0,50.0,0.0,0.0,0.0,0.0,0.0,0.0,0.0,0.0,2.0,2.0,1.0,1.0,0.0,0.0,0.0,0.0,0.0,1.0,1.0,41.0,20.0,1.0,0.0,4.0,0.0,0.0,37.0,33.0,2.0,22.0,7.0,1.0,0.0,Sunday,993004876,34,7,18875.0,-10.0,0,2.0,0.5,0.0,-0.0960425480262602,0.4054054054054054,-0.2536984437781452,-0.0181664657127435,-0.0252047051085786,0.4305555555555556,0.0813423233670864,-0.0950178117364766,19.0,26.3,-7.3,295.3333333333333,338.0,0.0,0.401,0.2,227.0,342.0,3.0,-0.0762433237031037,0.4090635579399624,-0.0406896182010928,-0.307217024561784,0.0086848485323402,0.471050986050986,0.0686617908083089,-0.1058245075606073,-0.0667427983927725,0.0492725675930398,202411534.0,2024-12-15T13:00:00,1,2024,15,CIN,TEN,AWAY,37.0,27.0,64.0,Nissan Stadium,7.0,17.0,7.0,6.0,0.0,33.0,11.0,28:31,23.0,4.0,18.0,1.0,65.0,433.0,6.7,3.0,19.0,74.0,3.9,0.0,44.0,33.0,359.0,3.0,1.0,8.2,10.9,75.0,111.84,10.0,4.0,40.0,1.0,0.0,0.0,4.0,2.0,0.0,0.0,10.0,77.0,1.0,0.0,2.0,10.0,7.0,4.0,3.0,121.0,40.3,1.0,2.0,1.0,14.0,0.0,0.0,13.0,0.0,26.0,49.0,31:29,17.0,7.0,9.0,1.0,59.0,322.0,5.5,2.0,25.0,156.0,6.2,0.0,31.0,16.0,166.0,2.0,1.0,5.4,10.4,51.6,75.47,12.0,4.0,33.3,2.0,1.0,50.0,4.0,2.0,0.0,0.0,4.0,36.0,1.0,1.0,3.0,17.0,8.0,2.0,4.0,198.0,49.5,2.0,1.0,-1.0,50.0,0.0,50.0,0.0,3.0,3.0,0.0,0.0,0.0,0.0,0.0,2.0,2.0,2.0,2.0,0.0,0.0,0.0,0.0,0.0,2.0,2.0,33.0,21.0,3.0,17.0,6.0,0.0,1.0,39.0,27.0,2.0,10.0,6.0,1.0,0.0,Sunday,993004875,7,34,18864.0,10.0,1,1.0,0.4,0.0,0.1250949051192449,0.5287356321839081,0.1485463671030754,-0.0417329813250997,0.0280134633529781,0.5064935064935064,-0.1475779361487566,0.2185248319833825,30.7,32.7,-2.0,420.0,425.6666666666667,0.0,0.398,0.4,362.0,360.0,5.0,0.0742575631928347,0.5095391708823122,0.1333739323191245,0.0025362400303509,0.08727947527022,0.5334544127647577,0.1073021398913478,0.11830736473666,0.1008041145999397,0.0736933378560745,-5.3,-9.3,-0.2,0.6000000000000001,-124.66666666666669,715.3333333333333,-87.66666666666669,763.6666666666667,-135.0,589.0,-18.0,702.0,-2.0,8.0,-0.1505008868959384,-0.0785946267378798
202411515.0,2024-12-15T13:00:00,1,2024,15,JAX,NYJ,HOME,25.0,32.0,57.0,EverBank Stadium,7.0,6.0,3.0,9.0,0.0,28.0,16.0,34:24,16.0,5.0,11.0,0.0,58.0,291.0,5.0,1.0,26.0,71.0,2.7,1.0,31.0,23.0,220.0,0.0,2.0,7.1,9.6,74.2,66.6,13.0,6.0,46.2,1.0,1.0,100.0,2.0,1.0,0.0,0.0,5.0,39.0,0.0,0.0,1.0,0.0,3.0,4.0,4.0,198.0,49.5,2.0,0.0,-2.0,7.0,0.0,10.0,15.0,0.0,31.0,44.0,25:36,17.0,8.0,8.0,1.0,62.0,272.0,4.4,0.0,28.0,126.0,4.5,0.0,32.0,19.0,146.0,0.0,0.0,4.6,7.7,59.4,70.57,16.0,8.0,50.0,3.0,0.0,0.0,2.0,0.0,0.0,0.0,4.0,25.0,1.0,0.0,2.0,22.0,6.0,5.0,3.0,143.0,47.7,0.0,2.0,2.0,50.0,0.0,0.0,0.0,1.0,1.0,0.0,0.0,0.0,0.0,0.0,1.0,1.0,0.0,0.0,0.0,0.0,0.0,0.0,0.0,2.0,2.0,37.0,33.0,2.0,22.0,7.0,1.0,0.0,41.0,20.0,1.0,0.0,4.0,0.0,0.0,Sunday,993004866,15,24,18875.0,-7.0,0,-2.0,0.462,0.0,-0.0252047051085786,0.4305555555555556,0.0813423233670864,-0.0950178117364766,-0.0960425480262602,0.4054054054054054,-0.2536984437781452,-0.0181664657127435,12.0,27.0,-15.0,278.0,414.3333333333333,-1.333,0.332,0.2,238.0,345.0,3.0,-0.0704311471417943,0.4273320092046229,-0.0421175266558134,-0.1849592918834008,0.1451628535002675,0.5104770927555737,0.279553461807761,0.0580525671841387,-0.0942396504738739,0.087498916364722,202411515.0,2024-12-15T13:00:00,1,2024,15,NYJ,JAX,AWAY,32.0,25.0,57.0,EverBank Stadium,7.0,0.0,10.0,15.0,0.0,31.0,2.0,25:36,23.0,3.0,18.0,2.0,63.0,402.0,6.4,2.0,21.0,83.0,4.0,1.0,39.0,27.0,319.0,1.0,0.0,8.2,11.8,69.2,102.4,12.0,4.0,33.3,2.0,2.0,100.0,5.0,2.0,0.0,0.0,10.0,83.0,0.0,0.0,3.0,20.0,0.0,4.0,2.0,96.0,48.0,0.0,0.0,0.0,7.0,6.0,3.0,9.0,0.0,32.0,53.0,34:24,28.0,3.0,21.0,4.0,66.0,375.0,5.7,3.0,19.0,44.0,2.3,1.0,47.0,33.0,331.0,2.0,0.0,7.0,10.0,70.2,104.12,9.0,1.0,11.1,2.0,2.0,100.0,4.0,3.0,0.0,0.0,8.0,49.0,0.0,0.0,0.0,0.0,6.0,5.0,3.0,148.0,49.3,0.0,0.0,0.0,40.0,0.0,75.0,0.0,2.0,2.0,0.0,0.0,0.0,0.0,0.0,4.0,4.0,1.0,0.0,0.0,2.0,1.0,0.0,0.0,4.0,4.0,42.0,21.0,0.0,0.0,4.0,0.0,0.0,34.0,27.0,3.0,20.0,4.0,0.0,0.0,Sunday,993004865,24,15,18869.0,7.0,1,0.0,0.333,0.0,0.2023552278399493,0.5681818181818182,0.3797240887326745,-0.0215790693891113,0.2251064696404249,0.6222222222222222,0.4276334237399143,-0.3111776712263235,24.7,28.7,-4.0,304.3333333333333,322.0,0.333,0.342,0.2,251.0,300.0,3.0,0.0203206814182584,0.4737750226413916,0.0308974720752783,-0.1439380235309303,0.0783830893061892,0.4735245696093503,0.2720898162303757,-0.1593469867516083,0.0257977836173907,0.112530205647737,-11.0,-19.0,0.0,0.4,-26.333333333333314,582.3333333333333,92.33333333333331,736.3333333333333,-13.0,489.0,45.0,645.0,0.0,6.0,-0.0907518285600527,0.0667797641940783
202411508.0,2024-12-15T13:00:00,1,2024,15,CLE,KC,HOME,7.0,21.0,28.0,Huntington Bank Field,0.0,0.0,7.0,0.0,0.0,30.0,0.0,28:23,20.0,7.0,11.0,2.0,69.0,300.0,4.3,2.0,25.0,104.0,4.2,0.0,41.0,24.0,196.0,2.0,2.0,4.8,8.2,58.5,66.72,13.0,2.0,15.4,4.0,3.0,75.0,3.0,1.0,0.0,0.0,9.0,81.0,2.0,1.0,3.0,16.0,7.0,6.0,5.0,226.0,45.2,3.0,1.0,-2.0,7.0,7.0,7.0,0.0,0.0,30.0,0.0,31:37,15.0,8.0,6.0,1.0,62.0,267.0,4.3,3.0,35.0,120.0,3.4,1.0,26.0,15.0,147.0,2.0,0.0,5.7,9.8,57.7,99.36,14.0,6.0,42.9,0.0,0.0,0.0,4.0,2.0,0.0,0.0,6.0,61.0,1.0,1.0,1.0,11.0,6.0,7.0,6.0,314.0,52.3,1.0,3.0,2.0,33.3,0.0,50.0,0.0,2.0,2.0,0.0,0.0,0.0,0.0,0.0,2.0,0.0,3.0,3.0,0.0,0.0,0.0,0.0,0.0,2.0,2.0,29.0,39.0,1.0,11.0,1.0,1.0,1.0,38.0,31.0,3.0,16.0,5.0,0.0,1.0,Sunday,993004878,8,16,18873.0,-14.0,0,-2.0,0.154,0.0,-0.1812252062553064,0.4130434782608695,-0.1908475662929397,-0.0864274869789369,-0.0286309443445273,0.4320987654320987,0.0320317895375811,-0.2316933002457517,23.3,29.0,-5.7,385.3333333333333,345.0,-1.667,0.243,0.2,232.0,335.0,3.0,-0.0825658512290211,0.4437395113502013,-0.0865697743820089,-0.0403499437807973,0.0023214563268111,0.4515025763391776,0.1526453782332394,-0.1868364389835246,-0.1174141293573749,0.0317687345357867,202411508.0,2024-12-15T13:00:00,1,2024,15,KC,CLE,AWAY,21.0,7.0,28.0,Huntington Bank Field,7.0,7.0,7.0,0.0,0.0,29.0,7.0,31:37,20.0,7.0,11.0,2.0,65.0,298.0,4.6,1.0,25.0,96.0,3.8,0.0,37.0,24.0,202.0,1.0,0.0,5.5,8.4,64.9,87.89,15.0,8.0,53.3,0.0,0.0,0.0,3.0,1.0,0.0,0.0,8.0,98.0,0.0,0.0,3.0,8.0,7.0,6.0,4.0,207.0,51.8,0.0,0.0,0.0,0.0,0.0,7.0,0.0,0.0,30.0,53.0,28:23,20.0,6.0,11.0,3.0,57.0,288.0,5.1,2.0,24.0,94.0,3.9,1.0,30.0,21.0,194.0,1.0,0.0,6.5,9.2,70.0,98.47,13.0,6.0,46.2,1.0,1.0,100.0,3.0,2.0,0.0,0.0,7.0,50.0,1.0,0.0,3.0,19.0,13.0,1.0,5.0,213.0,42.6,0.0,0.0,0.0,33.3,0.0,66.7,0.0,1.0,1.0,0.0,0.0,0.0,0.0,0.0,4.0,4.0,2.0,2.0,0.0,0.0,0.0,0.0,0.0,1.0,1.0,36.0,20.0,3.0,19.0,2.0,0.0,0.0,41.0,16.0,3.0,8.0,5.0,0.0,0.0,Sunday,993004877,16,8,18865.0,14.0,1,0.0,0.533,0.0,0.090526372981961,0.5348837209302325,0.1344273414184649,-0.0752202207887811,0.0813471168414298,0.4189189189189189,0.213936674364193,-0.1124984900240219,22.7,20.3,2.3,339.3333333333333,352.0,0.333,0.529,0.8,308.0,252.0,12.0,0.1004592303454785,0.5003919519205644,0.1587495938499077,-0.0529538566578361,0.0540292309487709,0.4559652166885136,0.2141856276306717,-0.0384901039206004,0.0725601478363215,0.0576233657039878,-8.0,-3.4000000000000004,-0.6000000000000001,1.0,46.0,724.6666666666666,-7.0,697.0,-76.0,540.0,83.0,587.0,-9.0,15.0,-0.1830250815744996,-0.0517077746219598
202411501.0,2024-12-15T16:25:00,1,2024,15,ARI,NE,HOME,30.0,17.0,47.0,State Farm Stadium,10.0,3.0,3.0,14.0,0.0,26.0,58.0,34:08,21.0,7.0,14.0,0.0,63.0,356.0,5.7,2.0,23.0,121.0,5.3,0.0,38.0,25.0,235.0,2.0,2.0,6.2,9.4,65.8,78.29,12.0,4.0,33.3,1.0,1.0,100.0,3.0,1.0,0.0,0.0,6.0,49.0,1.0,0.0,2.0,24.0,2.0,4.0,4.0,180.0,45.0,2.0,0.0,-2.0,0.0,3.0,0.0,14.0,0.0,33.0,2.0,25:52,18.0,8.0,10.0,0.0,61.0,409.0,6.7,3.0,31.0,176.0,5.7,2.0,30.0,24.0,233.0,1.0,0.0,7.8,9.7,80.0,110.14,15.0,7.0,46.7,0.0,0.0,0.0,5.0,2.0,0.0,0.0,9.0,62.0,1.0,0.0,0.0,0.0,5.0,5.0,5.0,265.0,53.0,0.0,2.0,2.0,33.3,0.0,40.0,0.0,1.0,1.0,0.0,0.0,0.0,1.0,1.0,2.0,1.0,3.0,3.0,0.0,0.0,0.0,0.0,0.0,3.0,3.0,33.0,46.0,0.0,0.0,2.0,0.0,0.0,31.0,40.0,2.0,24.0,9.0,1.0,0.0,Sunday,993004888,1,21,18868.0,13.0,1,-2.0,0.333,0.0,-0.1148029870208071,0.4942528735632184,-0.1288253631084612,-0.0449296935472799,0.0931863640994786,0.5180722891566265,0.2129508916025111,0.0407423863883609,15.3,23.0,-7.7,353.3333333333333,322.3333333333333,-1.0,0.323,0.4,284.0,289.0,6.0,-0.0852971717559167,0.4626653771280487,-0.047870927840525,-0.1658185629264866,0.0248737669244365,0.5108699967538306,0.0819900480144211,-0.0865803103303815,0.0205632285483779,-0.0306567474935227,202411501.0,2024-12-15T16:25:00,1,2024,15,NE,ARI,AWAY,17.0,30.0,47.0,State Farm Stadium,0.0,3.0,0.0,14.0,0.0,34.0,12.0,25:52,23.0,9.0,14.0,0.0,65.0,422.0,6.5,2.0,31.0,200.0,6.5,1.0,30.0,24.0,222.0,1.0,1.0,7.4,9.2,80.0,94.72,11.0,6.0,54.5,0.0,0.0,0.0,6.0,2.0,0.0,0.0,7.0,88.0,2.0,0.0,4.0,16.0,2.0,4.0,1.0,38.0,38.0,1.0,2.0,1.0,10.0,3.0,3.0,14.0,0.0,25.0,48.0,34:08,20.0,13.0,5.0,2.0,58.0,253.0,4.4,3.0,34.0,144.0,4.2,1.0,24.0,12.0,109.0,2.0,2.0,4.5,9.1,50.0,55.73,11.0,5.0,45.5,3.0,3.0,100.0,4.0,3.0,0.0,0.0,2.0,15.0,1.0,0.0,0.0,0.0,3.0,5.0,2.0,100.0,50.0,2.0,1.0,-1.0,33.3,0.0,75.0,0.0,1.0,1.0,0.0,2.0,1.0,0.0,0.0,5.0,3.0,2.0,2.0,0.0,0.0,0.0,1.0,1.0,1.0,1.0,34.0,26.0,0.0,0.0,8.0,1.0,0.0,50.0,20.0,4.0,16.0,3.0,2.0,1.0,Sunday,993004887,21,1,18857.0,-13.0,0,1.0,0.545,0.0,0.0886480946302736,0.5176470588235295,0.2130769490572669,-0.0399692079673181,0.117666911360756,0.5675675675675675,0.0600167836122788,0.1808328680411037,20.3,29.0,-8.7,357.3333333333333,342.6666666666667,-0.667,0.396,0.2,221.0,307.0,3.0,-0.0154873738368085,0.4773337086030585,0.0743967736953222,-0.091128845517991,0.1198398198698778,0.5372284048754636,0.3185168312158946,-0.0953326508040588,-0.0336920610057328,0.0019676238463028,0.9999999999999991,-16.4,0.2,0.6000000000000001,-4.0,710.6666666666666,-20.33333333333337,665.0,63.0,505.0,-18.0,596.0,3.0,9.0,-0.0698097979191082,-0.09496605294544129
202411526.0,2024-12-15T16:25:00,1,2024,15,PHI,PIT,HOME,27.0,13.0,40.0,Lincoln Financial Field,10.0,7.0,3.0,7.0,0.0,26.0,27.0,39:52,18.0,11.0,7.0,0.0,56.0,292.0,5.2,3.0,31.0,209.0,6.7,1.0,21.0,14.0,83.0,2.0,0.0,4.0,5.9,66.7,105.85,12.0,7.0,58.3,0.0,0.0,0.0,3.0,3.0,0.0,0.0,7.0,40.0,1.0,0.0,4.0,25.0,8.0,6.0,4.0,172.0,43.0,0.0,1.0,1.0,3.0,10.0,0.0,0.0,0.0,33.0,33.0,20:08,20.0,7.0,11.0,2.0,69.0,302.0,4.4,2.0,34.0,118.0,3.5,1.0,34.0,19.0,184.0,1.0,1.0,5.4,9.7,55.9,68.75,16.0,7.0,43.8,5.0,3.0,60.0,2.0,2.0,0.0,0.0,7.0,43.0,0.0,0.0,1.0,7.0,5.0,3.0,2.0,90.0,45.0,1.0,0.0,-1.0,100.0,0.0,100.0,0.0,2.0,2.0,0.0,0.0,0.0,1.0,1.0,1.0,0.0,2.0,1.0,0.0,0.0,0.0,0.0,0.0,1.0,1.0,42.0,22.0,1.0,7.0,5.0,0.0,0.0,35.0,24.0,4.0,25.0,3.0,1.0,0.0,Sunday,993004886,26,28,18872.0,14.0,1,1.0,0.583,0.0,0.0368983743618468,0.4459459459459459,0.0333409531525948,0.2214845222827446,-0.0012703475080083,0.3975903614457831,0.093145775463876,-0.1254512362469249,27.7,18.3,9.3,341.6666666666667,321.3333333333333,0.667,0.506,1.0,342.0,234.0,11.0,0.1203058381773334,0.4917799617799618,0.0953913512290474,0.2200200428051468,-0.0219454087776987,0.4368376273210801,0.1236916269073575,-0.2061626227684156,0.080986882108128,-0.1156206743583393,202411526.0,2024-12-15T16:25:00,1,2024,15,PIT,PHI,AWAY,13.0,27.0,40.0,Lincoln Financial Field,3.0,10.0,0.0,0.0,0.0,30.0,0.0,20:08,15.0,8.0,6.0,1.0,62.0,267.0,4.3,3.0,35.0,120.0,3.4,1.0,26.0,15.0,147.0,2.0,0.0,5.7,9.8,57.7,99.36,14.0,6.0,42.9,0.0,0.0,0.0,4.0,2.0,0.0,0.0,6.0,61.0,1.0,1.0,1.0,11.0,6.0,7.0,6.0,314.0,52.3,1.0,3.0,2.0,10.0,7.0,3.0,7.0,0.0,30.0,0.0,39:52,20.0,7.0,11.0,2.0,69.0,300.0,4.3,2.0,25.0,104.0,4.2,0.0,41.0,24.0,196.0,2.0,2.0,4.8,8.2,58.5,66.72,13.0,2.0,15.4,4.0,3.0,75.0,3.0,1.0,0.0,0.0,9.0,81.0,2.0,1.0,3.0,16.0,7.0,6.0,5.0,226.0,45.2,3.0,1.0,-2.0,50.0,0.0,33.3,0.0,3.0,3.0,0.0,0.0,0.0,0.0,0.0,2.0,2.0,2.0,2.0,0.0,0.0,0.0,0.0,0.0,2.0,0.0,38.0,31.0,3.0,16.0,5.0,0.0,1.0,29.0,39.0,1.0,11.0,1.0,1.0,1.0,Sunday,993004885,28,26,18873.0,-14.0,0,2.0,0.429,0.0,-0.0286309443445273,0.4320987654320987,0.0320317895375811,-0.2316933002457517,-0.1812252062553064,0.4130434782608695,-0.1908475662929397,-0.0864274869789369,30.0,25.3,4.7,385.0,326.3333333333333,2.0,0.437,0.8,323.0,238.0,10.0,0.0366656944433114,0.4826572604350381,0.2420957453437703,-0.1480261913181138,-0.0464750084056666,0.4836053969107923,-0.0678380512360127,0.0353696587843827,0.0127864691716416,-0.0552011163557386,4.6000000000000005,14.0,0.19999999999999996,1.8,-43.333333333333314,726.6666666666667,-5.0,647.6666666666666,19.0,665.0,-4.0,472.0,1.0,21.0,0.083640143734022,0.024529599627967903
202411510.0,2024-12-15T16:25:00,1,2024,15,DEN,IND,HOME,31.0,13.0,44.0,Empower Field at Mile High,0.0,7.0,3.0,21.0,0.0,27.0,50.0,28:28,19.0,5.0,11.0,3.0,61.0,400.0,6.6,5.0,26.0,106.0,4.1,2.0,35.0,18.0,294.0,1.0,2.0,8.4,16.3,51.4,65.65,13.0,6.0,46.2,0.0,0.0,0.0,4.0,2.0,0.0,0.0,4.0,57.0,0.0,0.0,0.0,0.0,10.0,2.0,5.0,256.0,51.2,2.0,3.0,1.0,7.0,6.0,0.0,0.0,0.0,32.0,10.0,31:32,28.0,3.0,24.0,1.0,84.0,552.0,6.6,4.0,23.0,77.0,3.3,0.0,58.0,34.0,475.0,4.0,3.0,8.2,14.0,58.6,86.49,19.0,9.0,47.4,2.0,2.0,100.0,4.0,3.0,0.0,0.0,5.0,46.0,0.0,0.0,3.0,22.0,2.0,4.0,6.0,312.0,52.0,3.0,2.0,-1.0,50.0,0.0,75.0,0.0,5.0,5.0,0.0,0.0,0.0,0.0,0.0,2.0,2.0,3.0,3.0,0.0,2.0,1.0,0.0,0.0,2.0,1.0,44.0,26.0,3.0,22.0,12.0,0.0,0.0,29.0,26.0,0.0,0.0,6.0,0.0,0.0,Sunday,993004882,10,14,18848.0,18.0,1,1.0,0.462,0.0,0.0893467382095068,0.5176470588235295,0.1595896767399197,-0.0199970440335164,-0.0195300107898562,0.4587155963302752,0.0149890839149631,-0.1245217251019891,36.0,19.0,17.0,375.0,382.3333333333333,1.333,0.469,0.6,305.0,234.0,8.0,0.1547499867460271,0.5117983056135551,0.3247420975673598,-0.1434048610627916,-0.0914620487395077,0.4625904944902689,-0.0992862309694923,-0.2312947265071002,0.0665215557890505,0.0165912885118253,202411510.0,2024-12-15T16:25:00,1,2024,15,IND,DEN,AWAY,13.0,31.0,44.0,Empower Field at Mile High,7.0,6.0,0.0,0.0,0.0,25.0,48.0,31:32,20.0,13.0,5.0,2.0,58.0,253.0,4.4,3.0,34.0,144.0,4.2,1.0,24.0,12.0,109.0,2.0,2.0,4.5,9.1,50.0,55.73,11.0,5.0,45.5,3.0,3.0,100.0,4.0,3.0,0.0,0.0,2.0,15.0,1.0,0.0,0.0,0.0,3.0,5.0,2.0,100.0,50.0,2.0,1.0,-1.0,0.0,7.0,3.0,21.0,0.0,34.0,12.0,28:28,23.0,9.0,14.0,0.0,65.0,422.0,6.5,2.0,31.0,200.0,6.5,1.0,30.0,24.0,222.0,1.0,1.0,7.4,9.2,80.0,94.72,11.0,6.0,54.5,0.0,0.0,0.0,6.0,2.0,0.0,0.0,7.0,88.0,2.0,0.0,4.0,16.0,2.0,4.0,1.0,38.0,38.0,1.0,2.0,1.0,75.0,0.0,33.3,0.0,2.0,2.0,0.0,0.0,0.0,1.0,1.0,1.0,1.0,1.0,1.0,0.0,2.0,1.0,0.0,0.0,5.0,3.0,50.0,20.0,4.0,16.0,3.0,2.0,1.0,34.0,26.0,0.0,0.0,8.0,1.0,0.0,Sunday,993004881,14,10,18857.0,-18.0,0,-1.0,0.455,0.0,0.117666911360756,0.5675675675675675,0.0600167836122788,0.1808328680411037,0.0886480946302736,0.5176470588235295,0.2130769490572669,-0.0399692079673181,19.7,25.0,-5.3,284.3333333333333,355.0,-0.667,0.368,0.4,267.0,298.0,6.0,-0.0034402952632713,0.4494970197700228,0.01266568280109,-0.0716815991433079,0.0648330518096267,0.4970261856343049,0.1337348796909993,-0.0655255321189683,-0.0907781379623305,0.01529552761046,22.3,11.7,0.19999999999999996,1.0,90.66666666666669,659.3333333333333,27.333333333333314,737.3333333333333,38.0,572.0,-64.0,532.0,2.0,14.0,0.1581902820092984,-0.1562951005491344
202411529.0,2024-12-15T16:25:00,1,2024,15,LAC,TB,HOME,17.0,40.0,57.0,SoFi Stadium,7.0,10.0,0.0,0.0,0.0,30.0,53.0,23:12,20.0,6.0,11.0,3.0,57.0,288.0,5.1,2.0,24.0,94.0,3.9,1.0,30.0,21.0,194.0,1.0,0.0,6.5,9.2,70.0,98.47,13.0,6.0,46.2,1.0,1.0,100.0,3.0,2.0,0.0,0.0,7.0,50.0,1.0,0.0,3.0,19.0,13.0,1.0,5.0,213.0,42.6,0.0,0.0,0.0,7.0,6.0,17.0,10.0,0.0,29.0,7.0,36:48,20.0,7.0,11.0,2.0,65.0,298.0,4.6,1.0,25.0,96.0,3.8,0.0,37.0,24.0,202.0,1.0,0.0,5.5,8.4,64.9,87.89,15.0,8.0,53.3,0.0,0.0,0.0,3.0,1.0,0.0,0.0,8.0,98.0,0.0,0.0,3.0,8.0,7.0,6.0,4.0,207.0,51.8,0.0,0.0,0.0,66.7,0.0,33.3,0.0,2.0,2.0,0.0,0.0,0.0,0.0,0.0,1.0,1.0,1.0,1.0,0.0,0.0,0.0,0.0,0.0,4.0,4.0,41.0,16.0,3.0,8.0,5.0,0.0,0.0,36.0,20.0,3.0,19.0,2.0,0.0,0.0,Sunday,993004884,29,33,18865.0,-23.0,0,0.0,0.462,0.0,0.0813471168414298,0.4189189189189189,0.213936674364193,-0.1124984900240219,0.090526372981961,0.5348837209302325,0.1344273414184649,-0.0752202207887811,19.0,20.7,-1.7,253.33333333333337,345.6666666666667,1.0,0.364,0.6,277.0,207.0,8.0,0.0080455407816542,0.4393695561021733,0.0146688183916516,-0.2017442480069794,0.0515232893944997,0.4983938292265373,0.0839203235447984,0.0060764419298238,0.0517450807492184,0.0408342300920781,202411529.0,2024-12-15T16:25:00,1,2024,15,TB,LAC,AWAY,40.0,17.0,57.0,SoFi Stadium,7.0,6.0,17.0,10.0,0.0,28.0,30.0,36:48,21.0,7.0,13.0,1.0,59.0,420.0,7.1,4.0,26.0,152.0,5.8,1.0,29.0,18.0,268.0,3.0,2.0,9.2,14.9,62.1,98.06,12.0,5.0,41.7,1.0,1.0,100.0,3.0,3.0,0.0,0.0,5.0,31.0,2.0,1.0,4.0,27.0,6.0,2.0,3.0,128.0,42.7,3.0,2.0,-1.0,7.0,10.0,0.0,0.0,0.0,31.0,30.0,23:12,16.0,7.0,8.0,1.0,64.0,286.0,4.5,1.0,25.0,91.0,3.6,1.0,37.0,23.0,195.0,0.0,1.0,5.3,8.5,62.2,64.58,13.0,4.0,30.8,3.0,3.0,100.0,4.0,1.0,0.0,0.0,3.0,31.0,2.0,1.0,2.0,10.0,8.0,5.0,4.0,177.0,44.2,2.0,3.0,1.0,100.0,0.0,25.0,0.0,4.0,4.0,0.0,0.0,0.0,0.0,0.0,0.0,0.0,1.0,1.0,0.0,0.0,0.0,0.0,0.0,2.0,2.0,41.0,22.0,2.0,10.0,3.0,0.0,1.0,39.0,18.0,4.0,27.0,7.0,1.0,1.0,Sunday,993004883,33,29,18874.0,23.0,1,-1.0,0.417,0.0,0.0620557871116783,0.4805194805194805,0.1694495089866809,0.0961532466462813,-0.1300440417719374,0.4430379746835443,-0.1493525343233604,-0.1531924744308723,28.0,14.3,13.7,438.6666666666667,299.3333333333333,-0.667,0.376,0.6,363.0,309.0,7.0,0.0824169286987839,0.4935064935064935,0.2584974497168707,0.0078326595430977,-0.128497841133459,0.4597371692557299,-0.038676861661611,-0.3770452852190555,0.0879737317786802,-0.0223424255352405,-15.399999999999999,12.0,0.0,1.2,-185.33333333333331,692.0,46.33333333333337,645.0,-86.0,640.0,-102.0,516.0,1.0,15.0,-0.0743713879171297,0.1800211305279587
202411511.0,2024-12-15T16:25:00,1,2024,15,DET,BUF,HOME,42.0,48.0,90.0,Ford Field,0.0,14.0,7.0,21.0,0.0,36.0,6.0,27:18,27.0,7.0,18.0,2.0,76.0,391.0,5.1,4.0,34.0,111.0,3.3,1.0,41.0,32.0,280.0,3.0,1.0,6.8,8.8,78.0,109.35,15.0,7.0,46.7,5.0,4.0,80.0,5.0,4.0,0.0,0.0,7.0,56.0,0.0,0.0,1.0,3.0,7.0,2.0,2.0,92.0,46.0,1.0,1.0,0.0,14.0,7.0,14.0,13.0,0.0,23.0,54.0,32:42,17.0,7.0,7.0,3.0,45.0,298.0,6.6,4.0,24.0,99.0,4.1,3.0,20.0,12.0,199.0,1.0,0.0,10.0,16.6,60.0,110.21,5.0,1.0,20.0,0.0,0.0,0.0,5.0,4.0,0.0,0.0,7.0,59.0,1.0,1.0,1.0,7.0,3.0,4.0,3.0,125.0,41.7,1.0,1.0,0.0,80.0,0.0,80.0,0.0,4.0,4.0,0.0,0.0,0.0,0.0,0.0,2.0,2.0,4.0,4.0,0.0,0.0,0.0,0.0,0.0,1.0,1.0,26.0,17.0,1.0,7.0,1.0,1.0,1.0,38.0,50.0,1.0,3.0,3.0,0.0,0.0,Sunday,993004880,11,4,18876.0,-6.0,0,0.0,0.467,0.0,0.0768729357193372,0.5425531914893617,0.2990884494754987,-0.2880202879562132,0.115218597754151,0.4927536231884058,0.2311887717839576,0.0674665406854315,27.0,19.0,8.0,395.3333333333333,289.0,-0.333,0.475,1.0,417.0,234.0,12.0,0.0827778409382812,0.5217601547388782,0.1798036610849558,-0.0443911223155115,-0.0147455634085656,0.4308574879227052,-0.009650944870545,-0.0648226613941768,0.1228008631700642,-0.0723746543854023,202411511.0,2024-12-15T16:25:00,1,2024,15,BUF,DET,AWAY,48.0,42.0,90.0,Ford Field,14.0,7.0,14.0,13.0,0.0,21.0,30.0,32:42,25.0,6.0,14.0,5.0,54.0,445.0,8.2,6.0,17.0,103.0,6.1,3.0,37.0,22.0,342.0,3.0,0.0,9.2,15.5,59.5,117.17,9.0,5.0,55.6,0.0,0.0,0.0,3.0,3.0,0.0,0.0,7.0,59.0,0.0,0.0,0.0,0.0,3.0,4.0,2.0,101.0,50.5,0.0,0.0,0.0,0.0,14.0,7.0,21.0,0.0,38.0,30.0,27:18,28.0,10.0,15.0,3.0,72.0,457.0,6.3,6.0,42.0,137.0,3.3,3.0,30.0,23.0,320.0,2.0,0.0,10.7,13.9,76.7,132.64,15.0,11.0,73.3,1.0,1.0,100.0,6.0,5.0,0.0,0.0,9.0,99.0,0.0,0.0,0.0,0.0,1.0,0.0,2.0,95.0,47.5,0.0,0.0,0.0,100.0,0.0,83.3,0.0,6.0,6.0,0.0,0.0,0.0,0.0,0.0,0.0,0.0,6.0,5.0,0.0,0.0,0.0,0.0,0.0,1.0,1.0,46.0,36.0,0.0,0.0,2.0,0.0,0.0,27.0,16.0,0.0,0.0,3.0,0.0,0.0,Sunday,993004879,4,11,18866.0,6.0,1,0.0,0.556,0.0,0.3085171630672629,0.55,0.676267760841357,0.0898737463382228,0.2614811076575571,0.5578947368421052,0.7802516602434265,-0.0951994620914948,35.7,25.0,10.7,394.3333333333333,318.3333333333333,1.333,0.552,0.8,397.0,268.0,10.0,0.1975817169680474,0.5094355404457396,0.517814038960533,0.0625824366731383,0.0160547510247769,0.4826575915820767,0.2018495858580186,-0.0719234513698468,0.1646395973797363,0.0191445708731696,-2.6999999999999993,18.7,0.19999999999999996,1.8,1.0,789.6666666666666,-29.333333333333314,607.3333333333333,20.0,814.0,-34.0,502.0,2.0,22.0,-0.11480387602976622,-0.030800314433342496
202411530.0,2024-12-15T20:20:00,1,2024,15,SEA,GB,HOME,13.0,30.0,43.0,Lumen Field,0.0,3.0,3.0,7.0,0.0,33.0,2.0,27:02,18.0,8.0,10.0,0.0,61.0,409.0,6.7,3.0,31.0,176.0,5.7,2.0,30.0,24.0,233.0,1.0,0.0,7.8,9.7,80.0,110.14,15.0,7.0,46.7,0.0,0.0,0.0,5.0,2.0,0.0,0.0,9.0,62.0,1.0,0.0,0.0,0.0,5.0,5.0,5.0,265.0,53.0,0.0,2.0,2.0,14.0,6.0,3.0,7.0,0.0,26.0,58.0,32:58,21.0,7.0,14.0,0.0,63.0,356.0,5.7,2.0,23.0,121.0,5.3,0.0,38.0,25.0,235.0,2.0,2.0,6.2,9.4,65.8,78.29,12.0,4.0,33.3,1.0,1.0,100.0,3.0,1.0,0.0,0.0,6.0,49.0,1.0,0.0,2.0,24.0,2.0,4.0,4.0,180.0,45.0,2.0,0.0,-2.0,40.0,0.0,33.3,0.0,3.0,3.0,0.0,0.0,0.0,0.0,0.0,3.0,3.0,1.0,1.0,0.0,0.0,0.0,1.0,1.0,2.0,1.0,31.0,40.0,2.0,24.0,9.0,1.0,0.0,33.0,46.0,0.0,0.0,2.0,0.0,0.0,Sunday,993004890,30,12,18868.0,-17.0,0,2.0,0.467,0.0,0.0931863640994786,0.5180722891566265,0.2129508916025111,0.0407423863883609,-0.1148029870208071,0.4942528735632184,-0.1288253631084612,-0.0449296935472799,24.0,15.0,9.0,317.6666666666667,304.0,0.667,0.425,0.8,302.0,283.0,8.0,0.008228560988329,0.4334721757323557,0.1316303343709051,-0.0556874221442619,-0.1377791060506178,0.4285269289474504,-0.1844875700364079,-0.2097153343553764,-0.0137406910956962,-0.0917501562060457,202411530.0,2024-12-15T20:20:00,1,2024,15,GB,SEA,AWAY,30.0,13.0,43.0,Lumen Field,14.0,6.0,3.0,7.0,0.0,23.0,54.0,32:58,17.0,7.0,7.0,3.0,45.0,298.0,6.6,4.0,24.0,99.0,4.1,3.0,20.0,12.0,199.0,1.0,0.0,10.0,16.6,60.0,110.21,5.0,1.0,20.0,0.0,0.0,0.0,5.0,4.0,0.0,0.0,7.0,59.0,1.0,1.0,1.0,7.0,3.0,4.0,3.0,125.0,41.7,1.0,1.0,0.0,0.0,3.0,3.0,7.0,0.0,36.0,6.0,27:02,27.0,7.0,18.0,2.0,76.0,391.0,5.1,4.0,34.0,111.0,3.3,1.0,41.0,32.0,280.0,3.0,1.0,6.8,8.8,78.0,109.35,15.0,7.0,46.7,5.0,4.0,80.0,5.0,4.0,0.0,0.0,7.0,56.0,0.0,0.0,1.0,3.0,7.0,2.0,2.0,92.0,46.0,1.0,1.0,0.0,80.0,0.0,80.0,0.0,4.0,4.0,0.0,0.0,0.0,0.0,0.0,1.0,1.0,4.0,4.0,0.0,0.0,0.0,0.0,0.0,2.0,2.0,38.0,50.0,1.0,3.0,3.0,0.0,0.0,26.0,17.0,1.0,7.0,1.0,1.0,1.0,Sunday,993004889,12,30,18876.0,17.0,1,0.0,0.2,0.0,0.115218597754151,0.4927536231884058,0.2311887717839576,0.0674665406854315,0.0768729357193372,0.5425531914893617,0.2990884494754987,-0.2880202879562132,33.0,20.3,12.7,337.0,335.6666666666667,1.333,0.372,0.6,349.0,274.0,9.0,0.1799256083201446,0.5177180466614238,0.3371007427984926,-0.0050717771812676,-0.0413096270434274,0.4824889418553895,-0.0029736789529215,-0.3094719902780975,0.1492295732551228,0.0239132082279364,-3.6999999999999993,21.7,0.20000000000000007,1.4,-19.333333333333314,654.6666666666667,-31.666666666666686,639.6666666666667,-47.0,651.0,9.0,557.0,-1.0,17.0,-0.1716970473318156,-0.0964694790071904
202411520.0,2024-12-16T20:00:00,1,2024,15,MIN,CHI,HOME,30.0,12.0,42.0,U.S. Bank Stadium,10.0,3.0,7.0,10.0,0.0,28.0,25.0,29:54,23.0,5.0,15.0,3.0,56.0,433.0,7.7,6.0,24.0,115.0,4.8,1.0,28.0,22.0,318.0,5.0,0.0,11.4,14.5,78.6,153.57,12.0,8.0,66.7,0.0,0.0,0.0,4.0,4.0,0.0,0.0,6.0,35.0,0.0,0.0,4.0,29.0,4.0,4.0,2.0,102.0,51.0,0.0,3.0,3.0,0.0,0.0,3.0,9.0,0.0,31.0,35.0,30:06,25.0,10.0,15.0,0.0,70.0,496.0,7.1,2.0,32.0,158.0,4.9,2.0,37.0,23.0,338.0,0.0,2.0,9.1,14.7,62.2,69.43,13.0,7.0,53.8,3.0,1.0,33.3,5.0,2.0,0.0,0.0,12.0,127.0,1.0,1.0,1.0,6.0,7.0,8.0,1.0,53.0,53.0,3.0,0.0,-3.0,100.0,0.0,40.0,0.0,6.0,6.0,0.0,0.0,0.0,0.0,0.0,1.0,0.0,1.0,1.0,0.0,0.0,0.0,1.0,1.0,2.0,2.0,46.0,21.0,1.0,6.0,9.0,1.0,1.0,33.0,21.0,4.0,29.0,2.0,0.0,0.0,Monday,993004892,20,6,18870.0,18.0,1,3.0,0.667,0.0,0.2939896773883112,0.525,0.6578299577325529,0.0942008467585158,0.0004223433928218,0.5494505494505495,0.017250186277031,0.1528459259510044,31.7,23.3,8.3,386.0,433.3333333333333,1.333,0.418,1.0,339.0,240.0,11.0,0.1500859453671658,0.5456467661691543,0.3302826573374813,-0.0849148589980174,0.0228797814518053,0.512838481566126,0.0907960711157164,-0.0211479765131863,0.0936263848924715,-0.0534984469031693,202411520.0,2024-12-16T20:00:00,1,2024,15,CHI,MIN,AWAY,12.0,30.0,42.0,U.S. Bank Stadium,0.0,0.0,3.0,9.0,0.0,28.0,12.0,30:06,14.0,4.0,10.0,0.0,52.0,162.0,3.1,2.0,21.0,68.0,3.2,0.0,24.0,18.0,94.0,2.0,0.0,3.9,5.2,75.0,108.68,10.0,4.0,40.0,0.0,0.0,0.0,2.0,2.0,0.0,0.0,2.0,30.0,1.0,1.0,7.0,46.0,3.0,4.0,6.0,316.0,52.7,1.0,1.0,0.0,10.0,3.0,7.0,10.0,0.0,31.0,48.0,29:54,22.0,8.0,13.0,1.0,61.0,452.0,7.4,5.0,34.0,131.0,3.9,3.0,26.0,20.0,321.0,2.0,1.0,12.3,16.0,76.9,127.24,12.0,6.0,50.0,2.0,2.0,100.0,6.0,5.0,0.0,0.0,7.0,31.0,0.0,0.0,1.0,4.0,7.0,7.0,2.0,92.0,46.0,1.0,1.0,0.0,100.0,0.0,83.3,0.0,1.0,1.0,0.0,2.0,0.0,0.0,0.0,0.0,0.0,5.0,5.0,0.0,0.0,0.0,0.0,0.0,1.0,1.0,38.0,23.0,1.0,4.0,4.0,0.0,0.0,37.0,16.0,7.0,46.0,3.0,0.0,1.0,Monday,993004891,6,20,18867.0,-18.0,0,0.0,0.4,0.0,-0.0689056426648877,0.4776119402985074,-0.165754701427321,-0.1349469748521714,0.3068982449558217,0.5064935064935064,0.7295945686650921,0.124743572358966,20.0,30.3,-10.3,287.0,436.3333333333333,0.333,0.407,0.0,254.0,278.0,4.0,-0.0037137971332155,0.4664408222047656,-0.0108360400043275,-0.1361110140002776,0.1686216247700989,0.5021645021645021,0.3713803134794911,-0.0409298758618834,-0.0344914838094317,0.1463511343060145,18.6,-2.0,1.0,1.0,99.0,673.0,-3.0,869.6666666666666,85.0,593.0,-38.0,518.0,7.0,15.0,0.1537997425003813,-0.1457418433182936
202411525.0,2024-12-16T20:30:00,1,2024,15,LV,ATL,HOME,9.0,15.0,24.0,Allegiant Stadium,0.0,3.0,0.0,6.0,0.0,31.0,30.0,26:08,16.0,7.0,8.0,1.0,64.0,286.0,4.5,1.0,25.0,91.0,3.6,1.0,37.0,23.0,195.0,0.0,1.0,5.3,8.5,62.2,64.58,13.0,4.0,30.8,3.0,3.0,100.0,4.0,1.0,0.0,0.0,3.0,31.0,2.0,1.0,2.0,10.0,8.0,5.0,4.0,177.0,44.2,2.0,3.0,1.0,7.0,2.0,3.0,3.0,0.0,28.0,30.0,33:52,21.0,7.0,13.0,1.0,59.0,420.0,7.1,4.0,26.0,152.0,5.8,1.0,29.0,18.0,268.0,3.0,2.0,9.2,14.9,62.1,98.06,12.0,5.0,41.7,1.0,1.0,100.0,3.0,3.0,0.0,0.0,5.0,31.0,2.0,1.0,4.0,27.0,6.0,2.0,3.0,128.0,42.7,3.0,2.0,-1.0,25.0,0.0,100.0,0.0,1.0,1.0,0.0,0.0,0.0,0.0,0.0,2.0,2.0,4.0,4.0,0.0,0.0,0.0,0.0,0.0,0.0,0.0,39.0,18.0,4.0,27.0,7.0,1.0,1.0,41.0,22.0,2.0,10.0,3.0,0.0,1.0,Monday,993004894,25,2,18874.0,-6.0,0,1.0,0.308,0.0,-0.1300440417719374,0.4430379746835443,-0.1493525343233604,-0.1531924744308723,0.0620557871116783,0.4805194805194805,0.1694495089866809,0.0961532466462813,16.3,25.3,-9.0,363.0,358.0,-0.667,0.281,0.0,236.0,361.0,2.0,-0.0904399274735442,0.4582216482345629,-0.0569108467973297,-0.1453275631111319,0.0377844195209624,0.4388074254810601,0.151056202635311,-0.1834802944392937,-0.048814322105146,0.1083373263530375,202411525.0,2024-12-16T20:30:00,1,2024,15,ATL,LV,AWAY,15.0,9.0,24.0,Allegiant Stadium,7.0,2.0,3.0,3.0,0.0,31.0,35.0,33:52,25.0,10.0,15.0,0.0,70.0,496.0,7.1,2.0,32.0,158.0,4.9,2.0,37.0,23.0,338.0,0.0,2.0,9.1,14.7,62.2,69.43,13.0,7.0,53.8,3.0,1.0,33.3,5.0,2.0,0.0,0.0,12.0,127.0,1.0,1.0,1.0,6.0,7.0,8.0,1.0,53.0,53.0,3.0,0.0,-3.0,0.0,3.0,0.0,6.0,0.0,28.0,25.0,26:08,23.0,5.0,15.0,3.0,56.0,433.0,7.7,6.0,24.0,115.0,4.8,1.0,28.0,22.0,318.0,5.0,0.0,11.4,14.5,78.6,153.57,12.0,8.0,66.7,0.0,0.0,0.0,4.0,4.0,0.0,0.0,6.0,35.0,0.0,0.0,4.0,29.0,4.0,4.0,2.0,102.0,51.0,0.0,3.0,3.0,40.0,0.0,100.0,0.0,1.0,1.0,0.0,0.0,0.0,1.0,1.0,2.0,2.0,6.0,6.0,0.0,0.0,0.0,0.0,0.0,1.0,0.0,33.0,21.0,4.0,29.0,2.0,0.0,0.0,46.0,21.0,1.0,6.0,9.0,1.0,1.0,Monday,993004893,2,25,18870.0,6.0,1,-3.0,0.538,0.0,0.0004223433928218,0.5494505494505495,0.017250186277031,0.1528459259510044,0.2939896773883112,0.525,0.6578299577325529,0.0942008467585158,13.3,32.3,-19.0,357.3333333333333,340.0,-2.333,0.353,0.2,278.0,333.0,6.0,-0.1123735014546961,0.4855931184454105,-0.0853821394826592,-0.1677362188028789,0.1467753820063884,0.490358067299396,0.3293712128955952,-0.0955713828029735,-0.0711255514219052,0.076958680977235,10.0,-28.0,-0.2,0.2,5.666666666666686,720.3333333333333,18.0,698.0,-42.0,514.0,28.0,694.0,-4.0,8.0,0.021933573981151908,-0.108990962485426
202411629.0,2024-12-19T20:15:00,1,2024,16,LAC,DEN,HOME,34.0,27.0,61.0,SoFi Stadium,7.0,6.0,6.0,15.0,0.0,23.0,12.0,27:37,14.0,1.0,10.0,3.0,48.0,206.0,4.3,2.0,11.0,32.0,2.9,0.0,34.0,22.0,174.0,2.0,1.0,5.1,7.9,64.7,84.68,6.0,0.0,0.0,2.0,0.0,0.0,3.0,2.0,0.0,0.0,7.0,60.0,2.0,1.0,3.0,25.0,2.0,4.0,3.0,141.0,47.0,2.0,2.0,0.0,7.0,14.0,3.0,3.0,0.0,36.0,48.0,32:23,24.0,9.0,12.0,3.0,67.0,506.0,7.6,4.0,39.0,223.0,5.7,0.0,27.0,22.0,283.0,4.0,1.0,10.5,12.9,81.5,134.49,15.0,9.0,60.0,1.0,1.0,100.0,4.0,1.0,0.0,0.0,8.0,83.0,1.0,1.0,1.0,5.0,10.0,2.0,0.0,0.0,0.0,2.0,2.0,0.0,66.7,0.0,25.0,0.0,2.0,2.0,0.0,0.0,0.0,0.0,0.0,1.0,1.0,4.0,4.0,0.0,0.0,0.0,0.0,0.0,4.0,4.0,45.0,31.0,1.0,5.0,3.0,1.0,1.0,31.0,11.0,3.0,25.0,2.0,2.0,1.0,Thursday,993004896,29,10,18883.0,7.0,1,0.0,0.0,0.0,-0.2211567184404969,0.4571428571428571,-0.3030515548151282,-0.2517238288903266,0.1958510945189086,0.5764705882352941,0.4786821475691058,-0.0973820648269375,17.0,24.0,-7.0,227.0,384.6666666666667,1.0,0.245,0.4,294.0,247.0,8.0,-0.0944859853650928,0.4231681330041985,-0.1175364162157792,-0.2330739080398439,0.0395206094972014,0.5281575295784731,0.1463373138588675,-0.1085804134475699,-0.0311149172393719,0.0718712458962919,202411629.0,2024-12-19T20:15:00,1,2024,16,DEN,LAC,AWAY,27.0,34.0,61.0,SoFi Stadium,7.0,14.0,3.0,3.0,0.0,28.0,28.0,32:23,13.0,5.0,5.0,3.0,61.0,193.0,3.2,4.0,27.0,72.0,2.7,0.0,33.0,20.0,121.0,3.0,3.0,3.7,6.0,60.6,60.29,17.0,6.0,35.3,0.0,0.0,0.0,2.0,2.0,0.0,0.0,6.0,58.0,0.0,0.0,1.0,9.0,10.0,5.0,6.0,287.0,47.8,3.0,5.0,2.0,7.0,6.0,6.0,15.0,0.0,31.0,32.0,27:37,18.0,7.0,8.0,3.0,72.0,310.0,4.3,1.0,32.0,149.0,4.7,1.0,38.0,17.0,161.0,0.0,2.0,4.2,9.5,44.7,35.09,15.0,4.0,26.7,4.0,2.0,50.0,1.0,0.0,0.0,0.0,8.0,69.0,3.0,3.0,2.0,11.0,1.0,3.0,5.0,259.0,51.8,5.0,3.0,-2.0,100.0,0.0,0.0,0.0,4.0,4.0,0.0,0.0,0.0,0.0,0.0,1.0,1.0,1.0,1.0,0.0,0.0,0.0,0.0,0.0,2.0,2.0,37.0,30.0,2.0,11.0,7.0,2.0,2.0,36.0,19.0,1.0,9.0,6.0,0.0,0.0,Thursday,993004895,10,29,18881.0,-7.0,0,2.0,0.353,0.0,-0.1927035856250555,0.3950617283950617,-0.3109722542155466,-0.2488920573849186,-0.3819885119125404,0.358695652173913,-0.4533954785212238,-0.4146578535534597,33.7,21.3,12.3,306.0,410.3333333333333,1.667,0.405,0.8,336.0,247.0,9.0,-0.0061461495046799,0.4592750220961195,0.0231586631119658,-0.2110636835370135,-0.1622158164611396,0.4374188697763101,-0.2173183713718867,-0.2018754684807035,0.0516800327941482,-0.1274177820912144,-19.3,5.300000000000001,-0.4,1.2000000000000002,-79.0,533.0,-25.66666666666663,795.0,-42.0,630.0,0.0,494.0,-1.0,17.0,-0.0883398358604129,0.20173642595834101
202411616.0,2024-12-21T13:00:00,1,2024,16,KC,HOU,HOME,27.0,19.0,46.0,Arrowhead Stadium,7.0,10.0,7.0,3.0,0.0,31.0,37.0,33:52,18.0,6.0,12.0,0.0,75.0,311.0,4.1,3.0,35.0,132.0,3.8,1.0,40.0,21.0,179.0,2.0,0.0,4.5,8.5,52.5,81.15,18.0,7.0,38.9,1.0,0.0,0.0,4.0,2.0,0.0,0.0,4.0,30.0,0.0,0.0,0.0,0.0,11.0,8.0,9.0,399.0,44.3,0.0,6.0,6.0,3.0,7.0,6.0,3.0,0.0,28.0,23.0,26:08,16.0,5.0,9.0,2.0,60.0,266.0,4.4,1.0,21.0,139.0,6.6,1.0,34.0,20.0,127.0,0.0,4.0,3.7,6.4,58.8,27.08,12.0,4.0,33.3,1.0,0.0,0.0,0.0,0.0,0.0,0.0,6.0,45.0,3.0,2.0,5.0,37.0,12.0,5.0,6.0,289.0,48.2,6.0,0.0,-6.0,50.0,0.0,0.0,0.0,3.0,3.0,0.0,0.0,0.0,0.0,0.0,1.0,0.0,1.0,1.0,0.0,0.0,0.0,0.0,0.0,0.0,0.0,34.0,20.0,5.0,37.0,9.0,3.0,2.0,41.0,28.0,0.0,0.0,4.0,0.0,0.0,Saturday,993004898,16,13,18886.0,8.0,1,6.0,0.389,0.0,-0.0793668450969388,0.4239130434782608,-0.020903086845508,-0.1540041355233002,-0.3372860585589589,0.44,-0.6031093699316126,-0.2221247950575262,19.7,13.7,6.0,312.6666666666667,329.3333333333333,2.333,0.453,0.8,329.0,259.0,13.0,-0.0074871331884258,0.4431944270874753,0.0587949288935616,-0.1705055123612127,-0.1040285852284007,0.4319001760381071,-0.0656679940422162,-0.1836555577324699,0.0528296292819354,-0.007204603879347,202411616.0,2024-12-21T13:00:00,1,2024,16,HOU,KC,AWAY,19.0,27.0,46.0,Arrowhead Stadium,3.0,7.0,6.0,3.0,0.0,26.0,36.0,26:08,12.0,3.0,8.0,1.0,50.0,181.0,3.6,2.0,20.0,77.0,3.8,0.0,26.0,18.0,104.0,2.0,0.0,4.0,5.8,69.2,102.08,13.0,5.0,38.5,1.0,1.0,100.0,3.0,2.0,0.0,0.0,7.0,70.0,2.0,1.0,4.0,27.0,3.0,6.0,5.0,250.0,50.0,1.0,4.0,3.0,7.0,10.0,7.0,3.0,0.0,33.0,24.0,33:52,18.0,3.0,11.0,4.0,62.0,224.0,3.6,1.0,19.0,52.0,2.7,0.0,40.0,29.0,172.0,1.0,3.0,4.3,5.9,72.5,57.5,13.0,4.0,30.8,2.0,2.0,100.0,2.0,1.0,0.0,0.0,8.0,64.0,2.0,1.0,3.0,24.0,6.0,6.0,3.0,181.0,60.3,4.0,1.0,-3.0,66.7,0.0,50.0,0.0,2.0,2.0,0.0,0.0,0.0,0.0,0.0,2.0,2.0,1.0,0.0,0.0,0.0,0.0,0.0,0.0,2.0,2.0,37.0,31.0,3.0,24.0,5.0,2.0,1.0,34.0,15.0,4.0,27.0,1.0,1.0,1.0,Saturday,993004897,13,16,18887.0,-8.0,0,3.0,0.385,0.0,-0.1133836315517541,0.4615384615384615,-0.2365832191893338,-0.1719730882711398,-0.1685927153384719,0.4698795180722891,-0.2097994376225504,-0.2410688611470457,23.3,21.3,2.0,255.66666666666663,322.0,1.667,0.333,0.6,328.0,300.0,9.0,-0.0419335038481685,0.4399440222225032,-0.1092486192911157,-0.1985679553924701,-0.0557662495917207,0.4497194421794835,0.0047344439283548,-0.205695935127404,-0.0280504357078978,-0.0941514153830146,4.0,8.0,0.20000000000000007,1.4,57.00000000000006,568.3333333333333,7.333333333333314,651.3333333333333,1.0,657.0,-41.0,559.0,4.0,22.0,0.034446370659742695,-0.04826233563668
202411603.0,2024-12-21T16:30:00,1,2024,16,BAL,PIT,HOME,34.0,17.0,51.0,M&T Bank Stadium,7.0,10.0,7.0,10.0,0.0,28.0,58.0,32:25,25.0,12.0,13.0,0.0,59.0,445.0,7.5,5.0,31.0,170.0,5.5,0.0,25.0,21.0,275.0,5.0,0.0,11.0,13.1,84.0,152.08,11.0,9.0,81.8,0.0,0.0,0.0,2.0,1.0,0.0,0.0,12.0,112.0,1.0,1.0,3.0,15.0,7.0,4.0,2.0,92.0,46.0,1.0,1.0,0.0,0.0,10.0,7.0,0.0,0.0,31.0,2.0,27:35,19.0,3.0,8.0,8.0,60.0,236.0,3.9,2.0,20.0,55.0,2.8,1.0,37.0,22.0,181.0,1.0,1.0,4.9,8.2,59.5,69.76,12.0,2.0,16.7,5.0,3.0,60.0,2.0,1.0,0.0,0.0,6.0,44.0,0.0,0.0,3.0,10.0,4.0,3.0,3.0,118.0,39.3,1.0,1.0,0.0,50.0,0.0,50.0,0.0,5.0,5.0,0.0,0.0,0.0,0.0,0.0,0.0,0.0,2.0,2.0,0.0,0.0,0.0,0.0,0.0,0.0,0.0,26.0,35.0,3.0,10.0,5.0,0.0,0.0,33.0,33.0,3.0,15.0,1.0,1.0,1.0,Saturday,993004900,3,28,18890.0,17.0,1,0.0,0.818,0.0,0.3106787045938963,0.5833333333333334,0.849435150490849,0.0370923358814566,-0.0381035603103904,0.4047619047619047,0.0841680186440498,-0.2287310846931129,28.0,20.3,7.7,402.0,257.6666666666667,0.0,0.584,0.6,418.0,332.0,9.0,0.1641948784672287,0.4923687423687424,0.4178652073752869,0.0493191447096251,0.0314279914977258,0.4723918992884511,0.0359763785675726,-0.0867733016772909,0.1066714192626032,0.0317938998733991,202411603.0,2024-12-21T16:30:00,1,2024,16,PIT,BAL,AWAY,17.0,34.0,51.0,M&T Bank Stadium,0.0,10.0,7.0,0.0,0.0,20.0,8.0,27:35,10.0,4.0,5.0,1.0,41.0,163.0,4.0,1.0,17.0,56.0,3.3,0.0,22.0,14.0,107.0,1.0,0.0,4.9,7.6,63.6,90.53,10.0,3.0,30.0,0.0,0.0,0.0,2.0,1.0,0.0,0.0,5.0,60.0,2.0,1.0,2.0,21.0,5.0,5.0,5.0,215.0,43.0,1.0,2.0,1.0,7.0,10.0,7.0,10.0,0.0,39.0,52.0,32:25,26.0,10.0,15.0,1.0,77.0,401.0,5.2,3.0,42.0,131.0,3.1,1.0,32.0,25.0,270.0,2.0,0.0,8.4,10.8,78.1,122.66,17.0,10.0,58.8,1.0,1.0,100.0,6.0,3.0,0.0,0.0,7.0,54.0,2.0,2.0,3.0,20.0,4.0,4.0,1.0,29.0,29.0,2.0,1.0,-1.0,50.0,0.0,50.0,0.0,1.0,1.0,0.0,0.0,0.0,0.0,0.0,2.0,2.0,3.0,3.0,0.0,0.0,0.0,0.0,0.0,2.0,2.0,45.0,40.0,3.0,20.0,2.0,2.0,2.0,28.0,8.0,2.0,21.0,3.0,1.0,1.0,Saturday,993004899,28,3,18884.0,-17.0,0,1.0,0.3,0.0,-0.0854929725427172,0.4655172413793103,-0.2048133898443629,-0.4612868955555314,0.1131719227174796,0.4787234042553192,0.3690555960357995,-0.0792168627101361,28.0,26.3,1.7,316.6666666666667,358.6666666666667,1.667,0.391,0.6,336.0,265.0,10.0,0.0260851785572544,0.5029090393075066,0.0850530592549102,-0.1988488322795224,0.0068964113807934,0.4900267118427456,0.0831307610319371,-0.0210024223651739,-0.0156850809202501,-0.0382970781703074,6.0,9.4,0.0,1.2,85.33333333333331,718.6666666666667,-101.0,616.3333333333334,82.0,754.0,67.0,597.0,-1.0,19.0,0.1381096999099743,0.0245315801169324
202411635.0,2024-12-22T13:00:00,1,2024,16,WAS,PHI,HOME,36.0,33.0,69.0,Northwest Stadium,7.0,7.0,0.0,22.0,0.0,40.0,50.0,23:42,23.0,11.0,11.0,1.0,74.0,326.0,4.4,2.0,35.0,137.0,3.9,0.0,31.0,25.0,189.0,2.0,0.0,6.1,7.6,80.6,113.58,17.0,9.0,52.9,1.0,1.0,100.0,3.0,2.0,0.0,0.0,9.0,84.0,1.0,0.0,8.0,37.0,7.0,7.0,3.0,138.0,46.0,0.0,1.0,1.0,21.0,0.0,6.0,6.0,0.0,19.0,10.0,36:18,17.0,3.0,11.0,3.0,51.0,245.0,4.8,2.0,16.0,69.0,4.3,0.0,32.0,15.0,176.0,2.0,1.0,5.5,11.7,46.9,71.88,11.0,3.0,27.3,1.0,1.0,100.0,2.0,1.0,0.0,0.0,4.0,36.0,0.0,0.0,3.0,29.0,6.0,11.0,4.0,187.0,46.8,1.0,0.0,-1.0,66.7,0.0,50.0,0.0,2.0,2.0,0.0,0.0,0.0,0.0,0.0,3.0,2.0,1.0,1.0,0.0,2.0,0.0,0.0,0.0,2.0,2.0,25.0,20.0,3.0,29.0,5.0,0.0,0.0,50.0,36.0,8.0,37.0,2.0,1.0,0.0,Sunday,993004914,35,26,18889.0,3.0,1,1.0,0.529,0.0,0.0340515637889608,0.5106382978723404,0.0898444010238379,-0.0931592733204452,-0.0116279537565372,0.4117647058823529,-0.0213307781232537,-0.1566435068224867,29.3,24.0,5.3,400.3333333333333,274.0,0.0,0.502,0.4,396.0,315.0,9.0,0.0397280523386128,0.5079905437352245,0.0600854848049551,0.1418386540346131,-0.0365483421346809,0.416884531590414,0.0996384978174775,-0.4144219438132517,0.0244475273344475,0.0026587050173734,202411635.0,2024-12-22T13:00:00,1,2024,16,PHI,WAS,AWAY,33.0,36.0,69.0,Northwest Stadium,21.0,0.0,6.0,6.0,0.0,39.0,52.0,36:18,26.0,10.0,15.0,1.0,77.0,401.0,5.2,3.0,42.0,131.0,3.1,1.0,32.0,25.0,270.0,2.0,0.0,8.4,10.8,78.1,122.66,17.0,10.0,58.8,1.0,1.0,100.0,6.0,3.0,0.0,0.0,7.0,54.0,2.0,2.0,3.0,20.0,4.0,4.0,1.0,29.0,29.0,2.0,1.0,-1.0,7.0,7.0,0.0,22.0,0.0,20.0,8.0,23:42,10.0,4.0,5.0,1.0,41.0,163.0,4.0,1.0,17.0,56.0,3.3,0.0,22.0,14.0,107.0,1.0,0.0,4.9,7.6,63.6,90.53,10.0,3.0,30.0,0.0,0.0,0.0,2.0,1.0,0.0,0.0,5.0,60.0,2.0,1.0,2.0,21.0,5.0,5.0,5.0,215.0,43.0,1.0,2.0,1.0,50.0,0.0,50.0,0.0,3.0,3.0,0.0,0.0,0.0,0.0,0.0,2.0,2.0,1.0,1.0,0.0,0.0,0.0,0.0,0.0,2.0,2.0,28.0,8.0,2.0,21.0,3.0,1.0,1.0,45.0,40.0,3.0,20.0,2.0,2.0,2.0,Sunday,993004913,26,35,18884.0,-3.0,0,-1.0,0.588,0.0,0.1131719227174796,0.4787234042553192,0.3690555960357995,-0.0792168627101361,-0.0854929725427172,0.4655172413793103,-0.2048133898443629,-0.4612868955555314,24.3,16.0,8.3,315.0,279.0,0.0,0.502,1.0,369.0,247.0,12.0,0.0653399906277167,0.4771120056226439,0.1108645057466326,0.0894712293418606,-0.0455721744845796,0.4232336698061667,0.0003538935425421,-0.2408205116200938,0.1080326421647295,-0.0353854902019474,-3.000000000000001,13.600000000000001,-0.6,1.4,85.33333333333331,715.3333333333333,-5.0,553.0,27.0,765.0,68.0,562.0,-3.0,21.0,-0.0256119382891039,0.009023832349898696
202411605.0,2024-12-22T13:00:00,1,2024,16,CAR,ARI,HOME,36.0,30.0,66.0,Bank of America Stadium,7.0,13.0,3.0,7.0,6.0,26.0,14.0,33:18,16.0,4.0,7.0,5.0,50.0,235.0,4.7,2.0,16.0,60.0,3.8,1.0,28.0,19.0,175.0,1.0,2.0,6.2,9.2,67.9,66.82,11.0,3.0,27.3,1.0,1.0,100.0,2.0,1.0,0.0,0.0,8.0,65.0,2.0,2.0,6.0,44.0,3.0,1.0,4.0,190.0,47.5,4.0,1.0,-3.0,0.0,17.0,3.0,10.0,0.0,33.0,46.0,33:24,24.0,12.0,11.0,1.0,70.0,410.0,5.9,3.0,40.0,211.0,5.3,0.0,29.0,18.0,199.0,3.0,0.0,6.9,11.1,62.1,116.88,12.0,6.0,50.0,0.0,0.0,0.0,4.0,3.0,0.0,0.0,14.0,99.0,2.0,1.0,1.0,15.0,10.0,7.0,2.0,113.0,56.5,1.0,4.0,3.0,50.0,0.0,75.0,0.0,2.0,2.0,0.0,0.0,0.0,0.0,0.0,0.0,0.0,3.0,3.0,0.0,0.0,0.0,0.0,0.0,4.0,3.0,39.0,32.0,1.0,15.0,5.0,0.0,1.0,34.0,13.0,6.0,44.0,4.0,2.0,2.0,Sunday,993004904,5,1,18885.0,6.0,1,-3.0,0.273,0.0,-0.089893032921124,0.4736842105263157,-0.1626395786311366,-0.2097061076604474,0.183752853798583,0.5454545454545454,0.3510178783622368,0.041514915193693,17.7,26.0,-8.3,301.3333333333333,382.3333333333333,-1.0,0.362,0.2,247.0,418.0,3.0,-0.0555615135160003,0.4589641831667295,0.0203523067125426,-0.2322241184892534,0.0648153558000457,0.4971334971334971,0.0876877381909606,0.127042683980163,-0.0092320616400363,0.0749971335897973,202411605.0,2024-12-22T13:00:00,1,2024,16,ARI,CAR,AWAY,30.0,36.0,66.0,Bank of America Stadium,0.0,17.0,3.0,10.0,0.0,34.0,8.0,33:24,21.0,9.0,9.0,3.0,64.0,395.0,6.2,3.0,32.0,163.0,5.1,3.0,32.0,25.0,232.0,0.0,0.0,7.2,9.3,78.1,96.88,15.0,10.0,66.7,0.0,0.0,0.0,4.0,3.0,0.0,0.0,4.0,35.0,2.0,0.0,0.0,0.0,2.0,6.0,2.0,97.0,48.5,0.0,1.0,1.0,7.0,13.0,3.0,7.0,6.0,25.0,52.0,33:18,17.0,7.0,10.0,0.0,49.0,311.0,6.3,2.0,24.0,116.0,4.8,1.0,23.0,19.0,195.0,1.0,1.0,8.5,10.3,82.6,98.37,6.0,0.0,0.0,2.0,1.0,50.0,3.0,2.0,0.0,0.0,4.0,45.0,3.0,0.0,2.0,7.0,0.0,2.0,2.0,110.0,55.0,1.0,0.0,-1.0,75.0,0.0,66.7,0.0,3.0,3.0,0.0,0.0,0.0,0.0,0.0,3.0,3.0,2.0,2.0,0.0,0.0,0.0,0.0,0.0,2.0,1.0,32.0,30.0,2.0,7.0,1.0,1.0,0.0,40.0,34.0,0.0,0.0,3.0,1.0,0.0,Sunday,993004903,1,5,18880.0,-6.0,0,1.0,0.667,0.0,0.1792835773546809,0.4819277108433735,0.2555393156204786,0.0899044015407396,0.0067317580770294,0.6,0.1999075672106199,-0.2092338703884954,23.3,23.3,0.0,385.6666666666667,331.0,-0.667,0.462,0.4,314.0,306.0,7.0,0.0293822850584192,0.4936783177795436,0.0912794401138923,0.0002222872856844,0.0384051774298882,0.5766708625546965,0.1297396104448093,-0.0642287463964748,0.0478591517382042,0.0064641471747037,-8.3,-8.3,-0.2,0.6000000000000001,-84.33333333333337,687.0,51.333333333333314,713.3333333333333,-67.0,561.0,112.0,724.0,-4.0,10.0,-0.0849437985744195,0.0264101783701575
202411607.0,2024-12-22T13:00:00,1,2024,16,CIN,CLE,HOME,24.0,6.0,30.0,Paycor Stadium,7.0,10.0,0.0,7.0,0.0,28.0,31.0,30:48,24.0,9.0,12.0,3.0,64.0,370.0,5.8,5.0,26.0,101.0,3.9,1.0,37.0,26.0,269.0,3.0,2.0,7.3,10.3,70.3,95.44,13.0,10.0,76.9,0.0,0.0,0.0,5.0,3.0,0.0,0.0,14.0,113.0,2.0,2.0,1.0,2.0,5.0,7.0,1.0,36.0,36.0,4.0,6.0,2.0,0.0,0.0,6.0,0.0,0.0,31.0,29.0,29:12,25.0,9.0,13.0,3.0,65.0,374.0,5.8,4.0,26.0,83.0,3.2,2.0,38.0,29.0,291.0,2.0,4.0,7.7,10.0,76.3,75.55,8.0,5.0,62.5,0.0,0.0,0.0,4.0,4.0,0.0,0.0,12.0,110.0,2.0,2.0,1.0,7.0,6.0,3.0,1.0,67.0,67.0,6.0,4.0,-2.0,60.0,0.0,100.0,0.0,5.0,4.0,0.0,0.0,0.0,0.0,0.0,1.0,1.0,3.0,3.0,0.0,0.0,0.0,0.0,0.0,0.0,0.0,43.0,28.0,1.0,7.0,7.0,2.0,2.0,43.0,28.0,1.0,2.0,4.0,1.0,1.0,Sunday,993004910,7,8,18891.0,18.0,1,2.0,0.769,0.0,0.1053698802216779,0.4777777777777778,0.3086817276068828,0.1247133206709771,-0.0331414068715034,0.5529411764705883,0.0449177416925191,-0.2127740153321065,34.0,30.3,3.7,392.6666666666667,405.3333333333333,0.333,0.556,0.4,399.0,387.0,6.0,0.1064024343403767,0.528275554324578,0.1761374493543032,0.0618724739798095,0.0624171696801607,0.5568485980250686,0.1084268612050917,0.0340615052046639,0.0991515220124936,0.0869403536405007,202411607.0,2024-12-22T13:00:00,1,2024,16,CLE,CIN,AWAY,6.0,24.0,30.0,Paycor Stadium,0.0,0.0,6.0,0.0,0.0,28.0,23.0,29:12,16.0,5.0,9.0,2.0,60.0,266.0,4.4,1.0,21.0,139.0,6.6,1.0,34.0,20.0,127.0,0.0,4.0,3.7,6.4,58.8,27.08,12.0,4.0,33.3,1.0,0.0,0.0,0.0,0.0,0.0,0.0,6.0,45.0,3.0,2.0,5.0,37.0,12.0,5.0,6.0,289.0,48.2,6.0,0.0,-6.0,7.0,10.0,0.0,7.0,0.0,31.0,37.0,30:48,18.0,6.0,12.0,0.0,75.0,311.0,4.1,3.0,35.0,132.0,3.8,1.0,40.0,21.0,179.0,2.0,0.0,4.5,8.5,52.5,81.15,18.0,7.0,38.9,1.0,0.0,0.0,4.0,2.0,0.0,0.0,4.0,30.0,0.0,0.0,0.0,0.0,11.0,8.0,9.0,399.0,44.3,0.0,6.0,6.0,0.0,0.0,50.0,0.0,1.0,1.0,0.0,0.0,0.0,0.0,0.0,0.0,0.0,3.0,3.0,0.0,0.0,0.0,0.0,0.0,1.0,0.0,41.0,28.0,0.0,0.0,4.0,0.0,0.0,34.0,20.0,5.0,37.0,9.0,3.0,2.0,Sunday,993004909,8,7,18886.0,-18.0,0,-6.0,0.333,0.0,-0.3372860585589589,0.44,-0.6031093699316126,-0.2221247950575262,-0.0793668450969388,0.4239130434782608,-0.020903086845508,-0.1540041355233002,17.7,29.7,-12.0,372.6666666666667,326.0,-3.0,0.32,0.2,239.0,356.0,3.0,-0.1793470918680405,0.4372530248637149,-0.259655950769863,-0.144358002379484,-0.0062170170773197,0.4578862892446296,0.0569061264773309,-0.1352314932675228,-0.1315998989284036,0.0286540051661918,15.7,-8.3,0.2,0.6000000000000001,20.0,765.3333333333334,79.33333333333331,731.3333333333333,160.0,638.0,31.0,743.0,3.0,9.0,0.2857495262084172,0.0686341867574804
202411614.0,2024-12-22T13:00:00,1,2024,16,IND,TEN,HOME,38.0,30.0,68.0,Lucas Oil Stadium,0.0,24.0,14.0,0.0,0.0,31.0,32.0,33:01,18.0,7.0,8.0,3.0,72.0,310.0,4.3,1.0,32.0,149.0,4.7,1.0,38.0,17.0,161.0,0.0,2.0,4.2,9.5,44.7,35.09,15.0,4.0,26.7,4.0,2.0,50.0,1.0,0.0,0.0,0.0,8.0,69.0,3.0,3.0,2.0,11.0,1.0,3.0,5.0,259.0,51.8,5.0,3.0,-2.0,7.0,0.0,8.0,15.0,0.0,28.0,28.0,26:59,13.0,5.0,5.0,3.0,61.0,193.0,3.2,4.0,27.0,72.0,2.7,0.0,33.0,20.0,121.0,3.0,3.0,3.7,6.0,60.6,60.29,17.0,6.0,35.3,0.0,0.0,0.0,2.0,2.0,0.0,0.0,6.0,58.0,0.0,0.0,1.0,9.0,10.0,5.0,6.0,287.0,47.8,3.0,5.0,2.0,0.0,0.0,100.0,0.0,1.0,1.0,0.0,0.0,0.0,0.0,0.0,2.0,2.0,4.0,4.0,0.0,0.0,0.0,0.0,0.0,1.0,1.0,36.0,19.0,1.0,9.0,6.0,0.0,0.0,37.0,30.0,2.0,11.0,7.0,2.0,2.0,Sunday,993004912,14,34,18881.0,8.0,1,-2.0,0.267,0.0,-0.3819885119125404,0.358695652173913,-0.4533954785212238,-0.4146578535534597,-0.1927035856250555,0.3950617283950617,-0.3109722542155466,-0.2488920573849186,14.7,26.3,-11.7,277.0,335.0,-1.0,0.324,0.4,280.0,329.0,6.0,-0.1456634678918877,0.4295273534403969,-0.2262510744928058,-0.1314518175286045,0.0031364051154263,0.4784786866486213,0.038179499535434,-0.0704106043204066,-0.1114291987255581,0.0034717789156137,202411614.0,2024-12-22T13:00:00,1,2024,16,TEN,IND,AWAY,30.0,38.0,68.0,Lucas Oil Stadium,7.0,0.0,8.0,15.0,0.0,31.0,29.0,26:59,25.0,9.0,13.0,3.0,65.0,374.0,5.8,4.0,26.0,83.0,3.2,2.0,38.0,29.0,291.0,2.0,4.0,7.7,10.0,76.3,75.55,8.0,5.0,62.5,0.0,0.0,0.0,4.0,4.0,0.0,0.0,12.0,110.0,2.0,2.0,1.0,7.0,6.0,3.0,1.0,67.0,67.0,6.0,4.0,-2.0,0.0,24.0,14.0,0.0,0.0,28.0,31.0,33:01,24.0,9.0,12.0,3.0,64.0,370.0,5.8,5.0,26.0,101.0,3.9,1.0,37.0,26.0,269.0,3.0,2.0,7.3,10.3,70.3,95.44,13.0,10.0,76.9,0.0,0.0,0.0,5.0,3.0,0.0,0.0,14.0,113.0,2.0,2.0,1.0,2.0,5.0,7.0,1.0,36.0,36.0,4.0,6.0,2.0,100.0,0.0,60.0,0.0,3.0,3.0,0.0,0.0,0.0,0.0,0.0,0.0,0.0,5.0,4.0,0.0,0.0,0.0,0.0,0.0,1.0,1.0,43.0,28.0,1.0,2.0,4.0,1.0,1.0,43.0,28.0,1.0,7.0,7.0,2.0,2.0,Sunday,993004911,34,14,18891.0,-8.0,0,-2.0,0.625,0.0,-0.0331414068715034,0.5529411764705883,0.0449177416925191,-0.2127740153321065,0.1053698802216779,0.4777777777777778,0.3086817276068828,0.1247133206709771,17.3,29.7,-12.3,297.0,374.6666666666667,-0.333,0.514,0.2,254.0,379.0,3.0,-0.0853099637958837,0.4398192309957016,-0.039854516779456,-0.3103455863371149,0.0770774696147622,0.4961111111111111,0.2268321804802845,0.1065474075592463,-0.0815042828666412,0.0317178893368844,0.6000000000000014,-24.0,0.2,0.6000000000000001,-20.0,574.0,-39.666666666666686,709.6666666666667,26.0,534.0,-50.0,708.0,3.0,9.0,-0.060353504096004,-0.07394106449933589
202411606.0,2024-12-22T13:00:00,1,2024,16,CHI,DET,HOME,17.0,34.0,51.0,Soldier Field,0.0,14.0,3.0,0.0,0.0,30.0,6.0,28:31,16.0,7.0,8.0,1.0,63.0,284.0,4.5,1.0,29.0,113.0,3.9,0.0,32.0,19.0,171.0,1.0,0.0,5.3,9.0,59.4,84.24,12.0,1.0,8.3,3.0,1.0,33.3,3.0,1.0,0.0,0.0,9.0,93.0,1.0,1.0,2.0,25.0,8.0,8.0,3.0,142.0,47.3,1.0,1.0,0.0,13.0,14.0,7.0,0.0,0.0,29.0,54.0,31:29,24.0,8.0,14.0,2.0,71.0,329.0,4.6,3.0,29.0,114.0,3.9,2.0,40.0,24.0,215.0,1.0,1.0,5.4,9.0,60.0,72.4,14.0,7.0,50.0,1.0,0.0,0.0,4.0,3.0,0.0,0.0,10.0,56.0,0.0,0.0,2.0,16.0,3.0,2.0,2.0,104.0,52.0,1.0,1.0,0.0,33.3,0.0,75.0,0.0,0.0,0.0,0.0,2.0,0.0,0.0,0.0,2.0,2.0,3.0,3.0,0.0,0.0,0.0,0.0,0.0,3.0,3.0,49.0,16.0,2.0,16.0,4.0,0.0,0.0,42.0,19.0,2.0,25.0,4.0,1.0,1.0,Sunday,993004908,6,11,18878.0,-17.0,0,0.0,0.083,0.0,-0.1713833986300454,0.4235294117647059,-0.250688930749312,-0.3151470522529312,0.0464815202145236,0.5263157894736842,0.1193890282891654,-0.0577432218199002,15.0,30.3,-15.3,249.0,395.3333333333333,0.333,0.317,0.0,266.0,308.0,4.0,-0.0756918420503008,0.4462137840210711,-0.1304035700009177,-0.1838326949665357,0.1371252153082636,0.5109364319890636,0.2922907756563482,0.0480726063859091,-0.0093666369767913,0.1629135501165493,202411606.0,2024-12-22T13:00:00,1,2024,16,DET,CHI,AWAY,34.0,17.0,51.0,Soldier Field,13.0,14.0,7.0,0.0,0.0,27.0,18.0,31:29,30.0,3.0,27.0,0.0,77.0,521.0,6.8,6.0,15.0,48.0,3.2,1.0,59.0,38.0,473.0,5.0,0.0,8.0,12.4,64.4,117.41,13.0,6.0,46.2,3.0,3.0,100.0,5.0,5.0,0.0,0.0,5.0,41.0,2.0,1.0,3.0,21.0,3.0,3.0,3.0,167.0,55.7,1.0,0.0,-1.0,0.0,14.0,3.0,0.0,0.0,32.0,42.0,28:31,28.0,11.0,15.0,2.0,68.0,559.0,8.2,6.0,34.0,197.0,5.8,4.0,34.0,23.0,362.0,2.0,0.0,10.6,15.7,67.6,122.43,10.0,5.0,50.0,1.0,1.0,100.0,7.0,5.0,0.0,0.0,6.0,49.0,0.0,0.0,0.0,0.0,10.0,4.0,1.0,51.0,51.0,0.0,1.0,1.0,100.0,0.0,71.4,0.0,6.0,6.0,0.0,0.0,0.0,0.0,0.0,1.0,0.0,6.0,6.0,0.0,0.0,0.0,0.0,0.0,3.0,2.0,39.0,32.0,0.0,0.0,5.0,0.0,0.0,40.0,25.0,3.0,21.0,4.0,2.0,1.0,Sunday,993004907,11,6,18882.0,17.0,1,-1.0,0.462,0.0,0.1829292065920237,0.5454545454545454,0.3300109954010486,-0.2857383615695513,0.3646082132577456,0.6,0.5570320399096016,0.2933075717724153,33.0,33.0,0.0,439.0,386.0,-0.667,0.428,0.8,459.0,282.0,12.0,0.1059326743552688,0.5293359123146356,0.2189960582971114,-0.1655137269690342,0.164346775385309,0.510084541062802,0.2711512446224797,0.0864566848877807,0.1750805469802187,0.0254094667117542,-15.3,-15.3,-0.8,0.8,-190.0,688.0,9.333333333333314,781.3333333333333,-193.0,725.0,26.0,590.0,-8.0,16.0,-0.1816245164055696,-0.027221560077045404
202411624.0,2024-12-22T13:00:00,1,2024,16,NYJ,LAR,HOME,9.0,19.0,28.0,MetLife Stadium,6.0,3.0,0.0,0.0,0.0,25.0,36.0,32:05,22.0,8.0,10.0,4.0,54.0,400.0,7.4,4.0,23.0,125.0,5.4,1.0,30.0,16.0,275.0,3.0,0.0,9.2,17.2,53.3,118.06,10.0,4.0,40.0,1.0,1.0,100.0,3.0,2.0,0.0,0.0,8.0,62.0,0.0,0.0,1.0,14.0,2.0,2.0,3.0,125.0,41.7,0.0,2.0,2.0,0.0,6.0,0.0,13.0,0.0,34.0,24.0,27:55,27.0,10.0,13.0,4.0,77.0,421.0,5.5,2.0,29.0,136.0,4.7,0.0,46.0,31.0,285.0,2.0,2.0,6.2,9.2,67.4,80.43,15.0,8.0,53.3,0.0,0.0,0.0,4.0,2.0,0.0,0.0,8.0,106.0,1.0,0.0,2.0,9.0,3.0,3.0,2.0,94.0,47.0,2.0,0.0,-2.0,66.7,0.0,50.0,0.0,3.0,3.0,0.0,2.0,1.0,0.0,0.0,2.0,1.0,1.0,1.0,0.0,2.0,0.0,0.0,0.0,4.0,4.0,48.0,24.0,2.0,9.0,4.0,1.0,0.0,29.0,14.0,1.0,14.0,7.0,0.0,0.0,Sunday,993004902,24,32,18888.0,-10.0,0,2.0,0.4,0.0,0.2952913748786863,0.4605263157894737,0.5276589951760473,0.1477135115351034,0.1367236205917422,0.5773195876288659,0.1398658020816182,0.0727132742143182,26.3,27.7,-1.3,353.3333333333333,351.6666666666667,0.667,0.373,0.2,283.0,325.0,4.0,0.1212890215586386,0.4770490527871786,0.2148858417169109,-0.0166212394256945,0.1090639608456671,0.5264295484313753,0.2309268191374272,-0.0566601625476455,0.0614442192313282,0.1375553170228801,202411624.0,2024-12-22T13:00:00,1,2024,16,LAR,NYJ,AWAY,19.0,9.0,28.0,MetLife Stadium,0.0,6.0,0.0,13.0,0.0,35.0,4.0,27:55,14.0,8.0,6.0,0.0,65.0,302.0,4.6,0.0,38.0,142.0,3.7,0.0,27.0,16.0,160.0,0.0,0.0,5.9,10.0,59.3,76.16,15.0,4.0,26.7,1.0,1.0,100.0,3.0,0.0,0.0,0.0,4.0,40.0,0.0,0.0,0.0,0.0,3.0,5.0,6.0,325.0,54.2,0.0,1.0,1.0,6.0,3.0,0.0,0.0,0.0,24.0,56.0,32:05,11.0,4.0,7.0,0.0,53.0,191.0,3.6,0.0,19.0,63.0,3.3,0.0,31.0,14.0,128.0,0.0,1.0,4.1,9.1,45.2,43.48,12.0,3.0,25.0,0.0,0.0,0.0,0.0,0.0,0.0,0.0,4.0,25.0,0.0,0.0,3.0,14.0,5.0,1.0,7.0,316.0,45.1,1.0,0.0,-1.0,0.0,0.0,0.0,0.0,0.0,0.0,0.0,0.0,0.0,0.0,0.0,4.0,4.0,0.0,0.0,0.0,0.0,0.0,0.0,0.0,2.0,2.0,29.0,26.0,3.0,14.0,9.0,0.0,0.0,37.0,38.0,0.0,0.0,5.0,0.0,0.0,Sunday,993004901,32,24,18892.0,10.0,1,1.0,0.267,0.0,-0.0532112154745846,0.45,-0.1366747621123844,-0.0644974268389961,-0.1786686861060193,0.3428571428571428,-0.3312730426421038,-0.2386979133732153,25.7,20.7,5.0,360.3333333333333,321.0,0.333,0.481,0.8,310.0,338.0,8.0,0.1087694811371389,0.5026315789473684,0.2394103114765305,0.0260330655191119,0.0346658796556331,0.4398954703832752,0.1302872074132973,-0.0852495971203342,0.1045525915634732,0.0903176739570735,-6.3,3.7,-0.6000000000000001,1.0,-7.0,713.6666666666666,30.666666666666686,672.6666666666667,-27.0,593.0,-13.0,663.0,-4.0,12.0,0.012519540421499706,0.074398081190034
202411602.0,2024-12-22T13:00:00,1,2024,16,ATL,NYG,HOME,34.0,7.0,41.0,Mercedes-Benz Stadium,0.0,17.0,14.0,3.0,0.0,33.0,52.0,34:28,14.0,7.0,6.0,1.0,57.0,261.0,4.6,1.0,37.0,168.0,4.5,0.0,17.0,11.0,93.0,1.0,1.0,5.5,8.5,64.7,73.9,13.0,4.0,30.8,0.0,0.0,0.0,0.0,0.0,0.0,0.0,6.0,30.0,1.0,0.0,3.0,19.0,6.0,10.0,6.0,265.0,44.2,1.0,3.0,2.0,0.0,7.0,0.0,0.0,0.0,26.0,8.0,25:32,16.0,5.0,11.0,0.0,65.0,249.0,3.8,1.0,22.0,65.0,3.0,0.0,39.0,23.0,184.0,1.0,2.0,4.7,8.0,59.0,58.07,14.0,4.0,28.6,2.0,2.0,100.0,1.0,1.0,0.0,0.0,7.0,55.0,1.0,1.0,4.0,24.0,3.0,7.0,4.0,159.0,39.8,3.0,1.0,-2.0,0.0,0.0,100.0,0.0,1.0,1.0,0.0,0.0,0.0,0.0,0.0,3.0,2.0,1.0,0.0,1.0,0.0,0.0,0.0,0.0,1.0,1.0,40.0,19.0,4.0,24.0,8.0,1.0,1.0,36.0,31.0,3.0,19.0,4.0,0.0,0.0,Sunday,993004906,2,23,18877.0,27.0,1,2.0,0.308,0.0,-0.1960432691760169,0.3417721518987341,-0.2979793791559087,-0.1102554476238827,-0.2875645367255903,0.3855421686746988,-0.1690559111792897,-0.5312956940370465,16.3,22.7,-6.3,369.0,289.6666666666667,-1.333,0.353,0.2,293.0,342.0,7.0,-0.1211455215974868,0.4547803269730587,-0.1516089134299486,-0.0368494921332898,-0.0457410712778301,0.4346615972085061,0.0750932261189535,-0.2573647508279046,-0.113942044455723,0.0272113914382201,202411602.0,2024-12-22T13:00:00,1,2024,16,NYG,ATL,AWAY,7.0,34.0,41.0,Mercedes-Benz Stadium,0.0,7.0,0.0,0.0,0.0,31.0,2.0,25:32,19.0,3.0,8.0,8.0,60.0,236.0,3.9,2.0,20.0,55.0,2.8,1.0,37.0,22.0,181.0,1.0,1.0,4.9,8.2,59.5,69.76,12.0,2.0,16.7,5.0,3.0,60.0,2.0,1.0,0.0,0.0,6.0,44.0,0.0,0.0,3.0,10.0,4.0,3.0,3.0,118.0,39.3,1.0,1.0,0.0,0.0,17.0,14.0,3.0,0.0,28.0,58.0,34:28,25.0,12.0,13.0,0.0,59.0,445.0,7.5,5.0,31.0,170.0,5.5,0.0,25.0,21.0,275.0,5.0,0.0,11.0,13.1,84.0,152.08,11.0,9.0,81.8,0.0,0.0,0.0,2.0,1.0,0.0,0.0,12.0,112.0,1.0,1.0,3.0,15.0,7.0,4.0,2.0,92.0,46.0,1.0,1.0,0.0,50.0,0.0,50.0,0.0,2.0,2.0,0.0,0.0,0.0,0.0,0.0,0.0,0.0,5.0,5.0,0.0,0.0,0.0,0.0,0.0,0.0,0.0,33.0,33.0,3.0,15.0,1.0,1.0,1.0,26.0,35.0,3.0,10.0,5.0,0.0,0.0,Sunday,993004905,23,2,18890.0,-27.0,0,0.0,0.167,0.0,-0.0381035603103904,0.4047619047619047,0.0841680186440498,-0.2287310846931129,0.3106787045938963,0.5833333333333334,0.849435150490849,0.0370923358814566,15.0,25.3,-10.3,269.3333333333333,351.3333333333333,-0.667,0.227,0.0,208.0,328.0,2.0,-0.1217493854446464,0.4019274376417233,-0.1110749973320889,-0.1682242127665278,0.0335655188136992,0.4660123364174377,0.3225498478554534,-0.1105799106747818,-0.121821824559887,0.0591467117122654,4.000000000000001,-16.6,0.2,0.2,99.66666666666669,638.3333333333333,-61.66666666666663,641.0,85.0,501.0,14.0,670.0,5.0,9.0,0.0006038638471596025,-0.0793065900915293
202411630.0,2024-12-22T16:05:00,1,2024,16,SEA,MIN,HOME,24.0,27.0,51.0,Lumen Field,0.0,14.0,3.0,7.0,0.0,27.0,2.0,29:19,14.0,5.0,7.0,2.0,56.0,208.0,3.7,1.0,16.0,80.0,5.0,1.0,33.0,20.0,128.0,0.0,2.0,3.9,6.4,60.6,43.5,13.0,4.0,30.8,0.0,0.0,0.0,1.0,0.0,0.0,0.0,5.0,108.0,0.0,0.0,7.0,45.0,6.0,2.0,6.0,279.0,46.5,2.0,1.0,-1.0,7.0,10.0,3.0,7.0,0.0,32.0,58.0,30:41,21.0,8.0,10.0,3.0,61.0,369.0,6.0,3.0,34.0,140.0,4.1,1.0,27.0,20.0,229.0,2.0,0.0,8.5,11.4,74.1,123.84,12.0,5.0,41.7,1.0,0.0,0.0,4.0,2.0,0.0,0.0,5.0,27.0,2.0,1.0,0.0,0.0,12.0,10.0,4.0,170.0,42.5,1.0,2.0,1.0,0.0,0.0,50.0,0.0,1.0,1.0,0.0,0.0,0.0,0.0,0.0,2.0,2.0,3.0,3.0,0.0,0.0,0.0,0.0,0.0,3.0,3.0,39.0,32.0,0.0,0.0,1.0,1.0,1.0,37.0,12.0,7.0,45.0,6.0,0.0,0.0,Sunday,993004916,30,20,18879.0,-3.0,0,-1.0,0.308,0.0,-0.1931990876483222,0.4342105263157895,-0.452582685591134,-0.0148432763991877,0.0883567548526316,0.5375,0.5077051976814394,-0.2247105521108845,23.0,23.0,0.0,292.0,327.6666666666667,0.333,0.361,0.8,315.0,313.0,8.0,-0.0448836437480031,0.4440098836384846,-0.0381168541326245,0.0314610064527472,-0.0534085900702983,0.4780639659844874,0.0387180919383297,-0.1485461353604134,-0.0214785163772243,-0.066076674874,202411630.0,2024-12-22T16:05:00,1,2024,16,MIN,SEA,AWAY,27.0,24.0,51.0,Lumen Field,7.0,10.0,3.0,7.0,0.0,29.0,54.0,30:41,24.0,8.0,14.0,2.0,71.0,329.0,4.6,3.0,29.0,114.0,3.9,2.0,40.0,24.0,215.0,1.0,1.0,5.4,9.0,60.0,72.4,14.0,7.0,50.0,1.0,0.0,0.0,4.0,3.0,0.0,0.0,10.0,56.0,0.0,0.0,2.0,16.0,3.0,2.0,2.0,104.0,52.0,1.0,1.0,0.0,0.0,14.0,3.0,7.0,0.0,30.0,6.0,29:19,16.0,7.0,8.0,1.0,63.0,284.0,4.5,1.0,29.0,113.0,3.9,0.0,32.0,19.0,171.0,1.0,0.0,5.3,9.0,59.4,84.24,12.0,1.0,8.3,3.0,1.0,33.3,3.0,1.0,0.0,0.0,9.0,93.0,1.0,1.0,2.0,25.0,8.0,8.0,3.0,142.0,47.3,1.0,1.0,0.0,75.0,0.0,33.3,0.0,3.0,3.0,0.0,0.0,0.0,0.0,0.0,3.0,3.0,0.0,0.0,0.0,2.0,0.0,0.0,0.0,2.0,2.0,42.0,19.0,2.0,25.0,4.0,1.0,1.0,49.0,16.0,2.0,16.0,4.0,0.0,0.0,Sunday,993004915,20,30,18878.0,3.0,1,0.0,0.5,0.0,0.0464815202145236,0.5263157894736842,0.1193890282891654,-0.0577432218199002,-0.1713833986300454,0.4235294117647059,-0.250688930749312,-0.3151470522529312,31.7,18.3,13.3,345.0,395.3333333333333,1.333,0.431,1.0,369.0,252.0,12.0,0.1185895359053305,0.5544186959937156,0.2511931195143385,0.0040876232497751,-0.0490982634652799,0.4926114433824314,-0.0287714588808737,-0.0688696574794444,0.1047808754363489,-0.0496788181254042,-13.3,13.3,-0.19999999999999996,1.8,-53.0,637.0,-67.66666666666663,723.0,-54.0,684.0,61.0,565.0,-4.0,20.0,-0.1634731796533336,-0.0043103266050184
202411604.0,2024-12-22T16:25:00,1,2024,16,BUF,NE,HOME,24.0,21.0,45.0,Highmark Stadium,0.0,7.0,10.0,7.0,0.0,32.0,42.0,29:03,28.0,11.0,15.0,2.0,68.0,559.0,8.2,6.0,34.0,197.0,5.8,4.0,34.0,23.0,362.0,2.0,0.0,10.6,15.7,67.6,122.43,10.0,5.0,50.0,1.0,1.0,100.0,7.0,5.0,0.0,0.0,6.0,49.0,0.0,0.0,0.0,0.0,10.0,4.0,1.0,51.0,51.0,0.0,1.0,1.0,7.0,7.0,0.0,7.0,0.0,27.0,18.0,30:57,30.0,3.0,27.0,0.0,77.0,521.0,6.8,6.0,15.0,48.0,3.2,1.0,59.0,38.0,473.0,5.0,0.0,8.0,12.4,64.4,117.41,13.0,6.0,46.2,3.0,3.0,100.0,5.0,5.0,0.0,0.0,5.0,41.0,2.0,1.0,3.0,21.0,3.0,3.0,3.0,167.0,55.7,1.0,0.0,-1.0,71.4,0.0,100.0,0.0,6.0,6.0,0.0,0.0,0.0,0.0,0.0,3.0,2.0,6.0,6.0,0.0,0.0,0.0,0.0,0.0,1.0,0.0,40.0,25.0,3.0,21.0,4.0,2.0,1.0,39.0,32.0,0.0,0.0,5.0,0.0,0.0,Sunday,993004920,4,21,18882.0,3.0,1,1.0,0.5,0.0,0.3646082132577456,0.6,0.5570320399096016,0.2933075717724153,0.1829292065920237,0.5454545454545454,0.3300109954010486,-0.2857383615695513,41.7,32.0,9.7,458.6666666666667,405.6666666666667,1.333,0.519,0.8,445.0,310.0,11.0,0.272726005948659,0.5523474178403756,0.598785262914408,0.2010121074847908,0.0629853863987246,0.4857318120476015,0.2744070175174053,-0.1776635318192682,0.1945833377872264,0.0132513727481835,202411604.0,2024-12-22T16:25:00,1,2024,16,NE,BUF,AWAY,21.0,24.0,45.0,Highmark Stadium,7.0,7.0,0.0,7.0,0.0,25.0,52.0,30:57,17.0,7.0,10.0,0.0,49.0,311.0,6.3,2.0,24.0,116.0,4.8,1.0,23.0,19.0,195.0,1.0,1.0,8.5,10.3,82.6,98.37,6.0,0.0,0.0,2.0,1.0,50.0,3.0,2.0,0.0,0.0,4.0,45.0,3.0,0.0,2.0,7.0,0.0,2.0,2.0,110.0,55.0,1.0,0.0,-1.0,0.0,7.0,10.0,7.0,0.0,34.0,8.0,29:03,21.0,9.0,9.0,3.0,64.0,395.0,6.2,3.0,32.0,163.0,5.1,3.0,32.0,25.0,232.0,0.0,0.0,7.2,9.3,78.1,96.88,15.0,10.0,66.7,0.0,0.0,0.0,4.0,3.0,0.0,0.0,4.0,35.0,2.0,0.0,0.0,0.0,2.0,6.0,2.0,97.0,48.5,0.0,1.0,1.0,66.7,0.0,75.0,0.0,2.0,2.0,0.0,0.0,0.0,0.0,0.0,2.0,1.0,3.0,3.0,0.0,0.0,0.0,0.0,0.0,3.0,3.0,40.0,34.0,0.0,0.0,3.0,1.0,0.0,32.0,30.0,2.0,7.0,1.0,1.0,0.0,Sunday,993004919,21,4,18880.0,-3.0,0,-1.0,0.0,0.0,0.0067317580770294,0.6,0.1999075672106199,-0.2092338703884954,0.1792835773546809,0.4819277108433735,0.2555393156204786,0.0899044015407396,18.7,29.7,-11.0,333.6666666666667,340.3333333333333,-0.333,0.253,0.2,238.0,337.0,3.0,-0.0364172096285115,0.5089126559714795,0.059160185404972,-0.1061627738460588,0.1092452823787634,0.5164984261369804,0.2111112440835872,-0.1189032547027538,-0.0152121844543092,0.0483590808342134,20.7,-1.3000000000000007,0.6000000000000001,1.0,125.0,792.3333333333334,65.33333333333337,746.0,207.0,683.0,-27.0,647.0,8.0,14.0,0.3091432155771705,-0.046259895980038795
202411625.0,2024-12-22T16:25:00,1,2024,16,LV,JAX,HOME,19.0,14.0,33.0,Allegiant Stadium,0.0,13.0,0.0,6.0,0.0,26.0,8.0,34:18,16.0,5.0,11.0,0.0,65.0,249.0,3.8,1.0,22.0,65.0,3.0,0.0,39.0,23.0,184.0,1.0,2.0,4.7,8.0,59.0,58.07,14.0,4.0,28.6,2.0,2.0,100.0,1.0,1.0,0.0,0.0,7.0,55.0,1.0,1.0,4.0,24.0,3.0,7.0,4.0,159.0,39.8,3.0,1.0,-2.0,7.0,0.0,7.0,0.0,0.0,33.0,52.0,25:42,14.0,7.0,6.0,1.0,57.0,261.0,4.6,1.0,37.0,168.0,4.5,0.0,17.0,11.0,93.0,1.0,1.0,5.5,8.5,64.7,73.9,13.0,4.0,30.8,0.0,0.0,0.0,0.0,0.0,0.0,0.0,6.0,30.0,1.0,0.0,3.0,19.0,6.0,10.0,6.0,265.0,44.2,1.0,3.0,2.0,100.0,0.0,0.0,0.0,1.0,0.0,1.0,0.0,0.0,0.0,0.0,1.0,1.0,1.0,1.0,0.0,0.0,0.0,0.0,0.0,3.0,2.0,36.0,31.0,3.0,19.0,4.0,0.0,0.0,40.0,19.0,4.0,24.0,8.0,1.0,1.0,Sunday,993004922,25,15,18877.0,5.0,1,-2.0,0.286,0.0,-0.2875645367255903,0.3855421686746988,-0.1690559111792897,-0.5312956940370465,-0.1960432691760169,0.3417721518987341,-0.2979793791559087,-0.1102554476238827,13.0,20.7,-7.7,323.0,336.6666666666667,-0.667,0.281,0.0,245.0,376.0,2.0,-0.1579184641550669,0.4217872508512151,-0.042079910687293,-0.3002771855279268,-0.0558694698382128,0.3976927164240491,-0.0218897793538333,-0.0987981272497194,-0.0864519322915372,0.0464021038860524,202411625.0,2024-12-22T16:25:00,1,2024,16,JAX,LV,AWAY,14.0,19.0,33.0,Allegiant Stadium,7.0,0.0,7.0,0.0,0.0,34.0,24.0,25:42,27.0,10.0,13.0,4.0,77.0,421.0,5.5,2.0,29.0,136.0,4.7,0.0,46.0,31.0,285.0,2.0,2.0,6.2,9.2,67.4,80.43,15.0,8.0,53.3,0.0,0.0,0.0,4.0,2.0,0.0,0.0,8.0,106.0,1.0,0.0,2.0,9.0,3.0,3.0,2.0,94.0,47.0,2.0,0.0,-2.0,0.0,13.0,0.0,6.0,0.0,25.0,36.0,34:18,22.0,8.0,10.0,4.0,54.0,400.0,7.4,4.0,23.0,125.0,5.4,1.0,30.0,16.0,275.0,3.0,0.0,9.2,17.2,53.3,118.06,10.0,4.0,40.0,1.0,1.0,100.0,3.0,2.0,0.0,0.0,8.0,62.0,0.0,0.0,1.0,14.0,2.0,2.0,3.0,125.0,41.7,0.0,2.0,2.0,50.0,0.0,66.7,0.0,1.0,1.0,0.0,2.0,0.0,0.0,0.0,4.0,4.0,3.0,3.0,0.0,2.0,1.0,0.0,0.0,2.0,1.0,29.0,14.0,1.0,14.0,7.0,0.0,0.0,48.0,24.0,2.0,9.0,4.0,1.0,0.0,Sunday,993004921,15,25,18888.0,-5.0,0,-2.0,0.533,0.0,0.1367236205917422,0.5773195876288659,0.1398658020816182,0.0727132742143182,0.2952913748786863,0.4605263157894737,0.5276589951760473,0.1477135115351034,18.3,20.3,-2.0,361.6666666666667,332.6666666666667,-1.667,0.443,0.2,263.0,377.0,3.0,0.0395847895465454,0.4754932647824041,0.1342661524762369,-0.0649783839170703,0.0955466432950875,0.4405426412421748,0.1162091180409775,0.0727395642015577,-0.0530102726705023,0.144297800574925,-5.7,-9.7,-0.2,0.2,-38.666666666666686,684.6666666666667,4.0,669.3333333333334,-18.0,508.0,-1.0,753.0,-1.0,5.0,-0.1975032537016123,-0.1514161131333003
202411619.0,2024-12-22T16:25:00,1,2024,16,MIA,SF,HOME,29.0,17.0,46.0,Hard Rock Stadium,3.0,10.0,6.0,10.0,0.0,33.0,24.0,33:06,18.0,3.0,11.0,4.0,62.0,224.0,3.6,1.0,19.0,52.0,2.7,0.0,40.0,29.0,172.0,1.0,3.0,4.3,5.9,72.5,57.5,13.0,4.0,30.8,2.0,2.0,100.0,2.0,1.0,0.0,0.0,8.0,64.0,2.0,1.0,3.0,24.0,6.0,6.0,3.0,181.0,60.3,4.0,1.0,-3.0,0.0,10.0,0.0,7.0,0.0,26.0,36.0,26:54,12.0,3.0,8.0,1.0,50.0,181.0,3.6,2.0,20.0,77.0,3.8,0.0,26.0,18.0,104.0,2.0,0.0,4.0,5.8,69.2,102.08,13.0,5.0,38.5,1.0,1.0,100.0,3.0,2.0,0.0,0.0,7.0,70.0,2.0,1.0,4.0,27.0,3.0,6.0,5.0,250.0,50.0,1.0,4.0,3.0,50.0,0.0,66.7,0.0,1.0,0.0,0.0,0.0,0.0,0.0,0.0,2.0,2.0,2.0,2.0,0.0,0.0,0.0,0.0,0.0,2.0,2.0,34.0,15.0,4.0,27.0,1.0,1.0,1.0,37.0,31.0,3.0,24.0,5.0,2.0,1.0,Sunday,993004918,19,31,18887.0,12.0,1,-3.0,0.308,0.0,-0.1685927153384719,0.4698795180722891,-0.2097994376225504,-0.2410688611470457,-0.1133836315517541,0.4615384615384615,-0.2365832191893338,-0.1719730882711398,20.3,25.3,-5.0,324.6666666666667,323.6666666666667,-1.333,0.235,0.6,276.0,312.0,6.0,0.0449776287813424,0.5363185576262604,0.1446948540864393,-0.3391943802221233,0.1224236469472016,0.5145363895363895,0.2007937195853378,-0.084305936709192,0.0960837549616545,0.0578528233874607,202411619.0,2024-12-22T16:25:00,1,2024,16,SF,MIA,AWAY,17.0,29.0,46.0,Hard Rock Stadium,0.0,10.0,0.0,7.0,0.0,24.0,56.0,26:54,11.0,4.0,7.0,0.0,53.0,191.0,3.6,0.0,19.0,63.0,3.3,0.0,31.0,14.0,128.0,0.0,1.0,4.1,9.1,45.2,43.48,12.0,3.0,25.0,0.0,0.0,0.0,0.0,0.0,0.0,0.0,4.0,25.0,0.0,0.0,3.0,14.0,5.0,1.0,7.0,316.0,45.1,1.0,0.0,-1.0,3.0,10.0,6.0,10.0,0.0,35.0,4.0,33:06,14.0,8.0,6.0,0.0,65.0,302.0,4.6,0.0,38.0,142.0,3.7,0.0,27.0,16.0,160.0,0.0,0.0,5.9,10.0,59.3,76.16,15.0,4.0,26.7,1.0,1.0,100.0,3.0,0.0,0.0,0.0,4.0,40.0,0.0,0.0,0.0,0.0,3.0,5.0,6.0,325.0,54.2,0.0,1.0,1.0,0.0,0.0,0.0,0.0,0.0,0.0,0.0,0.0,0.0,0.0,0.0,2.0,2.0,0.0,0.0,0.0,0.0,0.0,0.0,0.0,4.0,4.0,37.0,38.0,0.0,0.0,5.0,0.0,0.0,29.0,26.0,3.0,14.0,9.0,0.0,0.0,Sunday,993004917,31,19,18892.0,-12.0,0,-1.0,0.25,0.0,-0.1786686861060193,0.3428571428571428,-0.3312730426421038,-0.2386979133732153,-0.0532112154745846,0.45,-0.1366747621123844,-0.0644974268389961,18.0,20.0,-2.0,294.0,278.6666666666667,-1.333,0.35,0.2,314.0,320.0,6.0,-0.0424081987345348,0.401065601065601,0.0370933076435764,-0.0886690376036693,0.0076452611271653,0.4782180646065447,0.0868755081508534,0.0068035342175222,-0.0823696712332154,0.0460630977663165,-3.0,-7.0,0.39999999999999997,0.8,30.666666666666686,618.6666666666667,45.0,602.3333333333334,-38.0,590.0,-8.0,632.0,0.0,12.0,0.0873858275158772,0.1147783858200363
202411609.0,2024-12-22T20:20:00,1,2024,16,DAL,TB,HOME,26.0,24.0,50.0,AT&T Stadium,10.0,13.0,3.0,0.0,0.0,33.0,46.0,27:12,24.0,12.0,11.0,1.0,70.0,410.0,5.9,3.0,40.0,211.0,5.3,0.0,29.0,18.0,199.0,3.0,0.0,6.9,11.1,62.1,116.88,12.0,6.0,50.0,0.0,0.0,0.0,4.0,3.0,0.0,0.0,14.0,99.0,2.0,1.0,1.0,15.0,10.0,7.0,2.0,113.0,56.5,1.0,4.0,3.0,0.0,14.0,3.0,7.0,0.0,26.0,14.0,32:48,16.0,4.0,7.0,5.0,50.0,235.0,4.7,2.0,16.0,60.0,3.8,1.0,28.0,19.0,175.0,1.0,2.0,6.2,9.2,67.9,66.82,11.0,3.0,27.3,1.0,1.0,100.0,2.0,1.0,0.0,0.0,8.0,65.0,2.0,2.0,6.0,44.0,3.0,1.0,4.0,190.0,47.5,4.0,1.0,-3.0,75.0,0.0,50.0,0.0,3.0,3.0,0.0,0.0,0.0,0.0,0.0,4.0,3.0,2.0,2.0,0.0,0.0,0.0,0.0,0.0,0.0,0.0,34.0,13.0,6.0,44.0,4.0,2.0,2.0,39.0,32.0,1.0,15.0,5.0,0.0,1.0,Sunday,993004924,9,33,18885.0,2.0,1,3.0,0.5,0.0,0.183752853798583,0.5454545454545454,0.3510178783622368,0.041514915193693,-0.089893032921124,0.4736842105263157,-0.1626395786311366,-0.2097061076604474,25.7,20.3,5.3,349.6666666666667,305.0,1.333,0.433,0.6,298.0,380.0,6.0,0.0514406738045996,0.4904342968859097,0.0796131584558342,0.0376500152748816,-0.0361088217333942,0.4889018523319794,-0.1095828842604923,-0.0877307969945131,-0.0083876460849961,-0.0128800760942877,202411609.0,2024-12-22T20:20:00,1,2024,16,TB,DAL,AWAY,24.0,26.0,50.0,AT&T Stadium,0.0,14.0,3.0,7.0,0.0,36.0,48.0,32:48,24.0,9.0,12.0,3.0,67.0,506.0,7.6,4.0,39.0,223.0,5.7,0.0,27.0,22.0,283.0,4.0,1.0,10.5,12.9,81.5,134.49,15.0,9.0,60.0,1.0,1.0,100.0,4.0,1.0,0.0,0.0,8.0,83.0,1.0,1.0,1.0,5.0,10.0,2.0,0.0,0.0,0.0,2.0,2.0,0.0,10.0,13.0,3.0,0.0,0.0,23.0,12.0,27:12,14.0,1.0,10.0,3.0,48.0,206.0,4.3,2.0,11.0,32.0,2.9,0.0,34.0,22.0,174.0,2.0,1.0,5.1,7.9,64.7,84.68,6.0,0.0,0.0,2.0,0.0,0.0,3.0,2.0,0.0,0.0,7.0,60.0,2.0,1.0,3.0,25.0,2.0,4.0,3.0,141.0,47.0,2.0,2.0,0.0,25.0,0.0,66.7,0.0,4.0,4.0,0.0,0.0,0.0,0.0,0.0,4.0,4.0,2.0,2.0,0.0,0.0,0.0,0.0,0.0,1.0,1.0,31.0,11.0,3.0,25.0,2.0,2.0,1.0,45.0,31.0,1.0,5.0,3.0,1.0,1.0,Sunday,993004923,33,9,18883.0,-2.0,0,0.0,0.6,0.0,0.1958510945189086,0.5764705882352941,0.4786821475691058,-0.0973820648269375,-0.2211567184404969,0.4571428571428571,-0.3030515548151282,-0.2517238288903266,31.3,17.7,13.7,457.0,286.3333333333333,-0.667,0.394,0.8,403.0,326.0,8.0,0.0772339069567648,0.5189966895849248,0.1756120132046124,0.0389665987611317,-0.1422406401104344,0.4685996031181638,-0.1072844552778667,-0.2554771049605289,0.100465568361997,-0.0948155980875797,-8.399999999999999,19.0,-0.20000000000000007,1.4,-107.33333333333331,806.6666666666667,18.666666666666686,591.3333333333333,-105.0,701.0,54.0,706.0,-2.0,14.0,-0.025793233152165196,0.10613181837704022
202411612.0,2024-12-23T20:15:00,1,2024,16,GB,NO,HOME,34.0,0.0,34.0,Lambeau Field,7.0,14.0,3.0,10.0,0.0,32.0,58.0,37:13,21.0,8.0,10.0,3.0,61.0,369.0,6.0,3.0,34.0,140.0,4.1,1.0,27.0,20.0,229.0,2.0,0.0,8.5,11.4,74.1,123.84,12.0,5.0,41.7,1.0,0.0,0.0,4.0,2.0,0.0,0.0,5.0,27.0,2.0,1.0,0.0,0.0,12.0,10.0,4.0,170.0,42.5,1.0,2.0,1.0,0.0,0.0,0.0,0.0,0.0,27.0,2.0,22:47,14.0,5.0,7.0,2.0,56.0,208.0,3.7,1.0,16.0,80.0,5.0,1.0,33.0,20.0,128.0,0.0,2.0,3.9,6.4,60.6,43.5,13.0,4.0,30.8,0.0,0.0,0.0,1.0,0.0,0.0,0.0,5.0,108.0,0.0,0.0,7.0,45.0,6.0,2.0,6.0,279.0,46.5,2.0,1.0,-1.0,50.0,0.0,0.0,0.0,3.0,3.0,0.0,0.0,0.0,0.0,0.0,3.0,3.0,1.0,1.0,0.0,0.0,0.0,0.0,0.0,2.0,2.0,37.0,12.0,7.0,45.0,6.0,0.0,0.0,39.0,32.0,0.0,0.0,1.0,1.0,1.0,Monday,993004926,12,22,18879.0,34.0,1,1.0,0.417,0.0,0.0883567548526316,0.5375,0.5077051976814394,-0.2247105521108845,-0.1931990876483222,0.4342105263157895,-0.452582685591134,-0.0148432763991877,30.3,21.3,9.0,351.6666666666667,324.6666666666667,0.667,0.357,0.8,379.0,287.0,10.0,0.1606248990533974,0.5147141706924315,0.3993780862260232,-0.0722032212975927,-0.0126356732956368,0.4978725501298069,0.0209187800087729,-0.2560667242161338,0.1780709871741983,-0.0362872727265738,202411612.0,2024-12-23T20:15:00,1,2024,16,NO,GB,AWAY,0.0,34.0,34.0,Lambeau Field,0.0,0.0,0.0,0.0,0.0,19.0,10.0,22:47,17.0,3.0,11.0,3.0,51.0,245.0,4.8,2.0,16.0,69.0,4.3,0.0,32.0,15.0,176.0,2.0,1.0,5.5,11.7,46.9,71.88,11.0,3.0,27.3,1.0,1.0,100.0,2.0,1.0,0.0,0.0,4.0,36.0,0.0,0.0,3.0,29.0,6.0,11.0,4.0,187.0,46.8,1.0,0.0,-1.0,7.0,14.0,3.0,10.0,0.0,40.0,50.0,37:13,23.0,11.0,11.0,1.0,74.0,326.0,4.4,2.0,35.0,137.0,3.9,0.0,31.0,25.0,189.0,2.0,0.0,6.1,7.6,80.6,113.58,17.0,9.0,52.9,1.0,1.0,100.0,3.0,2.0,0.0,0.0,9.0,84.0,1.0,0.0,8.0,37.0,7.0,7.0,3.0,138.0,46.0,0.0,1.0,1.0,50.0,0.0,66.7,0.0,1.0,1.0,0.0,2.0,0.0,0.0,0.0,2.0,2.0,2.0,2.0,0.0,0.0,0.0,0.0,0.0,3.0,2.0,50.0,36.0,8.0,37.0,2.0,1.0,0.0,25.0,20.0,3.0,29.0,5.0,0.0,0.0,Monday,993004925,22,12,18889.0,-34.0,0,-1.0,0.273,0.0,-0.0116279537565372,0.4117647058823529,-0.0213307781232537,-0.1566435068224867,0.0340515637889608,0.5106382978723404,0.0898444010238379,-0.0931592733204452,15.7,17.3,-1.7,288.0,324.3333333333333,-0.333,0.313,0.6,309.0,312.0,5.0,-0.0633388813886392,0.4113142704614461,0.0357836619462913,-0.1617701659006227,-0.0105087145359466,0.4491243305832971,0.0205869559784955,-0.0398504798136988,0.0017902411358144,-0.0282176949484691,10.7,7.3,0.20000000000000007,1.4,63.666666666666686,639.6666666666667,0.33333333333337123,649.0,70.0,688.0,-25.0,599.0,5.0,15.0,0.22396378044203663,-0.0021269587596901996
202411728.0,2024-12-25T13:00:00,1,2024,17,PIT,KC,HOME,10.0,29.0,39.0,Acrisure Stadium,0.0,7.0,3.0,0.0,0.0,27.0,35.0,31:22,19.0,5.0,14.0,0.0,60.0,315.0,5.2,2.0,24.0,117.0,4.9,0.0,33.0,22.0,198.0,2.0,1.0,6.0,9.0,66.7,90.21,10.0,4.0,40.0,1.0,0.0,0.0,2.0,2.0,0.0,0.0,5.0,29.0,2.0,1.0,3.0,19.0,0.0,3.0,5.0,247.0,49.4,2.0,1.0,-1.0,13.0,0.0,3.0,13.0,0.0,32.0,25.0,28:38,25.0,11.0,12.0,2.0,62.0,418.0,6.7,4.0,38.0,220.0,5.8,0.0,23.0,15.0,198.0,3.0,1.0,8.6,13.2,65.2,113.77,10.0,4.0,40.0,0.0,0.0,0.0,5.0,3.0,0.0,0.0,2.0,10.0,3.0,0.0,1.0,9.0,6.0,5.0,3.0,105.0,35.0,1.0,2.0,1.0,100.0,0.0,60.0,0.0,2.0,2.0,0.0,0.0,0.0,0.0,0.0,1.0,1.0,4.0,4.0,0.0,0.0,0.0,0.0,0.0,2.0,2.0,33.0,30.0,1.0,9.0,3.0,2.0,0.0,35.0,28.0,3.0,19.0,2.0,2.0,1.0,Wednesday,993004928,28,16,18906.0,-19.0,0,-1.0,0.4,0.0,-0.0825194099232065,0.4743589743589743,-0.2783362143610075,-0.0118292754314924,0.1676550921462692,0.5584415584415584,0.3378798534339073,0.0606179313631347,19.0,25.0,-6.0,248.33333333333337,373.0,0.667,0.376,0.4,353.0,299.0,10.0,-0.0655477756034836,0.4573249937234611,-0.1503726048892631,-0.2349364904109251,0.0332006028694807,0.4834028136525823,0.1720292943922557,-0.035008806108646,-0.0116030598271978,0.0282803979293497,202411728.0,2024-12-25T13:00:00,1,2024,17,KC,PIT,AWAY,29.0,10.0,39.0,Acrisure Stadium,13.0,0.0,3.0,13.0,0.0,33.0,52.0,28:38,25.0,8.0,14.0,3.0,70.0,375.0,5.4,3.0,28.0,124.0,4.4,2.0,41.0,28.0,251.0,1.0,0.0,6.1,9.0,68.3,92.63,13.0,7.0,53.8,2.0,1.0,50.0,5.0,3.0,0.0,0.0,2.0,20.0,0.0,0.0,1.0,9.0,11.0,9.0,2.0,90.0,45.0,0.0,2.0,2.0,0.0,7.0,3.0,0.0,0.0,26.0,8.0,31:22,20.0,6.0,14.0,0.0,58.0,311.0,5.4,2.0,17.0,84.0,4.9,0.0,39.0,23.0,227.0,2.0,2.0,5.8,9.9,59.0,71.21,13.0,7.0,53.8,0.0,0.0,0.0,3.0,1.0,0.0,0.0,6.0,45.0,1.0,0.0,2.0,17.0,4.0,4.0,2.0,105.0,52.5,2.0,0.0,-2.0,60.0,0.0,33.3,0.0,3.0,3.0,0.0,0.0,0.0,0.0,0.0,2.0,2.0,2.0,1.0,0.0,0.0,0.0,0.0,0.0,2.0,2.0,34.0,15.0,2.0,17.0,7.0,1.0,0.0,44.0,24.0,1.0,9.0,3.0,0.0,0.0,Wednesday,993004927,16,28,18907.0,19.0,1,2.0,0.538,0.0,0.1055304901040044,0.5116279069767442,0.2989486105700085,-0.1356235870398054,0.0571568657403643,0.4266666666666667,0.1213403270060367,-0.0633142811944708,22.3,14.3,8.0,328.0,288.3333333333333,2.667,0.487,1.0,356.0,278.0,14.0,0.0388966726630088,0.4901415571284125,0.1374909550476551,-0.1216159811172955,-0.0662606919923882,0.4285285285285285,-0.0892774561871276,-0.1326458554253396,0.0655082672087002,-0.0236082999944563,-14.0,2.0,-0.6,1.4,-79.66666666666663,576.3333333333334,84.66666666666669,661.3333333333333,-3.0,709.0,21.0,577.0,-4.0,24.0,-0.1044444482664924,0.09946129486186889
202411713.0,2024-12-25T16:30:00,1,2024,17,HOU,BAL,HOME,2.0,31.0,33.0,NRG Stadium,0.0,2.0,0.0,0.0,0.0,26.0,8.0,24:39,20.0,6.0,14.0,0.0,58.0,311.0,5.4,2.0,17.0,84.0,4.9,0.0,39.0,23.0,227.0,2.0,2.0,5.8,9.9,59.0,71.21,13.0,7.0,53.8,0.0,0.0,0.0,3.0,1.0,0.0,0.0,6.0,45.0,1.0,0.0,2.0,17.0,4.0,4.0,2.0,105.0,52.5,2.0,0.0,-2.0,10.0,7.0,14.0,0.0,0.0,33.0,52.0,35:21,25.0,8.0,14.0,3.0,70.0,375.0,5.4,3.0,28.0,124.0,4.4,2.0,41.0,28.0,251.0,1.0,0.0,6.1,9.0,68.3,92.63,13.0,7.0,53.8,2.0,1.0,50.0,5.0,3.0,0.0,0.0,2.0,20.0,0.0,0.0,1.0,9.0,11.0,9.0,2.0,90.0,45.0,0.0,2.0,2.0,33.3,0.0,60.0,0.0,2.0,1.0,0.0,0.0,0.0,0.0,0.0,2.0,2.0,3.0,3.0,0.0,0.0,0.0,0.0,0.0,2.0,2.0,44.0,24.0,1.0,9.0,3.0,0.0,0.0,34.0,15.0,2.0,17.0,7.0,1.0,0.0,Wednesday,993004930,13,3,18907.0,-29.0,0,-2.0,0.538,0.0,0.0571568657403643,0.4266666666666667,0.1213403270060367,-0.0633142811944708,0.1055304901040044,0.5116279069767442,0.2989486105700085,-0.1356235870398054,20.7,19.7,1.0,272.6666666666667,324.0,0.667,0.436,0.6,347.0,327.0,9.0,0.0103881124071489,0.4479671102455912,-0.0135253631527555,-0.048871907561099,-0.0186089240259982,0.4667040254039413,0.0902465016424881,-0.1831076874719679,0.0082434158857824,-0.0573514748704639,202411713.0,2024-12-25T16:30:00,1,2024,17,BAL,HOU,AWAY,31.0,2.0,33.0,NRG Stadium,10.0,7.0,14.0,0.0,0.0,32.0,25.0,35:21,25.0,11.0,12.0,2.0,62.0,418.0,6.7,4.0,38.0,220.0,5.8,0.0,23.0,15.0,198.0,3.0,1.0,8.6,13.2,65.2,113.77,10.0,4.0,40.0,0.0,0.0,0.0,5.0,3.0,0.0,0.0,2.0,10.0,3.0,0.0,1.0,9.0,6.0,5.0,3.0,105.0,35.0,1.0,2.0,1.0,0.0,2.0,0.0,0.0,0.0,27.0,35.0,24:39,19.0,5.0,14.0,0.0,60.0,315.0,5.2,2.0,24.0,117.0,4.9,0.0,33.0,22.0,198.0,2.0,1.0,6.0,9.0,66.7,90.21,10.0,4.0,40.0,1.0,0.0,0.0,2.0,2.0,0.0,0.0,5.0,29.0,2.0,1.0,3.0,19.0,0.0,3.0,5.0,247.0,49.4,2.0,1.0,-1.0,60.0,0.0,100.0,0.0,4.0,4.0,0.0,0.0,0.0,0.0,0.0,2.0,2.0,2.0,2.0,0.0,0.0,0.0,0.0,0.0,1.0,1.0,35.0,28.0,3.0,19.0,2.0,2.0,1.0,33.0,30.0,1.0,9.0,3.0,2.0,0.0,Wednesday,993004929,3,13,18906.0,29.0,1,1.0,0.4,0.0,0.1676550921462692,0.5584415584415584,0.3378798534339073,0.0606179313631347,-0.0825194099232065,0.4743589743589743,-0.2783362143610075,-0.0118292754314924,29.3,18.3,11.0,411.6666666666667,267.6666666666667,0.333,0.539,0.6,452.0,349.0,10.0,0.142793531112384,0.5161227661227662,0.4333480996442899,-0.0126710452710779,-0.024891098476591,0.461929181929182,-0.087990409221818,-0.0381381105572106,0.0990014878391877,-0.0182329901636993,-10.0,12.0,0.0,1.2,-139.0,684.3333333333334,56.333333333333314,591.6666666666667,-105.0,799.0,-22.0,676.0,-1.0,19.0,-0.1324054187052351,0.006282174450592801
202411706.0,2024-12-26T20:15:00,1,2024,17,CHI,SEA,HOME,3.0,6.0,9.0,Soldier Field,0.0,3.0,0.0,0.0,0.0,28.0,31.0,30:20,19.0,2.0,15.0,2.0,59.0,382.0,6.5,2.0,17.0,59.0,3.5,0.0,40.0,26.0,323.0,2.0,0.0,8.1,12.4,65.0,106.56,10.0,2.0,20.0,4.0,3.0,75.0,3.0,1.0,0.0,0.0,10.0,70.0,3.0,2.0,2.0,11.0,3.0,4.0,3.0,121.0,40.3,2.0,0.0,-2.0,3.0,3.0,0.0,0.0,0.0,31.0,29.0,29:40,27.0,10.0,15.0,2.0,65.0,475.0,7.3,4.0,32.0,146.0,4.6,1.0,32.0,23.0,329.0,3.0,0.0,10.3,14.3,71.9,136.07,12.0,7.0,58.3,1.0,0.0,0.0,5.0,2.0,0.0,0.0,7.0,55.0,0.0,0.0,1.0,7.0,5.0,6.0,1.0,47.0,47.0,0.0,2.0,2.0,33.3,0.0,40.0,0.0,2.0,2.0,0.0,0.0,0.0,0.0,0.0,1.0,1.0,4.0,4.0,0.0,0.0,0.0,0.0,0.0,3.0,2.0,37.0,29.0,1.0,7.0,1.0,0.0,0.0,37.0,17.0,2.0,11.0,6.0,1.0,2.0,Thursday,993004932,6,30,18902.0,-3.0,0,-2.0,0.2,0.0,-0.0032689427800421,0.4698795180722891,0.257801039108054,-0.8003596586873755,0.2796775065722023,0.5802469135802469,0.4694146457692749,0.1676995788312201,14.0,34.0,-20.0,276.0,418.6666666666667,-0.667,0.228,0.0,283.0,342.0,4.0,-0.0811859946916584,0.4570069567118341,-0.0528808643561929,-0.4168178952641593,0.2110190905808492,0.5376854031824791,0.4394660809078441,0.0782333097900953,-0.0371587465619468,0.1664047802194045,202411706.0,2024-12-26T20:15:00,1,2024,17,SEA,CHI,AWAY,6.0,3.0,9.0,Soldier Field,3.0,3.0,0.0,0.0,0.0,29.0,19.0,29:40,23.0,4.0,17.0,2.0,60.0,361.0,6.0,3.0,15.0,59.0,3.9,0.0,43.0,31.0,302.0,3.0,2.0,7.0,9.7,72.1,95.3,10.0,2.0,20.0,1.0,1.0,100.0,2.0,2.0,0.0,0.0,11.0,77.0,0.0,0.0,2.0,12.0,7.0,3.0,5.0,262.0,52.4,2.0,0.0,-2.0,0.0,3.0,0.0,0.0,0.0,30.0,41.0,30:20,19.0,5.0,12.0,2.0,62.0,298.0,4.8,3.0,24.0,81.0,3.4,0.0,35.0,22.0,217.0,3.0,0.0,6.2,9.9,62.9,108.87,12.0,3.0,25.0,1.0,1.0,100.0,2.0,2.0,0.0,0.0,7.0,70.0,1.0,0.0,3.0,29.0,8.0,5.0,6.0,300.0,50.0,0.0,2.0,2.0,100.0,0.0,100.0,0.0,3.0,3.0,0.0,0.0,0.0,0.0,0.0,2.0,1.0,3.0,3.0,0.0,0.0,0.0,0.0,0.0,2.0,2.0,35.0,20.0,3.0,29.0,7.0,1.0,0.0,33.0,33.0,2.0,12.0,8.0,0.0,0.0,Thursday,993004931,30,6,18898.0,3.0,1,-2.0,0.2,0.0,0.0380350603756007,0.5287356321839081,0.0697045863296456,-0.0266840120930282,0.1247301415261293,0.5060240963855421,0.2737724545065798,-0.2138682404599551,22.3,25.0,-2.7,326.0,341.0,-0.333,0.325,0.6,339.0,340.0,8.0,-0.0206592210577476,0.4936728158854414,-0.0566424025529924,-0.0002616340346183,0.0327613031193179,0.5125923233162536,0.2175507630265193,-0.1611694953727065,-0.0260956688615468,-0.0400500843546185,-17.3,-22.7,-0.6,0.6,-50.0,602.0,77.66666666666669,759.6666666666667,-56.0,622.0,2.0,682.0,-4.0,12.0,-0.06052677363391079,0.1782577874615313
202411721.0,2024-12-28T13:00:00,1,2024,17,NE,LAC,HOME,7.0,40.0,47.0,Gillette Stadium,0.0,7.0,0.0,0.0,0.0,30.0,57.0,19:26,28.0,8.0,13.0,7.0,68.0,379.0,5.6,3.0,30.0,126.0,4.2,1.0,36.0,22.0,253.0,2.0,1.0,7.0,11.5,61.1,89.24,12.0,7.0,58.3,2.0,2.0,100.0,3.0,2.0,0.0,0.0,5.0,34.0,4.0,2.0,2.0,8.0,2.0,2.0,3.0,133.0,44.3,3.0,1.0,-2.0,7.0,13.0,10.0,10.0,0.0,29.0,3.0,40:34,19.0,8.0,11.0,0.0,58.0,324.0,5.6,3.0,28.0,172.0,6.1,1.0,29.0,16.0,152.0,1.0,1.0,5.2,9.5,55.2,67.03,11.0,4.0,36.4,1.0,1.0,100.0,1.0,1.0,0.0,0.0,13.0,78.0,2.0,0.0,1.0,2.0,4.0,2.0,4.0,171.0,42.8,1.0,3.0,2.0,66.7,0.0,100.0,0.0,3.0,3.0,0.0,0.0,0.0,0.0,0.0,0.0,0.0,3.0,3.0,0.0,0.0,0.0,0.0,0.0,1.0,1.0,33.0,23.0,1.0,2.0,5.0,2.0,0.0,35.0,34.0,2.0,8.0,1.0,2.0,2.0,Saturday,993004934,21,29,18900.0,-33.0,0,-2.0,0.583,0.0,0.0345357935346524,0.5164835164835165,0.2834120768833802,-0.3173150151139045,0.0731049980333281,0.4864864864864865,0.0607727291293883,-0.0182725774478361,20.7,26.3,-5.7,370.6666666666667,324.0,-0.667,0.376,0.0,259.0,361.0,3.0,0.0433052154139851,0.5447101917690153,0.232132197717089,-0.188839364489906,0.123351828916255,0.5119939216324759,0.1254429427873819,0.0841548973780024,-0.0010389139797487,0.1223816069995285,202411721.0,2024-12-28T13:00:00,1,2024,17,LAC,NE,AWAY,40.0,7.0,47.0,Gillette Stadium,7.0,13.0,10.0,10.0,0.0,27.0,37.0,40:34,23.0,7.0,14.0,2.0,61.0,380.0,6.2,4.0,28.0,117.0,4.2,2.0,31.0,23.0,263.0,2.0,1.0,8.5,11.4,74.2,107.33,12.0,6.0,50.0,1.0,0.0,0.0,4.0,3.0,0.0,0.0,2.0,8.0,1.0,0.0,2.0,21.0,4.0,6.0,3.0,125.0,41.7,1.0,0.0,-1.0,0.0,7.0,0.0,0.0,0.0,32.0,23.0,19:26,22.0,7.0,14.0,1.0,63.0,355.0,5.6,3.0,21.0,110.0,5.2,1.0,40.0,29.0,245.0,2.0,0.0,6.1,8.4,72.5,104.69,13.0,5.0,38.5,2.0,2.0,100.0,3.0,3.0,0.0,0.0,7.0,61.0,1.0,0.0,2.0,18.0,8.0,5.0,5.0,228.0,45.6,0.0,1.0,1.0,75.0,0.0,100.0,0.0,2.0,2.0,0.0,3.0,1.0,0.0,0.0,2.0,2.0,3.0,3.0,0.0,0.0,0.0,0.0,0.0,2.0,2.0,44.0,13.0,2.0,18.0,4.0,0.0,0.0,36.0,22.0,2.0,21.0,4.0,1.0,0.0,Saturday,993004933,29,21,18897.0,33.0,1,-1.0,0.5,0.0,0.2120160606686264,0.5375,0.4815219328487757,-0.2000784498938852,0.1444465354715089,0.4939759036144578,0.1966672057308072,0.1024776533717828,22.7,28.7,-6.0,291.3333333333333,386.3333333333333,-0.333,0.321,0.4,328.0,274.0,9.0,0.0240688196898531,0.4711872586872586,0.1308023507992801,-0.1881002562694112,0.1436080009907928,0.5351100709266615,0.269925564906126,-0.0233748774146452,0.0029991929146184,0.0989734996347833,0.2999999999999998,-11.7,-0.4,0.4,79.33333333333337,662.0,-62.333333333333314,710.3333333333333,-69.0,587.0,87.0,635.0,-6.0,12.0,0.019236395724131997,-0.020256172074537795
202411707.0,2024-12-28T16:30:00,1,2024,17,CIN,DEN,HOME,30.0,24.0,54.0,Paycor Stadium,0.0,7.0,3.0,14.0,6.0,30.0,48.0,41:56,21.0,6.0,14.0,1.0,56.0,326.0,5.8,3.0,22.0,116.0,5.3,0.0,30.0,23.0,210.0,3.0,0.0,7.0,9.1,76.7,128.47,11.0,4.0,36.4,0.0,0.0,0.0,3.0,2.0,0.0,0.0,5.0,35.0,1.0,1.0,4.0,42.0,10.0,8.0,4.0,206.0,51.5,1.0,3.0,2.0,3.0,0.0,7.0,14.0,0.0,29.0,12.0,26:57,18.0,7.0,8.0,3.0,63.0,273.0,4.3,1.0,24.0,148.0,6.2,1.0,34.0,20.0,125.0,0.0,2.0,3.7,6.2,58.8,41.91,12.0,3.0,25.0,3.0,1.0,33.3,3.0,1.0,0.0,0.0,5.0,41.0,2.0,1.0,5.0,32.0,8.0,6.0,4.0,174.0,43.5,3.0,1.0,-2.0,66.7,0.0,33.3,0.0,3.0,3.0,0.0,0.0,0.0,0.0,0.0,2.0,1.0,1.0,0.0,0.0,0.0,0.0,0.0,0.0,0.0,0.0,41.0,12.0,5.0,32.0,5.0,2.0,1.0,41.0,17.0,4.0,42.0,2.0,1.0,1.0,Saturday,993004936,7,10,18908.0,6.0,1,2.0,0.364,0.0,0.0341620042373605,0.5571428571428572,0.1216259036902324,0.0996986413037551,-0.2183655047036605,0.3506493506493506,-0.2722440036414708,-0.1064676294336095,29.3,17.7,11.7,376.3333333333333,323.0,1.667,0.511,0.6,423.0,393.0,7.0,0.0882089298594277,0.5212187557015143,0.1929513328000635,0.0608929935498775,-0.0744978160740619,0.4700280112044817,-0.1249680660325694,-0.0335722709274445,0.0724609148075085,0.0020663028470992,202411707.0,2024-12-28T16:30:00,1,2024,17,DEN,CIN,AWAY,24.0,30.0,54.0,Paycor Stadium,3.0,0.0,7.0,14.0,0.0,32.0,23.0,26:57,22.0,7.0,14.0,1.0,63.0,355.0,5.6,3.0,21.0,110.0,5.2,1.0,40.0,29.0,245.0,2.0,0.0,6.1,8.4,72.5,104.69,13.0,5.0,38.5,2.0,2.0,100.0,3.0,3.0,0.0,0.0,7.0,61.0,1.0,0.0,2.0,18.0,8.0,5.0,5.0,228.0,45.6,0.0,1.0,1.0,0.0,7.0,3.0,14.0,6.0,27.0,37.0,41:56,23.0,7.0,14.0,2.0,61.0,380.0,6.2,4.0,28.0,117.0,4.2,2.0,31.0,23.0,263.0,2.0,1.0,8.5,11.4,74.2,107.33,12.0,6.0,50.0,1.0,0.0,0.0,4.0,3.0,0.0,0.0,2.0,8.0,1.0,0.0,2.0,21.0,4.0,6.0,3.0,125.0,41.7,1.0,0.0,-1.0,100.0,0.0,75.0,0.0,3.0,3.0,0.0,0.0,0.0,0.0,0.0,2.0,2.0,2.0,2.0,0.0,3.0,1.0,0.0,0.0,2.0,2.0,36.0,22.0,2.0,21.0,4.0,1.0,0.0,44.0,13.0,2.0,18.0,4.0,0.0,0.0,Saturday,993004935,10,7,18897.0,-6.0,0,1.0,0.385,0.0,0.1444465354715089,0.4939759036144578,0.1966672057308072,0.1024776533717828,0.2120160606686264,0.5375,0.4815219328487757,-0.2000784498938852,33.0,26.3,6.7,316.0,414.0,1.333,0.4,0.8,363.0,281.0,9.0,0.01369656268532,0.4688948969443496,0.01509487608506,-0.0554704826822173,-0.06316748734459,0.4516370828347294,0.0143718460808383,-0.2464193428497779,0.0831985820169069,-0.0888717194924874,4.999999999999999,18.4,-0.20000000000000007,1.4,60.333333333333314,692.3333333333333,-91.0,737.0,60.0,786.0,112.0,674.0,-2.0,16.0,0.0745123671741077,-0.0113303287294719
202411732.0,2024-12-28T20:00:00,1,2024,17,LAR,ARI,HOME,13.0,9.0,22.0,SoFi Stadium,0.0,10.0,0.0,3.0,0.0,27.0,55.0,23:05,17.0,9.0,7.0,1.0,50.0,242.0,4.8,2.0,31.0,132.0,4.3,1.0,19.0,14.0,110.0,1.0,1.0,5.8,7.9,73.7,83.22,10.0,5.0,50.0,0.0,0.0,0.0,5.0,2.0,0.0,0.0,5.0,45.0,0.0,0.0,0.0,0.0,2.0,1.0,2.0,79.0,39.5,1.0,2.0,1.0,0.0,0.0,6.0,3.0,0.0,32.0,5.0,36:55,17.0,3.0,14.0,0.0,63.0,321.0,5.1,1.0,20.0,75.0,3.8,0.0,42.0,28.0,246.0,1.0,0.0,5.9,8.8,66.7,89.98,13.0,5.0,38.5,5.0,2.0,40.0,3.0,1.0,0.0,0.0,8.0,62.0,2.0,2.0,1.0,10.0,1.0,2.0,0.0,0.0,0.0,2.0,1.0,-1.0,40.0,0.0,33.3,0.0,2.0,1.0,0.0,0.0,0.0,0.0,0.0,2.0,2.0,1.0,0.0,0.0,0.0,0.0,0.0,0.0,2.0,1.0,33.0,33.0,1.0,10.0,4.0,1.0,2.0,31.0,26.0,0.0,0.0,3.0,0.0,0.0,Saturday,993004938,32,1,18904.0,4.0,1,1.0,0.5,0.0,0.0685701447438492,0.4603174603174603,0.20055283296107,0.042828337490109,-0.1255169950701491,0.4556962025316455,-0.0230210711115525,-0.2944699873303761,25.0,19.0,6.0,333.6666666666667,319.0,0.667,0.5,0.8,329.0,347.0,9.0,0.0922800123089405,0.4894040657198551,0.281376577030704,-0.0389561838134606,0.0014438272970314,0.4495177817962628,0.1073245490292335,-0.1477647181217895,0.0760531825466383,0.051310021852616,202411732.0,2024-12-28T20:00:00,1,2024,17,ARI,LAR,AWAY,9.0,13.0,22.0,SoFi Stadium,0.0,0.0,6.0,3.0,0.0,33.0,24.0,36:55,23.0,9.0,11.0,3.0,64.0,382.0,6.0,3.0,29.0,206.0,7.1,2.0,32.0,20.0,176.0,1.0,1.0,5.5,8.8,62.5,74.48,13.0,6.0,46.2,1.0,1.0,100.0,4.0,3.0,0.0,0.0,11.0,82.0,1.0,1.0,3.0,26.0,3.0,3.0,3.0,118.0,39.3,2.0,0.0,-2.0,0.0,10.0,0.0,3.0,0.0,33.0,18.0,23:05,22.0,11.0,9.0,2.0,65.0,392.0,6.0,5.0,36.0,243.0,6.8,3.0,26.0,17.0,149.0,2.0,0.0,5.7,8.8,65.4,106.09,14.0,6.0,42.9,2.0,2.0,100.0,4.0,3.0,0.0,0.0,9.0,64.0,0.0,0.0,3.0,9.0,3.0,4.0,5.0,223.0,44.6,0.0,2.0,2.0,75.0,0.0,75.0,0.0,3.0,3.0,0.0,0.0,0.0,0.0,0.0,3.0,3.0,4.0,3.0,0.0,0.0,0.0,0.0,0.0,1.0,1.0,34.0,34.0,3.0,9.0,3.0,0.0,0.0,31.0,35.0,3.0,26.0,5.0,0.0,1.0,Saturday,993004937,1,32,18901.0,-4.0,0,-2.0,0.462,0.0,0.119717203684253,0.5111111111111111,0.137035247251001,0.1752499605311958,0.1777142807874241,0.4606741573033708,0.2856986527069347,0.2353426896388555,26.0,27.7,-1.7,377.6666666666667,370.6666666666667,-1.0,0.487,0.2,344.0,342.0,7.0,0.0613992646727089,0.495763898505901,0.0879163999210061,0.0734082228415518,0.0925441343213107,0.5262488154866657,0.2328523705066885,0.022283735212907,0.0086218531542367,0.0518134679275526,7.7,4.3,0.6000000000000001,1.0,-44.0,711.3333333333334,-51.666666666666686,689.6666666666667,-15.0,673.0,5.0,689.0,2.0,16.0,0.03088074763623161,-0.0911003070242793
202411723.0,2024-12-29T13:00:00,1,2024,17,NYG,IND,HOME,45.0,33.0,78.0,MetLife Stadium,7.0,14.0,7.0,17.0,0.0,25.0,32.0,26:37,14.0,3.0,11.0,0.0,55.0,234.0,4.3,1.0,13.0,45.0,3.5,0.0,39.0,22.0,189.0,1.0,2.0,4.8,8.6,56.4,56.46,9.0,3.0,33.3,1.0,0.0,0.0,2.0,1.0,0.0,0.0,10.0,85.0,1.0,1.0,3.0,21.0,2.0,7.0,5.0,210.0,42.0,3.0,1.0,-2.0,3.0,10.0,7.0,13.0,0.0,34.0,28.0,33:23,22.0,11.0,10.0,1.0,65.0,329.0,5.1,4.0,38.0,127.0,3.3,2.0,27.0,18.0,202.0,0.0,1.0,7.5,11.2,66.7,73.38,14.0,8.0,57.1,0.0,0.0,0.0,4.0,2.0,0.0,0.0,3.0,30.0,0.0,0.0,0.0,0.0,6.0,3.0,2.0,88.0,44.0,1.0,3.0,2.0,50.0,0.0,50.0,0.0,1.0,1.0,0.0,0.0,0.0,0.0,0.0,0.0,0.0,4.0,4.0,0.0,0.0,0.0,0.0,0.0,3.0,2.0,36.0,35.0,0.0,0.0,4.0,0.0,0.0,24.0,30.0,3.0,21.0,9.0,1.0,1.0,Sunday,993004942,23,14,18899.0,12.0,1,-2.0,0.333,0.0,-0.3439402185713247,0.4743589743589743,-0.5193714574945095,-0.2430415523080487,0.0655073849873015,0.525,0.2688834603956092,-0.0497184532345272,10.7,27.7,-17.0,265.0,355.3333333333333,-0.667,0.254,0.0,215.0,362.0,2.0,-0.1885533458356534,0.4052851909994766,-0.1793136694124534,-0.2453202962032132,0.0745494123887204,0.5012273901808786,0.4003778236026489,-0.078122827968814,-0.1778233392829669,0.075520820234673,202411723.0,2024-12-29T13:00:00,1,2024,17,IND,NYG,AWAY,33.0,45.0,78.0,MetLife Stadium,3.0,10.0,7.0,13.0,0.0,33.0,1.0,33:23,19.0,12.0,6.0,1.0,62.0,458.0,7.4,5.0,50.0,335.0,6.7,4.0,11.0,7.0,123.0,1.0,1.0,11.2,17.6,63.6,94.13,15.0,8.0,53.3,1.0,1.0,100.0,3.0,2.0,0.0,0.0,7.0,62.0,0.0,0.0,1.0,8.0,4.0,3.0,4.0,189.0,47.2,1.0,3.0,2.0,7.0,14.0,7.0,17.0,0.0,26.0,59.0,26:37,18.0,4.0,11.0,3.0,57.0,307.0,5.4,4.0,22.0,65.0,3.0,2.0,34.0,23.0,242.0,2.0,3.0,7.1,10.5,67.6,70.96,11.0,5.0,45.5,0.0,0.0,0.0,3.0,3.0,0.0,0.0,4.0,35.0,0.0,0.0,1.0,10.0,1.0,2.0,4.0,221.0,55.2,3.0,1.0,-2.0,66.7,0.0,100.0,0.0,5.0,5.0,0.0,0.0,0.0,0.0,0.0,2.0,1.0,2.0,2.0,0.0,2.0,1.0,1.0,1.0,1.0,0.0,35.0,18.0,1.0,10.0,5.0,0.0,0.0,34.0,45.0,1.0,8.0,1.0,0.0,0.0,Sunday,993004941,14,23,18903.0,-12.0,0,2.0,0.533,0.0,0.1368929121327206,0.5180722891566265,0.0995519271403784,0.2528303511511353,0.0478306423387503,0.5064935064935064,0.1309877557305325,0.0410019487157863,25.3,28.3,-3.0,340.3333333333333,307.3333333333333,-0.333,0.418,0.6,318.0,359.0,7.0,-0.0424762294730212,0.4814451696327024,-0.0979422559228555,0.0063351218795931,-0.0187416162186771,0.4730674312373659,0.0110308168574176,-0.0826197722121501,-0.0510832971139267,0.0099252424285149,-14.0,-20.0,-0.6,0.6,-75.33333333333331,605.3333333333333,48.0,662.6666666666666,-103.0,533.0,3.0,721.0,-5.0,9.0,-0.14607711636263218,0.09329102860739749
202411722.0,2024-12-29T13:00:00,1,2024,17,NO,LV,HOME,10.0,25.0,35.0,Caesars Superdome,0.0,10.0,0.0,0.0,0.0,22.0,47.0,22:10,14.0,3.0,9.0,2.0,53.0,196.0,3.7,0.0,20.0,67.0,3.4,0.0,30.0,15.0,129.0,0.0,1.0,4.3,8.6,50.0,47.78,11.0,4.0,36.4,2.0,0.0,0.0,0.0,0.0,0.0,0.0,7.0,40.0,2.0,1.0,3.0,24.0,3.0,3.0,4.0,159.0,39.8,2.0,0.0,-2.0,3.0,10.0,3.0,9.0,0.0,37.0,13.0,37:50,24.0,14.0,10.0,0.0,69.0,404.0,5.9,4.0,39.0,188.0,4.8,3.0,30.0,17.0,216.0,1.0,0.0,7.2,12.7,56.7,90.42,13.0,6.0,46.2,3.0,3.0,100.0,4.0,4.0,0.0,0.0,6.0,60.0,0.0,0.0,0.0,0.0,6.0,5.0,2.0,93.0,46.5,0.0,2.0,2.0,0.0,0.0,100.0,0.0,0.0,0.0,0.0,0.0,0.0,0.0,0.0,0.0,0.0,4.0,4.0,0.0,0.0,0.0,0.0,0.0,2.0,2.0,35.0,34.0,0.0,0.0,4.0,0.0,0.0,30.0,18.0,3.0,24.0,4.0,2.0,1.0,Sunday,993004948,22,25,18893.0,-15.0,0,-2.0,0.364,0.0,-0.2684878953782442,0.3571428571428571,-0.3736352214443449,-0.2452844787258072,0.2493343984998096,0.5119047619047619,0.2030353429193036,0.3133146271307802,11.0,21.7,-10.7,244.33333333333337,351.6666666666667,-1.0,0.323,0.4,309.0,346.0,5.0,-0.1442179005166059,0.3880854667448375,-0.1040503798820366,-0.2078901173672217,0.0332565678878417,0.453092584551551,0.0633807248520803,-0.014677632599381,-0.0485664075193394,0.0289584744991947,202411722.0,2024-12-29T13:00:00,1,2024,17,LV,NO,AWAY,25.0,10.0,35.0,Caesars Superdome,3.0,10.0,3.0,9.0,0.0,34.0,18.0,37:50,21.0,7.0,13.0,1.0,67.0,314.0,4.7,2.0,27.0,69.0,2.6,2.0,38.0,24.0,245.0,0.0,0.0,6.4,10.2,63.2,81.58,14.0,4.0,28.6,0.0,0.0,0.0,3.0,2.0,0.0,0.0,7.0,62.0,0.0,0.0,2.0,12.0,4.0,3.0,6.0,285.0,47.5,0.0,2.0,2.0,0.0,10.0,0.0,0.0,0.0,25.0,42.0,22:10,15.0,5.0,9.0,1.0,61.0,308.0,5.0,2.0,21.0,72.0,3.4,1.0,39.0,25.0,236.0,1.0,0.0,6.1,9.4,64.1,89.26,15.0,6.0,40.0,2.0,1.0,50.0,1.0,1.0,0.0,0.0,8.0,60.0,3.0,2.0,1.0,11.0,5.0,7.0,7.0,275.0,39.3,2.0,0.0,-2.0,66.7,0.0,100.0,0.0,1.0,1.0,0.0,1.0,0.0,0.0,0.0,3.0,2.0,2.0,2.0,0.0,0.0,0.0,0.0,0.0,0.0,0.0,34.0,25.0,1.0,11.0,6.0,2.0,2.0,41.0,16.0,2.0,12.0,5.0,0.0,0.0,Sunday,993004947,25,22,18895.0,15.0,1,2.0,0.286,0.0,-0.1334546718179788,0.4065934065934066,-0.0005958114128053,-0.217483520078531,-0.2302067186194271,0.3333333333333333,-0.2149631518340255,-0.274683537615188,13.7,19.0,-5.3,283.0,329.6666666666667,0.333,0.293,0.2,264.0,390.0,3.0,-0.1836877501051688,0.4117245166505499,-0.1063347523051518,-0.3006572295154832,-0.1213980668945885,0.3852083219171827,-0.1144976740010844,-0.0962619128642631,-0.1384677981928403,-0.0625793458465113,-5.3999999999999995,-16.0,0.2,0.6000000000000001,-38.66666666666663,527.3333333333334,22.0,681.3333333333334,45.0,573.0,-44.0,736.0,2.0,8.0,0.039469849588562894,0.1546546347824302
202411733.0,2024-12-29T13:00:00,1,2024,17,TB,CAR,HOME,48.0,14.0,62.0,Raymond James Stadium,10.0,17.0,14.0,7.0,0.0,32.0,48.0,41:11,25.0,11.0,14.0,0.0,70.0,410.0,5.9,3.0,23.0,134.0,5.8,1.0,43.0,31.0,276.0,2.0,1.0,6.4,8.9,72.1,94.72,12.0,6.0,50.0,1.0,0.0,0.0,3.0,3.0,0.0,0.0,6.0,47.0,3.0,1.0,4.0,27.0,4.0,4.0,4.0,179.0,44.8,2.0,0.0,-2.0,7.0,7.0,0.0,0.0,0.0,27.0,12.0,18:49,15.0,2.0,12.0,1.0,56.0,317.0,5.7,2.0,20.0,31.0,1.6,1.0,35.0,26.0,286.0,1.0,0.0,8.2,11.0,74.3,107.56,15.0,5.0,33.3,0.0,0.0,0.0,2.0,2.0,0.0,0.0,5.0,30.0,0.0,0.0,1.0,6.0,4.0,4.0,5.0,246.0,49.2,0.0,2.0,2.0,100.0,0.0,100.0,0.0,3.0,3.0,0.0,0.0,0.0,0.0,0.0,1.0,1.0,2.0,2.0,0.0,0.0,0.0,0.0,0.0,4.0,4.0,36.0,17.0,1.0,6.0,2.0,0.0,0.0,37.0,33.0,4.0,27.0,6.0,3.0,1.0,Sunday,993004944,33,5,18894.0,34.0,1,-2.0,0.5,0.0,0.0259904979163791,0.5697674418604651,-0.0195118586138062,0.2065310821082676,0.0543279621686165,0.425,0.2338625890979057,-0.5232455972084116,30.7,18.7,12.0,445.3333333333333,269.6666666666667,-1.0,0.506,0.8,427.0,352.0,8.0,0.0946324598489886,0.5422525035384133,0.2095399326473268,0.0684340879758704,-0.0989575993479392,0.4417269439421338,-0.0728471666801943,-0.3093873001765368,0.0938184757063278,-0.1104644559344515,202411733.0,2024-12-29T13:00:00,1,2024,17,CAR,TB,AWAY,14.0,48.0,62.0,Raymond James Stadium,7.0,7.0,0.0,0.0,0.0,33.0,18.0,18:49,22.0,11.0,9.0,2.0,65.0,392.0,6.0,5.0,36.0,243.0,6.8,3.0,26.0,17.0,149.0,2.0,0.0,5.7,8.8,65.4,106.09,14.0,6.0,42.9,2.0,2.0,100.0,4.0,3.0,0.0,0.0,9.0,64.0,0.0,0.0,3.0,9.0,3.0,4.0,5.0,223.0,44.6,0.0,2.0,2.0,10.0,17.0,14.0,7.0,0.0,33.0,24.0,41:11,23.0,9.0,11.0,3.0,64.0,382.0,6.0,3.0,29.0,206.0,7.1,2.0,32.0,20.0,176.0,1.0,1.0,5.5,8.8,62.5,74.48,13.0,6.0,46.2,1.0,1.0,100.0,4.0,3.0,0.0,0.0,11.0,82.0,1.0,1.0,3.0,26.0,3.0,3.0,3.0,118.0,39.3,2.0,0.0,-2.0,75.0,0.0,75.0,0.0,4.0,3.0,0.0,0.0,0.0,0.0,0.0,1.0,1.0,3.0,3.0,0.0,0.0,0.0,0.0,0.0,3.0,3.0,31.0,35.0,3.0,26.0,5.0,0.0,1.0,34.0,34.0,3.0,9.0,3.0,0.0,0.0,Sunday,993004943,5,33,18901.0,-34.0,0,2.0,0.429,0.0,0.1777142807874241,0.4606741573033708,0.2856986527069347,0.2353426896388555,0.119717203684253,0.5111111111111111,0.137035247251001,0.1752499605311958,22.0,27.3,-5.3,309.6666666666667,361.3333333333333,-0.667,0.38,0.2,283.0,448.0,4.0,0.0288503001194306,0.4439829097584898,0.0720682831798913,-0.0332715514228389,0.1134561439482276,0.5008372008372008,0.1737980262552775,0.1460831326692111,0.0295834260423957,0.1117271033178329,17.3,6.7,0.6000000000000001,1.0,135.66666666666663,755.0,-91.66666666666663,631.0,144.0,710.0,-96.0,800.0,4.0,12.0,0.065782159729558,-0.2124137432961668
202411704.0,2024-12-29T13:00:00,1,2024,17,BUF,NYJ,HOME,40.0,14.0,54.0,Highmark Stadium,7.0,5.0,21.0,7.0,0.0,29.0,3.0,31:17,19.0,8.0,11.0,0.0,58.0,324.0,5.6,3.0,28.0,172.0,6.1,1.0,29.0,16.0,152.0,1.0,1.0,5.2,9.5,55.2,67.03,11.0,4.0,36.4,1.0,1.0,100.0,1.0,1.0,0.0,0.0,13.0,78.0,2.0,0.0,1.0,2.0,4.0,2.0,4.0,171.0,42.8,1.0,3.0,2.0,0.0,0.0,0.0,14.0,0.0,30.0,57.0,28:43,28.0,8.0,13.0,7.0,68.0,379.0,5.6,3.0,30.0,126.0,4.2,1.0,36.0,22.0,253.0,2.0,1.0,7.0,11.5,61.1,89.24,12.0,7.0,58.3,2.0,2.0,100.0,3.0,2.0,0.0,0.0,5.0,34.0,4.0,2.0,2.0,8.0,2.0,2.0,3.0,133.0,44.3,3.0,1.0,-2.0,100.0,0.0,66.7,0.0,3.0,3.0,0.0,0.0,0.0,0.0,0.0,1.0,1.0,3.0,3.0,0.0,0.0,0.0,0.0,0.0,0.0,0.0,35.0,34.0,2.0,8.0,1.0,2.0,2.0,33.0,23.0,1.0,2.0,5.0,2.0,0.0,Sunday,993004940,4,24,18900.0,26.0,1,2.0,0.364,0.0,0.0731049980333281,0.4864864864864865,0.0607727291293883,-0.0182725774478361,0.0345357935346524,0.5164835164835165,0.2834120768833802,-0.3173150151139045,38.0,35.7,2.3,442.6666666666667,452.3333333333333,1.0,0.473,0.8,469.0,331.0,12.0,0.2487434581194455,0.5454954954954955,0.4313575099601157,0.1216362468876006,0.1596487025947444,0.5399442662600556,0.4645582441759519,-0.2327509462583168,0.2060916724390432,0.0531258506402013,202411704.0,2024-12-29T13:00:00,1,2024,17,NYJ,BUF,AWAY,14.0,40.0,54.0,Highmark Stadium,0.0,0.0,0.0,14.0,0.0,32.0,5.0,28:43,17.0,3.0,14.0,0.0,63.0,321.0,5.1,1.0,20.0,75.0,3.8,0.0,42.0,28.0,246.0,1.0,0.0,5.9,8.8,66.7,89.98,13.0,5.0,38.5,5.0,2.0,40.0,3.0,1.0,0.0,0.0,8.0,62.0,2.0,2.0,1.0,10.0,1.0,2.0,0.0,0.0,0.0,2.0,1.0,-1.0,7.0,5.0,21.0,7.0,0.0,27.0,55.0,31:17,17.0,9.0,7.0,1.0,50.0,242.0,4.8,2.0,31.0,132.0,4.3,1.0,19.0,14.0,110.0,1.0,1.0,5.8,7.9,73.7,83.22,10.0,5.0,50.0,0.0,0.0,0.0,5.0,2.0,0.0,0.0,5.0,45.0,0.0,0.0,0.0,0.0,2.0,1.0,2.0,79.0,39.5,1.0,2.0,1.0,33.3,0.0,40.0,0.0,1.0,0.0,0.0,0.0,0.0,0.0,0.0,2.0,1.0,2.0,1.0,0.0,0.0,0.0,0.0,0.0,2.0,2.0,31.0,26.0,0.0,0.0,3.0,0.0,0.0,33.0,33.0,1.0,10.0,4.0,1.0,2.0,Sunday,993004939,24,4,18904.0,-26.0,0,-1.0,0.385,0.0,-0.1255169950701491,0.4556962025316455,-0.0230210711115525,-0.2944699873303761,0.0685701447438492,0.4603174603174603,0.20055283296107,0.042828337490109,22.3,25.3,-3.0,374.3333333333333,346.0,0.333,0.373,0.2,292.0,344.0,4.0,0.1240432025494954,0.4948014455009792,0.2947873375990564,-0.0561118483947946,0.1434667449920054,0.5532864233895162,0.2560173529275342,-0.0652120198406321,0.0461472848126625,0.0880886066508318,5.3,-0.7000000000000002,0.6000000000000001,1.0,68.33333333333337,817.0,106.33333333333331,798.3333333333333,177.0,761.0,-13.0,675.0,8.0,16.0,0.12470025556995011,0.016181957602738994
202411726.0,2024-12-29T13:00:00,1,2024,17,PHI,DAL,HOME,41.0,7.0,48.0,Lincoln Financial Field,7.0,17.0,10.0,7.0,0.0,36.0,18.0,32:49,20.0,6.0,9.0,5.0,71.0,338.0,4.8,3.0,39.0,211.0,5.4,2.0,28.0,15.0,127.0,1.0,1.0,4.5,8.5,53.6,62.65,16.0,3.0,18.8,3.0,3.0,100.0,4.0,2.0,0.0,0.0,10.0,91.0,2.0,1.0,4.0,27.0,2.0,4.0,4.0,160.0,40.0,2.0,5.0,3.0,7.0,0.0,0.0,0.0,0.0,23.0,42.0,27:11,23.0,7.0,13.0,3.0,64.0,368.0,5.8,5.0,24.0,113.0,4.7,0.0,39.0,24.0,255.0,5.0,2.0,6.5,10.6,61.5,98.82,13.0,7.0,53.8,3.0,2.0,66.7,4.0,3.0,0.0,0.0,6.0,93.0,3.0,3.0,1.0,3.0,7.0,9.0,2.0,92.0,46.0,5.0,2.0,-3.0,50.0,0.0,75.0,0.0,3.0,3.0,0.0,0.0,0.0,0.0,0.0,5.0,4.0,4.0,4.0,0.0,0.0,0.0,1.0,1.0,0.0,0.0,34.0,26.0,1.0,3.0,7.0,3.0,3.0,44.0,27.0,4.0,27.0,6.0,2.0,1.0,Sunday,993004950,26,9,18905.0,34.0,1,3.0,0.188,0.0,0.107704927802625,0.4516129032258064,0.1456751107076485,0.0928294189250343,0.0628768404406538,0.4880952380952381,0.2177254068120283,-0.6831140976688628,27.3,21.7,5.7,343.6666666666667,277.6666666666667,1.0,0.453,0.8,402.0,283.0,12.0,0.0859250749606504,0.4587607511423572,0.1826905532986809,0.0783656928325475,-0.0079621598700239,0.4504009469734438,0.0353525974771804,-0.4232840764904397,0.1163588730104209,-0.0176904716870319,202411726.0,2024-12-29T13:00:00,1,2024,17,DAL,PHI,AWAY,7.0,41.0,48.0,Lincoln Financial Field,7.0,0.0,0.0,0.0,0.0,27.0,12.0,27:11,15.0,2.0,12.0,1.0,56.0,317.0,5.7,2.0,20.0,31.0,1.6,1.0,35.0,26.0,286.0,1.0,0.0,8.2,11.0,74.3,107.56,15.0,5.0,33.3,0.0,0.0,0.0,2.0,2.0,0.0,0.0,5.0,30.0,0.0,0.0,1.0,6.0,4.0,4.0,5.0,246.0,49.2,0.0,2.0,2.0,7.0,17.0,10.0,7.0,0.0,32.0,48.0,32:49,25.0,11.0,14.0,0.0,70.0,410.0,5.9,3.0,23.0,134.0,5.8,1.0,43.0,31.0,276.0,2.0,1.0,6.4,8.9,72.1,94.72,12.0,6.0,50.0,1.0,0.0,0.0,3.0,3.0,0.0,0.0,6.0,47.0,3.0,1.0,4.0,27.0,4.0,4.0,4.0,179.0,44.8,2.0,0.0,-2.0,100.0,0.0,100.0,0.0,2.0,2.0,0.0,0.0,0.0,0.0,0.0,4.0,4.0,3.0,3.0,0.0,0.0,0.0,0.0,0.0,1.0,1.0,37.0,33.0,4.0,27.0,6.0,3.0,1.0,36.0,17.0,1.0,6.0,2.0,0.0,0.0,Sunday,993004949,9,26,18894.0,-34.0,0,2.0,0.333,0.0,0.0543279621686165,0.425,0.2338625890979057,-0.5232455972084116,0.0259904979163791,0.5697674418604651,-0.0195118586138062,0.2065310821082676,25.3,21.7,3.7,349.6666666666667,359.3333333333333,1.333,0.389,0.8,324.0,404.0,7.0,0.0886980931067258,0.4923160173160173,0.1457675104371286,-0.0877352833437787,0.0203974567048333,0.5240624281902297,-0.0112016900472891,-0.0149693356257598,0.0474757694849595,-0.0296541215576226,2.0,9.4,0.0,1.6,-6.0,693.3333333333334,-81.66666666666663,637.0,78.0,726.0,-121.0,687.0,5.0,19.0,-0.002773018146075404,-0.0283596165748572
202411715.0,2024-12-29T13:00:00,1,2024,17,JAX,TEN,HOME,20.0,13.0,33.0,EverBank Stadium,3.0,10.0,0.0,7.0,0.0,25.0,42.0,29:20,15.0,5.0,9.0,1.0,61.0,308.0,5.0,2.0,21.0,72.0,3.4,1.0,39.0,25.0,236.0,1.0,0.0,6.1,9.4,64.1,89.26,15.0,6.0,40.0,2.0,1.0,50.0,1.0,1.0,0.0,0.0,8.0,60.0,3.0,2.0,1.0,11.0,5.0,7.0,7.0,275.0,39.3,2.0,0.0,-2.0,0.0,3.0,7.0,3.0,0.0,34.0,18.0,30:40,21.0,7.0,13.0,1.0,67.0,314.0,4.7,2.0,27.0,69.0,2.6,2.0,38.0,24.0,245.0,0.0,0.0,6.4,10.2,63.2,81.58,14.0,4.0,28.6,0.0,0.0,0.0,3.0,2.0,0.0,0.0,7.0,62.0,0.0,0.0,2.0,12.0,4.0,3.0,6.0,285.0,47.5,0.0,2.0,2.0,100.0,0.0,66.7,0.0,2.0,2.0,0.0,0.0,0.0,0.0,0.0,0.0,0.0,1.0,1.0,0.0,1.0,0.0,0.0,0.0,3.0,2.0,41.0,16.0,2.0,12.0,5.0,0.0,0.0,34.0,25.0,1.0,11.0,6.0,2.0,2.0,Sunday,993004946,15,34,18895.0,7.0,1,-2.0,0.4,0.0,-0.2302067186194271,0.3333333333333333,-0.2149631518340255,-0.274683537615188,-0.1334546718179788,0.4065934065934066,-0.0005958114128053,-0.217483520078531,16.3,19.0,-2.7,340.0,328.6666666666667,-2.0,0.465,0.2,277.0,396.0,3.0,-0.0395626010454211,0.4470694921725849,0.0020816578715597,-0.0989960250457821,0.0219313850114824,0.4241750425960952,0.0911215799950322,-0.0293121580853903,-0.0609553078906135,0.1194650527123019,202411715.0,2024-12-29T13:00:00,1,2024,17,TEN,JAX,AWAY,13.0,20.0,33.0,EverBank Stadium,0.0,3.0,7.0,3.0,0.0,26.0,59.0,30:40,18.0,4.0,11.0,3.0,57.0,307.0,5.4,4.0,22.0,65.0,3.0,2.0,34.0,23.0,242.0,2.0,3.0,7.1,10.5,67.6,70.96,11.0,5.0,45.5,0.0,0.0,0.0,3.0,3.0,0.0,0.0,4.0,35.0,0.0,0.0,1.0,10.0,1.0,2.0,4.0,221.0,55.2,3.0,1.0,-2.0,3.0,10.0,0.0,7.0,0.0,33.0,1.0,29:20,19.0,12.0,6.0,1.0,62.0,458.0,7.4,5.0,50.0,335.0,6.7,4.0,11.0,7.0,123.0,1.0,1.0,11.2,17.6,63.6,94.13,15.0,8.0,53.3,1.0,1.0,100.0,3.0,2.0,0.0,0.0,7.0,62.0,0.0,0.0,1.0,8.0,4.0,3.0,4.0,189.0,47.2,1.0,3.0,2.0,100.0,0.0,66.7,0.0,2.0,2.0,0.0,2.0,1.0,1.0,1.0,1.0,0.0,5.0,5.0,0.0,0.0,0.0,0.0,0.0,2.0,1.0,34.0,45.0,1.0,8.0,1.0,0.0,0.0,35.0,18.0,1.0,10.0,5.0,0.0,0.0,Sunday,993004945,34,15,18903.0,-7.0,0,-2.0,0.455,0.0,0.0478306423387503,0.5064935064935064,0.1309877557305325,0.0410019487157863,0.1368929121327206,0.5180722891566265,0.0995519271403784,0.2528303511511353,21.0,28.3,-7.3,317.6666666666667,373.0,-0.667,0.527,0.2,284.0,417.0,3.0,-0.0271177708530044,0.4882800294565,-0.0259309821183645,-0.0633128441096878,0.0723526957486066,0.4754685408299866,0.1631919927047825,0.0941752866952119,-0.0428081471284128,0.0536634675902838,4.6,-10.0,0.0,0.4,22.333333333333314,657.6666666666667,-44.333333333333314,701.6666666666667,-7.0,561.0,-21.0,813.0,0.0,6.0,-0.012444830192416701,-0.050421310737124206
202411708.0,2024-12-29T16:05:00,1,2024,17,CLE,MIA,HOME,3.0,20.0,23.0,Huntington Bank Field,0.0,3.0,0.0,0.0,0.0,29.0,12.0,29:19,18.0,7.0,8.0,3.0,63.0,273.0,4.3,1.0,24.0,148.0,6.2,1.0,34.0,20.0,125.0,0.0,2.0,3.7,6.2,58.8,41.91,12.0,3.0,25.0,3.0,1.0,33.3,3.0,1.0,0.0,0.0,5.0,41.0,2.0,1.0,5.0,32.0,8.0,6.0,4.0,174.0,43.5,3.0,1.0,-2.0,3.0,3.0,7.0,7.0,0.0,30.0,48.0,30:41,21.0,6.0,14.0,1.0,56.0,326.0,5.8,3.0,22.0,116.0,5.3,0.0,30.0,23.0,210.0,3.0,0.0,7.0,9.1,76.7,128.47,11.0,4.0,36.4,0.0,0.0,0.0,3.0,2.0,0.0,0.0,5.0,35.0,1.0,1.0,4.0,42.0,10.0,8.0,4.0,206.0,51.5,1.0,3.0,2.0,33.3,0.0,66.7,0.0,1.0,0.0,0.0,0.0,0.0,0.0,0.0,0.0,0.0,3.0,3.0,0.0,0.0,0.0,0.0,0.0,2.0,1.0,41.0,17.0,4.0,42.0,2.0,1.0,1.0,41.0,12.0,5.0,32.0,5.0,2.0,1.0,Sunday,993004952,8,19,18908.0,-17.0,0,-2.0,0.25,0.0,-0.2183655047036605,0.3506493506493506,-0.2722440036414708,-0.1064676294336095,0.0341620042373605,0.5571428571428572,0.1216259036902324,0.0996986413037551,9.0,24.0,-15.0,279.6666666666667,301.3333333333333,-3.333,0.246,0.2,245.0,380.0,3.0,-0.2456255898393086,0.4012309429700733,-0.3554003132886743,-0.1383399704900241,-0.0246119284013685,0.4710515553510722,0.0442515354607685,-0.0953329314884322,-0.1606698233899365,-0.0076480943758289,202411708.0,2024-12-29T16:05:00,1,2024,17,MIA,CLE,AWAY,20.0,3.0,23.0,Huntington Bank Field,3.0,3.0,7.0,7.0,0.0,33.0,6.0,30:41,22.0,6.0,13.0,3.0,64.0,381.0,6.0,2.0,30.0,166.0,5.5,1.0,34.0,22.0,215.0,1.0,0.0,6.3,9.8,64.7,92.16,12.0,4.0,33.3,0.0,0.0,0.0,3.0,1.0,0.0,0.0,6.0,45.0,1.0,0.0,0.0,0.0,6.0,3.0,2.0,98.0,49.0,0.0,1.0,1.0,0.0,3.0,0.0,0.0,0.0,26.0,54.0,29:19,20.0,3.0,16.0,1.0,61.0,374.0,6.1,2.0,18.0,81.0,4.5,0.0,40.0,26.0,293.0,2.0,1.0,7.3,11.3,65.0,93.02,13.0,5.0,38.5,1.0,0.0,0.0,5.0,2.0,0.0,0.0,11.0,90.0,0.0,0.0,3.0,20.0,1.0,3.0,4.0,180.0,45.0,1.0,0.0,-1.0,33.3,0.0,40.0,0.0,2.0,2.0,0.0,0.0,0.0,0.0,0.0,5.0,5.0,2.0,2.0,0.0,0.0,0.0,0.0,0.0,2.0,1.0,34.0,26.0,3.0,20.0,4.0,0.0,0.0,38.0,27.0,0.0,0.0,5.0,0.0,0.0,Sunday,993004951,19,8,18896.0,17.0,1,1.0,0.333,0.0,0.1969593500591278,0.575,0.1139745758815937,0.1283518324749855,0.0098238816344551,0.5058823529411764,0.1326319392394877,-0.0582727338153156,24.3,21.0,3.3,326.6666666666667,319.0,-0.667,0.251,0.6,305.0,329.0,7.0,0.0844910347870269,0.5557005800981704,0.1106028539996525,-0.1412982332994612,0.0329318259742167,0.5118675442204853,0.0919242695942761,-0.0839416304918555,0.0725355189648017,0.0344926681766444,-18.3,-11.7,-0.39999999999999997,0.8,-47.0,606.3333333333334,-17.666666666666686,620.3333333333333,-60.0,550.0,51.0,709.0,-4.0,10.0,-0.3301166246263355,-0.0575437543755852
202411720.0,2024-12-29T16:25:00,1,2024,17,MIN,GB,HOME,27.0,25.0,52.0,U.S. Bank Stadium,0.0,13.0,14.0,0.0,0.0,30.0,41.0,35:30,19.0,5.0,12.0,2.0,62.0,298.0,4.8,3.0,24.0,81.0,3.4,0.0,35.0,22.0,217.0,3.0,0.0,6.2,9.9,62.9,108.87,12.0,3.0,25.0,1.0,1.0,100.0,2.0,2.0,0.0,0.0,7.0,70.0,1.0,0.0,3.0,29.0,8.0,5.0,6.0,300.0,50.0,0.0,2.0,2.0,3.0,0.0,7.0,15.0,0.0,29.0,19.0,24:30,23.0,4.0,17.0,2.0,60.0,361.0,6.0,3.0,15.0,59.0,3.9,0.0,43.0,31.0,302.0,3.0,2.0,7.0,9.7,72.1,95.3,10.0,2.0,20.0,1.0,1.0,100.0,2.0,2.0,0.0,0.0,11.0,77.0,0.0,0.0,2.0,12.0,7.0,3.0,5.0,262.0,52.4,2.0,0.0,-2.0,100.0,0.0,100.0,0.0,3.0,3.0,0.0,0.0,0.0,0.0,0.0,2.0,2.0,3.0,3.0,0.0,0.0,0.0,0.0,0.0,2.0,1.0,33.0,33.0,2.0,12.0,8.0,0.0,0.0,35.0,20.0,3.0,29.0,7.0,1.0,0.0,Sunday,993004954,20,12,18898.0,2.0,1,2.0,0.25,0.0,0.1247301415261293,0.5060240963855421,0.2737724545065798,-0.2138682404599551,0.0380350603756007,0.5287356321839081,0.0697045863296456,-0.0266840120930282,33.0,19.0,14.0,353.3333333333333,380.3333333333333,1.667,0.472,1.0,396.0,276.0,13.0,0.155067113042988,0.5191132952864088,0.3503304801760993,-0.0591368718404465,-0.0443086649538742,0.5005718644663878,-0.0545780527142117,-0.0629950461316516,0.1242938995684301,-0.0129417987798057,202411720.0,2024-12-29T16:25:00,1,2024,17,GB,MIN,AWAY,25.0,27.0,52.0,U.S. Bank Stadium,3.0,0.0,7.0,15.0,0.0,37.0,13.0,24:30,24.0,14.0,10.0,0.0,69.0,404.0,5.9,4.0,39.0,188.0,4.8,3.0,30.0,17.0,216.0,1.0,0.0,7.2,12.7,56.7,90.42,13.0,6.0,46.2,3.0,3.0,100.0,4.0,4.0,0.0,0.0,6.0,60.0,0.0,0.0,0.0,0.0,6.0,5.0,2.0,93.0,46.5,0.0,2.0,2.0,0.0,13.0,14.0,0.0,0.0,22.0,47.0,35:30,14.0,3.0,9.0,2.0,53.0,196.0,3.7,0.0,20.0,67.0,3.4,0.0,30.0,15.0,129.0,0.0,1.0,4.3,8.6,50.0,47.78,11.0,4.0,36.4,2.0,0.0,0.0,0.0,0.0,0.0,0.0,7.0,40.0,2.0,1.0,3.0,24.0,3.0,3.0,4.0,159.0,39.8,2.0,0.0,-2.0,100.0,0.0,0.0,0.0,4.0,4.0,0.0,0.0,0.0,0.0,0.0,2.0,2.0,0.0,0.0,0.0,0.0,0.0,0.0,0.0,0.0,0.0,30.0,18.0,3.0,24.0,4.0,2.0,1.0,35.0,34.0,0.0,0.0,4.0,0.0,0.0,Sunday,993004953,12,20,18893.0,-2.0,0,2.0,0.462,0.0,0.2493343984998096,0.5119047619047619,0.2030353429193036,0.3133146271307802,-0.2684878953782442,0.3571428571428571,-0.3736352214443449,-0.2452844787258072,31.7,15.7,16.0,357.0,265.0,1.0,0.359,0.8,413.0,287.0,11.0,0.1509699170355307,0.5140527950310559,0.3139764374615669,0.0520235385684424,-0.1282713491024097,0.4446355249826694,-0.17570981918666,-0.1827160143604027,0.175493595662575,-0.1171231728313697,-2.0,30.0,0.19999999999999996,1.8,-3.6666666666666856,710.3333333333333,115.33333333333331,645.3333333333333,-17.0,809.0,-11.0,563.0,2.0,24.0,0.00409719600745731,0.0839626841485355
202411735.0,2024-12-29T20:20:00,1,2024,17,WAS,ATL,HOME,30.0,24.0,54.0,Northwest Stadium,7.0,0.0,7.0,10.0,6.0,23.0,42.0,41:32,23.0,7.0,13.0,3.0,64.0,368.0,5.8,5.0,24.0,113.0,4.7,0.0,39.0,24.0,255.0,5.0,2.0,6.5,10.6,61.5,98.82,13.0,7.0,53.8,3.0,2.0,66.7,4.0,3.0,0.0,0.0,6.0,93.0,3.0,3.0,1.0,3.0,7.0,9.0,2.0,92.0,46.0,5.0,2.0,-3.0,7.0,10.0,0.0,7.0,0.0,36.0,18.0,25:46,20.0,6.0,9.0,5.0,71.0,338.0,4.8,3.0,39.0,211.0,5.4,2.0,28.0,15.0,127.0,1.0,1.0,4.5,8.5,53.6,62.65,16.0,3.0,18.8,3.0,3.0,100.0,4.0,2.0,0.0,0.0,10.0,91.0,2.0,1.0,4.0,27.0,2.0,4.0,4.0,160.0,40.0,2.0,5.0,3.0,75.0,0.0,50.0,0.0,4.0,4.0,0.0,0.0,0.0,1.0,1.0,0.0,0.0,3.0,3.0,0.0,0.0,0.0,0.0,0.0,5.0,4.0,44.0,27.0,4.0,27.0,6.0,2.0,1.0,34.0,26.0,1.0,3.0,7.0,3.0,3.0,Sunday,993004956,35,2,18905.0,6.0,1,-3.0,0.538,0.0,0.0628768404406538,0.4880952380952381,0.2177254068120283,-0.6831140976688628,0.107704927802625,0.4516129032258064,0.1456751107076485,0.0928294189250343,32.7,23.7,9.0,385.6666666666667,276.0,-0.333,0.57,0.6,432.0,348.0,10.0,0.0826652126536006,0.5262445119891928,0.1993474327675835,-0.1621088857486897,-0.0102229874812666,0.4081629067397568,0.0711871614438842,-0.2546367886213157,0.0312925490645137,0.01282673499455,202411735.0,2024-12-29T20:20:00,1,2024,17,ATL,WAS,AWAY,24.0,30.0,54.0,Northwest Stadium,7.0,10.0,0.0,7.0,0.0,34.0,28.0,25:46,22.0,11.0,10.0,1.0,65.0,329.0,5.1,4.0,38.0,127.0,3.3,2.0,27.0,18.0,202.0,0.0,1.0,7.5,11.2,66.7,73.38,14.0,8.0,57.1,0.0,0.0,0.0,4.0,2.0,0.0,0.0,3.0,30.0,0.0,0.0,0.0,0.0,6.0,3.0,2.0,88.0,44.0,1.0,3.0,2.0,7.0,0.0,7.0,10.0,6.0,25.0,32.0,41:32,14.0,3.0,11.0,0.0,55.0,234.0,4.3,1.0,13.0,45.0,3.5,0.0,39.0,22.0,189.0,1.0,2.0,4.8,8.6,56.4,56.46,9.0,3.0,33.3,1.0,0.0,0.0,2.0,1.0,0.0,0.0,10.0,85.0,1.0,1.0,3.0,21.0,2.0,7.0,5.0,210.0,42.0,3.0,1.0,-2.0,50.0,0.0,50.0,0.0,4.0,4.0,0.0,0.0,0.0,0.0,0.0,3.0,2.0,1.0,1.0,0.0,0.0,0.0,0.0,0.0,0.0,0.0,24.0,30.0,3.0,21.0,9.0,1.0,1.0,36.0,35.0,0.0,0.0,4.0,0.0,0.0,Sunday,993004955,2,35,18899.0,-6.0,0,2.0,0.571,0.0,0.0655073849873015,0.525,0.2688834603956092,-0.0497184532345272,-0.3439402185713247,0.4743589743589743,-0.5193714574945095,-0.2430415523080487,23.3,19.3,4.0,362.0,305.3333333333333,0.333,0.473,0.4,327.0,349.0,8.0,-0.0433711802652978,0.4720742337830945,-0.0039485774944228,-0.0023759916358018,-0.1125050259695346,0.4616337143445577,-0.0101991369804153,-0.2267121331955264,-0.0935312777105607,-0.0382357218555498,5.0,13.0,0.19999999999999996,1.0,23.666666666666686,747.6666666666667,-29.333333333333314,581.3333333333333,105.0,759.0,-1.0,697.0,2.0,18.0,0.1260363929188984,0.102282038488268
202411731.0,2024-12-30T20:15:00,1,2024,17,SF,DET,HOME,34.0,40.0,74.0,Levi's Stadium,7.0,14.0,7.0,6.0,0.0,26.0,54.0,25:08,20.0,3.0,16.0,1.0,61.0,374.0,6.1,2.0,18.0,81.0,4.5,0.0,40.0,26.0,293.0,2.0,1.0,7.3,11.3,65.0,93.02,13.0,5.0,38.5,1.0,0.0,0.0,5.0,2.0,0.0,0.0,11.0,90.0,0.0,0.0,3.0,20.0,1.0,3.0,4.0,180.0,45.0,1.0,0.0,-1.0,6.0,7.0,18.0,9.0,0.0,33.0,6.0,34:52,22.0,6.0,13.0,3.0,64.0,381.0,6.0,2.0,30.0,166.0,5.5,1.0,34.0,22.0,215.0,1.0,0.0,6.3,9.8,64.7,92.16,12.0,4.0,33.3,0.0,0.0,0.0,3.0,1.0,0.0,0.0,6.0,45.0,1.0,0.0,0.0,0.0,6.0,3.0,2.0,98.0,49.0,0.0,1.0,1.0,40.0,0.0,33.3,0.0,2.0,2.0,0.0,0.0,0.0,0.0,0.0,2.0,1.0,2.0,2.0,0.0,0.0,0.0,0.0,0.0,5.0,5.0,38.0,27.0,0.0,0.0,5.0,0.0,0.0,34.0,26.0,3.0,20.0,4.0,0.0,0.0,Monday,993004958,31,11,18896.0,-6.0,0,-1.0,0.385,0.0,0.0098238816344551,0.5058823529411764,0.1326319392394877,-0.0582727338153156,0.1969593500591278,0.575,0.1139745758815937,0.1283518324749855,20.3,18.0,2.3,339.0,281.6666666666667,-0.667,0.378,0.2,331.0,349.0,6.0,0.0460178134947525,0.4517443340972751,0.1769844884208253,-0.0574090249431883,0.0249474973065518,0.5008706467661691,-0.0628182958860372,-0.0236975230720606,-0.0793243326921686,0.0732308032186994,202411731.0,2024-12-30T20:15:00,1,2024,17,DET,SF,AWAY,40.0,34.0,74.0,Levi's Stadium,6.0,7.0,18.0,9.0,0.0,31.0,29.0,34:52,27.0,10.0,15.0,2.0,65.0,475.0,7.3,4.0,32.0,146.0,4.6,1.0,32.0,23.0,329.0,3.0,0.0,10.3,14.3,71.9,136.07,12.0,7.0,58.3,1.0,0.0,0.0,5.0,2.0,0.0,0.0,7.0,55.0,0.0,0.0,1.0,7.0,5.0,6.0,1.0,47.0,47.0,0.0,2.0,2.0,7.0,14.0,7.0,6.0,0.0,28.0,31.0,25:08,19.0,2.0,15.0,2.0,59.0,382.0,6.5,2.0,17.0,59.0,3.5,0.0,40.0,26.0,323.0,2.0,0.0,8.1,12.4,65.0,106.56,10.0,2.0,20.0,4.0,3.0,75.0,3.0,1.0,0.0,0.0,10.0,70.0,3.0,2.0,2.0,11.0,3.0,4.0,3.0,121.0,40.3,2.0,0.0,-2.0,40.0,0.0,33.3,0.0,4.0,4.0,0.0,0.0,0.0,0.0,0.0,3.0,2.0,2.0,2.0,0.0,0.0,0.0,0.0,0.0,1.0,1.0,37.0,17.0,2.0,11.0,6.0,1.0,2.0,37.0,29.0,1.0,7.0,1.0,0.0,0.0,Monday,993004957,11,31,18902.0,6.0,1,2.0,0.583,0.0,0.2796775065722023,0.5802469135802469,0.4694146457692749,0.1676995788312201,-0.0032689427800421,0.4698795180722891,0.257801039108054,-0.8003596586873755,36.7,32.0,4.7,462.3333333333333,413.0,0.333,0.504,0.8,493.0,299.0,13.0,0.1798265496278543,0.5560848835080513,0.3661713635486074,-0.1353530235648481,0.1588526227439515,0.5208777137535651,0.3486739502672044,-0.1465285154098428,0.1421880471958139,0.0634205160504012,-2.4000000000000004,7.0,-0.6000000000000001,1.0,-123.33333333333331,801.3333333333333,-131.33333333333331,694.6666666666667,-162.0,824.0,50.0,648.0,-7.0,19.0,-0.1338087361331018,-0.1339051254373997
202411803.0,2025-01-04T16:30:00,1,2024,18,BAL,CLE,HOME,35.0,10.0,45.0,M&T Bank Stadium,7.0,7.0,7.0,14.0,0.0,35.0,21.0,31:40,25.0,16.0,8.0,1.0,61.0,432.0,7.1,4.0,43.0,251.0,5.8,2.0,17.0,11.0,181.0,2.0,0.0,10.6,16.5,64.7,139.58,9.0,4.0,44.4,0.0,0.0,0.0,3.0,3.0,0.0,0.0,3.0,30.0,0.0,0.0,1.0,3.0,9.0,6.0,4.0,165.0,41.2,0.0,1.0,1.0,0.0,3.0,0.0,7.0,0.0,24.0,39.0,28:20,10.0,1.0,8.0,1.0,54.0,211.0,3.9,0.0,17.0,58.0,3.4,0.0,32.0,18.0,153.0,0.0,1.0,4.8,8.5,56.2,55.86,15.0,4.0,26.7,2.0,0.0,0.0,2.0,0.0,0.0,0.0,5.0,49.0,1.0,0.0,5.0,37.0,5.0,6.0,6.0,289.0,48.2,1.0,0.0,-1.0,100.0,0.0,0.0,0.0,4.0,4.0,0.0,0.0,0.0,0.0,0.0,1.0,1.0,0.0,0.0,0.0,0.0,0.0,0.0,0.0,0.0,0.0,35.0,14.0,5.0,37.0,3.0,1.0,0.0,37.0,37.0,1.0,3.0,2.0,0.0,0.0,Saturday,993004960,3,8,18918.0,25.0,1,1.0,0.444,0.0,0.2562035855612157,0.5657894736842105,0.5664608501446481,0.1792877521206503,-0.2729718952630979,0.3857142857142857,-0.3955150091656833,-0.266987895964121,33.3,11.0,22.3,431.6666666666667,254.0,0.667,0.554,0.8,483.0,351.0,11.0,0.2448457941004604,0.5691881218197008,0.5845919513564681,0.0923326731217472,-0.1311982884988982,0.4216117216117216,-0.1965610682942137,-0.1691827520295754,0.1832886626218342,-0.0522414661386253,202411803.0,2025-01-04T16:30:00,1,2024,18,CLE,BAL,AWAY,10.0,35.0,45.0,M&T Bank Stadium,0.0,3.0,0.0,7.0,0.0,29.0,19.0,28:20,18.0,8.0,7.0,3.0,76.0,276.0,3.6,0.0,28.0,114.0,4.1,0.0,47.0,24.0,162.0,0.0,1.0,3.4,6.8,51.1,50.13,17.0,7.0,41.2,4.0,0.0,0.0,3.0,0.0,0.0,0.0,9.0,84.0,1.0,1.0,1.0,8.0,8.0,12.0,5.0,250.0,50.0,2.0,0.0,-2.0,7.0,7.0,7.0,14.0,0.0,30.0,41.0,31:40,18.0,4.0,12.0,2.0,57.0,280.0,4.9,2.0,27.0,74.0,2.7,1.0,26.0,22.0,206.0,1.0,0.0,7.9,9.4,84.6,112.5,11.0,2.0,18.2,1.0,0.0,0.0,2.0,2.0,0.0,0.0,11.0,94.0,1.0,0.0,4.0,19.0,6.0,4.0,7.0,307.0,43.9,0.0,2.0,2.0,0.0,0.0,100.0,0.0,0.0,0.0,0.0,0.0,0.0,0.0,0.0,1.0,1.0,2.0,2.0,0.0,0.0,0.0,0.0,0.0,2.0,2.0,39.0,28.0,4.0,19.0,0.0,0.0,0.0,38.0,28.0,1.0,8.0,5.0,1.0,1.0,Saturday,993004959,8,3,18910.0,-25.0,0,-2.0,0.412,0.0,-0.288028893022388,0.3804347826086957,-0.4940909593190322,-0.1052980153537334,-0.0773930735773419,0.4,0.2208883729496158,-0.71813323807631,5.3,21.7,-16.3,271.6666666666667,305.6666666666667,-3.333,0.332,0.0,248.0,400.0,3.0,-0.2812268187616691,0.390361377752682,-0.4564814442973717,-0.1446301466149563,-0.0408659714789734,0.460351966873706,0.1072037299314467,-0.2574795774319517,-0.2088871346660339,-0.0123764241143881,38.6,6.0,0.8,0.8,160.0,703.3333333333334,-51.666666666666686,559.6666666666667,235.0,731.0,-49.0,751.0,8.0,14.0,0.5260726128621295,-0.09033231701992481
202411828.0,2025-01-04T20:00:00,1,2024,18,PIT,CIN,HOME,17.0,19.0,36.0,Acrisure Stadium,0.0,7.0,0.0,10.0,0.0,31.0,22.0,22:00,23.0,13.0,9.0,1.0,73.0,364.0,5.0,1.0,31.0,202.0,6.5,1.0,37.0,23.0,162.0,0.0,1.0,4.4,7.0,62.2,60.87,16.0,8.0,50.0,1.0,0.0,0.0,4.0,1.0,0.0,0.0,4.0,25.0,2.0,1.0,5.0,43.0,2.0,2.0,4.0,178.0,44.5,2.0,0.0,-2.0,10.0,3.0,3.0,3.0,0.0,28.0,38.0,38:00,20.0,4.0,16.0,0.0,58.0,389.0,6.7,4.0,20.0,69.0,3.4,1.0,38.0,29.0,320.0,3.0,0.0,8.4,11.0,76.3,127.08,10.0,3.0,30.0,1.0,1.0,100.0,5.0,4.0,0.0,0.0,9.0,90.0,1.0,0.0,0.0,0.0,9.0,6.0,5.0,269.0,53.8,0.0,2.0,2.0,25.0,0.0,80.0,0.0,1.0,1.0,0.0,0.0,0.0,0.0,0.0,1.0,1.0,3.0,2.0,0.0,2.0,0.0,0.0,0.0,1.0,1.0,38.0,16.0,0.0,0.0,5.0,1.0,0.0,44.0,27.0,5.0,43.0,8.0,2.0,1.0,Saturday,993004962,28,7,18919.0,-2.0,0,-2.0,0.5,0.0,-0.1300116627789917,0.4565217391304347,-0.2274484615909572,0.0347107727843999,0.191599822847571,0.5,0.4134156258030516,-0.0928706437637294,13.3,30.0,-16.7,280.6666666666667,402.6666666666667,-0.667,0.4,0.4,363.0,328.0,10.0,-0.0993413484149718,0.4654659849562397,-0.2368660219321092,-0.1461351327342079,0.1574756125704399,0.5123883208989591,0.3734503584242528,-0.0371565250369102,-0.026855107406087,0.0759888298272441,202411828.0,2025-01-04T20:00:00,1,2024,18,CIN,PIT,AWAY,19.0,17.0,36.0,Acrisure Stadium,10.0,3.0,3.0,3.0,0.0,41.0,56.0,38:00,34.0,6.0,23.0,5.0,84.0,499.0,5.9,4.0,28.0,115.0,4.1,1.0,49.0,39.0,384.0,3.0,0.0,7.8,9.8,79.6,119.73,13.0,7.0,53.8,3.0,1.0,33.3,7.0,4.0,0.0,0.0,3.0,15.0,1.0,1.0,7.0,28.0,4.0,5.0,1.0,47.0,47.0,1.0,1.0,0.0,0.0,7.0,0.0,10.0,0.0,26.0,57.0,22:00,19.0,9.0,10.0,0.0,60.0,329.0,5.5,3.0,27.0,123.0,4.6,0.0,31.0,24.0,206.0,3.0,1.0,6.6,8.6,77.4,113.1,12.0,4.0,33.3,1.0,1.0,100.0,2.0,1.0,0.0,0.0,7.0,35.0,2.0,0.0,2.0,13.0,15.0,6.0,4.0,166.0,41.5,1.0,1.0,0.0,57.1,0.0,50.0,0.0,3.0,3.0,0.0,0.0,0.0,0.0,0.0,2.0,1.0,3.0,3.0,0.0,0.0,0.0,0.0,0.0,1.0,1.0,38.0,25.0,2.0,13.0,2.0,2.0,0.0,55.0,33.0,7.0,28.0,2.0,1.0,1.0,Saturday,993004961,7,28,18937.0,2.0,1,0.0,0.538,0.0,0.1181522603601287,0.5660377358490566,0.3380496313941718,-0.2250152806648164,0.1169425176137824,0.4729729729729729,0.245635838839262,0.0343202021543956,30.3,19.0,11.3,398.3333333333333,325.3333333333333,1.333,0.557,0.8,453.0,417.0,8.0,0.0858947149397223,0.5336527902565638,0.2561190875637623,-0.000201106230028,-0.0448547979871271,0.4588545000309705,0.0061031922967701,-0.0949738142037734,0.0943043135237238,0.0171657043901208,-28.0,-5.399999999999999,-0.4,1.2000000000000002,-117.66666666666663,679.0,77.33333333333337,728.0,-90.0,816.0,-89.0,745.0,2.0,18.0,-0.1852360633546941,0.202330410557567
202411812.0,2025-01-05T13:00:00,1,2024,18,GB,CHI,HOME,22.0,24.0,46.0,Lambeau Field,3.0,10.0,0.0,9.0,0.0,24.0,30.0,30:56,17.0,4.0,11.0,2.0,57.0,271.0,4.8,3.0,24.0,104.0,4.3,2.0,30.0,19.0,167.0,1.0,0.0,5.6,8.8,63.3,89.17,14.0,8.0,57.1,1.0,0.0,0.0,4.0,3.0,0.0,0.0,7.0,51.0,2.0,1.0,3.0,18.0,4.0,8.0,4.0,169.0,42.2,1.0,1.0,0.0,7.0,7.0,0.0,10.0,0.0,35.0,30.0,29:04,26.0,4.0,20.0,2.0,70.0,441.0,6.3,3.0,26.0,69.0,2.7,0.0,43.0,33.0,372.0,3.0,1.0,8.7,11.3,76.7,115.65,12.0,6.0,50.0,0.0,0.0,0.0,4.0,2.0,0.0,0.0,7.0,47.0,1.0,0.0,1.0,5.0,8.0,2.0,2.0,71.0,35.5,1.0,1.0,0.0,75.0,0.0,50.0,0.0,2.0,2.0,0.0,2.0,1.0,0.0,0.0,1.0,1.0,3.0,3.0,0.0,0.0,0.0,0.0,0.0,4.0,2.0,45.0,20.0,1.0,5.0,5.0,0.0,0.0,32.0,26.0,3.0,18.0,2.0,2.0,1.0,Sunday,993004978,12,6,18914.0,-2.0,0,0.0,0.571,0.0,-0.033456176692641,0.5064935064935064,0.0404712693185816,-0.1767215891205705,-0.0269631628096116,0.5054945054945055,0.2630653679944101,-0.2606426532349913,29.7,13.3,16.3,348.0,281.6666666666667,1.0,0.483,0.6,438.0,314.0,11.0,0.1014116588866,0.5186327561327561,0.2504039366397748,-0.0293725047002249,-0.1628833819453926,0.4322826296510507,-0.1877175130136895,-0.1735901361199954,0.1395505837934721,-0.0666716156149532,202411812.0,2025-01-05T13:00:00,1,2024,18,CHI,GB,AWAY,24.0,22.0,46.0,Lambeau Field,7.0,7.0,0.0,10.0,0.0,30.0,20.0,29:04,11.0,4.0,7.0,0.0,58.0,179.0,3.1,0.0,23.0,103.0,4.5,0.0,28.0,16.0,76.0,0.0,1.0,2.7,4.8,57.1,47.32,15.0,5.0,33.3,2.0,1.0,50.0,1.0,0.0,0.0,0.0,4.0,23.0,2.0,0.0,7.0,46.0,7.0,5.0,7.0,327.0,46.7,1.0,1.0,0.0,3.0,10.0,0.0,9.0,0.0,29.0,40.0,30:56,12.0,5.0,7.0,0.0,51.0,265.0,5.2,0.0,25.0,122.0,4.9,0.0,23.0,17.0,143.0,0.0,0.0,6.2,8.4,73.9,89.58,13.0,5.0,38.5,0.0,0.0,0.0,1.0,0.0,0.0,0.0,3.0,25.0,3.0,1.0,3.0,17.0,10.0,10.0,6.0,288.0,48.0,1.0,1.0,0.0,0.0,0.0,0.0,0.0,0.0,0.0,0.0,0.0,0.0,0.0,0.0,1.0,1.0,0.0,0.0,0.0,0.0,0.0,0.0,0.0,2.0,2.0,36.0,21.0,3.0,17.0,3.0,3.0,1.0,40.0,18.0,7.0,46.0,3.0,0.0,0.0,Sunday,993004977,6,12,18917.0,2.0,1,0.0,0.333,0.0,-0.1506807611424576,0.3918918918918919,-0.2566322946019764,-0.1354524708993267,-0.1058113633007451,0.453125,-0.2278521101643386,-0.1207877988193143,10.7,23.3,-12.7,281.6666666666667,356.3333333333333,-0.667,0.206,0.0,286.0,348.0,4.0,-0.108444367517515,0.4284336072429622,-0.0831733954144114,-0.4169863939465444,0.0734492211619936,0.519895901017977,0.1203171879647005,-0.0036104806026648,-0.0762050460146804,0.1170483578392496,29.0,3.6000000000000014,0.6,0.6,66.33333333333331,629.6666666666667,-74.66666666666663,638.0,152.0,724.0,-34.0,662.0,7.0,15.0,0.209856026404115,-0.23633260310738619
202411809.0,2025-01-05T13:00:00,1,2024,18,DAL,WAS,HOME,19.0,23.0,42.0,AT&T Stadium,3.0,3.0,3.0,10.0,0.0,27.0,11.0,37:03,16.0,8.0,7.0,1.0,60.0,268.0,4.5,1.0,30.0,127.0,4.2,0.0,29.0,16.0,141.0,1.0,2.0,4.9,8.8,55.2,51.08,14.0,6.0,42.9,0.0,0.0,0.0,2.0,1.0,0.0,0.0,8.0,69.0,2.0,2.0,1.0,7.0,1.0,5.0,4.0,198.0,49.5,4.0,0.0,-4.0,0.0,3.0,7.0,13.0,0.0,32.0,49.0,22:57,20.0,11.0,6.0,3.0,61.0,376.0,6.2,5.0,42.0,179.0,4.3,1.0,19.0,13.0,197.0,3.0,0.0,10.4,15.2,68.4,141.89,13.0,6.0,46.2,1.0,1.0,100.0,5.0,3.0,0.0,0.0,4.0,25.0,0.0,0.0,0.0,0.0,4.0,2.0,3.0,148.0,49.3,0.0,4.0,4.0,50.0,0.0,60.0,0.0,1.0,1.0,0.0,0.0,0.0,0.0,0.0,1.0,0.0,5.0,5.0,0.0,0.0,0.0,0.0,0.0,2.0,2.0,41.0,21.0,0.0,0.0,3.0,0.0,0.0,30.0,33.0,1.0,7.0,5.0,2.0,2.0,Sunday,993004964,9,35,18911.0,-4.0,0,-4.0,0.429,0.0,-0.2592269079738859,0.4155844155844156,-0.3870091517863851,-0.1649358694422214,0.2236892817820884,0.5185185185185185,0.676844464567515,0.0848658978098813,21.0,26.3,-5.3,331.6666666666667,340.3333333333333,0.333,0.421,0.6,331.0,445.0,7.0,-0.0070486973355621,0.462012987012987,0.0659571052245857,-0.2155555171523133,0.0532622489257811,0.5206567236350998,0.1648976757741907,0.0272302907525671,-0.0101153848782941,0.0282706628996569,202411809.0,2025-01-05T13:00:00,1,2024,18,WAS,DAL,AWAY,23.0,19.0,42.0,AT&T Stadium,0.0,3.0,7.0,13.0,0.0,41.0,32.0,22:57,29.0,14.0,13.0,2.0,77.0,412.0,5.4,4.0,36.0,216.0,6.0,1.0,36.0,24.0,196.0,3.0,1.0,5.4,8.2,66.7,96.53,13.0,6.0,46.2,3.0,3.0,100.0,6.0,4.0,0.0,0.0,13.0,108.0,1.0,0.0,5.0,31.0,2.0,3.0,3.0,153.0,51.0,1.0,1.0,0.0,3.0,3.0,3.0,10.0,0.0,25.0,46.0,37:03,23.0,8.0,11.0,4.0,60.0,337.0,5.6,3.0,23.0,126.0,5.5,2.0,35.0,19.0,211.0,1.0,1.0,6.0,11.1,54.3,70.06,10.0,2.0,20.0,2.0,2.0,100.0,3.0,3.0,0.0,0.0,4.0,25.0,3.0,0.0,2.0,12.0,5.0,6.0,3.0,141.0,47.0,1.0,1.0,0.0,66.7,0.0,100.0,0.0,3.0,3.0,0.0,0.0,0.0,0.0,0.0,1.0,1.0,3.0,3.0,0.0,0.0,0.0,0.0,0.0,2.0,1.0,28.0,26.0,2.0,12.0,5.0,2.0,0.0,48.0,31.0,5.0,31.0,3.0,0.0,0.0,Sunday,993004963,35,9,18941.0,4.0,1,0.0,0.462,0.0,0.1312078848401302,0.51,0.206040659076996,0.0842231672544468,0.1000121147293812,0.5625,0.0518361246076825,0.223113361728875,28.7,25.3,3.3,368.6666666666667,306.6666666666667,-0.667,0.51,0.8,462.0,372.0,11.0,0.0760454296899149,0.5029111786558594,0.171203488970954,-0.2306834012449537,0.0653630295918229,0.4752925363693864,0.0587268190640257,0.0530997579438075,0.0626537764593245,0.0196144032255926,-8.6,-2.0,-0.20000000000000007,1.4,-37.0,700.3333333333334,33.66666666666663,647.0,-131.0,793.0,73.0,817.0,-4.0,18.0,-0.083094127025477,-0.012100780666041797
202411814.0,2025-01-05T13:00:00,1,2024,18,IND,JAX,HOME,26.0,23.0,49.0,Lucas Oil Stadium,7.0,13.0,0.0,3.0,3.0,33.0,23.0,35:58,25.0,7.0,16.0,2.0,73.0,446.0,6.1,4.0,33.0,126.0,3.8,2.0,38.0,26.0,320.0,2.0,2.0,8.4,12.3,68.4,89.8,13.0,7.0,53.8,2.0,1.0,50.0,5.0,3.0,0.0,0.0,3.0,21.0,1.0,1.0,2.0,10.0,1.0,6.0,1.0,32.0,32.0,3.0,0.0,-3.0,7.0,6.0,0.0,10.0,0.0,26.0,37.0,30:51,15.0,3.0,10.0,2.0,53.0,389.0,7.3,6.0,30.0,80.0,2.7,1.0,23.0,17.0,309.0,4.0,0.0,13.4,18.2,73.9,155.34,13.0,7.0,53.8,1.0,0.0,0.0,3.0,2.0,0.0,0.0,7.0,94.0,1.0,0.0,0.0,0.0,4.0,6.0,3.0,146.0,48.7,0.0,3.0,3.0,60.0,0.0,66.7,0.0,3.0,3.0,0.0,2.0,0.0,0.0,0.0,3.0,2.0,6.0,6.0,0.0,0.0,0.0,0.0,0.0,1.0,1.0,20.0,42.0,0.0,0.0,0.0,1.0,0.0,41.0,39.0,2.0,10.0,7.0,1.0,1.0,Sunday,993004976,14,15,18940.0,3.0,1,-3.0,0.538,0.0,0.0750006296742701,0.5425531914893617,0.2576737204172376,-0.1219157688027111,0.2587727852614931,0.4736842105263157,1.175911175030006,-0.5197081520302315,28.0,35.3,-7.3,404.6666666666667,296.3333333333333,-1.0,0.446,0.4,351.0,404.0,7.0,-0.0566983233685165,0.4731070442733004,-0.0320566103212026,-0.0945810904016785,0.0379666139917293,0.4584131484716279,0.3319755588483306,-0.2425327535664545,-0.0450193723737344,0.0632025285893045,202411814.0,2025-01-05T13:00:00,1,2024,18,JAX,IND,AWAY,23.0,26.0,49.0,Lucas Oil Stadium,7.0,6.0,0.0,10.0,0.0,29.0,20.0,30:51,18.0,9.0,9.0,0.0,57.0,295.0,5.2,2.0,33.0,122.0,3.7,0.0,22.0,15.0,173.0,2.0,0.0,7.9,11.5,68.2,121.97,13.0,8.0,61.5,0.0,0.0,0.0,2.0,2.0,0.0,0.0,7.0,50.0,0.0,0.0,2.0,1.0,5.0,6.0,3.0,130.0,43.3,0.0,1.0,1.0,7.0,13.0,0.0,3.0,3.0,30.0,40.0,35:58,23.0,10.0,11.0,2.0,64.0,337.0,5.3,1.0,30.0,159.0,5.3,0.0,31.0,19.0,178.0,1.0,1.0,5.7,9.4,61.3,74.4,14.0,7.0,50.0,2.0,1.0,50.0,2.0,1.0,0.0,0.0,5.0,34.0,2.0,0.0,3.0,15.0,3.0,2.0,3.0,149.0,49.7,1.0,0.0,-1.0,100.0,0.0,50.0,0.0,2.0,2.0,0.0,0.0,0.0,0.0,0.0,2.0,2.0,1.0,1.0,0.0,0.0,0.0,0.0,0.0,2.0,2.0,36.0,29.0,3.0,15.0,6.0,1.0,0.0,39.0,25.0,2.0,1.0,3.0,0.0,0.0,Sunday,993004975,15,14,18913.0,-3.0,0,1.0,0.615,0.0,0.1324724768232015,0.4929577464788732,0.3735185303186534,-0.0673051992311112,0.0159318119507411,0.4939759036144578,0.0533762531837906,0.0066037907323021,19.7,21.3,-1.7,341.3333333333333,350.3333333333333,-1.0,0.516,0.4,297.0,409.0,4.0,0.0129964595985055,0.4678702224803575,0.0994737268554153,-0.0897584875439936,0.0592561716704828,0.4536985419991127,0.1934798123156775,-0.0210554059370418,0.0042040253686821,0.033823414003605,-5.6,-9.0,0.0,0.8,63.33333333333337,746.0,-54.0,646.6666666666666,54.0,648.0,-5.0,813.0,3.0,11.0,-0.069694782967022,-0.0212895576787535
202411833.0,2025-01-05T13:00:00,1,2024,18,TB,NO,HOME,27.0,19.0,46.0,Raymond James Stadium,3.0,3.0,7.0,14.0,0.0,41.0,11.0,32:16,33.0,14.0,17.0,2.0,74.0,551.0,7.4,6.0,40.0,202.0,5.0,0.0,32.0,27.0,349.0,5.0,0.0,10.9,12.9,84.4,151.69,14.0,10.0,71.4,0.0,0.0,0.0,8.0,5.0,0.0,0.0,5.0,40.0,0.0,0.0,2.0,10.0,7.0,7.0,1.0,52.0,52.0,0.0,0.0,0.0,3.0,13.0,3.0,0.0,0.0,18.0,49.0,27:44,13.0,2.0,10.0,1.0,46.0,204.0,4.4,2.0,13.0,39.0,3.0,0.0,28.0,15.0,165.0,2.0,0.0,5.9,11.0,53.6,95.09,9.0,2.0,22.2,1.0,0.0,0.0,1.0,1.0,0.0,0.0,4.0,30.0,2.0,0.0,5.0,38.0,4.0,4.0,5.0,226.0,45.2,0.0,0.0,0.0,62.5,0.0,100.0,0.0,6.0,6.0,0.0,0.0,0.0,0.0,0.0,2.0,2.0,2.0,2.0,0.0,0.0,0.0,0.0,0.0,1.0,0.0,26.0,9.0,5.0,38.0,2.0,1.0,0.0,42.0,41.0,2.0,10.0,1.0,0.0,0.0,Sunday,993004974,33,22,18916.0,8.0,1,0.0,0.714,0.0,0.3195162977403826,0.6043956043956044,0.7173241760468538,0.1940336854187646,-0.1304556176247812,0.4776119402985074,-0.0375426065393873,-0.301598606615285,37.3,19.0,18.3,489.0,242.33333333333337,-0.667,0.605,0.8,475.0,366.0,9.0,0.1804526300585567,0.5835445448304545,0.3921648216673845,0.1010609009000315,-0.0990947912988872,0.4532515991471215,-0.0355771907522032,-0.3588560109046743,0.1154417033054112,-0.1005699151574935,202411833.0,2025-01-05T13:00:00,1,2024,18,NO,TB,AWAY,19.0,27.0,46.0,Raymond James Stadium,3.0,13.0,3.0,0.0,0.0,22.0,10.0,27:44,13.0,4.0,8.0,1.0,53.0,269.0,5.1,1.0,13.0,81.0,6.2,0.0,36.0,20.0,188.0,1.0,2.0,5.2,9.4,55.6,56.25,10.0,1.0,10.0,1.0,1.0,100.0,1.0,0.0,0.0,0.0,10.0,85.0,2.0,0.0,4.0,30.0,2.0,3.0,7.0,330.0,47.1,2.0,0.0,-2.0,3.0,3.0,7.0,14.0,0.0,37.0,50.0,32:16,22.0,7.0,14.0,1.0,74.0,388.0,5.2,2.0,38.0,156.0,4.1,0.0,35.0,20.0,232.0,2.0,0.0,6.6,11.6,57.1,96.37,18.0,10.0,55.6,0.0,0.0,0.0,4.0,2.0,0.0,0.0,3.0,20.0,0.0,0.0,1.0,10.0,7.0,3.0,4.0,198.0,49.5,0.0,2.0,2.0,0.0,0.0,50.0,0.0,1.0,1.0,0.0,0.0,0.0,0.0,0.0,1.0,1.0,2.0,1.0,1.0,0.0,0.0,0.0,0.0,4.0,4.0,45.0,27.0,1.0,10.0,4.0,0.0,0.0,23.0,27.0,4.0,30.0,9.0,2.0,0.0,Sunday,993004973,22,33,18915.0,-8.0,0,-2.0,0.1,0.0,-0.2424438447680934,0.4050632911392405,-0.3400015212391169,-0.2535876435621713,0.0504398101436724,0.4444444444444444,0.2913416441566347,-0.0960876748835115,9.7,26.3,-16.7,236.66666666666663,372.6666666666667,-1.667,0.245,0.2,319.0,371.0,5.0,-0.1741865646342915,0.3913236180548169,-0.2449891736022384,-0.2185052097034883,0.1112752574774809,0.4889958347405155,0.1947404626999254,0.0413558929756078,-0.140189676862451,0.0536496130071283,35.0,1.6000000000000014,0.6000000000000001,1.0,252.33333333333337,725.6666666666666,-130.33333333333331,615.0,156.0,794.0,-5.0,737.0,4.0,14.0,0.3546391946928482,-0.2103700487763681
202411826.0,2025-01-05T13:00:00,1,2024,18,PHI,NYG,HOME,20.0,13.0,33.0,Lincoln Financial Field,7.0,3.0,0.0,10.0,0.0,32.0,49.0,29:48,20.0,11.0,6.0,3.0,61.0,376.0,6.2,5.0,42.0,179.0,4.3,1.0,19.0,13.0,197.0,3.0,0.0,10.4,15.2,68.4,141.89,13.0,6.0,46.2,1.0,1.0,100.0,5.0,3.0,0.0,0.0,4.0,25.0,0.0,0.0,0.0,0.0,4.0,2.0,3.0,148.0,49.3,0.0,4.0,4.0,0.0,0.0,3.0,10.0,0.0,27.0,11.0,30:12,16.0,8.0,7.0,1.0,60.0,268.0,4.5,1.0,30.0,127.0,4.2,0.0,29.0,16.0,141.0,1.0,2.0,4.9,8.8,55.2,51.08,14.0,6.0,42.9,0.0,0.0,0.0,2.0,1.0,0.0,0.0,8.0,69.0,2.0,2.0,1.0,7.0,1.0,5.0,4.0,198.0,49.5,4.0,0.0,-4.0,60.0,0.0,50.0,0.0,5.0,5.0,0.0,0.0,0.0,0.0,0.0,2.0,2.0,1.0,1.0,0.0,0.0,0.0,0.0,0.0,1.0,0.0,30.0,33.0,1.0,7.0,5.0,2.0,2.0,41.0,21.0,0.0,0.0,3.0,0.0,0.0,Sunday,993004970,26,23,18911.0,7.0,1,4.0,0.462,0.0,0.2236892817820884,0.5185185185185185,0.676844464567515,0.0848658978098813,-0.2592269079738859,0.4155844155844156,-0.3870091517863851,-0.1649358694422214,33.7,18.7,15.0,371.6666666666667,266.3333333333333,2.0,0.412,0.8,443.0,290.0,13.0,0.1481887107673976,0.482951608666548,0.397191723770321,0.0328261513415931,-0.0939476800253164,0.4563989650196547,-0.1246990449395732,-0.4364456208888718,0.1054828362935727,-0.0666133181973941,202411826.0,2025-01-05T13:00:00,1,2024,18,NYG,PHI,AWAY,13.0,20.0,33.0,Lincoln Financial Field,0.0,0.0,3.0,10.0,0.0,26.0,37.0,30:12,15.0,3.0,10.0,2.0,53.0,389.0,7.3,6.0,30.0,80.0,2.7,1.0,23.0,17.0,309.0,4.0,0.0,13.4,18.2,73.9,155.34,13.0,7.0,53.8,1.0,0.0,0.0,3.0,2.0,0.0,0.0,7.0,94.0,1.0,0.0,0.0,0.0,4.0,6.0,3.0,146.0,48.7,0.0,3.0,3.0,7.0,3.0,0.0,10.0,0.0,33.0,23.0,29:48,25.0,7.0,16.0,2.0,73.0,446.0,6.1,4.0,33.0,126.0,3.8,2.0,38.0,26.0,320.0,2.0,2.0,8.4,12.3,68.4,89.8,13.0,7.0,53.8,2.0,1.0,50.0,5.0,3.0,0.0,0.0,3.0,21.0,1.0,1.0,2.0,10.0,1.0,6.0,1.0,32.0,32.0,3.0,0.0,-3.0,66.7,0.0,60.0,0.0,6.0,6.0,0.0,0.0,0.0,0.0,0.0,1.0,1.0,3.0,3.0,0.0,2.0,0.0,0.0,0.0,3.0,2.0,41.0,39.0,2.0,10.0,7.0,1.0,1.0,20.0,42.0,0.0,0.0,0.0,1.0,0.0,Sunday,993004969,23,26,18940.0,-7.0,0,3.0,0.538,0.0,0.2587727852614931,0.4736842105263157,1.175911175030006,-0.5197081520302315,0.0750006296742701,0.5425531914893617,0.2576737204172376,-0.1219157688027111,22.0,34.0,-12.0,286.3333333333333,406.6666666666667,0.333,0.346,0.2,260.0,395.0,3.0,-0.0410903312067406,0.4509350298823982,0.2469025787265154,-0.3304935963437976,0.1503955730851559,0.5502955082742317,0.4586641104345652,-0.0448472953852605,-0.0900831179287541,0.0482409142205338,27.0,3.0,0.6000000000000001,1.0,85.33333333333337,658.0,-140.33333333333337,673.0,183.0,703.0,-105.0,685.0,10.0,16.0,0.1892790419741382,-0.24434325311047228
202411834.0,2025-01-05T13:00:00,1,2024,18,TEN,HOU,HOME,14.0,23.0,37.0,Nissan Stadium,0.0,3.0,3.0,8.0,0.0,30.0,40.0,29:59,23.0,10.0,11.0,2.0,64.0,337.0,5.3,1.0,30.0,159.0,5.3,0.0,31.0,19.0,178.0,1.0,1.0,5.7,9.4,61.3,74.4,14.0,7.0,50.0,2.0,1.0,50.0,2.0,1.0,0.0,0.0,5.0,34.0,2.0,0.0,3.0,15.0,3.0,2.0,3.0,149.0,49.7,1.0,0.0,-1.0,7.0,9.0,0.0,7.0,0.0,29.0,20.0,30:01,18.0,9.0,9.0,0.0,57.0,295.0,5.2,2.0,33.0,122.0,3.7,0.0,22.0,15.0,173.0,2.0,0.0,7.9,11.5,68.2,121.97,13.0,8.0,61.5,0.0,0.0,0.0,2.0,2.0,0.0,0.0,7.0,50.0,0.0,0.0,2.0,1.0,5.0,6.0,3.0,130.0,43.3,0.0,1.0,1.0,50.0,0.0,100.0,0.0,1.0,1.0,0.0,0.0,0.0,0.0,0.0,2.0,2.0,2.0,2.0,0.0,0.0,0.0,0.0,0.0,2.0,2.0,39.0,25.0,2.0,1.0,3.0,0.0,0.0,36.0,29.0,3.0,15.0,6.0,1.0,0.0,Sunday,993004972,34,13,18913.0,-9.0,0,-1.0,0.5,0.0,0.0159318119507411,0.4939759036144578,0.0533762531837906,0.0066037907323021,0.1324724768232015,0.4929577464788732,0.3735185303186534,-0.0673051992311112,23.3,31.7,-8.3,339.3333333333333,374.3333333333333,-1.667,0.527,0.0,297.0,437.0,3.0,0.0102070158059959,0.5178035288595174,0.0764272502022807,-0.0550560919613393,0.1249117563925333,0.4962692711377591,0.2605840616886382,0.1034128241970004,-0.038433487419632,0.1001195595600417,202411834.0,2025-01-05T13:00:00,1,2024,18,HOU,TEN,AWAY,23.0,14.0,37.0,Nissan Stadium,7.0,9.0,0.0,7.0,0.0,24.0,39.0,30:01,10.0,1.0,8.0,1.0,54.0,211.0,3.9,0.0,17.0,58.0,3.4,0.0,32.0,18.0,153.0,0.0,1.0,4.8,8.5,56.2,55.86,15.0,4.0,26.7,2.0,0.0,0.0,2.0,0.0,0.0,0.0,5.0,49.0,1.0,0.0,5.0,37.0,5.0,6.0,6.0,289.0,48.2,1.0,0.0,-1.0,0.0,3.0,3.0,8.0,0.0,35.0,21.0,29:59,25.0,16.0,8.0,1.0,61.0,432.0,7.1,4.0,43.0,251.0,5.8,2.0,17.0,11.0,181.0,2.0,0.0,10.6,16.5,64.7,139.58,9.0,4.0,44.4,0.0,0.0,0.0,3.0,3.0,0.0,0.0,3.0,30.0,0.0,0.0,1.0,3.0,9.0,6.0,4.0,165.0,41.2,0.0,1.0,1.0,0.0,0.0,100.0,0.0,0.0,0.0,0.0,0.0,0.0,0.0,0.0,0.0,0.0,4.0,4.0,0.0,0.0,0.0,0.0,0.0,1.0,1.0,37.0,37.0,1.0,3.0,2.0,0.0,0.0,35.0,14.0,5.0,37.0,3.0,1.0,0.0,Sunday,993004971,13,34,18918.0,9.0,1,-1.0,0.267,0.0,-0.2729718952630979,0.3857142857142857,-0.3955150091656833,-0.266987895964121,0.2562035855612157,0.5657894736842105,0.5664608501446481,0.1792877521206503,13.7,23.3,-9.7,234.33333333333337,343.6666666666667,0.0,0.397,0.4,349.0,358.0,9.0,-0.1097328870248292,0.4246398046398046,-0.1702526337829934,-0.1674250884765772,0.0643804534422494,0.5157656329110812,0.2185366743640354,-0.0658015653554002,-0.0683231082134478,0.0388870653780115,1.3999999999999986,-18.0,-0.4,0.4,104.99999999999994,573.6666666666667,30.66666666666663,718.0,-52.0,646.0,79.0,795.0,-6.0,12.0,0.11993990283082509,0.0605313029502839
202411821.0,2025-01-05T13:00:00,1,2024,18,NE,BUF,HOME,23.0,16.0,39.0,Gillette Stadium,7.0,7.0,3.0,6.0,0.0,19.0,26.0,31:14,11.0,4.0,4.0,3.0,48.0,181.0,3.8,1.0,20.0,96.0,4.8,0.0,24.0,13.0,85.0,1.0,0.0,3.5,6.5,54.2,75.87,10.0,2.0,20.0,3.0,0.0,0.0,0.0,0.0,0.0,0.0,7.0,60.0,1.0,1.0,4.0,30.0,4.0,1.0,4.0,220.0,55.0,1.0,0.0,-1.0,0.0,10.0,6.0,0.0,0.0,40.0,34.0,28:46,29.0,10.0,16.0,3.0,77.0,428.0,5.6,4.0,37.0,147.0,4.0,1.0,40.0,26.0,281.0,3.0,0.0,7.0,10.8,65.0,110.52,17.0,10.0,58.8,2.0,2.0,100.0,4.0,2.0,0.0,0.0,6.0,54.0,0.0,0.0,0.0,0.0,5.0,7.0,2.0,92.0,46.0,0.0,1.0,1.0,0.0,0.0,50.0,0.0,1.0,1.0,0.0,0.0,0.0,0.0,0.0,0.0,0.0,4.0,4.0,0.0,0.0,0.0,0.0,0.0,4.0,4.0,38.0,45.0,0.0,0.0,1.0,0.0,0.0,31.0,12.0,4.0,30.0,3.0,0.0,1.0,Sunday,993004968,21,4,18939.0,7.0,1,-1.0,0.2,0.0,-0.282061300387923,0.4626865671641791,-0.3263527925362148,-0.7481042996514589,0.2496534157420755,0.5531914893617021,0.47926965713065,0.0613714739864253,15.0,31.3,-16.3,290.3333333333333,382.3333333333333,-1.333,0.261,0.0,266.0,401.0,3.0,-0.0802645829254137,0.5263900278825653,0.0523222838525951,-0.4248843950512862,0.1673473303766948,0.5072018955638541,0.2651939006268389,0.0443344326931096,-0.071355427147761,0.1300988521823388,202411821.0,2025-01-05T13:00:00,1,2024,18,BUF,NE,AWAY,16.0,23.0,39.0,Gillette Stadium,0.0,10.0,6.0,0.0,0.0,31.0,17.0,28:46,23.0,7.0,10.0,6.0,62.0,348.0,5.6,5.0,34.0,97.0,2.9,2.0,28.0,17.0,251.0,3.0,0.0,9.0,14.8,60.7,125.74,14.0,8.0,57.1,1.0,0.0,0.0,3.0,3.0,0.0,0.0,7.0,60.0,0.0,0.0,0.0,0.0,7.0,8.0,3.0,137.0,45.7,0.0,3.0,3.0,7.0,7.0,3.0,6.0,0.0,28.0,43.0,31:14,20.0,9.0,9.0,2.0,57.0,281.0,4.9,2.0,21.0,112.0,5.3,0.0,32.0,23.0,169.0,2.0,2.0,5.3,7.3,71.9,78.78,9.0,4.0,44.4,1.0,0.0,0.0,2.0,1.0,0.0,0.0,16.0,120.0,2.0,1.0,4.0,26.0,3.0,5.0,3.0,143.0,47.7,3.0,0.0,-3.0,100.0,0.0,50.0,0.0,5.0,5.0,0.0,0.0,0.0,0.0,0.0,1.0,1.0,0.0,0.0,0.0,3.0,1.0,0.0,0.0,0.0,0.0,37.0,24.0,4.0,26.0,3.0,1.0,1.0,39.0,23.0,0.0,0.0,5.0,0.0,0.0,Sunday,993004967,4,21,18912.0,-7.0,0,3.0,0.571,0.0,0.1503066945659797,0.5058823529411764,0.515647059577739,-0.256529527691929,-0.1919044734604509,0.4736842105263157,-0.2124346525077481,-0.1834025396833154,37.3,25.7,11.7,410.3333333333333,393.6666666666667,2.0,0.478,0.8,509.0,345.0,13.0,0.1960066352856845,0.5307896131425544,0.3778172762055763,0.00616848887755,0.0085201755554084,0.5118740908214592,0.1336628065922269,-0.2621519721222571,0.2083179420890569,0.006317495854075,-28.0,-4.600000000000001,-0.8,0.8,-120.0,700.6666666666666,-11.333333333333371,776.0,-243.0,775.0,56.0,746.0,-10.0,16.0,-0.2762712182110982,0.1588271548212864
202411802.0,2025-01-05T13:00:00,1,2024,18,ATL,CAR,HOME,38.0,44.0,82.0,Mercedes-Benz Stadium,3.0,21.0,0.0,14.0,0.0,25.0,46.0,32:41,23.0,8.0,11.0,4.0,60.0,337.0,5.6,3.0,23.0,126.0,5.5,2.0,35.0,19.0,211.0,1.0,1.0,6.0,11.1,54.3,70.06,10.0,2.0,20.0,2.0,2.0,100.0,3.0,3.0,0.0,0.0,4.0,25.0,3.0,0.0,2.0,12.0,5.0,6.0,3.0,141.0,47.0,1.0,1.0,0.0,3.0,14.0,14.0,7.0,6.0,41.0,32.0,34:05,29.0,14.0,13.0,2.0,77.0,412.0,5.4,4.0,36.0,216.0,6.0,1.0,36.0,24.0,196.0,3.0,1.0,5.4,8.2,66.7,96.53,13.0,6.0,46.2,3.0,3.0,100.0,6.0,4.0,0.0,0.0,13.0,108.0,1.0,0.0,5.0,31.0,2.0,3.0,3.0,153.0,51.0,1.0,1.0,0.0,100.0,0.0,66.7,0.0,3.0,3.0,0.0,0.0,0.0,0.0,0.0,2.0,1.0,3.0,3.0,0.0,0.0,0.0,0.0,0.0,1.0,1.0,48.0,31.0,5.0,31.0,3.0,0.0,0.0,28.0,26.0,2.0,12.0,5.0,2.0,0.0,Sunday,993004966,2,5,18941.0,-6.0,0,0.0,0.2,0.0,0.1000121147293812,0.5625,0.0518361246076825,0.223113361728875,0.1312078848401302,0.51,0.206040659076996,0.0842231672544468,24.3,15.3,9.0,309.0,298.3333333333333,1.333,0.36,0.4,351.0,379.0,8.0,-0.010174589819778,0.4764240506329114,0.0075800686157943,0.0210464869568217,-0.1667656234855949,0.4566337143445577,-0.160795569865601,-0.2300380263635494,-0.0395834130151555,-0.069991109512937,202411802.0,2025-01-05T13:00:00,1,2024,18,CAR,ATL,AWAY,44.0,38.0,82.0,Mercedes-Benz Stadium,3.0,14.0,14.0,7.0,6.0,18.0,49.0,34:05,13.0,2.0,10.0,1.0,46.0,204.0,4.4,2.0,13.0,39.0,3.0,0.0,28.0,15.0,165.0,2.0,0.0,5.9,11.0,53.6,95.09,9.0,2.0,22.2,1.0,0.0,0.0,1.0,1.0,0.0,0.0,4.0,30.0,2.0,0.0,5.0,38.0,4.0,4.0,5.0,226.0,45.2,0.0,0.0,0.0,3.0,21.0,0.0,14.0,0.0,41.0,11.0,32:41,33.0,14.0,17.0,2.0,74.0,551.0,7.4,6.0,40.0,202.0,5.0,0.0,32.0,27.0,349.0,5.0,0.0,10.9,12.9,84.4,151.69,14.0,10.0,71.4,0.0,0.0,0.0,8.0,5.0,0.0,0.0,5.0,40.0,0.0,0.0,2.0,10.0,7.0,7.0,1.0,52.0,52.0,0.0,0.0,0.0,100.0,0.0,62.5,0.0,2.0,2.0,0.0,0.0,0.0,0.0,0.0,1.0,0.0,6.0,6.0,0.0,0.0,0.0,0.0,0.0,2.0,2.0,42.0,41.0,2.0,10.0,1.0,0.0,0.0,26.0,9.0,5.0,38.0,2.0,1.0,0.0,Sunday,993004965,5,2,18916.0,6.0,1,0.0,0.222,0.0,-0.1304556176247812,0.4776119402985074,-0.0375426065393873,-0.301598606615285,0.3195162977403826,0.6043956043956044,0.7173241760468538,0.1940336854187646,21.3,36.0,-14.7,277.0,447.6666666666667,-0.333,0.308,0.2,297.0,496.0,4.0,-0.0142114565861603,0.4706567693760646,0.0285054891788036,-0.0919873415456256,0.2076621184077395,0.5536537536537537,0.4017924338866972,0.1369328537145511,-0.0238851754770716,0.1267359137649545,23.7,-5.699999999999999,0.2,0.6000000000000001,32.0,586.0,-149.33333333333337,746.0,54.0,648.0,-117.0,875.0,4.0,12.0,0.0040368667663823,-0.3744277418933344
202411832.0,2025-01-05T16:25:00,1,2024,18,LAR,SEA,HOME,25.0,30.0,55.0,SoFi Stadium,3.0,10.0,3.0,9.0,0.0,23.0,5.0,31:10,12.0,4.0,8.0,0.0,54.0,257.0,4.8,1.0,22.0,68.0,3.1,1.0,32.0,17.0,189.0,0.0,0.0,5.9,11.1,53.1,70.96,15.0,6.0,40.0,0.0,0.0,0.0,2.0,1.0,0.0,0.0,7.0,46.0,0.0,0.0,0.0,0.0,6.0,4.0,6.0,299.0,49.8,0.0,2.0,2.0,7.0,10.0,7.0,6.0,0.0,36.0,55.0,28:50,24.0,7.0,16.0,1.0,74.0,396.0,5.4,1.0,22.0,113.0,5.1,0.0,48.0,33.0,283.0,1.0,2.0,5.9,8.6,68.8,73.52,13.0,6.0,46.2,2.0,0.0,0.0,4.0,1.0,0.0,0.0,9.0,62.0,0.0,0.0,4.0,38.0,2.0,3.0,4.0,164.0,41.0,2.0,0.0,-2.0,50.0,0.0,25.0,0.0,1.0,1.0,0.0,0.0,0.0,0.0,0.0,2.0,2.0,1.0,0.0,1.0,0.0,0.0,0.0,0.0,1.0,1.0,44.0,31.0,4.0,38.0,6.0,0.0,0.0,25.0,29.0,0.0,0.0,7.0,0.0,0.0,Sunday,993004984,32,30,18938.0,-5.0,0,2.0,0.4,0.0,-0.0437810171893715,0.4647887323943662,-0.0304421067668563,-0.1343240069472813,-0.0628188737425039,0.4946236559139785,0.0372560824056591,-0.2349416235686346,14.7,8.0,6.7,267.0,302.6666666666667,1.333,0.389,1.0,342.0,356.0,10.0,-0.0094740293067022,0.4583687309039421,0.0111453213606097,-0.0519976987653895,-0.1223348516395574,0.4310590004342556,-0.1056793437826657,-0.2560365080907419,0.0702195141931789,-0.0168676459691507,202411832.0,2025-01-05T16:25:00,1,2024,18,SEA,LAR,AWAY,30.0,25.0,55.0,SoFi Stadium,7.0,10.0,7.0,6.0,0.0,29.0,40.0,28:50,12.0,5.0,7.0,0.0,51.0,265.0,5.2,0.0,25.0,122.0,4.9,0.0,23.0,17.0,143.0,0.0,0.0,6.2,8.4,73.9,89.58,13.0,5.0,38.5,0.0,0.0,0.0,1.0,0.0,0.0,0.0,3.0,25.0,3.0,1.0,3.0,17.0,10.0,10.0,6.0,288.0,48.0,1.0,1.0,0.0,3.0,10.0,3.0,9.0,0.0,30.0,20.0,31:10,11.0,4.0,7.0,0.0,58.0,179.0,3.1,0.0,23.0,103.0,4.5,0.0,28.0,16.0,76.0,0.0,1.0,2.7,4.8,57.1,47.32,15.0,5.0,33.3,2.0,1.0,50.0,1.0,0.0,0.0,0.0,4.0,23.0,2.0,0.0,7.0,46.0,7.0,5.0,7.0,327.0,46.7,1.0,1.0,0.0,0.0,0.0,0.0,0.0,0.0,0.0,0.0,0.0,0.0,0.0,0.0,2.0,2.0,0.0,0.0,0.0,0.0,0.0,0.0,0.0,1.0,1.0,40.0,18.0,7.0,46.0,3.0,0.0,0.0,36.0,21.0,3.0,17.0,3.0,3.0,1.0,Sunday,993004983,30,32,18917.0,5.0,1,0.0,0.385,0.0,-0.1058113633007451,0.453125,-0.2278521101643386,-0.1207877988193143,-0.1506807611424576,0.3918918918918919,-0.2566322946019764,-0.1354524708993267,14.3,20.0,-5.7,278.0,282.0,-1.0,0.297,0.6,345.0,343.0,9.0,-0.0869917968578222,0.4720237194998991,-0.2035767364752756,-0.0541050291038434,0.0208020450787677,0.478471996092478,0.1749484525286808,-0.1913437544900554,-0.0404854468338307,-0.0372352779654446,12.4,1.0,0.4,1.6,-11.0,545.0,20.666666666666686,584.6666666666667,-3.0,687.0,13.0,699.0,1.0,19.0,0.07751776755112,-0.1431368967183251
202411801.0,2025-01-05T16:25:00,1,2024,18,ARI,SF,HOME,47.0,24.0,71.0,State Farm Stadium,3.0,17.0,6.0,21.0,0.0,36.0,55.0,28:09,24.0,7.0,16.0,1.0,74.0,396.0,5.4,1.0,22.0,113.0,5.1,0.0,48.0,33.0,283.0,1.0,2.0,5.9,8.6,68.8,73.52,13.0,6.0,46.2,2.0,0.0,0.0,4.0,1.0,0.0,0.0,9.0,62.0,0.0,0.0,4.0,38.0,2.0,3.0,4.0,164.0,41.0,2.0,0.0,-2.0,3.0,14.0,7.0,0.0,0.0,23.0,5.0,31:51,12.0,4.0,8.0,0.0,54.0,257.0,4.8,1.0,22.0,68.0,3.1,1.0,32.0,17.0,189.0,0.0,0.0,5.9,11.1,53.1,70.96,15.0,6.0,40.0,0.0,0.0,0.0,2.0,1.0,0.0,0.0,7.0,46.0,0.0,0.0,0.0,0.0,6.0,4.0,6.0,299.0,49.8,0.0,2.0,2.0,25.0,0.0,50.0,0.0,1.0,0.0,1.0,0.0,0.0,0.0,0.0,1.0,1.0,1.0,1.0,0.0,0.0,0.0,0.0,0.0,2.0,2.0,25.0,29.0,0.0,0.0,7.0,0.0,0.0,44.0,31.0,4.0,38.0,6.0,0.0,0.0,Sunday,993004982,1,31,18938.0,23.0,1,-2.0,0.462,0.0,-0.0628188737425039,0.4946236559139785,0.0372560824056591,-0.2349416235686346,-0.0437810171893715,0.4647887323943662,-0.0304421067668563,-0.1343240069472813,23.0,22.0,1.0,391.0,320.0,-1.0,0.53,0.2,353.0,355.0,7.0,0.0787273024321433,0.4958874926228211,0.1432768817590462,0.0100709128344335,0.0468883405583606,0.5084876298992457,0.1517213710502327,-0.036071729232307,0.0290090370234013,0.0498297591775434,202411801.0,2025-01-05T16:25:00,1,2024,18,SF,ARI,AWAY,24.0,47.0,71.0,State Farm Stadium,3.0,14.0,7.0,0.0,0.0,25.0,8.0,31:51,29.0,7.0,19.0,3.0,60.0,475.0,7.9,5.0,18.0,75.0,4.2,2.0,40.0,30.0,400.0,3.0,2.0,10.0,13.3,75.0,110.42,8.0,5.0,62.5,1.0,1.0,100.0,5.0,5.0,0.0,0.0,5.0,30.0,2.0,0.0,2.0,12.0,4.0,7.0,0.0,0.0,0.0,2.0,0.0,-2.0,3.0,17.0,6.0,21.0,0.0,34.0,52.0,28:09,23.0,7.0,16.0,0.0,69.0,439.0,6.4,5.0,33.0,152.0,4.6,2.0,34.0,26.0,287.0,3.0,0.0,8.4,11.0,76.5,130.39,14.0,9.0,64.3,3.0,2.0,66.7,4.0,3.0,0.0,0.0,6.0,57.0,0.0,0.0,2.0,16.0,6.0,2.0,0.0,0.0,0.0,0.0,2.0,2.0,100.0,0.0,75.0,0.0,5.0,4.0,0.0,0.0,0.0,0.0,0.0,2.0,0.0,4.0,2.0,1.0,2.0,1.0,0.0,0.0,2.0,2.0,44.0,25.0,2.0,16.0,1.0,0.0,0.0,37.0,17.0,2.0,12.0,3.0,2.0,0.0,Sunday,993004981,31,1,18909.0,-23.0,0,-2.0,0.625,0.0,0.2017392169743051,0.6024096385542169,0.4232776004528248,-0.0111900227129808,0.3392203518248319,0.5662650602409639,0.554889500553921,0.1307026567131591,19.0,27.0,-8.0,346.6666666666667,374.0,-1.333,0.42,0.2,365.0,389.0,6.0,0.0109648041675803,0.483716378117512,0.0748788323500695,-0.1027202233005039,0.1609894954697917,0.5304216867469879,0.1773964381077101,0.0648523541163828,0.0168677004810311,0.1118230970530911,9.0,-7.0,0.0,0.4,44.333333333333314,737.6666666666667,-54.0,694.0,-12.0,718.0,-34.0,744.0,1.0,13.0,0.067762498264563,-0.11410115491143108
202411810.0,2025-01-05T16:25:00,1,2024,18,DEN,KC,HOME,38.0,0.0,38.0,Empower Field at Mile High,14.0,10.0,7.0,7.0,0.0,26.0,57.0,41:49,19.0,9.0,10.0,0.0,60.0,329.0,5.5,3.0,27.0,123.0,4.6,0.0,31.0,24.0,206.0,3.0,1.0,6.6,8.6,77.4,113.1,12.0,4.0,33.3,1.0,1.0,100.0,2.0,1.0,0.0,0.0,7.0,35.0,2.0,0.0,2.0,13.0,15.0,6.0,4.0,166.0,41.5,1.0,1.0,0.0,0.0,0.0,0.0,0.0,0.0,41.0,56.0,18:11,34.0,6.0,23.0,5.0,84.0,499.0,5.9,4.0,28.0,115.0,4.1,1.0,49.0,39.0,384.0,3.0,0.0,7.8,9.8,79.6,119.73,13.0,7.0,53.8,3.0,1.0,33.3,7.0,4.0,0.0,0.0,3.0,15.0,1.0,1.0,7.0,28.0,4.0,5.0,1.0,47.0,47.0,1.0,1.0,0.0,50.0,0.0,57.1,0.0,3.0,3.0,0.0,0.0,0.0,0.0,0.0,1.0,1.0,3.0,3.0,0.0,0.0,0.0,0.0,0.0,2.0,1.0,55.0,33.0,7.0,28.0,2.0,1.0,1.0,38.0,25.0,2.0,13.0,2.0,2.0,0.0,Sunday,993004988,10,16,18937.0,38.0,1,0.0,0.333,0.0,0.1169425176137824,0.4729729729729729,0.245635838839262,0.0343202021543956,0.1181522603601287,0.5660377358490566,0.3380496313941718,-0.2250152806648164,27.3,25.7,1.7,292.3333333333333,396.3333333333333,1.0,0.357,0.6,387.0,311.0,9.0,0.0228951558200786,0.4540035349941642,0.0437769301181741,-0.0373647339529133,-0.0172733969612617,0.4874111293409899,0.1220586952405746,-0.2799171947040538,0.0485901209142502,-0.0312958256709327,202411810.0,2025-01-05T16:25:00,1,2024,18,KC,DEN,AWAY,0.0,38.0,38.0,Empower Field at Mile High,0.0,0.0,0.0,0.0,0.0,28.0,38.0,18:11,20.0,4.0,16.0,0.0,58.0,389.0,6.7,4.0,20.0,69.0,3.4,1.0,38.0,29.0,320.0,3.0,0.0,8.4,11.0,76.3,127.08,10.0,3.0,30.0,1.0,1.0,100.0,5.0,4.0,0.0,0.0,9.0,90.0,1.0,0.0,0.0,0.0,9.0,6.0,5.0,269.0,53.8,0.0,2.0,2.0,14.0,10.0,7.0,7.0,0.0,31.0,22.0,41:49,23.0,13.0,9.0,1.0,73.0,364.0,5.0,1.0,31.0,202.0,6.5,1.0,37.0,23.0,162.0,0.0,1.0,4.4,7.0,62.2,60.87,16.0,8.0,50.0,1.0,0.0,0.0,4.0,1.0,0.0,0.0,4.0,25.0,2.0,1.0,5.0,43.0,2.0,2.0,4.0,178.0,44.5,2.0,0.0,-2.0,80.0,0.0,25.0,0.0,3.0,2.0,0.0,2.0,0.0,0.0,0.0,1.0,1.0,1.0,1.0,0.0,0.0,0.0,0.0,0.0,1.0,1.0,44.0,27.0,5.0,43.0,8.0,2.0,1.0,38.0,16.0,0.0,0.0,5.0,1.0,0.0,Sunday,993004987,16,10,18919.0,-38.0,0,2.0,0.3,0.0,0.191599822847571,0.5,0.4134156258030516,-0.0928706437637294,-0.1300116627789917,0.4565217391304347,-0.2274484615909572,0.0347107727843999,25.7,12.0,13.7,358.3333333333333,313.6666666666667,3.333,0.409,1.0,385.0,288.0,15.0,0.0725878226182122,0.4785136501516683,0.2304870498425173,-0.1274994554422783,-0.1367136185325287,0.4410628019323672,-0.2364058348388443,-0.0835761011558657,0.0549337826772595,-0.0769881105447658,-12.0,15.399999999999999,-0.4,1.6,-66.0,650.6666666666666,82.66666666666663,710.0,2.0,772.0,23.0,599.0,-6.0,24.0,-0.0496926667981336,0.11944022157126699
202411825.0,2025-01-05T16:25:00,1,2024,18,LV,LAC,HOME,20.0,34.0,54.0,Allegiant Stadium,3.0,7.0,3.0,7.0,0.0,37.0,50.0,21:02,22.0,7.0,14.0,1.0,74.0,388.0,5.2,2.0,38.0,156.0,4.1,0.0,35.0,20.0,232.0,2.0,0.0,6.6,11.6,57.1,96.37,18.0,10.0,55.6,0.0,0.0,0.0,4.0,2.0,0.0,0.0,3.0,20.0,0.0,0.0,1.0,10.0,7.0,3.0,4.0,198.0,49.5,0.0,2.0,2.0,3.0,14.0,3.0,14.0,0.0,22.0,10.0,38:58,13.0,4.0,8.0,1.0,53.0,269.0,5.1,1.0,13.0,81.0,6.2,0.0,36.0,20.0,188.0,1.0,2.0,5.2,9.4,55.6,56.25,10.0,1.0,10.0,1.0,1.0,100.0,1.0,0.0,0.0,0.0,10.0,85.0,2.0,0.0,4.0,30.0,2.0,3.0,7.0,330.0,47.1,2.0,0.0,-2.0,50.0,0.0,0.0,0.0,2.0,1.0,1.0,0.0,0.0,0.0,0.0,4.0,4.0,1.0,1.0,0.0,0.0,0.0,0.0,0.0,1.0,1.0,23.0,27.0,4.0,30.0,9.0,2.0,0.0,45.0,27.0,1.0,10.0,4.0,0.0,0.0,Sunday,993004986,25,29,18915.0,-14.0,0,2.0,0.556,0.0,0.0504398101436724,0.4444444444444444,0.2913416441566347,-0.0960876748835115,-0.2424438447680934,0.4050632911392405,-0.3400015212391169,-0.2535876435621713,17.7,13.0,4.7,317.0,279.3333333333333,0.667,0.376,0.4,289.0,400.0,4.0,-0.1235264661332988,0.4121933399041833,0.0405633071881799,-0.2816222963330296,-0.2228979441878458,0.3600562587904359,-0.2843146840763504,-0.2128422096004139,-0.1113540508279014,-0.1280517945804318,202411825.0,2025-01-05T16:25:00,1,2024,18,LAC,LV,AWAY,34.0,20.0,54.0,Allegiant Stadium,3.0,14.0,3.0,14.0,0.0,40.0,34.0,38:58,29.0,10.0,16.0,3.0,77.0,428.0,5.6,4.0,37.0,147.0,4.0,1.0,40.0,26.0,281.0,3.0,0.0,7.0,10.8,65.0,110.52,17.0,10.0,58.8,2.0,2.0,100.0,4.0,2.0,0.0,0.0,6.0,54.0,0.0,0.0,0.0,0.0,5.0,7.0,2.0,92.0,46.0,0.0,1.0,1.0,3.0,7.0,3.0,7.0,0.0,19.0,26.0,21:02,11.0,4.0,4.0,3.0,48.0,181.0,3.8,1.0,20.0,96.0,4.8,0.0,24.0,13.0,85.0,1.0,0.0,3.5,6.5,54.2,75.87,10.0,2.0,20.0,3.0,0.0,0.0,0.0,0.0,0.0,0.0,7.0,60.0,1.0,1.0,4.0,30.0,4.0,1.0,4.0,220.0,55.0,1.0,0.0,-1.0,50.0,0.0,0.0,0.0,4.0,4.0,0.0,0.0,0.0,0.0,0.0,4.0,4.0,1.0,1.0,0.0,0.0,0.0,0.0,0.0,0.0,0.0,31.0,12.0,4.0,30.0,3.0,0.0,1.0,38.0,45.0,0.0,0.0,1.0,0.0,0.0,Sunday,993004985,29,25,18939.0,14.0,1,1.0,0.588,0.0,0.2496534157420755,0.5531914893617021,0.47926965713065,0.0613714739864253,-0.282061300387923,0.4626865671641791,-0.3263527925362148,-0.7481042996514589,30.3,24.7,5.7,338.0,347.3333333333333,0.0,0.363,0.6,368.0,281.0,10.0,0.0801709193234016,0.5159447821681863,0.2192466783880992,-0.1301436015992621,0.0194121098674981,0.5110443530046437,0.1163321869212327,-0.2476695703688711,0.0356423040630846,-0.0038105872849619,-1.0,10.4,-0.19999999999999996,1.0,-21.0,655.0,-68.0,626.6666666666666,-79.0,657.0,119.0,681.0,-6.0,14.0,-0.2036973854567004,-0.24231005405534392
202411824.0,2025-01-05T16:25:00,1,2024,18,NYJ,MIA,HOME,32.0,20.0,52.0,MetLife Stadium,0.0,15.0,3.0,14.0,0.0,28.0,43.0,27:56,20.0,9.0,9.0,2.0,57.0,281.0,4.9,2.0,21.0,112.0,5.3,0.0,32.0,23.0,169.0,2.0,2.0,5.3,7.3,71.9,78.78,9.0,4.0,44.4,1.0,0.0,0.0,2.0,1.0,0.0,0.0,16.0,120.0,2.0,1.0,4.0,26.0,3.0,5.0,3.0,143.0,47.7,3.0,0.0,-3.0,6.0,0.0,0.0,14.0,0.0,31.0,17.0,32:04,23.0,7.0,10.0,6.0,62.0,348.0,5.6,5.0,34.0,97.0,2.9,2.0,28.0,17.0,251.0,3.0,0.0,9.0,14.8,60.7,125.74,14.0,8.0,57.1,1.0,0.0,0.0,3.0,3.0,0.0,0.0,7.0,60.0,0.0,0.0,0.0,0.0,7.0,8.0,3.0,137.0,45.7,0.0,3.0,3.0,50.0,0.0,100.0,0.0,0.0,0.0,0.0,3.0,1.0,0.0,0.0,0.0,0.0,5.0,5.0,0.0,0.0,0.0,0.0,0.0,1.0,1.0,39.0,23.0,0.0,0.0,5.0,0.0,0.0,37.0,24.0,4.0,26.0,3.0,1.0,1.0,Sunday,993004980,24,19,18912.0,12.0,1,-3.0,0.444,0.0,-0.1919044734604509,0.4736842105263157,-0.2124346525077481,-0.1834025396833154,0.1503066945659797,0.5058823529411764,0.515647059577739,-0.256529527691929,18.3,28.0,-9.7,334.0,337.0,-0.667,0.41,0.2,306.0,384.0,4.0,-0.0073766978839712,0.4633022429491449,0.0974010905189156,-0.1100530051595293,0.118533486633857,0.5145064669625009,0.2853552315401424,-0.0469959719958339,0.0092891192290631,0.109213744369366,202411824.0,2025-01-05T16:25:00,1,2024,18,MIA,NYJ,AWAY,20.0,32.0,52.0,MetLife Stadium,6.0,0.0,0.0,14.0,0.0,30.0,41.0,32:04,18.0,4.0,12.0,2.0,57.0,280.0,4.9,2.0,27.0,74.0,2.7,1.0,26.0,22.0,206.0,1.0,0.0,7.9,9.4,84.6,112.5,11.0,2.0,18.2,1.0,0.0,0.0,2.0,2.0,0.0,0.0,11.0,94.0,1.0,0.0,4.0,19.0,6.0,4.0,7.0,307.0,43.9,0.0,2.0,2.0,0.0,15.0,3.0,14.0,0.0,29.0,19.0,27:56,18.0,8.0,7.0,3.0,76.0,276.0,3.6,0.0,28.0,114.0,4.1,0.0,47.0,24.0,162.0,0.0,1.0,3.4,6.8,51.1,50.13,17.0,7.0,41.2,4.0,0.0,0.0,3.0,0.0,0.0,0.0,9.0,84.0,1.0,1.0,1.0,8.0,8.0,12.0,5.0,250.0,50.0,2.0,0.0,-2.0,100.0,0.0,0.0,0.0,2.0,2.0,0.0,0.0,0.0,0.0,0.0,2.0,2.0,0.0,0.0,0.0,0.0,0.0,0.0,0.0,1.0,1.0,38.0,28.0,1.0,8.0,5.0,1.0,1.0,39.0,28.0,4.0,19.0,0.0,0.0,0.0,Sunday,993004979,19,24,18910.0,-12.0,0,2.0,0.182,0.0,-0.0773930735773419,0.4,0.2208883729496158,-0.71813323807631,-0.288028893022388,0.3804347826086957,-0.4940909593190322,-0.1052980153537334,20.3,13.3,7.0,295.0,277.0,0.0,0.274,0.6,325.0,332.0,8.0,-0.016342146285562,0.4816265060240963,0.041687837069553,-0.2769500889161234,-0.1305295476465623,0.4492851990294444,-0.199347413089626,-0.1118479458133962,0.0508998325651626,0.0178131858907343,-16.7,-2.6999999999999993,-0.39999999999999997,0.8,39.0,629.0,60.0,614.0,-19.0,631.0,52.0,716.0,-4.0,12.0,0.0089654484015908,0.24906303428041932
202411811.0,2025-01-05T20:20:00,1,2024,18,DET,MIN,HOME,31.0,9.0,40.0,Ford Field,7.0,3.0,7.0,14.0,0.0,34.0,52.0,36:12,23.0,7.0,16.0,0.0,69.0,439.0,6.4,5.0,33.0,152.0,4.6,2.0,34.0,26.0,287.0,3.0,0.0,8.4,11.0,76.5,130.39,14.0,9.0,64.3,3.0,2.0,66.7,4.0,3.0,0.0,0.0,6.0,57.0,0.0,0.0,2.0,16.0,6.0,2.0,0.0,0.0,0.0,0.0,2.0,2.0,0.0,6.0,3.0,0.0,0.0,25.0,8.0,23:48,29.0,7.0,19.0,3.0,60.0,475.0,7.9,5.0,18.0,75.0,4.2,2.0,40.0,30.0,400.0,3.0,2.0,10.0,13.3,75.0,110.42,8.0,5.0,62.5,1.0,1.0,100.0,5.0,5.0,0.0,0.0,5.0,30.0,2.0,0.0,2.0,12.0,4.0,7.0,0.0,0.0,0.0,2.0,0.0,-2.0,75.0,0.0,100.0,0.0,4.0,2.0,1.0,2.0,1.0,0.0,0.0,2.0,2.0,5.0,4.0,0.0,0.0,0.0,0.0,0.0,2.0,0.0,37.0,17.0,2.0,12.0,3.0,2.0,0.0,44.0,25.0,2.0,16.0,1.0,0.0,0.0,Sunday,993004990,11,20,18909.0,22.0,1,2.0,0.643,0.0,0.3392203518248319,0.5662650602409639,0.554889500553921,0.1307026567131591,0.2017392169743051,0.6024096385542169,0.4232776004528248,-0.0111900227129808,38.7,33.0,5.7,478.3333333333333,472.0,1.0,0.563,0.8,533.0,333.0,14.0,0.2672756883296859,0.5639888397585854,0.4514383805747481,0.0042212913249426,0.1876928291506695,0.5574297188755021,0.4127035598234935,-0.1727473698759803,0.1873391762925681,0.138302120070038,202411811.0,2025-01-05T20:20:00,1,2024,18,MIN,DET,AWAY,9.0,31.0,40.0,Ford Field,0.0,6.0,3.0,0.0,0.0,35.0,30.0,23:48,26.0,4.0,20.0,2.0,70.0,441.0,6.3,3.0,26.0,69.0,2.7,0.0,43.0,33.0,372.0,3.0,1.0,8.7,11.3,76.7,115.65,12.0,6.0,50.0,0.0,0.0,0.0,4.0,2.0,0.0,0.0,7.0,47.0,1.0,0.0,1.0,5.0,8.0,2.0,2.0,71.0,35.5,1.0,1.0,0.0,7.0,3.0,7.0,14.0,0.0,24.0,30.0,36:12,17.0,4.0,11.0,2.0,57.0,271.0,4.8,3.0,24.0,104.0,4.3,2.0,30.0,19.0,167.0,1.0,0.0,5.6,8.8,63.3,89.17,14.0,8.0,57.1,1.0,0.0,0.0,4.0,3.0,0.0,0.0,7.0,51.0,2.0,1.0,3.0,18.0,4.0,8.0,4.0,169.0,42.2,1.0,1.0,0.0,50.0,0.0,75.0,0.0,3.0,3.0,0.0,0.0,0.0,0.0,0.0,4.0,2.0,2.0,2.0,0.0,2.0,1.0,0.0,0.0,1.0,1.0,32.0,26.0,3.0,18.0,2.0,2.0,1.0,45.0,20.0,1.0,5.0,5.0,0.0,0.0,Sunday,993004989,20,11,18914.0,-22.0,0,0.0,0.5,0.0,-0.0269631628096116,0.5054945054945055,0.2630653679944101,-0.2606426532349913,-0.033456176692641,0.5064935064935064,0.0404712693185816,-0.1767215891205705,28.0,20.3,7.7,356.0,305.3333333333333,0.667,0.417,1.0,423.0,301.0,14.0,0.0480828329770137,0.5126114637845772,0.2187422835967184,-0.1774180385049488,-0.0556015049823619,0.4862528501473734,-0.0468376917003615,-0.1728508844888433,0.0907071172865018,-0.028543181342576,-2.0,13.4,-0.19999999999999996,1.8,122.33333333333331,834.3333333333333,166.66666666666669,777.3333333333333,110.0,956.0,32.0,634.0,0.0,28.0,0.2191928553526722,0.24329433413303142
,,1,2024,19,BAL,CLE,HOME,,,,M&T Bank Stadium,,,,,,31.0,40.0,31:40,20.0,8.0,12.0,0.0,67.0,437.0,6.5,5.0,35.0,220.0,6.3,2.0,32.0,16.0,217.0,2.0,0.0,6.8,13.6,50.0,92.84,14.0,7.0,50.0,3.0,0.0,0.0,4.0,3.0,0.0,0.0,10.0,83.0,0.0,0.0,0.0,0.0,3.0,3.0,4.0,179.0,44.8,0.0,2.0,2.0,,,,,,28.0,20.0,28:20,13.0,1.0,9.0,3.0,55.0,230.0,4.2,1.0,19.0,56.0,2.9,0.0,34.0,18.0,174.0,1.0,2.0,5.1,9.7,52.9,52.82,12.0,4.0,33.3,2.0,0.0,0.0,3.0,1.0,0.0,0.0,3.0,20.0,0.0,0.0,2.0,9.0,5.0,3.0,5.0,216.0,43.2,2.0,0.0,-2.0,75.0,0.0,33.3,0.0,5.0,5.0,0.0,0.0,0.0,0.0,0.0,0.0,0.0,1.0,1.0,0.0,0.0,0.0,0.0,0.0,1.0,1.0,27.0,23.0,2.0,9.0,6.0,0.0,0.0,40.0,15.0,0.0,0.0,4.0,0.0,0.0,Saturday,993004960,3,8,18922.0,,1,2.0,0.5,0.0,0.0931439536019638,0.4588235294117647,0.1453883611623161,0.1080268907751287,-0.2553753412880414,0.3421052631578947,-0.3330016786221144,-0.3806726686957785,33.3,9.7,23.7,429.0,252.0,1.333,0.448,0.8,518.0,361.0,12.0,0.1723342104364829,0.5276848538458445,0.3499096882469572,0.1159775247529712,-0.2036222154914485,0.4007261744103849,-0.3356176340496017,-0.2198299466971306,0.1555456265000663,-0.1206041063961825,,,1,2024,19,CLE,BAL,AWAY,,,,M&T Bank Stadium,,,,,,28.0,20.0,28:20,13.0,1.0,9.0,3.0,55.0,230.0,4.2,1.0,19.0,56.0,2.9,0.0,34.0,18.0,174.0,1.0,2.0,5.1,9.7,52.9,52.82,12.0,4.0,33.3,2.0,0.0,0.0,3.0,1.0,0.0,0.0,3.0,20.0,0.0,0.0,2.0,9.0,5.0,3.0,5.0,216.0,43.2,2.0,0.0,-2.0,,,,,,31.0,40.0,31:40,20.0,8.0,12.0,0.0,67.0,437.0,6.5,5.0,35.0,220.0,6.3,2.0,32.0,16.0,217.0,2.0,0.0,6.8,13.6,50.0,92.84,14.0,7.0,50.0,3.0,0.0,0.0,4.0,3.0,0.0,0.0,10.0,83.0,0.0,0.0,0.0,0.0,3.0,3.0,4.0,179.0,44.8,0.0,2.0,2.0,33.3,0.0,75.0,0.0,1.0,1.0,0.0,0.0,0.0,0.0,0.0,1.0,1.0,5.0,5.0,0.0,0.0,0.0,0.0,0.0,0.0,0.0,40.0,15.0,0.0,0.0,4.0,0.0,0.0,27.0,23.0,2.0,9.0,6.0,0.0,0.0,Saturday,993004959,8,3,18922.0,,0,-2.0,0.333,0.0,-0.2553753412880414,0.3421052631578947,-0.3330016786221144,-0.3806726686957785,0.0931439536019638,0.4588235294117647,0.1453883611623161,0.1080268907751287,6.3,26.3,-20.0,259.6666666666667,347.6666666666667,-2.0,0.332,0.0,258.0,435.0,3.0,-0.2539232463380299,0.3577297988053136,-0.3664455471942058,-0.197479437827707,0.0166376280873274,0.4719887955182073,0.1626342126007214,-0.170135901999142,-0.256056200765671,-0.0116169810358967,43.7,3.6999999999999993,0.8,0.8,169.33333333333331,688.6666666666667,-95.66666666666669,599.6666666666667,260.0,776.0,-74.0,796.0,9.0,15.0,0.42625745677451277,-0.2202598435787759
,,1,2024,19,GB,CHI,HOME,,,,Lambeau Field,,,,,,30.0,56.0,30:56,20.0,13.0,7.0,0.0,61.0,367.0,6.0,2.0,33.0,183.0,5.5,2.0,25.0,17.0,184.0,0.0,0.0,7.4,10.8,68.0,89.42,10.0,3.0,30.0,1.0,0.0,0.0,3.0,1.0,0.0,0.0,5.0,45.0,4.0,2.0,3.0,21.0,2.0,7.0,3.0,133.0,44.3,2.0,2.0,0.0,,,,,,29.0,4.0,29:04,16.0,5.0,10.0,1.0,57.0,224.0,3.9,3.0,26.0,83.0,3.2,1.0,30.0,21.0,141.0,1.0,1.0,4.7,6.7,70.0,77.22,14.0,7.0,50.0,1.0,1.0,100.0,1.0,1.0,0.0,0.0,7.0,45.0,2.0,1.0,1.0,7.0,7.0,6.0,6.0,254.0,42.3,2.0,2.0,0.0,33.3,0.0,100.0,0.0,1.0,1.0,0.0,2.0,0.0,0.0,0.0,3.0,3.0,3.0,3.0,0.0,0.0,0.0,0.0,0.0,1.0,1.0,32.0,27.0,1.0,7.0,1.0,1.0,1.0,38.0,36.0,3.0,21.0,4.0,3.0,2.0,Sunday,993004978,12,6,18926.0,,0,0.0,0.3,0.0,-0.1694994270014164,0.4487179487179487,-0.2138879775516511,-0.0304199559534662,-0.1301595706977752,0.3950617283950617,-0.194240056959513,-0.1650130349041249,27.0,17.0,10.0,347.3333333333333,287.0,0.667,0.444,0.4,460.0,338.0,11.0,0.015459598268584,0.4890387390387389,0.0098728782287447,0.0353910273522478,-0.1418702096285436,0.4192330303441414,-0.1016033034698159,-0.2236467222883077,0.0499908294825069,-0.1083873561629232,,,1,2024,19,CHI,GB,AWAY,,,,Lambeau Field,,,,,,29.0,4.0,29:04,16.0,5.0,10.0,1.0,57.0,224.0,3.9,3.0,26.0,83.0,3.2,1.0,30.0,21.0,141.0,1.0,1.0,4.7,6.7,70.0,77.22,14.0,7.0,50.0,1.0,1.0,100.0,1.0,1.0,0.0,0.0,7.0,45.0,2.0,1.0,1.0,7.0,7.0,6.0,6.0,254.0,42.3,2.0,2.0,0.0,,,,,,30.0,56.0,30:56,20.0,13.0,7.0,0.0,61.0,367.0,6.0,2.0,33.0,183.0,5.5,2.0,25.0,17.0,184.0,0.0,0.0,7.4,10.8,68.0,89.42,10.0,3.0,30.0,1.0,0.0,0.0,3.0,1.0,0.0,0.0,5.0,45.0,4.0,2.0,3.0,21.0,2.0,7.0,3.0,133.0,44.3,2.0,2.0,0.0,100.0,0.0,33.3,0.0,3.0,3.0,0.0,0.0,0.0,0.0,0.0,1.0,1.0,1.0,1.0,0.0,2.0,0.0,0.0,0.0,3.0,3.0,38.0,36.0,3.0,21.0,4.0,3.0,2.0,32.0,27.0,1.0,7.0,1.0,1.0,1.0,Sunday,993004977,6,12,18926.0,,1,0.0,0.5,0.0,-0.1301595706977752,0.3950617283950617,-0.194240056959513,-0.1650130349041249,-0.1694994270014164,0.4487179487179487,-0.2138879775516511,-0.0304199559534662,14.7,20.7,-6.0,261.6666666666667,369.0,-0.667,0.344,0.2,310.0,370.0,5.0,-0.0947030915400916,0.4189443794530809,-0.0643571041511451,-0.3669417214969423,0.0014555720900136,0.4940299540993986,0.0092248526844283,0.0054972746861465,-0.1048796631830415,0.0715492962880772,16.0,4.0,0.2,0.6000000000000001,85.66666666666663,609.0,-82.0,656.0,150.0,770.0,-32.0,708.0,6.0,16.0,0.1101626898086756,-0.1433257817185572
,,1,2024,19,DAL,WAS,HOME,,,,AT&T Stadium,,,,,,37.0,3.0,37:03,23.0,9.0,12.0,2.0,75.0,378.0,5.0,1.0,39.0,150.0,3.8,1.0,34.0,20.0,228.0,0.0,0.0,6.7,11.4,58.8,79.04,17.0,7.0,41.2,2.0,1.0,50.0,6.0,1.0,0.0,0.0,11.0,67.0,0.0,0.0,2.0,16.0,8.0,6.0,4.0,198.0,49.5,0.0,1.0,1.0,,,,,,22.0,57.0,22:57,18.0,6.0,11.0,1.0,55.0,269.0,4.9,3.0,18.0,113.0,6.3,1.0,31.0,21.0,156.0,2.0,0.0,5.0,7.4,67.7,101.01,13.0,6.0,46.2,1.0,1.0,100.0,3.0,3.0,0.0,0.0,5.0,55.0,1.0,1.0,6.0,43.0,2.0,8.0,5.0,238.0,47.6,1.0,0.0,-1.0,16.7,0.0,100.0,0.0,1.0,1.0,0.0,0.0,0.0,0.0,0.0,4.0,4.0,2.0,2.0,0.0,2.0,0.0,0.0,0.0,1.0,1.0,37.0,14.0,6.0,43.0,3.0,0.0,1.0,45.0,34.0,2.0,16.0,7.0,0.0,0.0,Sunday,993004964,9,35,18923.0,,0,1.0,0.412,0.0,0.0424229663978363,0.44,0.0561890625039395,-0.0549422013560323,0.1024881073286178,0.5205479452054794,0.0243112437317936,0.2531444238227171,17.3,29.3,-12.0,321.0,351.6666666666667,-0.333,0.391,0.4,350.0,468.0,7.0,-0.0541586598024777,0.4268614718614718,-0.0323191667281799,-0.2477078893355551,0.117389295675695,0.5362779685281543,0.2272146165618341,0.1815138012469553,0.0098580675488255,0.0774739518450412,,,1,2024,19,WAS,DAL,AWAY,,,,AT&T Stadium,,,,,,22.0,57.0,22:57,18.0,6.0,11.0,1.0,55.0,269.0,4.9,3.0,18.0,113.0,6.3,1.0,31.0,21.0,156.0,2.0,0.0,5.0,7.4,67.7,101.01,13.0,6.0,46.2,1.0,1.0,100.0,3.0,3.0,0.0,0.0,5.0,55.0,1.0,1.0,6.0,43.0,2.0,8.0,5.0,238.0,47.6,1.0,0.0,-1.0,,,,,,37.0,3.0,37:03,23.0,9.0,12.0,2.0,75.0,378.0,5.0,1.0,39.0,150.0,3.8,1.0,34.0,20.0,228.0,0.0,0.0,6.7,11.4,58.8,79.04,17.0,7.0,41.2,2.0,1.0,50.0,6.0,1.0,0.0,0.0,11.0,67.0,0.0,0.0,2.0,16.0,8.0,6.0,4.0,198.0,49.5,0.0,1.0,1.0,100.0,0.0,16.7,0.0,2.0,2.0,0.0,2.0,0.0,0.0,0.0,1.0,1.0,1.0,1.0,0.0,0.0,0.0,0.0,0.0,4.0,4.0,45.0,34.0,2.0,16.0,7.0,0.0,0.0,37.0,14.0,6.0,43.0,3.0,0.0,1.0,Sunday,993004963,35,9,18923.0,,1,-1.0,0.462,0.0,0.1024881073286178,0.5205479452054794,0.0243112437317936,0.2531444238227171,0.0424229663978363,0.44,0.0561890625039395,-0.0549422013560323,29.7,25.3,4.3,349.6666666666667,351.0,-1.333,0.487,1.0,485.0,391.0,12.0,0.0988576108698006,0.5062143944335725,0.1493591032069393,-0.1152488355305663,0.0833800029766141,0.4847043010752688,0.0845667659397568,0.0870001930992923,0.0963383260259099,0.0223532237366834,-16.3,-7.7,-0.6,1.4,-28.666666666666686,670.6666666666667,0.6666666666666856,702.6666666666667,-135.0,835.0,77.0,859.0,-5.0,19.0,-0.1530162706722783,0.0340092926990809
,,1,2024,19,PIT,CIN,HOME,,,,Acrisure Stadium,,,,,,22.0,0.0,22:00,16.0,6.0,8.0,2.0,58.0,193.0,3.3,2.0,23.0,74.0,3.2,1.0,31.0,17.0,119.0,1.0,0.0,3.8,7.0,54.8,74.53,12.0,4.0,33.3,2.0,0.0,0.0,2.0,2.0,0.0,0.0,3.0,20.0,2.0,1.0,4.0,29.0,5.0,7.0,5.0,213.0,42.6,1.0,2.0,1.0,,,,,,38.0,0.0,38:00,21.0,5.0,15.0,1.0,71.0,314.0,4.4,1.0,21.0,68.0,3.2,0.0,46.0,37.0,246.0,1.0,1.0,5.3,6.6,80.4,87.14,13.0,5.0,38.5,1.0,0.0,0.0,4.0,1.0,0.0,0.0,6.0,25.0,3.0,1.0,4.0,31.0,8.0,6.0,3.0,146.0,48.7,2.0,1.0,-1.0,100.0,0.0,25.0,0.0,2.0,2.0,0.0,0.0,0.0,0.0,0.0,1.0,1.0,1.0,1.0,0.0,0.0,0.0,0.0,0.0,4.0,4.0,49.0,24.0,4.0,31.0,6.0,2.0,1.0,32.0,23.0,4.0,29.0,5.0,1.0,1.0,Saturday,993004962,28,7,18934.0,,0,1.0,0.333,0.0,-0.0026877750385884,0.4342105263157895,-0.0478109542497286,-0.2641092471908667,0.0584442039957955,0.5280898876404494,-0.0182112909253741,-0.0026017743706082,14.7,27.3,-12.7,290.6666666666667,373.6666666666667,-0.667,0.411,0.2,380.0,347.0,10.0,-0.0717396159135955,0.4550304132683995,-0.1845318767338978,-0.0804092499459864,0.1392330396632118,0.5288438153606693,0.2443613961038616,-0.0116181622570676,-0.0658685529256062,0.0699291670903617,,,1,2024,19,CIN,PIT,AWAY,,,,Acrisure Stadium,,,,,,38.0,0.0,38:00,21.0,5.0,15.0,1.0,71.0,314.0,4.4,1.0,21.0,68.0,3.2,0.0,46.0,37.0,246.0,1.0,1.0,5.3,6.6,80.4,87.14,13.0,5.0,38.5,1.0,0.0,0.0,4.0,1.0,0.0,0.0,6.0,25.0,3.0,1.0,4.0,31.0,8.0,6.0,3.0,146.0,48.7,2.0,1.0,-1.0,,,,,,22.0,0.0,22:00,16.0,6.0,8.0,2.0,58.0,193.0,3.3,2.0,23.0,74.0,3.2,1.0,31.0,17.0,119.0,1.0,0.0,3.8,7.0,54.8,74.53,12.0,4.0,33.3,2.0,0.0,0.0,2.0,2.0,0.0,0.0,3.0,20.0,2.0,1.0,4.0,29.0,5.0,7.0,5.0,213.0,42.6,1.0,2.0,1.0,25.0,0.0,100.0,0.0,1.0,1.0,0.0,0.0,0.0,0.0,0.0,4.0,4.0,2.0,2.0,0.0,0.0,0.0,0.0,0.0,1.0,1.0,32.0,23.0,4.0,29.0,5.0,1.0,1.0,49.0,24.0,4.0,31.0,6.0,2.0,1.0,Saturday,993004961,7,28,18934.0,,1,-1.0,0.385,0.0,0.0584442039957955,0.5280898876404494,-0.0182112909253741,-0.0026017743706082,-0.0026877750385884,0.4342105263157895,-0.0478109542497286,-0.2641092471908667,24.3,15.7,8.7,379.6666666666667,265.0,0.333,0.429,1.0,472.0,434.0,9.0,0.0702528228644282,0.550423493544121,0.14715474805301,-0.0426394712438898,-0.0347035873761555,0.4192776166460377,-0.0248063730173124,-0.1120855581566935,0.0882446507868415,-0.0218477411293983,-21.4,-4.0,-0.8,1.2,-89.0,670.3333333333334,108.66666666666669,638.6666666666667,-92.0,852.0,-87.0,781.0,1.0,19.0,-0.1419924387780237,0.1739366270393673
,,1,2024,19,IND,JAX,HOME,,,,Lucas Oil Stadium,,,,,,35.0,58.0,35:58,24.0,12.0,11.0,1.0,77.0,429.0,5.6,2.0,34.0,177.0,5.2,1.0,40.0,23.0,252.0,1.0,0.0,6.3,11.0,57.5,84.58,15.0,5.0,33.3,1.0,0.0,0.0,3.0,1.0,0.0,0.0,3.0,15.0,0.0,0.0,3.0,12.0,5.0,4.0,4.0,200.0,50.0,0.0,1.0,1.0,,,,,,30.0,51.0,30:51,19.0,9.0,10.0,0.0,68.0,319.0,4.7,3.0,34.0,113.0,3.3,2.0,32.0,20.0,206.0,1.0,1.0,6.4,10.3,62.5,78.39,14.0,5.0,35.7,1.0,0.0,0.0,3.0,2.0,0.0,0.0,4.0,57.0,1.0,0.0,2.0,19.0,5.0,3.0,4.0,200.0,50.0,1.0,0.0,-1.0,33.3,0.0,66.7,0.0,2.0,2.0,0.0,0.0,0.0,0.0,0.0,5.0,4.0,2.0,2.0,0.0,0.0,0.0,0.0,0.0,3.0,3.0,42.0,32.0,2.0,19.0,4.0,1.0,0.0,45.0,35.0,3.0,12.0,6.0,0.0,0.0,Sunday,993004976,14,15,18927.0,,1,1.0,0.333,0.0,0.0482849680456498,0.5454545454545454,-0.0139041211148642,0.1347453375552397,0.0562693767062604,0.4719101123595505,0.0610411617026897,-0.0538375785613122,32.3,32.7,-0.3,444.3333333333333,338.3333333333333,0.0,0.468,0.6,377.0,427.0,8.0,0.0867261699508801,0.5353600087001779,0.1144405088142506,0.0885533066345546,0.1209576014355012,0.4840292764597908,0.4559800308210761,-0.1775145939585858,-0.0008286181398287,0.0517634626623443,,,1,2024,19,JAX,IND,AWAY,,,,Lucas Oil Stadium,,,,,,30.0,51.0,30:51,19.0,9.0,10.0,0.0,68.0,319.0,4.7,3.0,34.0,113.0,3.3,2.0,32.0,20.0,206.0,1.0,1.0,6.4,10.3,62.5,78.39,14.0,5.0,35.7,1.0,0.0,0.0,3.0,2.0,0.0,0.0,4.0,57.0,1.0,0.0,2.0,19.0,5.0,3.0,4.0,200.0,50.0,1.0,0.0,-1.0,,,,,,35.0,58.0,35:58,24.0,12.0,11.0,1.0,77.0,429.0,5.6,2.0,34.0,177.0,5.2,1.0,40.0,23.0,252.0,1.0,0.0,6.3,11.0,57.5,84.58,15.0,5.0,33.3,1.0,0.0,0.0,3.0,1.0,0.0,0.0,3.0,15.0,0.0,0.0,3.0,12.0,5.0,4.0,4.0,200.0,50.0,0.0,1.0,1.0,66.7,0.0,33.3,0.0,2.0,2.0,0.0,0.0,0.0,0.0,0.0,3.0,3.0,2.0,2.0,0.0,0.0,0.0,0.0,0.0,5.0,4.0,45.0,35.0,3.0,12.0,6.0,0.0,0.0,42.0,32.0,2.0,19.0,4.0,1.0,0.0,Sunday,993004975,15,14,18927.0,,0,-1.0,0.357,0.0,0.0562693767062604,0.4719101123595505,0.0610411617026897,-0.0538375785613122,0.0482849680456498,0.5454545454545454,-0.0139041211148642,0.1347453375552397,19.0,19.3,-0.3,307.3333333333333,360.0,-0.667,0.458,0.4,320.0,435.0,4.0,-0.013821621696655,0.4327337307239189,0.0731988467291058,-0.1319421051358704,-0.0230792972738626,0.48200795188747,0.0129587735520403,-0.0253781305969964,0.0140108100786396,0.0260021870061676,0.0,-0.6,0.19999999999999996,1.0,137.0,751.6666666666666,-21.666666666666686,698.3333333333333,57.0,697.0,-8.0,862.0,4.0,12.0,0.1005477916475351,0.14403689870936381
,,1,2024,19,LAR,SEA,HOME,,,,SoFi Stadium,,,,,,31.0,10.0,31:10,20.0,3.0,16.0,1.0,65.0,403.0,6.2,2.0,21.0,84.0,4.0,0.0,41.0,27.0,319.0,2.0,1.0,7.8,11.8,65.9,95.48,14.0,5.0,35.7,3.0,2.0,66.7,4.0,2.0,0.0,0.0,2.0,10.0,0.0,0.0,3.0,15.0,4.0,3.0,2.0,103.0,51.5,1.0,0.0,-1.0,,,,,,28.0,50.0,28:50,18.0,5.0,13.0,0.0,53.0,336.0,6.3,4.0,24.0,126.0,5.2,0.0,27.0,20.0,210.0,4.0,0.0,7.8,10.5,74.1,135.8,11.0,6.0,54.5,0.0,0.0,0.0,3.0,3.0,0.0,0.0,3.0,23.0,0.0,0.0,2.0,13.0,10.0,1.0,4.0,228.0,57.0,0.0,1.0,1.0,50.0,0.0,100.0,0.0,1.0,1.0,0.0,2.0,0.0,0.0,0.0,4.0,4.0,3.0,3.0,0.0,2.0,0.0,0.0,0.0,1.0,1.0,35.0,22.0,2.0,13.0,5.0,0.0,0.0,38.0,31.0,3.0,15.0,6.0,0.0,0.0,Sunday,993004984,32,30,18928.0,,0,-1.0,0.357,0.0,0.0942641302753415,0.4938271604938271,0.044681462975057,-0.0232509641267824,0.1893436451960377,0.5694444444444444,0.3279620413039448,0.144192290341986,19.0,16.0,3.0,300.6666666666667,351.0,0.667,0.419,0.8,367.0,386.0,10.0,0.0396844192766064,0.4729777844018845,0.0715973963897568,-0.0382488778613182,0.0003359254611282,0.5065881009633562,0.1140656841993504,-0.1284064401856748,0.0654646300025583,0.0261712506689256,,,1,2024,19,SEA,LAR,AWAY,,,,SoFi Stadium,,,,,,28.0,50.0,28:50,18.0,5.0,13.0,0.0,53.0,336.0,6.3,4.0,24.0,126.0,5.2,0.0,27.0,20.0,210.0,4.0,0.0,7.8,10.5,74.1,135.8,11.0,6.0,54.5,0.0,0.0,0.0,3.0,3.0,0.0,0.0,3.0,23.0,0.0,0.0,2.0,13.0,10.0,1.0,4.0,228.0,57.0,0.0,1.0,1.0,,,,,,31.0,10.0,31:10,20.0,3.0,16.0,1.0,65.0,403.0,6.2,2.0,21.0,84.0,4.0,0.0,41.0,27.0,319.0,2.0,1.0,7.8,11.8,65.9,95.48,14.0,5.0,35.7,3.0,2.0,66.7,4.0,2.0,0.0,0.0,2.0,10.0,0.0,0.0,3.0,15.0,4.0,3.0,2.0,103.0,51.5,1.0,0.0,-1.0,100.0,0.0,50.0,0.0,3.0,3.0,0.0,2.0,0.0,0.0,0.0,1.0,1.0,1.0,1.0,0.0,2.0,0.0,0.0,0.0,4.0,4.0,38.0,31.0,3.0,15.0,6.0,0.0,0.0,35.0,22.0,2.0,13.0,5.0,0.0,0.0,Sunday,993004983,30,32,18928.0,,1,1.0,0.545,0.0,0.1893436451960377,0.5694444444444444,0.3279620413039448,0.144192290341986,0.0942641302753415,0.4938271604938271,0.044681462975057,-0.0232509641267824,20.0,18.3,1.7,320.6666666666667,293.3333333333333,-0.333,0.377,0.6,375.0,368.0,10.0,0.0405224474236311,0.5171016922094508,0.0566048391564172,-0.0010931735234521,0.022771170219671,0.4639143829237537,0.0206072076265533,-0.1241905584953547,0.0043109237444099,0.0083734556981675,1.3,4.7,0.20000000000000007,1.4,-20.0,621.3333333333334,57.666666666666686,644.3333333333333,-8.0,742.0,18.0,754.0,0.0,20.0,-0.0008380281470246956,-0.0224352447585428
,,1,2024,19,TB,NO,HOME,,,,Raymond James Stadium,,,,,,32.0,16.0,32:16,20.0,6.0,11.0,3.0,64.0,395.0,6.2,3.0,31.0,179.0,5.8,1.0,32.0,21.0,216.0,2.0,1.0,6.8,10.3,65.6,92.71,16.0,10.0,62.5,1.0,1.0,100.0,3.0,2.0,0.0,0.0,12.0,90.0,1.0,0.0,1.0,5.0,6.0,7.0,2.0,66.0,33.0,1.0,0.0,-1.0,,,,,,27.0,44.0,27:44,19.0,4.0,14.0,1.0,63.0,292.0,4.6,1.0,19.0,64.0,3.4,0.0,42.0,26.0,228.0,1.0,0.0,5.4,8.8,61.9,84.23,13.0,3.0,23.1,3.0,2.0,66.7,2.0,1.0,0.0,0.0,8.0,77.0,0.0,0.0,2.0,12.0,1.0,6.0,3.0,131.0,43.7,0.0,1.0,1.0,66.7,0.0,50.0,0.0,3.0,3.0,0.0,0.0,0.0,0.0,0.0,2.0,2.0,1.0,1.0,0.0,0.0,0.0,0.0,0.0,4.0,4.0,41.0,20.0,2.0,12.0,6.0,0.0,0.0,44.0,12.0,1.0,5.0,6.0,0.0,0.0,Sunday,993004974,33,22,18935.0,,1,-1.0,0.625,0.0,0.132521424515308,0.4823529411764706,0.3893856896024538,-0.1633738600648939,0.0533072484987894,0.5060240963855421,0.0327122939556486,-0.0504398517692202,33.0,19.7,13.3,452.0,271.0,-1.0,0.613,0.8,502.0,385.0,10.0,0.1593427400573565,0.5521719958108467,0.3623993356785004,0.0790636358207127,-0.0076068023191251,0.4695453455613498,0.076344092171389,-0.2917613518643056,0.1471870203605313,-0.0748042334339618,,,1,2024,19,NO,TB,AWAY,,,,Raymond James Stadium,,,,,,27.0,44.0,27:44,19.0,4.0,14.0,1.0,63.0,292.0,4.6,1.0,19.0,64.0,3.4,0.0,42.0,26.0,228.0,1.0,0.0,5.4,8.8,61.9,84.23,13.0,3.0,23.1,3.0,2.0,66.7,2.0,1.0,0.0,0.0,8.0,77.0,0.0,0.0,2.0,12.0,1.0,6.0,3.0,131.0,43.7,0.0,1.0,1.0,,,,,,32.0,16.0,32:16,20.0,6.0,11.0,3.0,64.0,395.0,6.2,3.0,31.0,179.0,5.8,1.0,32.0,21.0,216.0,2.0,1.0,6.8,10.3,65.6,92.71,16.0,10.0,62.5,1.0,1.0,100.0,3.0,2.0,0.0,0.0,12.0,90.0,1.0,0.0,1.0,5.0,6.0,7.0,2.0,66.0,33.0,1.0,0.0,-1.0,50.0,0.0,66.7,0.0,1.0,1.0,0.0,0.0,0.0,0.0,0.0,4.0,4.0,3.0,3.0,0.0,0.0,0.0,0.0,0.0,2.0,2.0,44.0,12.0,1.0,5.0,6.0,0.0,0.0,41.0,20.0,2.0,12.0,6.0,0.0,0.0,Sunday,993004973,22,33,18935.0,,0,1.0,0.231,0.0,0.0533072484987894,0.5060240963855421,0.0327122939556486,-0.0504398517692202,0.132521424515308,0.4823529411764706,0.3893856896024538,-0.1633738600648939,9.7,28.7,-19.0,252.33333333333337,395.6666666666667,-1.0,0.231,0.2,338.0,398.0,5.0,-0.1525414972158494,0.4227434148892133,-0.2269748162426044,-0.1831039913523995,0.1440985443862633,0.4795673825085589,0.2945875588927973,0.0179510307274582,-0.1243580595638243,0.0565461876645011,32.3,-5.699999999999999,0.6000000000000001,1.0,199.66666666666663,704.3333333333334,-124.66666666666669,666.6666666666667,164.0,840.0,-13.0,783.0,5.0,15.0,0.3118842372732059,-0.1517053467053884
,,1,2024,19,ARI,SF,HOME,,,,State Farm Stadium,,,,,,28.0,9.0,28:09,26.0,8.0,14.0,4.0,62.0,393.0,6.3,6.0,27.0,151.0,5.6,2.0,35.0,25.0,242.0,4.0,0.0,6.9,9.7,71.4,128.51,11.0,4.0,36.4,2.0,2.0,100.0,4.0,4.0,0.0,0.0,1.0,5.0,1.0,0.0,0.0,0.0,4.0,6.0,4.0,180.0,45.0,0.0,3.0,3.0,,,,,,31.0,51.0,31:51,26.0,9.0,16.0,1.0,73.0,436.0,6.0,3.0,28.0,138.0,4.9,1.0,43.0,29.0,298.0,2.0,2.0,6.9,10.3,67.4,83.28,13.0,5.0,38.5,2.0,1.0,50.0,2.0,2.0,0.0,0.0,13.0,85.0,3.0,1.0,2.0,28.0,2.0,3.0,2.0,100.0,50.0,3.0,0.0,-3.0,100.0,0.0,100.0,0.0,5.0,5.0,0.0,1.0,0.0,0.0,0.0,2.0,2.0,3.0,3.0,0.0,0.0,0.0,0.0,0.0,2.0,1.0,41.0,35.0,2.0,28.0,5.0,3.0,1.0,37.0,24.0,0.0,0.0,5.0,1.0,0.0,Sunday,993004982,1,31,18920.0,,1,3.0,0.364,0.0,0.2470211137922573,0.5697674418604651,0.3114849597352935,0.2452572489125185,-0.0438598013522945,0.4946236559139785,0.0466210719457076,-0.0875286588763209,28.7,24.3,4.3,390.3333333333333,361.6666666666667,-0.333,0.429,0.4,400.0,379.0,8.0,0.1013064812446688,0.5251674029618516,0.1619254297973178,0.0618551952916932,0.0300244874152527,0.4733621818705718,0.1006258726285953,0.0044966746050844,0.073680006813576,0.0379983168844532,,,1,2024,19,SF,ARI,AWAY,,,,State Farm Stadium,,,,,,31.0,51.0,31:51,26.0,9.0,16.0,1.0,73.0,436.0,6.0,3.0,28.0,138.0,4.9,1.0,43.0,29.0,298.0,2.0,2.0,6.9,10.3,67.4,83.28,13.0,5.0,38.5,2.0,1.0,50.0,2.0,2.0,0.0,0.0,13.0,85.0,3.0,1.0,2.0,28.0,2.0,3.0,2.0,100.0,50.0,3.0,0.0,-3.0,,,,,,28.0,9.0,28:09,26.0,8.0,14.0,4.0,62.0,393.0,6.3,6.0,27.0,151.0,5.6,2.0,35.0,25.0,242.0,4.0,0.0,6.9,9.7,71.4,128.51,11.0,4.0,36.4,2.0,2.0,100.0,4.0,4.0,0.0,0.0,1.0,5.0,1.0,0.0,0.0,0.0,4.0,6.0,4.0,180.0,45.0,0.0,3.0,3.0,100.0,0.0,100.0,0.0,3.0,3.0,0.0,0.0,0.0,0.0,0.0,2.0,1.0,5.0,5.0,0.0,1.0,0.0,0.0,0.0,2.0,2.0,37.0,24.0,0.0,0.0,5.0,1.0,0.0,41.0,35.0,2.0,28.0,5.0,3.0,1.0,Sunday,993004981,31,1,18920.0,,0,-3.0,0.385,0.0,-0.0438598013522945,0.4946236559139785,0.0466210719457076,-0.0875286588763209,0.2470211137922573,0.5697674418604651,0.3114849597352935,0.2452572489125185,25.0,38.7,-13.7,428.3333333333333,404.3333333333333,-2.0,0.465,0.2,389.0,436.0,6.0,0.0559010990854885,0.534305215803124,0.2008435372126733,-0.0523304718015391,0.261066938558739,0.570344167367143,0.3267830120569361,0.168103912700221,0.0591865712212536,0.1322167915073489,18.0,-9.399999999999999,0.2,0.6000000000000001,-38.0,818.6666666666666,-42.66666666666663,766.0,11.0,789.0,-57.0,815.0,2.0,14.0,0.0454053821591803,-0.23104245114348632
,,1,2024,19,PHI,NYG,HOME,,,,Lincoln Financial Field,,,,,,29.0,48.0,29:48,21.0,3.0,15.0,3.0,68.0,303.0,4.5,2.0,25.0,51.0,2.0,0.0,41.0,27.0,252.0,2.0,0.0,6.1,9.3,65.9,98.83,14.0,3.0,21.4,2.0,1.0,50.0,4.0,2.0,0.0,0.0,1.0,0.0,1.0,0.0,2.0,17.0,2.0,3.0,3.0,140.0,46.7,0.0,1.0,1.0,,,,,,30.0,12.0,30:12,10.0,6.0,4.0,0.0,54.0,238.0,4.4,1.0,25.0,100.0,4.0,0.0,29.0,22.0,138.0,1.0,1.0,4.8,6.3,75.9,82.26,14.0,4.0,28.6,4.0,2.0,50.0,1.0,0.0,0.0,0.0,6.0,40.0,1.0,0.0,0.0,0.0,8.0,4.0,3.0,120.0,40.0,1.0,0.0,-1.0,50.0,0.0,0.0,0.0,2.0,2.0,0.0,0.0,0.0,0.0,0.0,3.0,2.0,1.0,1.0,0.0,0.0,0.0,0.0,0.0,2.0,2.0,24.0,45.0,0.0,0.0,3.0,0.0,0.0,34.0,34.0,2.0,17.0,5.0,0.0,0.0,Sunday,993004970,26,23,18933.0,,1,1.0,0.214,0.0,-0.0045323527873217,0.4404761904761904,0.1748075921341448,-0.4260058639212958,-0.083092046184466,0.4264705882352941,-0.2991492793877713,0.0905258819088339,31.3,18.7,12.7,339.0,291.3333333333333,2.667,0.288,0.8,463.0,303.0,14.0,0.1089539522657972,0.4702025374068384,0.3324423891364361,-0.08277018239546,-0.0931473712392327,0.4433834139716492,-0.1561443414540426,-0.2525080284007501,0.0953864307753436,-0.0732410867536847,,,1,2024,19,NYG,PHI,AWAY,,,,Lincoln Financial Field,,,,,,30.0,12.0,30:12,10.0,6.0,4.0,0.0,54.0,238.0,4.4,1.0,25.0,100.0,4.0,0.0,29.0,22.0,138.0,1.0,1.0,4.8,6.3,75.9,82.26,14.0,4.0,28.6,4.0,2.0,50.0,1.0,0.0,0.0,0.0,6.0,40.0,1.0,0.0,0.0,0.0,8.0,4.0,3.0,120.0,40.0,1.0,0.0,-1.0,,,,,,29.0,48.0,29:48,21.0,3.0,15.0,3.0,68.0,303.0,4.5,2.0,25.0,51.0,2.0,0.0,41.0,27.0,252.0,2.0,0.0,6.1,9.3,65.9,98.83,14.0,3.0,21.4,2.0,1.0,50.0,4.0,2.0,0.0,0.0,1.0,0.0,1.0,0.0,2.0,17.0,2.0,3.0,3.0,140.0,46.7,0.0,1.0,1.0,0.0,0.0,50.0,0.0,1.0,1.0,0.0,0.0,0.0,0.0,0.0,2.0,2.0,2.0,2.0,0.0,0.0,0.0,0.0,0.0,3.0,2.0,34.0,34.0,2.0,17.0,5.0,0.0,0.0,24.0,45.0,0.0,0.0,3.0,0.0,0.0,Sunday,993004969,23,26,18933.0,,0,-1.0,0.286,0.0,-0.083092046184466,0.4264705882352941,-0.2991492793877713,0.0905258819088339,-0.0045323527873217,0.4404761904761904,0.1748075921341448,-0.4260058639212958,21.7,29.0,-7.3,287.0,359.3333333333333,0.0,0.386,0.2,273.0,415.0,3.0,-0.0560864931647658,0.4581712577068613,0.1191301460492417,-0.2240746074764821,0.0453252206247499,0.502676460655184,0.2337882576489971,-0.199213361986178,-0.0779958596859866,0.0588233028106219,20.0,5.3999999999999995,0.6000000000000001,1.0,52.0,626.0,-68.0,650.6666666666666,190.0,736.0,-112.0,718.0,11.0,17.0,0.165040445430563,-0.13847259186398259
,,1,2024,19,DEN,KC,HOME,,,,Empower Field at Mile High,,,,,,41.0,49.0,41:49,29.0,14.0,15.0,0.0,72.0,479.0,6.7,5.0,43.0,158.0,3.7,1.0,29.0,26.0,321.0,4.0,0.0,11.1,12.3,89.7,152.37,14.0,10.0,71.4,2.0,2.0,100.0,5.0,4.0,0.0,0.0,5.0,41.0,0.0,0.0,0.0,0.0,9.0,7.0,2.0,88.0,44.0,0.0,0.0,0.0,,,,,,18.0,11.0,18:11,5.0,0.0,4.0,1.0,33.0,98.0,3.0,0.0,11.0,27.0,2.5,0.0,17.0,10.0,71.0,0.0,0.0,4.2,7.1,58.8,68.5,9.0,1.0,11.1,2.0,1.0,50.0,0.0,0.0,0.0,0.0,3.0,15.0,2.0,0.0,5.0,27.0,0.0,4.0,5.0,245.0,49.0,0.0,0.0,0.0,80.0,0.0,0.0,0.0,5.0,5.0,0.0,0.0,0.0,0.0,0.0,1.0,1.0,0.0,0.0,0.0,0.0,0.0,0.0,0.0,1.0,0.0,22.0,10.0,5.0,27.0,1.0,1.0,0.0,47.0,33.0,0.0,0.0,2.0,0.0,0.0,Sunday,993004988,10,16,18924.0,,1,0.0,0.714,0.0,0.3148762991073929,0.5632183908045977,0.7192161702403383,0.0264339843667364,-0.3102356450013313,0.3061224489795918,-0.4182816141770649,-0.4084380608866922,29.7,21.3,8.3,387.6666666666667,325.6666666666667,0.333,0.477,0.6,425.0,311.0,10.0,0.1920884507308947,0.5100557557973427,0.3871730716034691,0.0544106132976382,0.0066442253424746,0.4698867282762161,0.1337633166886276,-0.2778439304817979,0.094581700955427,-0.0763171693349945,,,1,2024,19,KC,DEN,AWAY,,,,Empower Field at Mile High,,,,,,18.0,11.0,18:11,5.0,0.0,4.0,1.0,33.0,98.0,3.0,0.0,11.0,27.0,2.5,0.0,17.0,10.0,71.0,0.0,0.0,4.2,7.1,58.8,68.5,9.0,1.0,11.1,2.0,1.0,50.0,0.0,0.0,0.0,0.0,3.0,15.0,2.0,0.0,5.0,27.0,0.0,4.0,5.0,245.0,49.0,0.0,0.0,0.0,,,,,,41.0,49.0,41:49,29.0,14.0,15.0,0.0,72.0,479.0,6.7,5.0,43.0,158.0,3.7,1.0,29.0,26.0,321.0,4.0,0.0,11.1,12.3,89.7,152.37,14.0,10.0,71.4,2.0,2.0,100.0,5.0,4.0,0.0,0.0,5.0,41.0,0.0,0.0,0.0,0.0,9.0,7.0,2.0,88.0,44.0,0.0,0.0,0.0,0.0,0.0,80.0,0.0,0.0,0.0,0.0,0.0,0.0,0.0,0.0,1.0,0.0,5.0,5.0,0.0,0.0,0.0,0.0,0.0,1.0,1.0,47.0,33.0,0.0,0.0,2.0,0.0,0.0,22.0,10.0,5.0,27.0,1.0,1.0,0.0,Sunday,993004987,16,10,18924.0,,0,0.0,0.111,0.0,-0.3102356450013313,0.3061224489795918,-0.4182816141770649,-0.4084380608866922,0.3148762991073929,0.5632183908045977,0.7192161702403383,0.0264339843667364,18.7,22.3,-3.7,287.3333333333333,384.6666666666667,1.333,0.317,0.8,385.0,326.0,15.0,-0.0043684440165852,0.439250118652112,0.0980275407319984,-0.2123107638967423,0.0806738340229218,0.4821355988672329,0.2043693452184726,-0.0007231746811115,-0.0003891608329467,-0.0027834879297527,12.0,4.6000000000000005,-0.20000000000000007,1.4,100.33333333333337,675.0,-59.0,710.3333333333334,40.0,810.0,-15.0,637.0,-5.0,25.0,0.1964568947474799,-0.07402960868044721
,,1,2024,19,TEN,HOU,HOME,,,,Nissan Stadium,,,,,,29.0,59.0,29:59,14.0,5.0,9.0,0.0,60.0,314.0,5.2,1.0,32.0,85.0,2.7,0.0,26.0,16.0,229.0,1.0,0.0,8.8,14.3,61.5,102.88,15.0,5.0,33.3,3.0,2.0,66.7,2.0,0.0,0.0,0.0,7.0,68.0,2.0,1.0,2.0,16.0,2.0,3.0,5.0,219.0,43.8,1.0,1.0,0.0,,,,,,30.0,1.0,30:01,18.0,8.0,8.0,2.0,58.0,374.0,6.4,3.0,29.0,207.0,7.1,1.0,28.0,18.0,167.0,1.0,0.0,6.0,9.3,64.3,92.41,12.0,5.0,41.7,2.0,1.0,50.0,4.0,1.0,0.0,0.0,6.0,48.0,2.0,1.0,1.0,11.0,5.0,6.0,4.0,191.0,47.8,1.0,1.0,0.0,0.0,0.0,25.0,0.0,0.0,0.0,0.0,2.0,1.0,0.0,0.0,2.0,2.0,3.0,2.0,0.0,0.0,0.0,0.0,0.0,1.0,1.0,31.0,33.0,1.0,11.0,2.0,2.0,1.0,42.0,9.0,2.0,16.0,5.0,0.0,1.0,Sunday,993004972,34,13,18936.0,,0,0.0,0.333,0.0,-0.1006240794193604,0.4025974025974026,0.1850654554631917,-0.6008516928692409,0.0523205543506887,0.5131578947368421,0.0701005824530511,0.2283607469631668,19.0,27.0,-8.0,319.3333333333333,375.6666666666667,-1.0,0.429,0.0,311.0,460.0,3.0,-0.012287208376623,0.4676889375684556,0.1231431547925049,-0.1844153178070508,0.1072286477688702,0.5080626434574472,0.1810570133040276,0.1379619662943969,-0.0332091160055265,0.080370223683942,,,1,2024,19,HOU,TEN,AWAY,,,,Nissan Stadium,,,,,,30.0,1.0,30:01,18.0,8.0,8.0,2.0,58.0,374.0,6.4,3.0,29.0,207.0,7.1,1.0,28.0,18.0,167.0,1.0,0.0,6.0,9.3,64.3,92.41,12.0,5.0,41.7,2.0,1.0,50.0,4.0,1.0,0.0,0.0,6.0,48.0,2.0,1.0,1.0,11.0,5.0,6.0,4.0,191.0,47.8,1.0,1.0,0.0,,,,,,29.0,59.0,29:59,14.0,5.0,9.0,0.0,60.0,314.0,5.2,1.0,32.0,85.0,2.7,0.0,26.0,16.0,229.0,1.0,0.0,8.8,14.3,61.5,102.88,15.0,5.0,33.3,3.0,2.0,66.7,2.0,0.0,0.0,0.0,7.0,68.0,2.0,1.0,2.0,16.0,2.0,3.0,5.0,219.0,43.8,1.0,1.0,0.0,25.0,0.0,0.0,0.0,3.0,2.0,0.0,0.0,0.0,0.0,0.0,1.0,1.0,0.0,0.0,0.0,2.0,1.0,0.0,0.0,2.0,2.0,42.0,9.0,2.0,16.0,5.0,0.0,1.0,31.0,33.0,1.0,11.0,2.0,2.0,1.0,Sunday,993004971,13,34,18936.0,,1,0.0,0.417,0.0,0.0523205543506887,0.5131578947368421,0.0701005824530511,0.2283607469631668,-0.1006240794193604,0.4025974025974026,0.1850654554631917,-0.6008516928692409,14.7,24.0,-9.3,298.6666666666667,373.6666666666667,-1.0,0.407,0.6,372.0,372.0,10.0,-0.0544981583906816,0.4418462823725981,-0.0680246999021984,-0.0339804767318083,0.0870366654152865,0.4933382610861191,0.350158305392616,-0.1857291759294653,-0.0378974007381924,0.0199505468127721,1.3000000000000007,-17.3,-0.6,0.6,20.66666666666663,618.0,2.0,749.3333333333334,-61.0,683.0,88.0,832.0,-7.0,13.0,0.042210950014058606,0.0201919823535837
,,1,2024,19,LV,LAC,HOME,,,,Allegiant Stadium,,,,,,21.0,2.0,21:02,16.0,3.0,11.0,2.0,48.0,264.0,5.5,2.0,12.0,39.0,3.2,0.0,36.0,25.0,225.0,2.0,1.0,6.2,9.0,69.4,92.94,9.0,2.0,22.2,2.0,1.0,50.0,2.0,1.0,0.0,0.0,3.0,28.0,0.0,0.0,0.0,0.0,3.0,5.0,3.0,180.0,60.0,1.0,0.0,-1.0,,,,,,38.0,58.0,38:58,26.0,11.0,13.0,2.0,72.0,473.0,6.6,3.0,35.0,137.0,3.9,1.0,36.0,28.0,336.0,2.0,0.0,9.3,12.0,77.8,124.07,14.0,7.0,50.0,1.0,1.0,100.0,6.0,3.0,0.0,0.0,7.0,40.0,1.0,0.0,1.0,10.0,5.0,3.0,1.0,47.0,47.0,0.0,1.0,1.0,50.0,0.0,50.0,0.0,2.0,2.0,0.0,0.0,0.0,0.0,0.0,2.0,2.0,2.0,2.0,0.0,2.0,1.0,0.0,0.0,5.0,4.0,37.0,50.0,1.0,10.0,2.0,0.0,0.0,26.0,13.0,0.0,0.0,2.0,0.0,0.0,Sunday,993004986,25,29,18930.0,,0,-1.0,0.222,0.0,0.008773472129753,0.5223880597014925,-0.0495286190414476,-0.1782301165671511,0.2125305172470423,0.5591397849462365,0.5926968968135122,-0.0341847210821349,21.3,19.3,2.0,322.0,350.0,1.0,0.354,0.4,309.0,434.0,4.0,-0.0247471298481844,0.4578086369131144,0.0804057379007939,-0.1639337705097312,-0.086706682046826,0.4325121364729368,0.0125774079134565,-0.1874853007531647,-0.0983699936084162,-0.0788215056409633,,,1,2024,19,LAC,LV,AWAY,,,,Allegiant Stadium,,,,,,38.0,58.0,38:58,26.0,11.0,13.0,2.0,72.0,473.0,6.6,3.0,35.0,137.0,3.9,1.0,36.0,28.0,336.0,2.0,0.0,9.3,12.0,77.8,124.07,14.0,7.0,50.0,1.0,1.0,100.0,6.0,3.0,0.0,0.0,7.0,40.0,1.0,0.0,1.0,10.0,5.0,3.0,1.0,47.0,47.0,0.0,1.0,1.0,,,,,,21.0,2.0,21:02,16.0,3.0,11.0,2.0,48.0,264.0,5.5,2.0,12.0,39.0,3.2,0.0,36.0,25.0,225.0,2.0,1.0,6.2,9.0,69.4,92.94,9.0,2.0,22.2,2.0,1.0,50.0,2.0,1.0,0.0,0.0,3.0,28.0,0.0,0.0,0.0,0.0,3.0,5.0,3.0,180.0,60.0,1.0,0.0,-1.0,50.0,0.0,50.0,0.0,2.0,2.0,0.0,2.0,1.0,0.0,0.0,5.0,4.0,2.0,2.0,0.0,0.0,0.0,0.0,0.0,2.0,2.0,26.0,13.0,0.0,0.0,2.0,0.0,0.0,37.0,50.0,1.0,10.0,2.0,0.0,0.0,Sunday,993004985,29,25,18930.0,,1,1.0,0.5,0.0,0.2125305172470423,0.5591397849462365,0.5926968968135122,-0.0341847210821349,0.008773472129753,0.5223880597014925,-0.0495286190414476,-0.1782301165671511,36.0,18.0,18.0,427.0,266.6666666666667,0.333,0.529,0.6,402.0,301.0,11.0,0.224733331219248,0.5499437581026462,0.517829495597646,-0.0576305656631982,-0.0429470975955537,0.4930168434933764,-0.0597380686156183,-0.2746189209489424,0.1068780784117354,0.0315072349428417,-16.0,20.0,-0.19999999999999996,1.0,-105.0,749.0,83.33333333333331,616.6666666666667,-93.0,711.0,133.0,735.0,-7.0,15.0,-0.24948046106743238,-0.043759584451272295
,,1,2024,19,NYJ,MIA,HOME,,,,MetLife Stadium,,,,,,27.0,56.0,27:56,22.0,7.0,14.0,1.0,62.0,375.0,6.0,4.0,22.0,118.0,5.4,0.0,37.0,23.0,257.0,4.0,1.0,6.9,11.2,62.2,107.6,12.0,5.0,41.7,2.0,1.0,50.0,5.0,4.0,0.0,0.0,6.0,35.0,1.0,0.0,3.0,17.0,9.0,11.0,4.0,157.0,39.2,1.0,4.0,3.0,,,,,,32.0,4.0,32:04,21.0,7.0,14.0,0.0,68.0,334.0,4.9,2.0,23.0,135.0,5.9,1.0,41.0,25.0,199.0,1.0,2.0,4.9,8.0,61.0,60.92,12.0,3.0,25.0,3.0,3.0,100.0,5.0,2.0,0.0,0.0,4.0,32.0,5.0,2.0,4.0,28.0,5.0,5.0,3.0,121.0,40.3,4.0,1.0,-3.0,80.0,0.0,40.0,0.0,3.0,3.0,0.0,0.0,0.0,1.0,1.0,1.0,1.0,2.0,2.0,0.0,0.0,0.0,0.0,0.0,2.0,2.0,42.0,17.0,4.0,28.0,5.0,3.0,2.0,34.0,23.0,3.0,17.0,6.0,0.0,0.0,Sunday,993004980,24,19,18932.0,,1,3.0,0.417,0.0,0.0690548956936701,0.4810126582278481,0.0508855900046408,0.1205043720768602,-0.0673079237642163,0.4712643678160919,-0.1948743395513507,-0.0221222338649178,18.3,26.3,-8.0,325.6666666666667,308.0,-0.333,0.415,0.4,338.0,404.0,5.0,-0.0827888576123099,0.4701310237619364,-0.0615233778715532,-0.119122718312277,0.0505229718485375,0.4791547270249095,0.1737751843291527,-0.0786078080222459,0.0498560059763411,0.1026798011555559,,,1,2024,19,MIA,NYJ,AWAY,,,,MetLife Stadium,,,,,,32.0,4.0,32:04,21.0,7.0,14.0,0.0,68.0,334.0,4.9,2.0,23.0,135.0,5.9,1.0,41.0,25.0,199.0,1.0,2.0,4.9,8.0,61.0,60.92,12.0,3.0,25.0,3.0,3.0,100.0,5.0,2.0,0.0,0.0,4.0,32.0,5.0,2.0,4.0,28.0,5.0,5.0,3.0,121.0,40.3,4.0,1.0,-3.0,,,,,,27.0,56.0,27:56,22.0,7.0,14.0,1.0,62.0,375.0,6.0,4.0,22.0,118.0,5.4,0.0,37.0,23.0,257.0,4.0,1.0,6.9,11.2,62.2,107.6,12.0,5.0,41.7,2.0,1.0,50.0,5.0,4.0,0.0,0.0,6.0,35.0,1.0,0.0,3.0,17.0,9.0,11.0,4.0,157.0,39.2,1.0,4.0,3.0,40.0,0.0,80.0,0.0,2.0,2.0,0.0,0.0,0.0,0.0,0.0,2.0,2.0,3.0,3.0,0.0,0.0,0.0,1.0,1.0,1.0,1.0,34.0,23.0,3.0,17.0,6.0,0.0,0.0,42.0,17.0,4.0,28.0,5.0,3.0,2.0,Sunday,993004979,19,24,18932.0,,0,-3.0,0.25,0.0,-0.0673079237642163,0.4712643678160919,-0.1948743395513507,-0.0221222338649178,0.0690548956936701,0.4810126582278481,0.0508855900046408,0.1205043720768602,23.0,17.3,5.7,331.6666666666667,341.6666666666667,0.0,0.255,0.6,345.0,364.0,8.0,0.0174194509058565,0.4820881226053639,0.0466628697599529,-0.2039678798220807,-0.0697167052314209,0.4557765979259067,-0.1035244766916345,-0.0143554590307296,0.0217544214039045,-0.0240357038812135,-13.7,-2.3,-0.19999999999999996,1.0,-6.0,657.3333333333334,-33.666666666666686,649.6666666666667,-7.0,683.0,40.0,768.0,-3.0,13.0,-0.10020830851816641,0.12023967707995839
,,1,2024,19,NE,BUF,HOME,,,,Gillette Stadium,,,,,,31.0,14.0,31:14,19.0,5.0,14.0,0.0,61.0,309.0,5.1,2.0,30.0,77.0,2.6,1.0,30.0,22.0,232.0,1.0,0.0,7.7,10.5,73.3,106.53,12.0,4.0,33.3,1.0,1.0,100.0,3.0,1.0,0.0,0.0,7.0,59.0,1.0,1.0,1.0,9.0,2.0,3.0,3.0,111.0,37.0,1.0,0.0,-1.0,,,,,,28.0,46.0,28:46,16.0,8.0,7.0,1.0,65.0,259.0,4.0,2.0,33.0,130.0,3.9,1.0,32.0,18.0,129.0,1.0,0.0,4.0,7.2,56.2,76.17,15.0,6.0,40.0,4.0,1.0,25.0,2.0,2.0,0.0,0.0,6.0,35.0,1.0,0.0,0.0,0.0,4.0,6.0,4.0,163.0,40.8,0.0,1.0,1.0,33.3,0.0,100.0,0.0,2.0,2.0,0.0,0.0,0.0,0.0,0.0,3.0,3.0,2.0,1.0,0.0,0.0,0.0,0.0,0.0,1.0,1.0,35.0,33.0,0.0,0.0,8.0,0.0,0.0,38.0,31.0,1.0,9.0,2.0,0.0,1.0,Sunday,993004968,21,4,18931.0,,1,-1.0,0.333,0.0,0.0035138938416231,0.430379746835443,0.2647666276288934,-0.3476431381969091,-0.08582473452046,0.4096385542168674,-0.0733614274902953,-0.1032966470725916,17.0,26.7,-9.7,289.6666666666667,337.0,-1.333,0.372,0.2,289.0,417.0,4.0,-0.0813372043372158,0.4698499434943796,0.0739419706586862,-0.4710208176540908,0.0789778930849812,0.4831055100216854,0.1555603195899143,-0.0200659168446674,-0.0297263520608688,0.1067768335940761,,,1,2024,19,BUF,NE,AWAY,,,,Gillette Stadium,,,,,,28.0,46.0,28:46,16.0,8.0,7.0,1.0,65.0,259.0,4.0,2.0,33.0,130.0,3.9,1.0,32.0,18.0,129.0,1.0,0.0,4.0,7.2,56.2,76.17,15.0,6.0,40.0,4.0,1.0,25.0,2.0,2.0,0.0,0.0,6.0,35.0,1.0,0.0,0.0,0.0,4.0,6.0,4.0,163.0,40.8,0.0,1.0,1.0,,,,,,31.0,14.0,31:14,19.0,5.0,14.0,0.0,61.0,309.0,5.1,2.0,30.0,77.0,2.6,1.0,30.0,22.0,232.0,1.0,0.0,7.7,10.5,73.3,106.53,12.0,4.0,33.3,1.0,1.0,100.0,3.0,1.0,0.0,0.0,7.0,59.0,1.0,1.0,1.0,9.0,2.0,3.0,3.0,111.0,37.0,1.0,0.0,-1.0,100.0,0.0,33.3,0.0,2.0,1.0,0.0,0.0,0.0,0.0,0.0,1.0,1.0,2.0,2.0,0.0,0.0,0.0,0.0,0.0,3.0,3.0,38.0,31.0,1.0,9.0,2.0,0.0,1.0,35.0,33.0,0.0,0.0,8.0,0.0,0.0,Sunday,993004967,4,21,18931.0,,0,1.0,0.4,0.0,-0.08582473452046,0.4096385542168674,-0.0733614274902953,-0.1032966470725916,0.0035138938416231,0.430379746835443,0.2647666276288934,-0.3476431381969091,26.7,19.3,7.3,310.3333333333333,323.0,2.0,0.445,0.6,525.0,368.0,13.0,0.0458623193596159,0.4673357978815101,0.1676861204056106,-0.1260329174041189,-0.0512849286947251,0.4735158246150917,0.1119146840015085,-0.2827868976647096,0.1621424668807712,0.058111105633081,-17.0,-2.3999999999999995,-0.39999999999999997,0.8,-20.66666666666663,600.0,14.0,660.0,-236.0,814.0,49.0,785.0,-9.0,17.0,-0.12719952369683168,0.1302628217797063
,,1,2024,19,ATL,CAR,HOME,,,,Mercedes-Benz Stadium,,,,,,32.0,41.0,32:41,31.0,20.0,11.0,0.0,77.0,537.0,7.0,5.0,38.0,227.0,6.0,3.0,38.0,21.0,310.0,2.0,1.0,8.2,14.8,55.3,88.71,14.0,9.0,64.3,3.0,2.0,66.7,5.0,4.0,0.0,0.0,7.0,55.0,0.0,0.0,1.0,2.0,0.0,3.0,0.0,0.0,0.0,1.0,0.0,-1.0,,,,,,34.0,5.0,34:05,25.0,9.0,16.0,0.0,65.0,425.0,6.5,6.0,30.0,155.0,5.2,3.0,35.0,26.0,270.0,3.0,0.0,7.7,10.4,74.3,124.7,12.0,7.0,58.3,1.0,1.0,100.0,6.0,5.0,0.0,0.0,2.0,30.0,1.0,0.0,0.0,0.0,5.0,3.0,3.0,155.0,51.7,0.0,1.0,1.0,80.0,0.0,83.3,0.0,5.0,5.0,0.0,0.0,0.0,0.0,0.0,2.0,1.0,5.0,5.0,0.0,0.0,0.0,0.0,0.0,1.0,1.0,38.0,24.0,0.0,0.0,4.0,1.0,0.0,28.0,54.0,1.0,2.0,8.0,0.0,0.0,Sunday,993004966,2,5,18921.0,,0,-1.0,0.643,0.0,0.1985211577431679,0.6421052631578947,0.1680027896008893,0.3477823478598638,0.3302383450716094,0.5529411764705883,0.5724239464759224,0.0834597268560901,32.0,27.0,5.0,401.0,357.0,0.333,0.471,0.4,389.0,423.0,8.0,0.1213468858199501,0.5765350877192982,0.1629074582013936,0.1737257521180705,0.0391686704468049,0.5124333836098542,0.0863643826861363,-0.0251195527325039,0.033683946335331,0.0247862304006271,,,1,2024,19,CAR,ATL,AWAY,,,,Mercedes-Benz Stadium,,,,,,34.0,5.0,34:05,25.0,9.0,16.0,0.0,65.0,425.0,6.5,6.0,30.0,155.0,5.2,3.0,35.0,26.0,270.0,3.0,0.0,7.7,10.4,74.3,124.7,12.0,7.0,58.3,1.0,1.0,100.0,6.0,5.0,0.0,0.0,2.0,30.0,1.0,0.0,0.0,0.0,5.0,3.0,3.0,155.0,51.7,0.0,1.0,1.0,,,,,,32.0,41.0,32:41,31.0,20.0,11.0,0.0,77.0,537.0,7.0,5.0,38.0,227.0,6.0,3.0,38.0,21.0,310.0,2.0,1.0,8.2,14.8,55.3,88.71,14.0,9.0,64.3,3.0,2.0,66.7,5.0,4.0,0.0,0.0,7.0,55.0,0.0,0.0,1.0,2.0,0.0,3.0,0.0,0.0,0.0,1.0,0.0,-1.0,83.3,0.0,80.0,0.0,5.0,5.0,0.0,0.0,0.0,0.0,0.0,1.0,1.0,5.0,5.0,0.0,0.0,0.0,0.0,0.0,2.0,1.0,28.0,54.0,1.0,2.0,8.0,0.0,0.0,38.0,24.0,0.0,0.0,4.0,1.0,0.0,Sunday,993004965,5,2,18921.0,,1,1.0,0.583,0.0,0.3302383450716094,0.5529411764705883,0.5724239464759224,0.0834597268560901,0.1985211577431679,0.6421052631578947,0.1680027896008893,0.3477823478598638,31.3,38.7,-7.3,340.3333333333333,490.0,1.0,0.411,0.4,341.0,534.0,5.0,0.125832336078084,0.4970757580241554,0.2735266642144899,0.0057346032932202,0.2125848863892678,0.58587065955487,0.3407874042995814,0.239021997936608,0.057266725561024,0.1716811774656466,12.3,-2.3,0.0,0.8,60.666666666666686,741.3333333333333,-133.0,847.0,48.0,730.0,-111.0,957.0,3.0,13.0,-0.004485450258133905,-0.17341621594246293
,,1,2024,19,DET,MIN,HOME,,,,Ford Field,,,,,,36.0,12.0,36:12,24.0,9.0,14.0,1.0,66.0,394.0,6.0,4.0,31.0,178.0,5.7,3.0,33.0,27.0,216.0,1.0,2.0,6.5,8.0,81.8,78.79,12.0,5.0,41.7,4.0,2.0,50.0,3.0,3.0,0.0,0.0,8.0,49.0,0.0,0.0,2.0,15.0,10.0,2.0,2.0,102.0,51.0,2.0,0.0,-2.0,,,,,,23.0,48.0,23:48,14.0,3.0,7.0,4.0,62.0,262.0,4.2,0.0,19.0,120.0,6.3,0.0,41.0,18.0,142.0,0.0,0.0,3.5,7.9,43.9,53.1,13.0,3.0,23.1,3.0,0.0,0.0,4.0,0.0,0.0,0.0,6.0,30.0,0.0,0.0,2.0,24.0,6.0,7.0,3.0,155.0,51.7,0.0,2.0,2.0,100.0,0.0,0.0,0.0,4.0,4.0,0.0,0.0,0.0,0.0,0.0,1.0,1.0,0.0,0.0,0.0,0.0,0.0,0.0,0.0,4.0,3.0,29.0,22.0,2.0,24.0,6.0,0.0,0.0,47.0,27.0,2.0,15.0,5.0,0.0,0.0,Sunday,993004990,11,20,18925.0,,1,-2.0,0.417,0.0,0.0359470270106602,0.5119047619047619,0.0214242498365479,-0.0737424974140594,-0.249738224891189,0.3625,-0.4161075252168056,0.2100830873205268,35.0,20.0,15.0,436.0,373.0,0.667,0.548,0.8,564.0,342.0,15.0,0.2182816284692314,0.5528055785753242,0.3485761320532479,0.0748865793767732,-0.0170893168989753,0.4782630522088353,0.0883237047813577,-0.2004888646932765,0.182929405543811,0.0857117720629941,,,1,2024,19,MIN,DET,AWAY,,,,Ford Field,,,,,,23.0,48.0,23:48,14.0,3.0,7.0,4.0,62.0,262.0,4.2,0.0,19.0,120.0,6.3,0.0,41.0,18.0,142.0,0.0,0.0,3.5,7.9,43.9,53.1,13.0,3.0,23.1,3.0,0.0,0.0,4.0,0.0,0.0,0.0,6.0,30.0,0.0,0.0,2.0,24.0,6.0,7.0,3.0,155.0,51.7,0.0,2.0,2.0,,,,,,36.0,12.0,36:12,24.0,9.0,14.0,1.0,66.0,394.0,6.0,4.0,31.0,178.0,5.7,3.0,33.0,27.0,216.0,1.0,2.0,6.5,8.0,81.8,78.79,12.0,5.0,41.7,4.0,2.0,50.0,3.0,3.0,0.0,0.0,8.0,49.0,0.0,0.0,2.0,15.0,10.0,2.0,2.0,102.0,51.0,2.0,0.0,-2.0,0.0,0.0,100.0,0.0,0.0,0.0,0.0,0.0,0.0,0.0,0.0,4.0,3.0,4.0,4.0,0.0,0.0,0.0,0.0,0.0,1.0,1.0,47.0,27.0,2.0,15.0,5.0,0.0,0.0,29.0,22.0,2.0,24.0,6.0,0.0,0.0,Sunday,993004989,20,11,18925.0,,0,2.0,0.231,0.0,-0.249738224891189,0.3625,-0.4161075252168056,0.2100830873205268,0.0359470270106602,0.5119047619047619,0.0214242498365479,-0.0737424974140594,21.0,26.7,-5.7,333.6666666666667,342.0,1.333,0.327,0.8,432.0,332.0,14.0,-0.0506570820582237,0.4580062006266825,0.0402434324280614,-0.0881426021248065,0.0135086368978733,0.5157113001940589,0.0438667018282583,-0.0923826995425527,0.0376999902856327,-0.0260870289087207,20.7,9.3,0.0,1.6,102.33333333333331,769.6666666666667,31.0,715.0,132.0,996.0,10.0,674.0,1.0,29.0,0.2689387105274551,-0.030597953796848598
