gamekey,date,seasontype,season,week,team,opponent,home_away,points_for,points_against,totalscore,stadium,scorequarter1,scorequarter2,scorequarter3,scorequarter4,scoreovertime,timeofpossessionminutes,timeofpossessionseconds,timeofpossession,firstdowns,firstdownsbyrushing,firstdownsbypassing,firstdownsbypenalty,offensiveplays,offensiveyards,offensiveyardsperplay,touchdowns,rushingattempts,rushingyards,rushingyardsperattempt,rushingtouchdowns,passingattempts,passingcompletions,passingyards,passingtouchdowns,passinginterceptions,passingyardsperattempt,passingyardspercompletion,completionpercentage,passerrating,thirddownattempts,thirddownconversions,thirddownpercentage,fourthdownattempts,fourthdownconversions,fourthdownpercentage,redzoneattempts,redzoneconversions,goaltogoattempts,goaltogoconversions,penalties,penaltyyards,fumbles,fumbleslost,timessacked,timessackedyards,quarterbackhits,tacklesforloss,punts,puntyards,puntaverage,giveaways,takeaways,turnoverdifferential,opponentscorequarter1,opponentscorequarter2,opponentscorequarter3,opponentscorequarter4,opponentscoreovertime,opponenttimeofpossessionminutes,opponenttimeofpossessionseconds,opponenttimeofpossession,opponentfirstdowns,opponentfirstdownsbyrushing,opponentfirstdownsbypassing,opponentfirstdownsbypenalty,opponentoffensiveplays,opponentoffensiveyards,opponentoffensiveyardsperplay,opponenttouchdowns,opponentrushingattempts,opponentrushingyards,opponentrushingyardsperattempt,opponentrushingtouchdowns,opponentpassingattempts,opponentpassingcompletions,opponentpassingyards,opponentpassingtouchdowns,opponentpassinginterceptions,opponentpassingyardsperattempt,opponentpassingyardspercompletion,opponentcompletionpercentage,opponentpasserrating,opponentthirddownattempts,opponentthirddownconversions,opponentthirddownpercentage,opponentfourthdownattempts,opponentfourthdownconversions,opponentfourthdownpercentage,opponentredzoneattempts,opponentredzoneconversions,opponentgoaltogoattempts,opponentgoaltogoconversions,opponentpenalties,opponentpenaltyyards,opponentfumbles,opponentfumbleslost,opponenttimessacked,opponenttimessackedyards,opponentquarterbackhits,opponenttacklesforloss,opponentpunts,opponentpuntyards,opponentpuntaverage,opponentgiveaways,opponenttakeaways,opponentturnoverdifferential,redzonepercentage,goaltogopercentage,opponentredzonepercentage,opponentgoaltogopercentage,extrapointkickingattempts,extrapointkickingconversions,extrapointshadblocked,extrapointpassingattempts,extrapointpassingconversions,extrapointrushingattempts,extrapointrushingconversions,fieldgoalattempts,fieldgoalsmade,opponentextrapointkickingattempts,opponentextrapointkickingconversions,opponentextrapointshadblocked,opponentextrapointpassingattempts,opponentextrapointpassingconversions,opponentextrapointrushingattempts,opponentextrapointrushingconversions,opponentfieldgoalattempts,opponentfieldgoalsmade,solotackles,assistedtackles,sacks,sackyards,passesdefended,fumblesforced,fumblesrecovered,opponentsolotackles,opponentassistedtackles,opponentsacks,opponentsackyards,opponentpassesdefended,opponentfumblesforced,opponentfumblesrecovered,dayofweek,teamgameid,teamid,opponentid,scoreid,point_diff,win,turnover_diff,third_down_pct,home,nflverse_game_id,off_epa_per_play,off_success_rate,off_dropback_epa,off_rush_epa,def_epa_per_play,def_success_rate,def_dropback_epa_against,def_rush_epa_against,rolling_points_for_3,rolling_points_against_3,rolling_point_diff_3,rolling_yards_total_3,rolling_yards_allowed_3,rolling_turnover_diff_3,rolling_third_down_pct_3,rolling_win_rate_5,cumulative_points_for,cumulative_points_against,cumulative_wins,off_epa_per_play_rolling_3,off_success_rate_rolling_3,off_dropback_epa_rolling_3,off_rush_epa_rolling_3,def_epa_per_play_rolling_3,def_success_rate_rolling_3,def_dropback_epa_against_rolling_3,def_rush_epa_against_rolling_3,off_epa_per_play_rolling_5,def_epa_per_play_rolling_5,opp_gamekey,opp_date,opp_seasontype,opp_season,opp_week,opp_team,opp_opponent,opp_home_away,opp_points_for,opp_points_against,opp_totalscore,opp_stadium,opp_scorequarter1,opp_scorequarter2,opp_scorequarter3,opp_scorequarter4,opp_scoreovertime,opp_timeofpossessionminutes,opp_timeofpossessionseconds,opp_timeofpossession,opp_firstdowns,opp_firstdownsbyrushing,opp_firstdownsbypassing,opp_firstdownsbypenalty,opp_offensiveplays,opp_offensiveyards,opp_offensiveyardsperplay,opp_touchdowns,opp_rushingattempts,opp_rushingyards,opp_rushingyardsperattempt,opp_rushingtouchdowns,opp_passingattempts,opp_passingcompletions,opp_passingyards,opp_passingtouchdowns,opp_passinginterceptions,opp_passingyardsperattempt,opp_passingyardspercompletion,opp_completionpercentage,opp_passerrating,opp_thirddownattempts,opp_thirddownconversions,opp_thirddownpercentage,opp_fourthdownattempts,opp_fourthdownconversions,opp_fourthdownpercentage,opp_redzoneattempts,opp_redzoneconversions,opp_goaltogoattempts,opp_goaltogoconversions,opp_penalties,opp_penaltyyards,opp_fumbles,opp_fumbleslost,opp_timessacked,opp_timessackedyards,opp_quarterbackhits,opp_tacklesforloss,opp_punts,opp_puntyards,opp_puntaverage,opp_giveaways,opp_takeaways,opp_turnoverdifferential,opp_opponentscorequarter1,opp_opponentscorequarter2,opp_opponentscorequarter3,opp_opponentscorequarter4,opp_opponentscoreovertime,opp_opponenttimeofpossessionminutes,opp_opponenttimeofpossessionseconds,opp_opponenttimeofpossession,opp_opponentfirstdowns,opp_opponentfirstdownsbyrushing,opp_opponentfirstdownsbypassing,opp_opponentfirstdownsbypenalty,opp_opponentoffensiveplays,opp_opponentoffensiveyards,opp_opponentoffensiveyardsperplay,opp_opponenttouchdowns,opp_opponentrushingattempts,opp_opponentrushingyards,opp_opponentrushingyardsperattempt,opp_opponentrushingtouchdowns,opp_opponentpassingattempts,opp_opponentpassingcompletions,opp_opponentpassingyards,opp_opponentpassingtouchdowns,opp_opponentpassinginterceptions,opp_opponentpassingyardsperattempt,opp_opponentpassingyardspercompletion,opp_opponentcompletionpercentage,opp_opponentpasserrating,opp_opponentthirddownattempts,opp_opponentthirddownconversions,opp_opponentthirddownpercentage,opp_opponentfourthdownattempts,opp_opponentfourthdownconversions,opp_opponentfourthdownpercentage,opp_opponentredzoneattempts,opp_opponentredzoneconversions,opp_opponentgoaltogoattempts,opp_opponentgoaltogoconversions,opp_opponentpenalties,opp_opponentpenaltyyards,opp_opponentfumbles,opp_opponentfumbleslost,opp_opponenttimessacked,opp_opponenttimessackedyards,opp_opponentquarterbackhits,opp_opponenttacklesforloss,opp_opponentpunts,opp_opponentpuntyards,opp_opponentpuntaverage,opp_opponentgiveaways,opp_opponenttakeaways,opp_opponentturnoverdifferential,opp_redzonepercentage,opp_goaltogopercentage,opp_opponentredzonepercentage,opp_opponentgoaltogopercentage,opp_extrapointkickingattempts,opp_extrapointkickingconversions,opp_extrapointshadblocked,opp_extrapointpassingattempts,opp_extrapointpassingconversions,opp_extrapointrushingattempts,opp_extrapointrushingconversions,opp_fieldgoalattempts,opp_fieldgoalsmade,opp_opponentextrapointkickingattempts,opp_opponentextrapointkickingconversions,opp_opponentextrapointshadblocked,opp_opponentextrapointpassingattempts,opp_opponentextrapointpassingconversions,opp_opponentextrapointrushingattempts,opp_opponentextrapointrushingconversions,opp_opponentfieldgoalattempts,opp_opponentfieldgoalsmade,opp_solotackles,opp_assistedtackles,opp_sacks,opp_sackyards,opp_passesdefended,opp_fumblesforced,opp_fumblesrecovered,opp_opponentsolotackles,opp_opponentassistedtackles,opp_opponentsacks,opp_opponentsackyards,opp_opponentpassesdefended,opp_opponentfumblesforced,opp_opponentfumblesrecovered,opp_dayofweek,opp_teamgameid,opp_teamid,opp_opponentid,opp_scoreid,opp_point_diff,opp_win,opp_turnover_diff,opp_third_down_pct,opp_home,opp_nflverse_game_id,opp_off_epa_per_play,opp_off_success_rate,opp_off_dropback_epa,opp_off_rush_epa,opp_def_epa_per_play,opp_def_success_rate,opp_def_dropback_epa_against,opp_def_rush_epa_against,opp_rolling_points_for_3,opp_rolling_points_against_3,opp_rolling_point_diff_3,opp_rolling_yards_total_3,opp_rolling_yards_allowed_3,opp_rolling_turnover_diff_3,opp_rolling_third_down_pct_3,opp_rolling_win_rate_5,opp_cumulative_points_for,opp_cumulative_points_against,opp_cumulative_wins,opp_off_epa_per_play_rolling_3,opp_off_success_rate_rolling_3,opp_off_dropback_epa_rolling_3,opp_off_rush_epa_rolling_3,opp_def_epa_per_play_rolling_3,opp_def_success_rate_rolling_3,opp_def_dropback_epa_against_rolling_3,opp_def_rush_epa_against_rolling_3,opp_off_epa_per_play_rolling_5,opp_def_epa_per_play_rolling_5,strength_diff_rolling_point_diff_3,strength_sum_rolling_point_diff_3,strength_diff_rolling_win_rate_5,strength_sum_rolling_win_rate_5,strength_diff_rolling_yards_total_3,strength_sum_rolling_yards_total_3,strength_diff_rolling_yards_allowed_3,strength_sum_rolling_yards_allowed_3,strength_diff_cumulative_points_for,strength_sum_cumulative_points_for,strength_diff_cumulative_points_against,strength_sum_cumulative_points_against,strength_diff_cumulative_wins,strength_sum_cumulative_wins,epa_off_diff_rolling_3,epa_def_diff_rolling_3
202510126.0,2025-09-04T20:20:00,1,2025,1,PHI,DAL,HOME,24.0,20.0,44.0,Lincoln Financial Field,7.0,14.0,3.0,0.0,0.0,,,34:52,,,,,,,,,,,,,,,,,,,,,,,,,,,,,,,,,,,,,,,,,,,,,,7.0,13.0,0.0,0.0,0.0,,,25:08,,,,,,,,,,,,,,,,,,,,,,,,,,,,,,,,,,,,,,,,,,,,,,,,,,,,,,,,,,,,,,,,,,,,,,,,,,,,,,,,,,Thursday,993005118.0,26,9,,4.0,1,,,,,,,,,,,,,,,,,,,,,,,,,,,,,,,,,,202510126.0,2025-09-04T20:20:00,1,2025,1,DAL,PHI,AWAY,20.0,24.0,44.0,Lincoln Financial Field,7.0,13.0,0.0,0.0,0.0,,,25:08,,,,,,,,,,,,,,,,,,,,,,,,,,,,,,,,,,,,,,,,,,,,,,7.0,14.0,3.0,0.0,0.0,,,34:52,,,,,,,,,,,,,,,,,,,,,,,,,,,,,,,,,,,,,,,,,,,,,,,,,,,,,,,,,,,,,,,,,,,,,,,,,,,,,,,,,,Thursday,993005117.0,9,26,,-4.0,0,,,,,,,,,,,,,,,,,,,,,,,,,,,,,,,,,,,,,,,,,,,,,,,,,
202510129.0,2025-09-05T20:00:00,1,2025,1,LAC,KC,HOME,27.0,21.0,48.0,Arena Corinthians,7.0,6.0,7.0,7.0,0.0,,,32:44,,,,,,,,,,,,,,,,,,,,,,,,,,,,,,,,,,,,,,,,,,,,,,0.0,6.0,6.0,9.0,0.0,,,27:16,,,,,,,,,,,,,,,,,,,,,,,,,,,,,,,,,,,,,,,,,,,,,,,,,,,,,,,,,,,,,,,,,,,,,,,,,,,,,,,,,,Friday,993005120.0,29,16,,6.0,1,,,,,,,,,,,,,,,,,,,,,,,,,,,,,,,,,,202510129.0,2025-09-05T20:00:00,1,2025,1,KC,LAC,AWAY,21.0,27.0,48.0,Arena Corinthians,0.0,6.0,6.0,9.0,0.0,,,27:16,,,,,,,,,,,,,,,,,,,,,,,,,,,,,,,,,,,,,,,,,,,,,,7.0,6.0,7.0,7.0,0.0,,,32:44,,,,,,,,,,,,,,,,,,,,,,,,,,,,,,,,,,,,,,,,,,,,,,,,,,,,,,,,,,,,,,,,,,,,,,,,,,,,,,,,,,Friday,993005119.0,16,29,,-6.0,0,,,,,,,,,,,,,,,,,,,,,,,,,,,,,,,,,,,,,,,,,,,,,,,,,
202510135.0,2025-09-07T13:00:00,1,2025,1,WAS,NYG,HOME,21.0,6.0,27.0,Northwest Stadium,7.0,7.0,0.0,7.0,0.0,,,29:28,,,,,,,,,,,,,,,,,,,,,,,,,,,,,,,,,,,,,,,,,,,,,,0.0,3.0,3.0,0.0,0.0,,,30:32,,,,,,,,,,,,,,,,,,,,,,,,,,,,,,,,,,,,,,,,,,,,,,,,,,,,,,,,,,,,,,,,,,,,,,,,,,,,,,,,,,Sunday,993005132.0,35,23,,15.0,1,,,,,,,,,,,,,,,,,,,,,,,,,,,,,,,,,,202510135.0,2025-09-07T13:00:00,1,2025,1,NYG,WAS,AWAY,6.0,21.0,27.0,Northwest Stadium,0.0,3.0,3.0,0.0,0.0,,,30:32,,,,,,,,,,,,,,,,,,,,,,,,,,,,,,,,,,,,,,,,,,,,,,7.0,7.0,0.0,7.0,0.0,,,29:28,,,,,,,,,,,,,,,,,,,,,,,,,,,,,,,,,,,,,,,,,,,,,,,,,,,,,,,,,,,,,,,,,,,,,,,,,,,,,,,,,,Sunday,993005131.0,23,35,,-15.0,0,,,,,,,,,,,,,,,,,,,,,,,,,,,,,,,,,,,,,,,,,,,,,,,,,
202510122.0,2025-09-07T13:00:00,1,2025,1,NO,ARI,HOME,13.0,20.0,33.0,Caesars Superdome,0.0,10.0,0.0,3.0,0.0,,,26:14,,,,,,,,,,,,,,,,,,,,,,,,,,,,,,,,,,,,,,,,,,,,,,3.0,14.0,3.0,0.0,0.0,,,33:46,,,,,,,,,,,,,,,,,,,,,,,,,,,,,,,,,,,,,,,,,,,,,,,,,,,,,,,,,,,,,,,,,,,,,,,,,,,,,,,,,,Sunday,993005126.0,22,1,,-7.0,0,,,,,,,,,,,,,,,,,,,,,,,,,,,,,,,,,,202510122.0,2025-09-07T13:00:00,1,2025,1,ARI,NO,AWAY,20.0,13.0,33.0,Caesars Superdome,3.0,14.0,3.0,0.0,0.0,,,33:46,,,,,,,,,,,,,,,,,,,,,,,,,,,,,,,,,,,,,,,,,,,,,,0.0,10.0,0.0,3.0,0.0,,,26:14,,,,,,,,,,,,,,,,,,,,,,,,,,,,,,,,,,,,,,,,,,,,,,,,,,,,,,,,,,,,,,,,,,,,,,,,,,,,,,,,,,Sunday,993005125.0,1,22,,7.0,1,,,,,,,,,,,,,,,,,,,,,,,,,,,,,,,,,,,,,,,,,,,,,,,,,
202510114.0,2025-09-07T13:00:00,1,2025,1,IND,MIA,HOME,33.0,8.0,41.0,Lucas Oil Stadium,3.0,17.0,3.0,10.0,0.0,,,38:43,,,,,,,,,,,,,,,,,,,,,,,,,,,,,,,,,,,,,,,,,,,,,,0.0,0.0,0.0,8.0,0.0,,,21:17,,,,,,,,,,,,,,,,,,,,,,,,,,,,,,,,,,,,,,,,,,,,,,,,,,,,,,,,,,,,,,,,,,,,,,,,,,,,,,,,,,Sunday,993005124.0,14,19,,25.0,1,,,,,,,,,,,,,,,,,,,,,,,,,,,,,,,,,,202510114.0,2025-09-07T13:00:00,1,2025,1,MIA,IND,AWAY,8.0,33.0,41.0,Lucas Oil Stadium,0.0,0.0,0.0,8.0,0.0,,,21:17,,,,,,,,,,,,,,,,,,,,,,,,,,,,,,,,,,,,,,,,,,,,,,3.0,17.0,3.0,10.0,0.0,,,38:43,,,,,,,,,,,,,,,,,,,,,,,,,,,,,,,,,,,,,,,,,,,,,,,,,,,,,,,,,,,,,,,,,,,,,,,,,,,,,,,,,,Sunday,993005123.0,19,14,,-25.0,0,,,,,,,,,,,,,,,,,,,,,,,,,,,,,,,,,,,,,,,,,,,,,,,,,
202510108.0,2025-09-07T13:00:00,1,2025,1,CLE,CIN,HOME,16.0,17.0,33.0,Huntington Bank Field,0.0,10.0,6.0,0.0,0.0,,,35:49,,,,,,,,,,,,,,,,,,,,,,,,,,,,,,,,,,,,,,,,,,,,,,7.0,7.0,3.0,0.0,0.0,,,24:11,,,,,,,,,,,,,,,,,,,,,,,,,,,,,,,,,,,,,,,,,,,,,,,,,,,,,,,,,,,,,,,,,,,,,,,,,,,,,,,,,,Sunday,993005122.0,8,7,,-1.0,0,,,,,,,,,,,,,,,,,,,,,,,,,,,,,,,,,,202510108.0,2025-09-07T13:00:00,1,2025,1,CIN,CLE,AWAY,17.0,16.0,33.0,Huntington Bank Field,7.0,7.0,3.0,0.0,0.0,,,24:11,,,,,,,,,,,,,,,,,,,,,,,,,,,,,,,,,,,,,,,,,,,,,,0.0,10.0,6.0,0.0,0.0,,,35:49,,,,,,,,,,,,,,,,,,,,,,,,,,,,,,,,,,,,,,,,,,,,,,,,,,,,,,,,,,,,,,,,,,,,,,,,,,,,,,,,,,Sunday,993005121.0,7,8,,1.0,1,,,,,,,,,,,,,,,,,,,,,,,,,,,,,,,,,,,,,,,,,,,,,,,,,
202510124.0,2025-09-07T13:00:00,1,2025,1,NYJ,PIT,HOME,32.0,34.0,66.0,MetLife Stadium,9.0,10.0,7.0,6.0,0.0,,,34:43,,,,,,,,,,,,,,,,,,,,,,,,,,,,,,,,,,,,,,,,,,,,,,7.0,10.0,0.0,17.0,0.0,,,25:17,,,,,,,,,,,,,,,,,,,,,,,,,,,,,,,,,,,,,,,,,,,,,,,,,,,,,,,,,,,,,,,,,,,,,,,,,,,,,,,,,,Sunday,993005135.0,24,28,,-2.0,0,,,,,,,,,,,,,,,,,,,,,,,,,,,,,,,,,,202510124.0,2025-09-07T13:00:00,1,2025,1,PIT,NYJ,AWAY,34.0,32.0,66.0,MetLife Stadium,7.0,10.0,0.0,17.0,0.0,,,25:17,,,,,,,,,,,,,,,,,,,,,,,,,,,,,,,,,,,,,,,,,,,,,,9.0,10.0,7.0,6.0,0.0,,,34:43,,,,,,,,,,,,,,,,,,,,,,,,,,,,,,,,,,,,,,,,,,,,,,,,,,,,,,,,,,,,,,,,,,,,,,,,,,,,,,,,,,Sunday,993005133.0,28,24,,2.0,1,,,,,,,,,,,,,,,,,,,,,,,,,,,,,,,,,,,,,,,,,,,,,,,,,
202510115.0,2025-09-07T13:00:00,1,2025,1,JAX,CAR,HOME,26.0,10.0,36.0,EverBank Stadium,3.0,17.0,0.0,6.0,0.0,,,31:00,,,,,,,,,,,,,,,,,,,,,,,,,,,,,,,,,,,,,,,,,,,,,,3.0,0.0,0.0,7.0,0.0,,,29:00,,,,,,,,,,,,,,,,,,,,,,,,,,,,,,,,,,,,,,,,,,,,,,,,,,,,,,,,,,,,,,,,,,,,,,,,,,,,,,,,,,Sunday,993005130.0,15,5,,16.0,1,,,,,,,,,,,,,,,,,,,,,,,,,,,,,,,,,,202510115.0,2025-09-07T13:00:00,1,2025,1,CAR,JAX,AWAY,10.0,26.0,36.0,EverBank Stadium,3.0,0.0,0.0,7.0,0.0,,,29:00,,,,,,,,,,,,,,,,,,,,,,,,,,,,,,,,,,,,,,,,,,,,,,3.0,17.0,0.0,6.0,0.0,,,31:00,,,,,,,,,,,,,,,,,,,,,,,,,,,,,,,,,,,,,,,,,,,,,,,,,,,,,,,,,,,,,,,,,,,,,,,,,,,,,,,,,,Sunday,993005129.0,5,15,,-16.0,0,,,,,,,,,,,,,,,,,,,,,,,,,,,,,,,,,,,,,,,,,,,,,,,,,
202510102.0,2025-09-07T13:00:00,1,2025,1,ATL,TB,HOME,20.0,23.0,43.0,Mercedes-Benz Stadium,7.0,3.0,3.0,7.0,0.0,,,35:12,,,,,,,,,,,,,,,,,,,,,,,,,,,,,,,,,,,,,,,,,,,,,,0.0,10.0,7.0,6.0,0.0,,,24:48,,,,,,,,,,,,,,,,,,,,,,,,,,,,,,,,,,,,,,,,,,,,,,,,,,,,,,,,,,,,,,,,,,,,,,,,,,,,,,,,,,Sunday,993005136.0,2,33,,-3.0,0,,,,,,,,,,,,,,,,,,,,,,,,,,,,,,,,,,202510102.0,2025-09-07T13:00:00,1,2025,1,TB,ATL,AWAY,23.0,20.0,43.0,Mercedes-Benz Stadium,0.0,10.0,7.0,6.0,0.0,,,24:48,,,,,,,,,,,,,,,,,,,,,,,,,,,,,,,,,,,,,,,,,,,,,,7.0,3.0,3.0,7.0,0.0,,,35:12,,,,,,,,,,,,,,,,,,,,,,,,,,,,,,,,,,,,,,,,,,,,,,,,,,,,,,,,,,,,,,,,,,,,,,,,,,,,,,,,,,Sunday,993005134.0,33,2,,3.0,1,,,,,,,,,,,,,,,,,,,,,,,,,,,,,,,,,,,,,,,,,,,,,,,,,
202510121.0,2025-09-07T13:00:00,1,2025,1,NE,LV,HOME,13.0,20.0,33.0,Gillette Stadium,7.0,3.0,0.0,3.0,0.0,,,30:05,,,,,,,,,,,,,,,,,,,,,,,,,,,,,,,,,,,,,,,,,,,,,,7.0,0.0,10.0,3.0,0.0,,,29:55,,,,,,,,,,,,,,,,,,,,,,,,,,,,,,,,,,,,,,,,,,,,,,,,,,,,,,,,,,,,,,,,,,,,,,,,,,,,,,,,,,Sunday,993005128.0,21,25,,-7.0,0,,,,,,,,,,,,,,,,,,,,,,,,,,,,,,,,,,202510121.0,2025-09-07T13:00:00,1,2025,1,LV,NE,AWAY,20.0,13.0,33.0,Gillette Stadium,7.0,0.0,10.0,3.0,0.0,,,29:55,,,,,,,,,,,,,,,,,,,,,,,,,,,,,,,,,,,,,,,,,,,,,,7.0,3.0,0.0,3.0,0.0,,,30:05,,,,,,,,,,,,,,,,,,,,,,,,,,,,,,,,,,,,,,,,,,,,,,,,,,,,,,,,,,,,,,,,,,,,,,,,,,,,,,,,,,Sunday,993005127.0,25,21,,7.0,1,,,,,,,,,,,,,,,,,,,,,,,,,,,,,,,,,,,,,,,,,,,,,,,,,
202510130.0,2025-09-07T16:05:00,1,2025,1,SEA,SF,HOME,13.0,17.0,30.0,Lumen Field,0.0,10.0,0.0,3.0,0.0,,,22:02,,,,,,,,,,,,,,,,,,,,,,,,,,,,,,,,,,,,,,,,,,,,,,7.0,0.0,0.0,10.0,0.0,,,37:58,,,,,,,,,,,,,,,,,,,,,,,,,,,,,,,,,,,,,,,,,,,,,,,,,,,,,,,,,,,,,,,,,,,,,,,,,,,,,,,,,,Sunday,993005138.0,30,31,,-4.0,0,,,,,,,,,,,,,,,,,,,,,,,,,,,,,,,,,,202510130.0,2025-09-07T16:05:00,1,2025,1,SF,SEA,AWAY,17.0,13.0,30.0,Lumen Field,7.0,0.0,0.0,10.0,0.0,,,37:58,,,,,,,,,,,,,,,,,,,,,,,,,,,,,,,,,,,,,,,,,,,,,,0.0,10.0,0.0,3.0,0.0,,,22:02,,,,,,,,,,,,,,,,,,,,,,,,,,,,,,,,,,,,,,,,,,,,,,,,,,,,,,,,,,,,,,,,,,,,,,,,,,,,,,,,,,Sunday,993005137.0,31,30,,4.0,1,,,,,,,,,,,,,,,,,,,,,,,,,,,,,,,,,,,,,,,,,,,,,,,,,
202510110.0,2025-09-07T16:05:00,1,2025,1,DEN,TEN,HOME,20.0,12.0,32.0,Empower Field at Mile High,3.0,7.0,3.0,7.0,0.0,,,31:56,,,,,,,,,,,,,,,,,,,,,,,,,,,,,,,,,,,,,,,,,,,,,,3.0,6.0,3.0,0.0,0.0,,,28:04,,,,,,,,,,,,,,,,,,,,,,,,,,,,,,,,,,,,,,,,,,,,,,,,,,,,,,,,,,,,,,,,,,,,,,,,,,,,,,,,,,Sunday,993005140.0,10,34,,8.0,1,,,,,,,,,,,,,,,,,,,,,,,,,,,,,,,,,,202510110.0,2025-09-07T16:05:00,1,2025,1,TEN,DEN,AWAY,12.0,20.0,32.0,Empower Field at Mile High,3.0,6.0,3.0,0.0,0.0,,,28:04,,,,,,,,,,,,,,,,,,,,,,,,,,,,,,,,,,,,,,,,,,,,,,3.0,7.0,3.0,7.0,0.0,,,31:56,,,,,,,,,,,,,,,,,,,,,,,,,,,,,,,,,,,,,,,,,,,,,,,,,,,,,,,,,,,,,,,,,,,,,,,,,,,,,,,,,,Sunday,993005139.0,34,10,,-8.0,0,,,,,,,,,,,,,,,,,,,,,,,,,,,,,,,,,,,,,,,,,,,,,,,,,
202510112.0,2025-09-07T16:25:00,1,2025,1,GB,DET,HOME,27.0,13.0,40.0,Lambeau Field,10.0,7.0,0.0,10.0,0.0,,,24:35,,,,,,,,,,,,,,,,,,,,,,,,,,,,,,,,,,,,,,,,,,,,,,0.0,3.0,3.0,7.0,0.0,,,35:25,,,,,,,,,,,,,,,,,,,,,,,,,,,,,,,,,,,,,,,,,,,,,,,,,,,,,,,,,,,,,,,,,,,,,,,,,,,,,,,,,,Sunday,993005144.0,12,11,,14.0,1,,,,,,,,,,,,,,,,,,,,,,,,,,,,,,,,,,202510112.0,2025-09-07T16:25:00,1,2025,1,DET,GB,AWAY,13.0,27.0,40.0,Lambeau Field,0.0,3.0,3.0,7.0,0.0,,,35:25,,,,,,,,,,,,,,,,,,,,,,,,,,,,,,,,,,,,,,,,,,,,,,10.0,7.0,0.0,10.0,0.0,,,24:35,,,,,,,,,,,,,,,,,,,,,,,,,,,,,,,,,,,,,,,,,,,,,,,,,,,,,,,,,,,,,,,,,,,,,,,,,,,,,,,,,,Sunday,993005143.0,11,12,,-14.0,0,,,,,,,,,,,,,,,,,,,,,,,,,,,,,,,,,,,,,,,,,,,,,,,,,
202510132.0,2025-09-07T16:25:00,1,2025,1,LAR,HOU,HOME,14.0,9.0,23.0,SoFi Stadium,0.0,7.0,7.0,0.0,0.0,,,28:35,,,,,,,,,,,,,,,,,,,,,,,,,,,,,,,,,,,,,,,,,,,,,,3.0,6.0,0.0,0.0,0.0,,,31:25,,,,,,,,,,,,,,,,,,,,,,,,,,,,,,,,,,,,,,,,,,,,,,,,,,,,,,,,,,,,,,,,,,,,,,,,,,,,,,,,,,Sunday,993005142.0,32,13,,5.0,1,,,,,,,,,,,,,,,,,,,,,,,,,,,,,,,,,,202510132.0,2025-09-07T16:25:00,1,2025,1,HOU,LAR,AWAY,9.0,14.0,23.0,SoFi Stadium,3.0,6.0,0.0,0.0,0.0,,,31:25,,,,,,,,,,,,,,,,,,,,,,,,,,,,,,,,,,,,,,,,,,,,,,0.0,7.0,7.0,0.0,0.0,,,28:35,,,,,,,,,,,,,,,,,,,,,,,,,,,,,,,,,,,,,,,,,,,,,,,,,,,,,,,,,,,,,,,,,,,,,,,,,,,,,,,,,,Sunday,993005141.0,13,32,,-5.0,0,,,,,,,,,,,,,,,,,,,,,,,,,,,,,,,,,,,,,,,,,,,,,,,,,
202510104.0,2025-09-07T20:20:00,1,2025,1,BUF,BAL,HOME,41.0,40.0,81.0,Highmark Stadium,7.0,6.0,6.0,22.0,0.0,,,34:49,,,,,,,,,,,,,,,,,,,,,,,,,,,,,,,,,,,,,,,,,,,,,,3.0,17.0,14.0,6.0,0.0,,,25:11,,,,,,,,,,,,,,,,,,,,,,,,,,,,,,,,,,,,,,,,,,,,,,,,,,,,,,,,,,,,,,,,,,,,,,,,,,,,,,,,,,Sunday,993005146.0,4,3,,1.0,1,,,,,,,,,,,,,,,,,,,,,,,,,,,,,,,,,,202510104.0,2025-09-07T20:20:00,1,2025,1,BAL,BUF,AWAY,40.0,41.0,81.0,Highmark Stadium,3.0,17.0,14.0,6.0,0.0,,,25:11,,,,,,,,,,,,,,,,,,,,,,,,,,,,,,,,,,,,,,,,,,,,,,7.0,6.0,6.0,22.0,0.0,,,34:49,,,,,,,,,,,,,,,,,,,,,,,,,,,,,,,,,,,,,,,,,,,,,,,,,,,,,,,,,,,,,,,,,,,,,,,,,,,,,,,,,,Sunday,993005145.0,3,4,,-1.0,0,,,,,,,,,,,,,,,,,,,,,,,,,,,,,,,,,,,,,,,,,,,,,,,,,
202510106.0,2025-09-08T20:15:00,1,2025,1,CHI,MIN,HOME,24.0,27.0,51.0,Soldier Field,7.0,3.0,7.0,7.0,0.0,,,32:53,,,,,,,,,,,,,,,,,,,,,,,,,,,,,,,,,,,,,,,,,,,,,,0.0,6.0,0.0,21.0,0.0,,,27:07,,,,,,,,,,,,,,,,,,,,,,,,,,,,,,,,,,,,,,,,,,,,,,,,,,,,,,,,,,,,,,,,,,,,,,,,,,,,,,,,,,Monday,993005148.0,6,20,,-3.0,0,,,,,,,,,,,,,,,,,,,,,,,,,,,,,,,,,,202510106.0,2025-09-08T20:15:00,1,2025,1,MIN,CHI,AWAY,27.0,24.0,51.0,Soldier Field,0.0,6.0,0.0,21.0,0.0,,,27:07,,,,,,,,,,,,,,,,,,,,,,,,,,,,,,,,,,,,,,,,,,,,,,7.0,3.0,7.0,7.0,0.0,,,32:53,,,,,,,,,,,,,,,,,,,,,,,,,,,,,,,,,,,,,,,,,,,,,,,,,,,,,,,,,,,,,,,,,,,,,,,,,,,,,,,,,,Monday,993005147.0,20,6,,3.0,1,,,,,,,,,,,,,,,,,,,,,,,,,,,,,,,,,,,,,,,,,,,,,,,,,
202510212.0,2025-09-11T20:15:00,1,2025,2,GB,WAS,HOME,27.0,18.0,45.0,Lambeau Field,7.0,7.0,3.0,10.0,0.0,24.0,35.0,32:26,14.0,4.0,8.0,2.0,47.0,266.0,5.7,3.0,25.0,78.0,3.1,1.0,22.0,16.0,188.0,2.0,0.0,8.5,11.8,72.7,128.6,10.0,4.0,40.0,1.0,1.0,100.0,5.0,3.0,0.0,0.0,4.0,40.0,0.0,0.0,0.0,0.0,9.0,9.0,3.0,164.0,54.7,0.0,1.0,1.0,0.0,3.0,0.0,15.0,0.0,35.0,25.0,27:34,16.0,2.0,13.0,1.0,65.0,246.0,3.8,1.0,22.0,46.0,2.1,0.0,39.0,31.0,200.0,1.0,1.0,5.1,6.5,79.5,85.9,15.0,5.0,33.3,4.0,3.0,75.0,4.0,1.0,0.0,0.0,7.0,40.0,0.0,0.0,4.0,25.0,2.0,2.0,3.0,142.0,47.3,1.0,0.0,-1.0,60.0,0.0,25.0,0.0,3.0,3.0,0.0,0.0,0.0,0.0,0.0,2.0,2.0,1.0,1.0,0.0,0.0,0.0,0.0,0.0,2.0,2.0,41.0,34.0,4.0,25.0,2.0,0.0,0.0,31.0,18.0,0.0,0.0,1.0,0.0,0.0,Thursday,993005150.0,12,35,19065.0,9.0,1,1.0,0.4,0.0,,0.1847870831526015,0.5,0.4744935640807041,-0.0321804315111877,-0.0539303504504516,0.4337349397590361,0.0453408871121429,-0.2790762317335148,27.0,13.0,14.0,266.0,246.0,1.0,0.4,1.0,27.0,13.0,1.0,0.1847870831526015,0.5,0.4744935640807041,-0.0321804315111877,-0.0539303504504516,0.4337349397590361,0.0453408871121429,-0.2790762317335148,0.1847870831526015,-0.0539303504504516,202510212.0,2025-09-11T20:15:00,1,2025,2,WAS,GB,AWAY,18.0,27.0,45.0,Lambeau Field,0.0,3.0,0.0,15.0,0.0,29.0,28.0,27:34,25.0,11.0,11.0,3.0,65.0,432.0,6.6,3.0,32.0,220.0,6.9,2.0,30.0,19.0,212.0,1.0,0.0,7.1,11.2,63.3,95.42,11.0,4.0,36.4,0.0,0.0,0.0,4.0,3.0,0.0,0.0,12.0,89.0,0.0,0.0,3.0,21.0,8.0,7.0,5.0,245.0,49.0,0.0,0.0,0.0,7.0,7.0,3.0,10.0,0.0,30.0,32.0,32:26,17.0,4.0,9.0,4.0,62.0,231.0,3.7,0.0,23.0,74.0,3.2,0.0,37.0,17.0,157.0,0.0,0.0,4.2,9.2,45.9,58.05,16.0,4.0,25.0,2.0,1.0,50.0,2.0,0.0,0.0,0.0,6.0,35.0,1.0,0.0,2.0,11.0,5.0,3.0,6.0,287.0,47.8,0.0,0.0,0.0,75.0,0.0,0.0,0.0,3.0,3.0,0.0,0.0,0.0,0.0,0.0,0.0,0.0,0.0,0.0,0.0,0.0,0.0,0.0,0.0,2.0,2.0,31.0,25.0,2.0,11.0,7.0,1.0,0.0,28.0,37.0,3.0,21.0,3.0,0.0,0.0,Thursday,993005149.0,35,12,19062.0,-9.0,0,0.0,0.364,0.0,,0.0722399579946466,0.4880952380952381,0.0984244296347109,0.2450214217891558,-0.1132185056709071,0.3780487804878049,-0.1227587069642457,-0.1848519422209766,21.0,6.0,15.0,432.0,231.0,0.0,0.364,1.0,21.0,6.0,1.0,0.0722399579946466,0.4880952380952381,0.0984244296347109,0.2450214217891558,-0.1132185056709071,0.3780487804878049,-0.1227587069642457,-0.1848519422209766,0.0722399579946466,-0.1132185056709071,-1.0,29.0,0.0,2.0,-166.0,698.0,15.0,477.0,6.0,48.0,7.0,19.0,0.0,2.0,0.11254712515795491,0.0592881552204555
202510209.0,2025-09-14T13:00:00,1,2025,2,DAL,NYG,HOME,40.0,37.0,77.0,AT&T Stadium,0.0,10.0,7.0,20.0,3.0,25.0,8.0,37:21,22.0,7.0,9.0,6.0,56.0,307.0,5.5,2.0,22.0,119.0,5.4,2.0,34.0,21.0,188.0,0.0,0.0,5.5,9.0,61.8,76.59,11.0,7.0,63.6,1.0,0.0,0.0,3.0,2.0,0.0,0.0,4.0,42.0,1.0,1.0,0.0,0.0,5.0,5.0,2.0,87.0,43.5,1.0,0.0,-1.0,6.0,7.0,3.0,21.0,0.0,34.0,52.0,32:39,20.0,14.0,6.0,0.0,62.0,302.0,4.9,3.0,38.0,158.0,4.2,3.0,23.0,19.0,144.0,0.0,0.0,6.3,7.6,82.6,92.75,13.0,8.0,61.5,0.0,0.0,0.0,3.0,3.0,0.0,0.0,9.0,110.0,0.0,0.0,1.0,8.0,1.0,3.0,3.0,146.0,48.7,0.0,1.0,1.0,66.7,0.0,100.0,0.0,2.0,2.0,0.0,0.0,0.0,0.0,0.0,2.0,2.0,3.0,3.0,0.0,0.0,0.0,0.0,0.0,1.0,1.0,36.0,33.0,1.0,8.0,0.0,0.0,0.0,34.0,23.0,0.0,0.0,6.0,1.0,1.0,Sunday,993005158.0,9,23,19039.0,3.0,1,-1.0,0.636,0.0,,0.138824515535929,0.5135135135135135,0.1338575387248483,0.048927883387521,0.1710982200285014,0.5324675324675324,0.249534717917889,0.0473812661679963,20.0,24.0,-4.0,307.0,302.0,-1.0,0.636,0.0,20.0,24.0,0.0,0.138824515535929,0.5135135135135135,0.1338575387248483,0.048927883387521,0.1710982200285014,0.5324675324675324,0.249534717917889,0.0473812661679963,0.138824515535929,0.1710982200285014,202510209.0,2025-09-14T13:00:00,1,2025,2,NYG,DAL,AWAY,37.0,40.0,77.0,AT&T Stadium,6.0,7.0,3.0,21.0,0.0,30.0,32.0,32:39,17.0,4.0,9.0,4.0,62.0,231.0,3.7,0.0,23.0,74.0,3.2,0.0,37.0,17.0,157.0,0.0,0.0,4.2,9.2,45.9,58.05,16.0,4.0,25.0,2.0,1.0,50.0,2.0,0.0,0.0,0.0,6.0,35.0,1.0,0.0,2.0,11.0,5.0,3.0,6.0,287.0,47.8,0.0,0.0,0.0,0.0,10.0,7.0,20.0,3.0,29.0,28.0,37:21,25.0,11.0,11.0,3.0,65.0,432.0,6.6,3.0,32.0,220.0,6.9,2.0,30.0,19.0,212.0,1.0,0.0,7.1,11.2,63.3,95.42,11.0,4.0,36.4,0.0,0.0,0.0,4.0,3.0,0.0,0.0,12.0,89.0,0.0,0.0,3.0,21.0,8.0,7.0,5.0,245.0,49.0,0.0,0.0,0.0,0.0,0.0,75.0,0.0,0.0,0.0,0.0,0.0,0.0,0.0,0.0,2.0,2.0,3.0,3.0,0.0,0.0,0.0,0.0,0.0,0.0,0.0,28.0,37.0,3.0,21.0,3.0,0.0,0.0,31.0,25.0,2.0,11.0,7.0,1.0,0.0,Sunday,993005157.0,23,9,19062.0,-3.0,0,0.0,0.25,0.0,,-0.1132185056709071,0.3780487804878049,-0.1227587069642457,-0.1848519422209766,0.0722399579946466,0.4880952380952381,0.0984244296347109,0.2450214217891558,6.0,21.0,-15.0,231.0,432.0,0.0,0.25,0.0,6.0,21.0,0.0,-0.1132185056709071,0.3780487804878049,-0.1227587069642457,-0.1848519422209766,0.0722399579946466,0.4880952380952381,0.0984244296347109,0.2450214217891558,-0.1132185056709071,0.0722399579946466,11.0,-19.0,0.0,0.0,76.0,538.0,-130.0,734.0,14.0,26.0,3.0,45.0,0.0,0.0,0.2520430212068361,0.0988582620338548
202510228.0,2025-09-14T13:00:00,1,2025,2,PIT,SEA,HOME,17.0,31.0,48.0,Acrisure Stadium,6.0,8.0,0.0,3.0,0.0,25.0,17.0,28:43,19.0,2.0,14.0,3.0,54.0,271.0,5.0,4.0,20.0,53.0,2.6,0.0,30.0,22.0,218.0,4.0,0.0,7.3,9.9,73.3,133.06,10.0,4.0,40.0,0.0,0.0,0.0,3.0,3.0,0.0,0.0,4.0,26.0,2.0,0.0,4.0,26.0,6.0,6.0,4.0,190.0,47.5,0.0,1.0,1.0,7.0,0.0,7.0,17.0,0.0,34.0,43.0,31:17,23.0,13.0,9.0,1.0,62.0,394.0,6.4,4.0,39.0,182.0,4.7,3.0,22.0,16.0,212.0,1.0,0.0,9.6,13.2,72.7,117.99,14.0,7.0,50.0,2.0,1.0,50.0,4.0,3.0,0.0,0.0,7.0,74.0,1.0,1.0,1.0,6.0,7.0,7.0,2.0,94.0,47.0,1.0,0.0,-1.0,100.0,0.0,75.0,0.0,4.0,4.0,0.0,0.0,0.0,0.0,0.0,2.0,2.0,2.0,2.0,0.0,3.0,0.0,0.0,0.0,2.0,2.0,45.0,21.0,1.0,6.0,4.0,1.0,1.0,31.0,24.0,4.0,26.0,4.0,2.0,0.0,Sunday,993005160.0,28,30,19061.0,-14.0,0,1.0,0.4,0.0,,0.2086292403607946,0.5131578947368421,0.3387146028891167,-0.0619456393056009,0.1578507573896948,0.55,0.3997905624436054,0.0834698052735226,34.0,32.0,2.0,271.0,394.0,1.0,0.4,1.0,34.0,32.0,1.0,0.2086292403607946,0.5131578947368421,0.3387146028891167,-0.0619456393056009,0.1578507573896948,0.55,0.3997905624436054,0.0834698052735226,0.2086292403607946,0.1578507573896948,202510228.0,2025-09-14T13:00:00,1,2025,2,SEA,PIT,AWAY,31.0,17.0,48.0,Acrisure Stadium,7.0,0.0,7.0,17.0,0.0,22.0,2.0,31:17,14.0,6.0,6.0,2.0,50.0,230.0,4.6,1.0,26.0,84.0,3.2,1.0,23.0,16.0,146.0,0.0,0.0,6.3,9.1,69.6,86.5,10.0,3.0,30.0,0.0,0.0,0.0,3.0,1.0,0.0,0.0,4.0,30.0,3.0,2.0,1.0,4.0,8.0,7.0,5.0,259.0,51.8,2.0,2.0,0.0,6.0,8.0,0.0,3.0,0.0,37.0,58.0,28:43,24.0,7.0,15.0,2.0,72.0,384.0,5.3,2.0,36.0,119.0,3.3,0.0,35.0,26.0,265.0,2.0,2.0,7.6,10.2,74.3,90.77,14.0,7.0,50.0,2.0,2.0,100.0,5.0,2.0,0.0,0.0,9.0,61.0,2.0,0.0,1.0,12.0,2.0,7.0,2.0,96.0,48.0,2.0,2.0,0.0,33.3,0.0,40.0,0.0,1.0,1.0,0.0,0.0,0.0,0.0,0.0,2.0,2.0,2.0,2.0,0.0,0.0,0.0,0.0,0.0,3.0,1.0,46.0,35.0,1.0,12.0,4.0,0.0,0.0,34.0,19.0,1.0,4.0,3.0,2.0,2.0,Sunday,993005159.0,30,28,19064.0,14.0,1,0.0,0.3,0.0,,-0.082176253839202,0.5223880597014925,-0.2248407545780426,-0.1296398446285634,0.0116847996348948,0.4943820224719101,0.4108341018982689,-0.2494633817723297,13.0,17.0,-4.0,230.0,384.0,0.0,0.3,0.0,13.0,17.0,0.0,-0.082176253839202,0.5223880597014925,-0.2248407545780426,-0.1296398446285634,0.0116847996348948,0.4943820224719101,0.4108341018982689,-0.2494633817723297,-0.082176253839202,0.0116847996348948,6.0,-2.0,1.0,1.0,41.0,501.0,10.0,778.0,21.0,47.0,15.0,49.0,1.0,1.0,0.29080549419999663,0.1461659577548
202510207.0,2025-09-14T13:00:00,1,2025,2,CIN,JAX,HOME,31.0,27.0,58.0,Paycor Stadium,7.0,3.0,14.0,7.0,0.0,24.0,11.0,26:49,11.0,3.0,7.0,1.0,49.0,141.0,2.9,2.0,23.0,46.0,2.0,1.0,23.0,14.0,95.0,1.0,0.0,4.1,6.8,60.9,84.51,14.0,7.0,50.0,0.0,0.0,0.0,3.0,2.0,0.0,0.0,7.0,33.0,0.0,0.0,3.0,18.0,5.0,4.0,6.0,316.0,52.7,0.0,2.0,2.0,7.0,10.0,7.0,3.0,0.0,35.0,49.0,33:11,22.0,5.0,13.0,4.0,71.0,327.0,4.6,2.0,24.0,49.0,2.0,1.0,45.0,31.0,278.0,1.0,2.0,6.2,9.0,68.9,74.12,16.0,9.0,56.2,3.0,2.0,66.7,3.0,2.0,0.0,0.0,7.0,53.0,0.0,0.0,2.0,12.0,7.0,8.0,2.0,97.0,48.5,2.0,0.0,-2.0,66.7,0.0,66.7,0.0,2.0,2.0,0.0,0.0,0.0,0.0,0.0,1.0,1.0,2.0,1.0,0.0,0.0,0.0,0.0,0.0,2.0,1.0,40.0,40.0,2.0,12.0,6.0,0.0,0.0,31.0,22.0,3.0,18.0,5.0,0.0,0.0,Sunday,993005154.0,7,15,19056.0,4.0,1,2.0,0.5,0.0,,-0.066499891883493,0.4411764705882353,-0.0186438978536298,-0.142049281473231,-0.088101396139557,0.4,-0.0174525062025096,-0.065650434595148,17.0,16.0,1.0,141.0,327.0,2.0,0.5,1.0,17.0,16.0,1.0,-0.066499891883493,0.4411764705882353,-0.0186438978536298,-0.142049281473231,-0.088101396139557,0.4,-0.0174525062025096,-0.065650434595148,-0.066499891883493,-0.088101396139557,202510207.0,2025-09-14T13:00:00,1,2025,2,JAX,CIN,AWAY,27.0,31.0,58.0,Paycor Stadium,7.0,10.0,7.0,3.0,0.0,31.0,0.0,33:11,19.0,10.0,9.0,0.0,63.0,378.0,6.0,2.0,32.0,200.0,6.2,1.0,31.0,19.0,178.0,1.0,1.0,5.7,9.4,61.3,74.4,12.0,5.0,41.7,2.0,2.0,100.0,5.0,2.0,0.0,0.0,11.0,93.0,0.0,0.0,0.0,0.0,5.0,2.0,2.0,111.0,55.5,1.0,3.0,2.0,7.0,3.0,14.0,7.0,0.0,29.0,0.0,26:49,15.0,5.0,8.0,2.0,61.0,255.0,4.2,1.0,25.0,113.0,4.5,0.0,35.0,18.0,142.0,1.0,2.0,4.1,7.9,51.4,47.56,15.0,8.0,53.3,2.0,0.0,0.0,1.0,0.0,0.0,0.0,4.0,35.0,1.0,1.0,1.0,12.0,1.0,1.0,2.0,86.0,43.0,3.0,1.0,-2.0,40.0,0.0,0.0,0.0,2.0,2.0,0.0,0.0,0.0,0.0,0.0,4.0,4.0,1.0,1.0,0.0,0.0,0.0,0.0,0.0,1.0,1.0,27.0,30.0,1.0,12.0,9.0,1.0,1.0,41.0,19.0,0.0,0.0,4.0,0.0,0.0,Sunday,993005153.0,15,7,19058.0,-4.0,0,2.0,0.417,0.0,,0.1175298766814516,0.4814814814814814,0.0684146511094677,0.1411559857554783,-0.1083875483464407,0.3947368421052631,-0.2149518637200657,-0.0928776706539793,26.0,10.0,16.0,378.0,255.0,2.0,0.417,1.0,26.0,10.0,1.0,0.1175298766814516,0.4814814814814814,0.0684146511094677,0.1411559857554783,-0.1083875483464407,0.3947368421052631,-0.2149518637200657,-0.0928776706539793,0.1175298766814516,-0.1083875483464407,-15.0,17.0,0.0,2.0,-237.0,519.0,72.0,582.0,-9.0,43.0,6.0,26.0,0.0,2.0,-0.1840297685649446,0.020286152206883692
202510203.0,2025-09-14T13:00:00,1,2025,2,BAL,CLE,HOME,41.0,17.0,58.0,M&T Bank Stadium,3.0,7.0,10.0,21.0,0.0,25.0,11.0,28:11,19.0,10.0,8.0,1.0,50.0,432.0,8.6,5.0,29.0,238.0,8.2,3.0,19.0,14.0,194.0,2.0,0.0,10.2,13.9,73.7,141.12,11.0,6.0,54.5,0.0,0.0,0.0,3.0,1.0,0.0,0.0,7.0,51.0,2.0,1.0,2.0,15.0,3.0,3.0,3.0,152.0,50.7,1.0,0.0,-1.0,0.0,3.0,7.0,7.0,0.0,34.0,49.0,31:49,29.0,9.0,18.0,2.0,78.0,497.0,6.4,5.0,31.0,108.0,3.5,3.0,46.0,33.0,389.0,2.0,0.0,8.5,11.8,71.7,111.59,15.0,7.0,46.7,1.0,1.0,100.0,7.0,5.0,0.0,0.0,5.0,38.0,1.0,0.0,1.0,5.0,4.0,5.0,4.0,158.0,39.5,0.0,1.0,1.0,33.3,0.0,71.4,0.0,5.0,4.0,0.0,0.0,0.0,0.0,0.0,2.0,2.0,2.0,2.0,0.0,6.0,0.0,0.0,0.0,3.0,3.0,47.0,22.0,1.0,5.0,4.0,1.0,0.0,38.0,6.0,2.0,15.0,1.0,2.0,1.0,Sunday,993005168.0,3,8,19067.0,24.0,1,-1.0,0.545,0.0,,0.3402928946977512,0.5633802816901409,0.5300991749699442,0.2829970349944575,0.2037605222221103,0.490566037735849,0.3836357235170189,-0.0460210326855303,40.0,41.0,-1.0,432.0,497.0,-1.0,0.545,0.0,40.0,41.0,0.0,0.3402928946977512,0.5633802816901409,0.5300991749699442,0.2829970349944575,0.2037605222221103,0.490566037735849,0.3836357235170189,-0.0460210326855303,0.3402928946977512,0.2037605222221103,202510203.0,2025-09-14T13:00:00,1,2025,2,CLE,BAL,AWAY,17.0,41.0,58.0,M&T Bank Stadium,0.0,3.0,7.0,7.0,0.0,35.0,49.0,31:49,22.0,5.0,13.0,4.0,71.0,327.0,4.6,2.0,24.0,49.0,2.0,1.0,45.0,31.0,278.0,1.0,2.0,6.2,9.0,68.9,74.12,16.0,9.0,56.2,3.0,2.0,66.7,3.0,2.0,0.0,0.0,7.0,53.0,0.0,0.0,2.0,12.0,7.0,8.0,2.0,97.0,48.5,2.0,0.0,-2.0,3.0,7.0,10.0,21.0,0.0,24.0,11.0,28:11,11.0,3.0,7.0,1.0,49.0,141.0,2.9,2.0,23.0,46.0,2.0,1.0,23.0,14.0,95.0,1.0,0.0,4.1,6.8,60.9,84.51,14.0,7.0,50.0,0.0,0.0,0.0,3.0,2.0,0.0,0.0,7.0,33.0,0.0,0.0,3.0,18.0,5.0,4.0,6.0,316.0,52.7,0.0,2.0,2.0,66.7,0.0,66.7,0.0,2.0,1.0,0.0,0.0,0.0,0.0,0.0,2.0,1.0,2.0,2.0,0.0,0.0,0.0,0.0,0.0,1.0,1.0,31.0,22.0,3.0,18.0,5.0,0.0,0.0,40.0,40.0,2.0,12.0,6.0,0.0,0.0,Sunday,993005167.0,8,3,19056.0,-24.0,0,-2.0,0.562,0.0,,-0.088101396139557,0.4,-0.0174525062025096,-0.065650434595148,-0.066499891883493,0.4411764705882353,-0.0186438978536298,-0.142049281473231,16.0,17.0,-1.0,327.0,141.0,-2.0,0.562,0.0,16.0,17.0,0.0,-0.088101396139557,0.4,-0.0174525062025096,-0.065650434595148,-0.066499891883493,0.4411764705882353,-0.0186438978536298,-0.142049281473231,-0.088101396139557,-0.066499891883493,0.0,-2.0,0.0,0.0,105.0,759.0,356.0,638.0,24.0,56.0,24.0,58.0,0.0,0.0,0.4283942908373082,0.2702604141056033
202510222.0,2025-09-14T13:00:00,1,2025,2,NO,SF,HOME,21.0,26.0,47.0,Caesars Superdome,0.0,7.0,7.0,7.0,0.0,26.0,14.0,29:15,21.0,5.0,12.0,4.0,69.0,315.0,4.6,1.0,22.0,107.0,4.9,1.0,46.0,27.0,208.0,0.0,0.0,4.5,7.7,58.7,69.84,14.0,5.0,35.7,2.0,1.0,50.0,4.0,1.0,0.0,0.0,13.0,89.0,0.0,0.0,1.0,6.0,5.0,7.0,4.0,202.0,50.5,0.0,0.0,0.0,6.0,10.0,3.0,7.0,0.0,33.0,46.0,30:45,19.0,5.0,11.0,3.0,61.0,276.0,4.5,2.0,27.0,146.0,5.4,0.0,29.0,21.0,130.0,2.0,0.0,4.5,6.2,72.4,104.09,13.0,6.0,46.2,0.0,0.0,0.0,3.0,2.0,0.0,0.0,9.0,54.0,0.0,0.0,5.0,33.0,2.0,3.0,4.0,188.0,47.0,0.0,0.0,0.0,25.0,0.0,66.7,0.0,1.0,1.0,0.0,0.0,0.0,0.0,0.0,3.0,2.0,2.0,2.0,0.0,0.0,0.0,0.0,0.0,3.0,2.0,40.0,26.0,5.0,33.0,5.0,0.0,0.0,38.0,33.0,1.0,6.0,10.0,0.0,0.0,Sunday,993005162.0,22,31,19060.0,-5.0,0,0.0,0.357,0.0,,-0.0909473130031966,0.4210526315789473,-0.01403391334745,-0.157066867862754,0.0160250306607103,0.4444444444444444,0.1315303328874779,-0.0526296751679004,13.0,20.0,-7.0,315.0,276.0,0.0,0.357,0.0,13.0,20.0,0.0,-0.0909473130031966,0.4210526315789473,-0.01403391334745,-0.157066867862754,0.0160250306607103,0.4444444444444444,0.1315303328874779,-0.0526296751679004,-0.0909473130031966,0.0160250306607103,202510222.0,2025-09-14T13:00:00,1,2025,2,SF,NO,AWAY,26.0,21.0,47.0,Caesars Superdome,6.0,10.0,3.0,7.0,0.0,37.0,58.0,30:45,24.0,7.0,15.0,2.0,72.0,384.0,5.3,2.0,36.0,119.0,3.3,0.0,35.0,26.0,265.0,2.0,2.0,7.6,10.2,74.3,90.77,14.0,7.0,50.0,2.0,2.0,100.0,5.0,2.0,0.0,0.0,9.0,61.0,2.0,0.0,1.0,12.0,2.0,7.0,2.0,96.0,48.0,2.0,2.0,0.0,0.0,7.0,7.0,7.0,0.0,22.0,2.0,29:15,14.0,6.0,6.0,2.0,50.0,230.0,4.6,1.0,26.0,84.0,3.2,1.0,23.0,16.0,146.0,0.0,0.0,6.3,9.1,69.6,86.5,10.0,3.0,30.0,0.0,0.0,0.0,3.0,1.0,0.0,0.0,4.0,30.0,3.0,2.0,1.0,4.0,8.0,7.0,5.0,259.0,51.8,2.0,2.0,0.0,40.0,0.0,33.3,0.0,2.0,2.0,0.0,0.0,0.0,0.0,0.0,3.0,1.0,1.0,1.0,0.0,0.0,0.0,0.0,0.0,2.0,2.0,34.0,19.0,1.0,4.0,3.0,2.0,2.0,46.0,35.0,1.0,12.0,4.0,0.0,0.0,Sunday,993005161.0,31,22,19064.0,5.0,1,0.0,0.5,0.0,,0.0116847996348948,0.4943820224719101,0.4108341018982689,-0.2494633817723297,-0.082176253839202,0.5223880597014925,-0.2248407545780426,-0.1296398446285634,17.0,13.0,4.0,384.0,230.0,0.0,0.5,1.0,17.0,13.0,1.0,0.0116847996348948,0.4943820224719101,0.4108341018982689,-0.2494633817723297,-0.082176253839202,0.5223880597014925,-0.2248407545780426,-0.1296398446285634,0.0116847996348948,-0.082176253839202,-11.0,-3.0,-1.0,1.0,-69.0,699.0,46.0,506.0,-4.0,30.0,7.0,33.0,-1.0,1.0,-0.1026321126380914,0.0982012844999123
202510219.0,2025-09-14T13:00:00,1,2025,2,MIA,NE,HOME,27.0,33.0,60.0,Hard Rock Stadium,0.0,14.0,6.0,7.0,0.0,21.0,17.0,26:15,12.0,3.0,9.0,0.0,46.0,211.0,4.6,1.0,12.0,78.0,6.5,0.0,31.0,19.0,133.0,1.0,2.0,4.3,7.0,61.3,54.91,10.0,5.0,50.0,2.0,1.0,50.0,1.0,1.0,0.0,0.0,3.0,15.0,1.0,1.0,3.0,13.0,2.0,4.0,1.0,42.0,42.0,3.0,0.0,-3.0,12.0,3.0,8.0,10.0,0.0,38.0,43.0,33:45,27.0,11.0,14.0,2.0,70.0,418.0,6.0,3.0,40.0,156.0,3.9,2.0,29.0,22.0,262.0,1.0,0.0,9.0,11.9,75.9,114.44,15.0,7.0,46.7,3.0,3.0,100.0,6.0,3.0,0.0,0.0,4.0,45.0,0.0,0.0,1.0,10.0,6.0,4.0,0.0,0.0,0.0,0.0,3.0,3.0,100.0,0.0,50.0,0.0,0.0,0.0,0.0,2.0,1.0,0.0,0.0,0.0,0.0,3.0,3.0,0.0,0.0,0.0,0.0,0.0,4.0,4.0,46.0,35.0,1.0,10.0,4.0,0.0,0.0,25.0,20.0,3.0,13.0,5.0,1.0,1.0,Sunday,993005156.0,19,21,19057.0,-6.0,0,-3.0,0.5,0.0,,-0.1589336444857097,0.4821428571428571,-0.4309401173161065,0.3874053147854283,0.2513866281498552,0.5529411764705883,0.3602587765104817,0.0821269299404575,8.0,33.0,-25.0,211.0,418.0,-3.0,0.5,0.0,8.0,33.0,0.0,-0.1589336444857097,0.4821428571428571,-0.4309401173161065,0.3874053147854283,0.2513866281498552,0.5529411764705883,0.3602587765104817,0.0821269299404575,-0.1589336444857097,0.2513866281498552,202510219.0,2025-09-14T13:00:00,1,2025,2,NE,MIA,AWAY,33.0,27.0,60.0,Hard Rock Stadium,12.0,3.0,8.0,10.0,0.0,30.0,5.0,33:45,18.0,2.0,15.0,1.0,68.0,336.0,4.9,1.0,18.0,60.0,3.3,0.0,46.0,30.0,276.0,1.0,1.0,6.0,9.2,65.2,79.62,14.0,4.0,28.6,1.0,1.0,100.0,3.0,1.0,0.0,0.0,8.0,70.0,1.0,0.0,4.0,11.0,9.0,10.0,6.0,244.0,40.7,1.0,1.0,0.0,0.0,14.0,6.0,7.0,0.0,29.0,55.0,26:15,21.0,3.0,17.0,1.0,62.0,389.0,6.3,2.0,24.0,56.0,2.3,1.0,34.0,24.0,333.0,1.0,1.0,9.8,13.9,70.6,99.26,13.0,5.0,38.5,1.0,1.0,100.0,1.0,1.0,0.0,0.0,9.0,77.0,0.0,0.0,4.0,29.0,9.0,6.0,5.0,249.0,49.8,1.0,1.0,0.0,33.3,0.0,100.0,0.0,1.0,1.0,0.0,0.0,0.0,0.0,0.0,3.0,2.0,2.0,2.0,0.0,0.0,0.0,0.0,0.0,3.0,2.0,38.0,27.0,4.0,29.0,5.0,0.0,0.0,39.0,31.0,4.0,11.0,4.0,1.0,0.0,Sunday,993005155.0,21,19,19059.0,6.0,1,0.0,0.286,0.0,,-0.0494709201958189,0.4395604395604395,0.0441267920397912,-0.3313442153020707,0.0816863440271978,0.45,0.3780759793938614,-0.3574988553719205,13.0,20.0,-7.0,336.0,389.0,0.0,0.286,0.0,13.0,20.0,0.0,-0.0494709201958189,0.4395604395604395,0.0441267920397912,-0.3313442153020707,0.0816863440271978,0.45,0.3780759793938614,-0.3574988553719205,-0.0494709201958189,0.0816863440271978,-18.0,-32.0,0.0,0.0,-125.0,547.0,29.0,807.0,-5.0,21.0,13.0,53.0,0.0,0.0,-0.10946272428989082,0.1697002841226574
202510211.0,2025-09-14T13:00:00,1,2025,2,DET,CHI,HOME,52.0,21.0,73.0,Ford Field,14.0,14.0,10.0,14.0,0.0,35.0,25.0,30:20,16.0,2.0,13.0,1.0,65.0,246.0,3.8,1.0,22.0,46.0,2.1,0.0,39.0,31.0,200.0,1.0,1.0,5.1,6.5,79.5,85.9,15.0,5.0,33.3,4.0,3.0,75.0,4.0,1.0,0.0,0.0,7.0,40.0,0.0,0.0,4.0,25.0,2.0,2.0,3.0,142.0,47.3,1.0,0.0,-1.0,7.0,7.0,0.0,7.0,0.0,24.0,35.0,29:40,14.0,4.0,8.0,2.0,47.0,266.0,5.7,3.0,25.0,78.0,3.1,1.0,22.0,16.0,188.0,2.0,0.0,8.5,11.8,72.7,128.6,10.0,4.0,40.0,1.0,1.0,100.0,5.0,3.0,0.0,0.0,4.0,40.0,0.0,0.0,0.0,0.0,9.0,9.0,3.0,164.0,54.7,0.0,1.0,1.0,25.0,0.0,60.0,0.0,1.0,1.0,0.0,0.0,0.0,0.0,0.0,2.0,2.0,3.0,3.0,0.0,0.0,0.0,0.0,0.0,2.0,2.0,31.0,18.0,0.0,0.0,1.0,0.0,0.0,41.0,34.0,4.0,25.0,2.0,0.0,0.0,Sunday,993005152.0,11,6,19065.0,31.0,1,-1.0,0.333,0.0,,-0.0539303504504516,0.4337349397590361,0.0453408871121429,-0.2790762317335148,0.1847870831526015,0.5,0.4744935640807041,-0.0321804315111877,13.0,27.0,-14.0,246.0,266.0,-1.0,0.333,0.0,13.0,27.0,0.0,-0.0539303504504516,0.4337349397590361,0.0453408871121429,-0.2790762317335148,0.1847870831526015,0.5,0.4744935640807041,-0.0321804315111877,-0.0539303504504516,0.1847870831526015,202510211.0,2025-09-14T13:00:00,1,2025,2,CHI,DET,AWAY,21.0,52.0,73.0,Ford Field,7.0,7.0,0.0,7.0,0.0,32.0,53.0,29:40,20.0,7.0,10.0,3.0,63.0,317.0,5.0,3.0,26.0,119.0,4.6,1.0,35.0,21.0,198.0,1.0,0.0,5.7,9.4,60.0,85.18,12.0,3.0,25.0,1.0,0.0,0.0,2.0,2.0,0.0,0.0,12.0,127.0,1.0,1.0,2.0,12.0,5.0,6.0,6.0,266.0,44.3,1.0,1.0,0.0,14.0,14.0,10.0,14.0,0.0,27.0,7.0,30:20,14.0,6.0,5.0,3.0,49.0,254.0,5.2,3.0,26.0,120.0,4.6,1.0,20.0,13.0,134.0,2.0,1.0,6.7,10.3,65.0,96.67,12.0,3.0,25.0,0.0,0.0,0.0,3.0,2.0,0.0,0.0,8.0,50.0,0.0,0.0,3.0,9.0,3.0,6.0,7.0,333.0,47.6,1.0,1.0,0.0,100.0,0.0,66.7,0.0,3.0,3.0,0.0,0.0,0.0,0.0,0.0,2.0,1.0,1.0,1.0,0.0,4.0,1.0,0.0,0.0,2.0,2.0,33.0,14.0,3.0,9.0,5.0,0.0,0.0,38.0,21.0,2.0,12.0,3.0,1.0,1.0,Sunday,993005151.0,6,11,19068.0,-31.0,0,0.0,0.25,0.0,,-0.1106152289567867,0.3777777777777777,0.0129176890372678,-0.19862664780452,-0.0642966416873157,0.4459459459459459,-0.1317065480258613,-0.025951986866018,24.0,27.0,-3.0,317.0,254.0,0.0,0.25,0.0,24.0,27.0,0.0,-0.1106152289567867,0.3777777777777777,0.0129176890372678,-0.19862664780452,-0.0642966416873157,0.4459459459459459,-0.1317065480258613,-0.025951986866018,-0.1106152289567867,-0.0642966416873157,-11.0,-17.0,0.0,0.0,-71.0,563.0,12.0,520.0,-11.0,37.0,0.0,54.0,0.0,0.0,0.0566848785063351,0.2490837248399172
202510224.0,2025-09-14T13:00:00,1,2025,2,NYJ,BUF,HOME,10.0,30.0,40.0,MetLife Stadium,0.0,3.0,0.0,7.0,0.0,34.0,43.0,21:39,23.0,13.0,9.0,1.0,62.0,394.0,6.4,4.0,39.0,182.0,4.7,3.0,22.0,16.0,212.0,1.0,0.0,9.6,13.2,72.7,117.99,14.0,7.0,50.0,2.0,1.0,50.0,4.0,3.0,0.0,0.0,7.0,74.0,1.0,1.0,1.0,6.0,7.0,7.0,2.0,94.0,47.0,1.0,0.0,-1.0,10.0,10.0,3.0,7.0,0.0,25.0,17.0,38:21,19.0,2.0,14.0,3.0,54.0,271.0,5.0,4.0,20.0,53.0,2.6,0.0,30.0,22.0,218.0,4.0,0.0,7.3,9.9,73.3,133.06,10.0,4.0,40.0,0.0,0.0,0.0,3.0,3.0,0.0,0.0,4.0,26.0,2.0,0.0,4.0,26.0,6.0,6.0,4.0,190.0,47.5,0.0,1.0,1.0,75.0,0.0,100.0,0.0,2.0,2.0,0.0,3.0,0.0,0.0,0.0,2.0,2.0,4.0,4.0,0.0,0.0,0.0,0.0,0.0,2.0,2.0,31.0,24.0,4.0,26.0,4.0,2.0,0.0,45.0,21.0,1.0,6.0,4.0,1.0,1.0,Sunday,993005165.0,24,4,19061.0,-20.0,0,-1.0,0.5,0.0,,0.1578507573896948,0.55,0.3997905624436054,0.0834698052735226,0.2086292403607946,0.5131578947368421,0.3387146028891167,-0.0619456393056009,32.0,34.0,-2.0,394.0,271.0,-1.0,0.5,0.0,32.0,34.0,0.0,0.1578507573896948,0.55,0.3997905624436054,0.0834698052735226,0.2086292403607946,0.5131578947368421,0.3387146028891167,-0.0619456393056009,0.1578507573896948,0.2086292403607946,202510224.0,2025-09-14T13:00:00,1,2025,2,BUF,NYJ,AWAY,30.0,10.0,40.0,MetLife Stadium,10.0,10.0,3.0,7.0,0.0,34.0,49.0,38:21,29.0,9.0,18.0,2.0,78.0,497.0,6.4,5.0,31.0,108.0,3.5,3.0,46.0,33.0,389.0,2.0,0.0,8.5,11.8,71.7,111.59,15.0,7.0,46.7,1.0,1.0,100.0,7.0,5.0,0.0,0.0,5.0,38.0,1.0,0.0,1.0,5.0,4.0,5.0,4.0,158.0,39.5,0.0,1.0,1.0,0.0,3.0,0.0,7.0,0.0,25.0,11.0,21:39,19.0,10.0,8.0,1.0,50.0,432.0,8.6,5.0,29.0,238.0,8.2,3.0,19.0,14.0,194.0,2.0,0.0,10.2,13.9,73.7,141.12,11.0,6.0,54.5,0.0,0.0,0.0,3.0,1.0,0.0,0.0,7.0,51.0,2.0,1.0,2.0,15.0,3.0,3.0,3.0,152.0,50.7,1.0,0.0,-1.0,71.4,0.0,33.3,0.0,2.0,2.0,0.0,6.0,0.0,0.0,0.0,3.0,3.0,5.0,4.0,0.0,0.0,0.0,0.0,0.0,2.0,2.0,38.0,6.0,2.0,15.0,1.0,2.0,1.0,47.0,22.0,1.0,5.0,4.0,1.0,0.0,Sunday,993005163.0,4,24,19067.0,20.0,1,1.0,0.467,0.0,,0.2037605222221103,0.490566037735849,0.3836357235170189,-0.0460210326855303,0.3402928946977512,0.5633802816901409,0.5300991749699442,0.2829970349944575,41.0,40.0,1.0,497.0,432.0,1.0,0.467,1.0,41.0,40.0,1.0,0.2037605222221103,0.490566037735849,0.3836357235170189,-0.0460210326855303,0.3402928946977512,0.5633802816901409,0.5300991749699442,0.2829970349944575,0.2037605222221103,0.3402928946977512,-3.0,-1.0,-1.0,1.0,-103.0,891.0,-161.0,703.0,-9.0,73.0,-6.0,74.0,-1.0,1.0,-0.04590976483241549,-0.1316636543369566
202510234.0,2025-09-14T13:00:00,1,2025,2,TEN,LAR,HOME,19.0,33.0,52.0,Nissan Stadium,0.0,13.0,3.0,3.0,0.0,28.0,4.0,30:07,7.0,2.0,5.0,0.0,55.0,133.0,2.4,0.0,21.0,71.0,3.4,0.0,28.0,12.0,62.0,0.0,0.0,2.2,5.2,42.9,50.3,14.0,2.0,14.3,1.0,0.0,0.0,2.0,0.0,0.0,0.0,13.0,131.0,2.0,2.0,6.0,50.0,5.0,4.0,8.0,395.0,49.4,2.0,4.0,2.0,7.0,3.0,10.0,13.0,0.0,31.0,56.0,29:53,20.0,5.0,9.0,6.0,71.0,317.0,4.5,2.0,30.0,151.0,5.0,1.0,40.0,25.0,166.0,1.0,2.0,4.2,6.6,62.5,58.96,15.0,6.0,40.0,2.0,0.0,0.0,3.0,1.0,0.0,0.0,6.0,45.0,2.0,2.0,1.0,10.0,14.0,7.0,3.0,144.0,48.0,4.0,2.0,-2.0,0.0,0.0,33.3,0.0,0.0,0.0,0.0,0.0,0.0,0.0,0.0,4.0,4.0,2.0,2.0,0.0,0.0,0.0,0.0,0.0,2.0,2.0,42.0,28.0,1.0,10.0,5.0,1.0,2.0,32.0,26.0,6.0,50.0,4.0,2.0,2.0,Sunday,993005166.0,34,32,19063.0,-14.0,0,2.0,0.143,0.0,,-0.2187039006328325,0.3246753246753247,-0.4251168284995008,-0.4369879171685676,-0.1095381062775076,0.4239130434782608,-0.1795141110356279,-0.0852244573963197,12.0,20.0,-8.0,133.0,317.0,2.0,0.143,0.0,12.0,20.0,0.0,-0.2187039006328325,0.3246753246753247,-0.4251168284995008,-0.4369879171685676,-0.1095381062775076,0.4239130434782608,-0.1795141110356279,-0.0852244573963197,-0.2187039006328325,-0.1095381062775076,202510234.0,2025-09-14T13:00:00,1,2025,2,LAR,TEN,AWAY,33.0,19.0,52.0,Nissan Stadium,7.0,3.0,10.0,13.0,0.0,28.0,35.0,29:53,18.0,3.0,13.0,2.0,57.0,296.0,5.2,2.0,25.0,72.0,2.9,1.0,29.0,21.0,224.0,1.0,0.0,7.7,10.7,72.4,106.11,13.0,7.0,53.8,1.0,1.0,100.0,3.0,2.0,0.0,0.0,7.0,60.0,2.0,1.0,3.0,21.0,7.0,3.0,5.0,220.0,44.0,1.0,2.0,1.0,0.0,13.0,3.0,3.0,0.0,31.0,25.0,30:07,18.0,8.0,7.0,3.0,57.0,265.0,4.6,0.0,27.0,114.0,4.2,0.0,27.0,19.0,151.0,0.0,1.0,5.6,7.9,70.4,68.6,9.0,2.0,22.2,1.0,1.0,100.0,1.0,0.0,0.0,0.0,11.0,80.0,1.0,1.0,3.0,37.0,6.0,5.0,4.0,208.0,52.0,2.0,1.0,-1.0,66.7,0.0,0.0,0.0,2.0,2.0,0.0,0.0,0.0,0.0,0.0,0.0,0.0,0.0,0.0,0.0,0.0,0.0,0.0,0.0,3.0,3.0,38.0,24.0,3.0,37.0,4.0,1.0,1.0,35.0,23.0,3.0,21.0,1.0,1.0,1.0,Sunday,993005164.0,32,34,19066.0,14.0,1,1.0,0.538,0.0,,-0.0746001837634885,0.4,0.0166697338110466,-0.1968777663617705,-0.1213073501858161,0.3684210526315789,-0.1323013490095002,-0.1635631800629198,14.0,9.0,5.0,296.0,265.0,1.0,0.538,1.0,14.0,9.0,1.0,-0.0746001837634885,0.4,0.0166697338110466,-0.1968777663617705,-0.1213073501858161,0.3684210526315789,-0.1323013490095002,-0.1635631800629198,-0.0746001837634885,-0.1213073501858161,-13.0,-3.0,-1.0,1.0,-163.0,429.0,52.0,582.0,-2.0,26.0,11.0,29.0,-1.0,1.0,-0.14410371686934398,0.01176924390830851
202510214.0,2025-09-14T16:05:00,1,2025,2,IND,DEN,HOME,29.0,28.0,57.0,Lucas Oil Stadium,6.0,14.0,3.0,6.0,0.0,38.0,43.0,32:07,27.0,11.0,14.0,2.0,70.0,418.0,6.0,3.0,40.0,156.0,3.9,2.0,29.0,22.0,262.0,1.0,0.0,9.0,11.9,75.9,114.44,15.0,7.0,46.7,3.0,3.0,100.0,6.0,3.0,0.0,0.0,4.0,45.0,0.0,0.0,1.0,10.0,6.0,4.0,0.0,0.0,0.0,0.0,3.0,3.0,7.0,14.0,7.0,0.0,0.0,21.0,17.0,27:53,12.0,3.0,9.0,0.0,46.0,211.0,4.6,1.0,12.0,78.0,6.5,0.0,31.0,19.0,133.0,1.0,2.0,4.3,7.0,61.3,54.91,10.0,5.0,50.0,2.0,1.0,50.0,1.0,1.0,0.0,0.0,3.0,15.0,1.0,1.0,3.0,13.0,2.0,4.0,1.0,42.0,42.0,3.0,0.0,-3.0,50.0,0.0,100.0,0.0,3.0,3.0,0.0,0.0,0.0,0.0,0.0,4.0,4.0,0.0,0.0,0.0,2.0,1.0,0.0,0.0,0.0,0.0,25.0,20.0,3.0,13.0,5.0,1.0,1.0,46.0,35.0,1.0,10.0,4.0,0.0,0.0,Sunday,993005172.0,14,10,19057.0,1.0,1,3.0,0.467,0.0,,0.2513866281498552,0.5529411764705883,0.3602587765104817,0.0821269299404575,-0.1589336444857097,0.4821428571428571,-0.4309401173161065,0.3874053147854283,33.0,8.0,25.0,418.0,211.0,3.0,0.467,1.0,33.0,8.0,1.0,0.2513866281498552,0.5529411764705883,0.3602587765104817,0.0821269299404575,-0.1589336444857097,0.4821428571428571,-0.4309401173161065,0.3874053147854283,0.2513866281498552,-0.1589336444857097,202510214.0,2025-09-14T16:05:00,1,2025,2,DEN,IND,AWAY,28.0,29.0,57.0,Lucas Oil Stadium,7.0,14.0,7.0,0.0,0.0,31.0,56.0,27:53,20.0,5.0,9.0,6.0,71.0,317.0,4.5,2.0,30.0,151.0,5.0,1.0,40.0,25.0,166.0,1.0,2.0,4.2,6.6,62.5,58.96,15.0,6.0,40.0,2.0,0.0,0.0,3.0,1.0,0.0,0.0,6.0,45.0,2.0,2.0,1.0,10.0,14.0,7.0,3.0,144.0,48.0,4.0,2.0,-2.0,6.0,14.0,3.0,6.0,0.0,28.0,4.0,32:07,7.0,2.0,5.0,0.0,55.0,133.0,2.4,0.0,21.0,71.0,3.4,0.0,28.0,12.0,62.0,0.0,0.0,2.2,5.2,42.9,50.3,14.0,2.0,14.3,1.0,0.0,0.0,2.0,0.0,0.0,0.0,13.0,131.0,2.0,2.0,6.0,50.0,5.0,4.0,8.0,395.0,49.4,2.0,4.0,2.0,33.3,0.0,0.0,0.0,2.0,2.0,0.0,0.0,0.0,0.0,0.0,2.0,2.0,0.0,0.0,0.0,0.0,0.0,0.0,0.0,4.0,4.0,32.0,26.0,6.0,50.0,4.0,2.0,2.0,42.0,28.0,1.0,10.0,5.0,1.0,2.0,Sunday,993005171.0,10,14,19063.0,-1.0,0,-2.0,0.4,0.0,,-0.1095381062775076,0.4239130434782608,-0.1795141110356279,-0.0852244573963197,-0.2187039006328325,0.3246753246753247,-0.4251168284995008,-0.4369879171685676,20.0,12.0,8.0,317.0,133.0,-2.0,0.4,1.0,20.0,12.0,1.0,-0.1095381062775076,0.4239130434782608,-0.1795141110356279,-0.0852244573963197,-0.2187039006328325,0.3246753246753247,-0.4251168284995008,-0.4369879171685676,-0.1095381062775076,-0.2187039006328325,17.0,33.0,0.0,2.0,101.0,735.0,78.0,344.0,13.0,53.0,-4.0,20.0,0.0,2.0,0.3609247344273628,0.05977025614712278
202510201.0,2025-09-14T16:05:00,1,2025,2,ARI,CAR,HOME,27.0,22.0,49.0,State Farm Stadium,10.0,10.0,7.0,0.0,0.0,33.0,46.0,26:45,19.0,5.0,11.0,3.0,61.0,276.0,4.5,2.0,27.0,146.0,5.4,0.0,29.0,21.0,130.0,2.0,0.0,4.5,6.2,72.4,104.09,13.0,6.0,46.2,0.0,0.0,0.0,3.0,2.0,0.0,0.0,9.0,54.0,0.0,0.0,5.0,33.0,2.0,3.0,4.0,188.0,47.0,0.0,0.0,0.0,3.0,0.0,6.0,13.0,0.0,26.0,14.0,33:15,21.0,5.0,12.0,4.0,69.0,315.0,4.6,1.0,22.0,107.0,4.9,1.0,46.0,27.0,208.0,0.0,0.0,4.5,7.7,58.7,69.84,14.0,5.0,35.7,2.0,1.0,50.0,4.0,1.0,0.0,0.0,13.0,89.0,0.0,0.0,1.0,6.0,5.0,7.0,4.0,202.0,50.5,0.0,0.0,0.0,66.7,0.0,25.0,0.0,2.0,2.0,0.0,0.0,0.0,0.0,0.0,3.0,2.0,1.0,1.0,0.0,0.0,0.0,0.0,0.0,3.0,2.0,38.0,33.0,1.0,6.0,10.0,0.0,0.0,40.0,26.0,5.0,33.0,5.0,0.0,0.0,Sunday,993005170.0,1,5,19060.0,5.0,1,0.0,0.462,0.0,,0.0160250306607103,0.4444444444444444,0.1315303328874779,-0.0526296751679004,-0.0909473130031966,0.4210526315789473,-0.01403391334745,-0.157066867862754,20.0,13.0,7.0,276.0,315.0,0.0,0.462,1.0,20.0,13.0,1.0,0.0160250306607103,0.4444444444444444,0.1315303328874779,-0.0526296751679004,-0.0909473130031966,0.4210526315789473,-0.01403391334745,-0.157066867862754,0.0160250306607103,-0.0909473130031966,202510201.0,2025-09-14T16:05:00,1,2025,2,CAR,ARI,AWAY,22.0,27.0,49.0,State Farm Stadium,3.0,0.0,6.0,13.0,0.0,29.0,0.0,33:15,15.0,5.0,8.0,2.0,61.0,255.0,4.2,1.0,25.0,113.0,4.5,0.0,35.0,18.0,142.0,1.0,2.0,4.1,7.9,51.4,47.56,15.0,8.0,53.3,2.0,0.0,0.0,1.0,0.0,0.0,0.0,4.0,35.0,1.0,1.0,1.0,12.0,1.0,1.0,2.0,86.0,43.0,3.0,1.0,-2.0,10.0,10.0,7.0,0.0,0.0,31.0,0.0,26:45,19.0,10.0,9.0,0.0,63.0,378.0,6.0,2.0,32.0,200.0,6.2,1.0,31.0,19.0,178.0,1.0,1.0,5.7,9.4,61.3,74.4,12.0,5.0,41.7,2.0,2.0,100.0,5.0,2.0,0.0,0.0,11.0,93.0,0.0,0.0,0.0,0.0,5.0,2.0,2.0,111.0,55.5,1.0,3.0,2.0,0.0,0.0,40.0,0.0,1.0,1.0,0.0,0.0,0.0,0.0,0.0,1.0,1.0,2.0,2.0,0.0,0.0,0.0,0.0,0.0,4.0,4.0,41.0,19.0,0.0,0.0,4.0,0.0,0.0,27.0,30.0,1.0,12.0,9.0,1.0,1.0,Sunday,993005169.0,5,1,19058.0,-5.0,0,-2.0,0.533,0.0,,-0.1083875483464407,0.3947368421052631,-0.2149518637200657,-0.0928776706539793,0.1175298766814516,0.4814814814814814,0.0684146511094677,0.1411559857554783,10.0,26.0,-16.0,255.0,378.0,-2.0,0.533,0.0,10.0,26.0,0.0,-0.1083875483464407,0.3947368421052631,-0.2149518637200657,-0.0928776706539793,0.1175298766814516,0.4814814814814814,0.0684146511094677,0.1411559857554783,-0.1083875483464407,0.1175298766814516,23.0,-9.0,1.0,1.0,21.0,531.0,-63.0,693.0,10.0,30.0,-13.0,39.0,1.0,1.0,0.124412579007151,-0.20847718968464818
202510216.0,2025-09-14T16:25:00,1,2025,2,KC,PHI,HOME,17.0,20.0,37.0,Arrowhead Stadium,0.0,10.0,0.0,7.0,0.0,27.0,16.0,27:26,18.0,8.0,9.0,1.0,58.0,347.0,6.0,2.0,17.0,98.0,5.8,1.0,39.0,24.0,249.0,1.0,0.0,6.4,10.4,61.5,88.51,14.0,5.0,35.7,3.0,3.0,100.0,3.0,1.0,0.0,0.0,10.0,71.0,1.0,0.0,2.0,9.0,4.0,6.0,3.0,116.0,38.7,0.0,0.0,0.0,7.0,3.0,3.0,7.0,0.0,32.0,44.0,32:34,22.0,6.0,16.0,0.0,62.0,394.0,6.4,3.0,25.0,90.0,3.6,0.0,34.0,25.0,304.0,3.0,0.0,8.9,12.2,73.5,130.02,13.0,7.0,53.8,1.0,1.0,100.0,4.0,2.0,0.0,0.0,6.0,49.0,1.0,0.0,3.0,14.0,8.0,3.0,2.0,106.0,53.0,0.0,0.0,0.0,33.3,0.0,50.0,0.0,1.0,0.0,0.0,2.0,0.0,0.0,0.0,3.0,3.0,3.0,3.0,0.0,0.0,0.0,0.0,0.0,2.0,2.0,41.0,14.0,3.0,14.0,2.0,1.0,0.0,33.0,16.0,2.0,9.0,4.0,0.0,0.0,Sunday,993005174.0,16,26,19054.0,-3.0,0,0.0,0.357,0.0,,0.131253166837295,0.4556962025316455,0.2023466848854601,0.0543878789224739,0.2137136805261034,0.575,0.4380612356331639,-0.0700785018395195,21.0,27.0,-6.0,347.0,394.0,0.0,0.357,0.0,21.0,27.0,0.0,0.131253166837295,0.4556962025316455,0.2023466848854601,0.0543878789224739,0.2137136805261034,0.575,0.4380612356331639,-0.0700785018395195,0.131253166837295,0.2137136805261034,202510216.0,2025-09-14T16:25:00,1,2025,2,PHI,KC,AWAY,20.0,17.0,37.0,Arrowhead Stadium,7.0,3.0,3.0,7.0,0.0,34.0,52.0,32:34,20.0,14.0,6.0,0.0,62.0,302.0,4.9,3.0,38.0,158.0,4.2,3.0,23.0,19.0,144.0,0.0,0.0,6.3,7.6,82.6,92.75,13.0,8.0,61.5,0.0,0.0,0.0,3.0,3.0,0.0,0.0,9.0,110.0,0.0,0.0,1.0,8.0,1.0,3.0,3.0,146.0,48.7,0.0,1.0,1.0,0.0,10.0,0.0,7.0,0.0,25.0,8.0,27:26,22.0,7.0,9.0,6.0,56.0,307.0,5.5,2.0,22.0,119.0,5.4,2.0,34.0,21.0,188.0,0.0,0.0,5.5,9.0,61.8,76.59,11.0,7.0,63.6,1.0,0.0,0.0,3.0,2.0,0.0,0.0,4.0,42.0,1.0,1.0,0.0,0.0,5.0,5.0,2.0,87.0,43.5,1.0,0.0,-1.0,100.0,0.0,66.7,0.0,3.0,3.0,0.0,0.0,0.0,0.0,0.0,1.0,1.0,2.0,2.0,0.0,0.0,0.0,0.0,0.0,2.0,2.0,34.0,23.0,0.0,0.0,6.0,1.0,1.0,36.0,33.0,1.0,8.0,0.0,0.0,0.0,Sunday,993005173.0,26,16,19039.0,3.0,1,1.0,0.615,0.0,,0.1710982200285014,0.5324675324675324,0.249534717917889,0.0473812661679963,0.138824515535929,0.5135135135135135,0.1338575387248483,0.048927883387521,24.0,20.0,4.0,302.0,307.0,1.0,0.615,1.0,24.0,20.0,1.0,0.1710982200285014,0.5324675324675324,0.249534717917889,0.0473812661679963,0.138824515535929,0.5135135135135135,0.1338575387248483,0.048927883387521,0.1710982200285014,0.138824515535929,-10.0,-2.0,-1.0,1.0,45.0,649.0,87.0,701.0,-3.0,45.0,7.0,47.0,-1.0,1.0,-0.0398450531912064,0.0748891649901744
202510220.0,2025-09-14T20:20:00,1,2025,2,MIN,ATL,HOME,6.0,22.0,28.0,U.S. Bank Stadium,0.0,6.0,0.0,0.0,0.0,27.0,7.0,23:28,14.0,6.0,5.0,3.0,49.0,254.0,5.2,3.0,26.0,120.0,4.6,1.0,20.0,13.0,134.0,2.0,1.0,6.7,10.3,65.0,96.67,12.0,3.0,25.0,0.0,0.0,0.0,3.0,2.0,0.0,0.0,8.0,50.0,0.0,0.0,3.0,9.0,3.0,6.0,7.0,333.0,47.6,1.0,1.0,0.0,6.0,3.0,3.0,10.0,0.0,32.0,53.0,36:32,20.0,7.0,10.0,3.0,63.0,317.0,5.0,3.0,26.0,119.0,4.6,1.0,35.0,21.0,198.0,1.0,0.0,5.7,9.4,60.0,85.18,12.0,3.0,25.0,1.0,0.0,0.0,2.0,2.0,0.0,0.0,12.0,127.0,1.0,1.0,2.0,12.0,5.0,6.0,6.0,266.0,44.3,1.0,1.0,0.0,66.7,0.0,100.0,0.0,1.0,1.0,0.0,4.0,1.0,0.0,0.0,2.0,2.0,3.0,3.0,0.0,0.0,0.0,0.0,0.0,2.0,1.0,38.0,21.0,2.0,12.0,3.0,1.0,1.0,33.0,14.0,3.0,9.0,5.0,0.0,0.0,Sunday,993005176.0,20,2,19068.0,-16.0,0,0.0,0.25,0.0,,-0.0642966416873157,0.4459459459459459,-0.1317065480258613,-0.025951986866018,-0.1106152289567867,0.3777777777777777,0.0129176890372678,-0.19862664780452,27.0,24.0,3.0,254.0,317.0,0.0,0.25,1.0,27.0,24.0,1.0,-0.0642966416873157,0.4459459459459459,-0.1317065480258613,-0.025951986866018,-0.1106152289567867,0.3777777777777777,0.0129176890372678,-0.19862664780452,-0.0642966416873157,-0.1106152289567867,202510220.0,2025-09-14T20:20:00,1,2025,2,ATL,MIN,AWAY,22.0,6.0,28.0,U.S. Bank Stadium,6.0,3.0,3.0,10.0,0.0,35.0,12.0,36:32,23.0,4.0,16.0,3.0,71.0,358.0,5.0,2.0,28.0,69.0,2.5,1.0,42.0,27.0,289.0,1.0,0.0,6.9,10.7,64.3,92.26,15.0,6.0,40.0,4.0,3.0,75.0,2.0,1.0,0.0,0.0,8.0,55.0,1.0,0.0,1.0,9.0,3.0,2.0,3.0,140.0,46.7,0.0,0.0,0.0,0.0,6.0,0.0,0.0,0.0,24.0,48.0,23:28,16.0,5.0,10.0,1.0,56.0,260.0,4.6,3.0,23.0,101.0,4.4,0.0,32.0,17.0,159.0,3.0,0.0,5.0,9.4,53.1,98.31,14.0,7.0,50.0,1.0,1.0,100.0,1.0,1.0,0.0,0.0,5.0,60.0,0.0,0.0,1.0,8.0,5.0,7.0,4.0,205.0,51.2,0.0,0.0,0.0,50.0,0.0,100.0,0.0,2.0,2.0,0.0,0.0,0.0,0.0,0.0,3.0,2.0,3.0,2.0,0.0,0.0,0.0,0.0,0.0,2.0,1.0,26.0,27.0,1.0,8.0,7.0,0.0,0.0,43.0,27.0,1.0,9.0,7.0,0.0,0.0,Sunday,993005175.0,2,20,19055.0,16.0,1,0.0,0.4,0.0,,0.0108816260338961,0.4725274725274725,0.3540741427802009,-0.517469756485904,0.0760879580777993,0.4189189189189189,0.2989423833589029,-0.1791379283776653,20.0,23.0,-3.0,358.0,260.0,0.0,0.4,0.0,20.0,23.0,0.0,0.0108816260338961,0.4725274725274725,0.3540741427802009,-0.517469756485904,0.0760879580777993,0.4189189189189189,0.2989423833589029,-0.1791379283776653,0.0108816260338961,0.0760879580777993,6.0,0.0,1.0,1.0,-104.0,612.0,57.0,577.0,7.0,47.0,1.0,47.0,1.0,1.0,-0.0751782677212118,-0.186703187034586
202510213.0,2025-09-15T19:00:00,1,2025,2,HOU,TB,HOME,19.0,20.0,39.0,NRG Stadium,10.0,0.0,0.0,9.0,0.0,31.0,25.0,22:51,18.0,8.0,7.0,3.0,57.0,265.0,4.6,0.0,27.0,114.0,4.2,0.0,27.0,19.0,151.0,0.0,1.0,5.6,7.9,70.4,68.6,9.0,2.0,22.2,1.0,1.0,100.0,1.0,0.0,0.0,0.0,11.0,80.0,1.0,1.0,3.0,37.0,6.0,5.0,4.0,208.0,52.0,2.0,1.0,-1.0,7.0,7.0,0.0,6.0,0.0,28.0,35.0,37:09,18.0,3.0,13.0,2.0,57.0,296.0,5.2,2.0,25.0,72.0,2.9,1.0,29.0,21.0,224.0,1.0,0.0,7.7,10.7,72.4,106.11,13.0,7.0,53.8,1.0,1.0,100.0,3.0,2.0,0.0,0.0,7.0,60.0,2.0,1.0,3.0,21.0,7.0,3.0,5.0,220.0,44.0,1.0,2.0,1.0,0.0,0.0,66.7,0.0,0.0,0.0,0.0,0.0,0.0,0.0,0.0,3.0,3.0,2.0,2.0,0.0,0.0,0.0,0.0,0.0,0.0,0.0,35.0,23.0,3.0,21.0,1.0,1.0,1.0,38.0,24.0,3.0,37.0,4.0,1.0,1.0,Monday,993005178.0,13,33,19066.0,-1.0,0,-1.0,0.222,0.0,,-0.1213073501858161,0.3684210526315789,-0.1323013490095002,-0.1635631800629198,-0.0746001837634885,0.4,0.0166697338110466,-0.1968777663617705,9.0,14.0,-5.0,265.0,296.0,-1.0,0.222,0.0,9.0,14.0,0.0,-0.1213073501858161,0.3684210526315789,-0.1323013490095002,-0.1635631800629198,-0.0746001837634885,0.4,0.0166697338110466,-0.1968777663617705,-0.1213073501858161,-0.0746001837634885,202510213.0,2025-09-15T19:00:00,1,2025,2,TB,HOU,AWAY,20.0,19.0,39.0,NRG Stadium,7.0,7.0,0.0,6.0,0.0,24.0,48.0,37:09,16.0,5.0,10.0,1.0,56.0,260.0,4.6,3.0,23.0,101.0,4.4,0.0,32.0,17.0,159.0,3.0,0.0,5.0,9.4,53.1,98.31,14.0,7.0,50.0,1.0,1.0,100.0,1.0,1.0,0.0,0.0,5.0,60.0,0.0,0.0,1.0,8.0,5.0,7.0,4.0,205.0,51.2,0.0,0.0,0.0,10.0,0.0,0.0,9.0,0.0,35.0,12.0,22:51,23.0,4.0,16.0,3.0,71.0,358.0,5.0,2.0,28.0,69.0,2.5,1.0,42.0,27.0,289.0,1.0,0.0,6.9,10.7,64.3,92.26,15.0,6.0,40.0,4.0,3.0,75.0,2.0,1.0,0.0,0.0,8.0,55.0,1.0,0.0,1.0,9.0,3.0,2.0,3.0,140.0,46.7,0.0,0.0,0.0,100.0,0.0,50.0,0.0,3.0,2.0,0.0,0.0,0.0,0.0,0.0,2.0,1.0,2.0,2.0,0.0,0.0,0.0,0.0,0.0,3.0,2.0,43.0,27.0,1.0,9.0,7.0,0.0,0.0,26.0,27.0,1.0,8.0,7.0,0.0,0.0,Monday,993005177.0,33,13,19055.0,1.0,1,0.0,0.5,0.0,,0.0760879580777993,0.4189189189189189,0.2989423833589029,-0.1791379283776653,0.0108816260338961,0.4725274725274725,0.3540741427802009,-0.517469756485904,23.0,20.0,3.0,260.0,358.0,0.0,0.5,1.0,23.0,20.0,1.0,0.0760879580777993,0.4189189189189189,0.2989423833589029,-0.1791379283776653,0.0108816260338961,0.4725274725274725,0.3540741427802009,-0.517469756485904,0.0760879580777993,0.0108816260338961,-8.0,-2.0,-1.0,1.0,5.0,525.0,-62.0,654.0,-14.0,32.0,-6.0,34.0,-1.0,1.0,-0.1973953082636154,-0.0854818097973846
202510225.0,2025-09-15T22:00:00,1,2025,2,LV,LAC,HOME,9.0,20.0,29.0,Allegiant Stadium,3.0,3.0,0.0,3.0,0.0,29.0,55.0,31:43,21.0,3.0,17.0,1.0,62.0,389.0,6.3,2.0,24.0,56.0,2.3,1.0,34.0,24.0,333.0,1.0,1.0,9.8,13.9,70.6,99.26,13.0,5.0,38.5,1.0,1.0,100.0,1.0,1.0,0.0,0.0,9.0,77.0,0.0,0.0,4.0,29.0,9.0,6.0,5.0,249.0,49.8,1.0,1.0,0.0,10.0,7.0,3.0,0.0,0.0,30.0,5.0,28:17,18.0,2.0,15.0,1.0,68.0,336.0,4.9,1.0,18.0,60.0,3.3,0.0,46.0,30.0,276.0,1.0,1.0,6.0,9.2,65.2,79.62,14.0,4.0,28.6,1.0,1.0,100.0,3.0,1.0,0.0,0.0,8.0,70.0,1.0,0.0,4.0,11.0,9.0,10.0,6.0,244.0,40.7,1.0,1.0,0.0,100.0,0.0,33.3,0.0,2.0,2.0,0.0,0.0,0.0,0.0,0.0,3.0,2.0,1.0,1.0,0.0,0.0,0.0,0.0,0.0,3.0,2.0,39.0,31.0,4.0,11.0,4.0,1.0,0.0,38.0,27.0,4.0,29.0,5.0,0.0,0.0,Monday,993005180.0,25,29,19059.0,-11.0,0,0.0,0.385,0.0,,0.0816863440271978,0.45,0.3780759793938614,-0.3574988553719205,-0.0494709201958189,0.4395604395604395,0.0441267920397912,-0.3313442153020707,20.0,13.0,7.0,389.0,336.0,0.0,0.385,1.0,20.0,13.0,1.0,0.0816863440271978,0.45,0.3780759793938614,-0.3574988553719205,-0.0494709201958189,0.4395604395604395,0.0441267920397912,-0.3313442153020707,0.0816863440271978,-0.0494709201958189,202510225.0,2025-09-15T22:00:00,1,2025,2,LAC,LV,AWAY,20.0,9.0,29.0,Allegiant Stadium,10.0,7.0,3.0,0.0,0.0,32.0,44.0,28:17,22.0,6.0,16.0,0.0,62.0,394.0,6.4,3.0,25.0,90.0,3.6,0.0,34.0,25.0,304.0,3.0,0.0,8.9,12.2,73.5,130.02,13.0,7.0,53.8,1.0,1.0,100.0,4.0,2.0,0.0,0.0,6.0,49.0,1.0,0.0,3.0,14.0,8.0,3.0,2.0,106.0,53.0,0.0,0.0,0.0,3.0,3.0,0.0,3.0,0.0,27.0,16.0,31:43,18.0,8.0,9.0,1.0,58.0,347.0,6.0,2.0,17.0,98.0,5.8,1.0,39.0,24.0,249.0,1.0,0.0,6.4,10.4,61.5,88.51,14.0,5.0,35.7,3.0,3.0,100.0,3.0,1.0,0.0,0.0,10.0,71.0,1.0,0.0,2.0,9.0,4.0,6.0,3.0,116.0,38.7,0.0,0.0,0.0,50.0,0.0,33.3,0.0,3.0,3.0,0.0,0.0,0.0,0.0,0.0,2.0,2.0,1.0,0.0,0.0,2.0,0.0,0.0,0.0,3.0,3.0,33.0,16.0,2.0,9.0,4.0,0.0,0.0,41.0,14.0,3.0,14.0,2.0,1.0,0.0,Monday,993005179.0,29,25,19054.0,11.0,1,0.0,0.538,0.0,,0.2137136805261034,0.575,0.4380612356331639,-0.0700785018395195,0.131253166837295,0.4556962025316455,0.2023466848854601,0.0543878789224739,27.0,21.0,6.0,394.0,347.0,0.0,0.538,1.0,27.0,21.0,1.0,0.2137136805261034,0.575,0.4380612356331639,-0.0700785018395195,0.131253166837295,0.4556962025316455,0.2023466848854601,0.0543878789224739,0.2137136805261034,0.131253166837295,1.0,13.0,0.0,2.0,-5.0,783.0,-11.0,683.0,-7.0,47.0,-8.0,34.0,0.0,2.0,-0.1320273364989056,-0.18072408703311388
202510304.0,2025-09-18T20:15:00,1,2025,3,BUF,MIA,HOME,31.0,21.0,52.0,Highmark Stadium,7.0,7.0,7.0,10.0,0.0,38.0,21.0,31:47,25.0,12.0,9.0,4.0,71.0,403.0,5.7,3.0,43.0,224.0,5.2,3.0,27.0,15.0,179.0,0.0,0.0,6.6,11.9,55.6,76.0,14.0,5.0,35.7,2.0,2.0,100.0,4.0,2.0,0.0,0.0,6.0,69.0,1.0,0.0,1.0,1.0,7.0,5.0,3.0,130.0,43.3,0.0,1.0,1.0,7.0,7.0,0.0,7.0,0.0,21.0,39.0,28:13,11.0,5.0,5.0,1.0,47.0,154.0,3.3,1.0,21.0,100.0,4.8,0.0,22.0,10.0,54.0,1.0,0.0,2.5,5.4,45.5,67.61,11.0,0.0,0.0,3.0,3.0,100.0,1.0,1.0,0.0,0.0,5.0,35.0,3.0,1.0,4.0,29.0,2.0,4.0,7.0,340.0,48.6,1.0,0.0,-1.0,50.0,0.0,100.0,0.0,3.0,3.0,0.0,0.0,0.0,0.0,0.0,3.0,3.0,1.0,1.0,0.0,0.0,0.0,0.0,0.0,1.0,1.0,28.0,16.0,4.0,29.0,4.0,3.0,1.0,38.0,32.0,1.0,1.0,6.0,1.0,0.0,Thursday,993005182.0,4,19,19090.0,10.0,1,1.0,0.357,0.0,,0.1793383270853151,0.4606741573033708,0.2801983703385734,0.1737894207358097,-0.1699250770873194,0.421875,-0.2863480460195381,-0.3127189384287345,35.5,25.0,10.5,450.0,293.0,1.0,0.412,1.0,71.0,50.0,2.0,0.1915494246537127,0.4756200975196099,0.3319170469277961,0.0638841940251397,0.0851839088052159,0.4926276408450704,0.121875564475203,-0.0148609517171384,0.1915494246537127,0.0851839088052159,202510304.0,2025-09-18T20:15:00,1,2025,3,MIA,BUF,AWAY,21.0,31.0,52.0,Highmark Stadium,7.0,7.0,0.0,7.0,0.0,26.0,15.0,28:13,16.0,1.0,15.0,0.0,52.0,358.0,6.9,3.0,15.0,61.0,4.1,0.0,32.0,26.0,297.0,2.0,1.0,9.3,11.4,81.2,113.15,10.0,4.0,40.0,2.0,0.0,0.0,2.0,1.0,0.0,0.0,10.0,65.0,1.0,0.0,5.0,18.0,3.0,4.0,2.0,88.0,44.0,1.0,0.0,-1.0,7.0,7.0,7.0,10.0,0.0,33.0,45.0,31:47,18.0,8.0,9.0,1.0,55.0,333.0,6.1,4.0,29.0,122.0,4.2,1.0,23.0,19.0,211.0,2.0,0.0,9.2,11.1,82.6,133.88,12.0,7.0,58.3,1.0,1.0,100.0,4.0,3.0,0.0,0.0,12.0,75.0,2.0,0.0,3.0,19.0,5.0,6.0,2.0,136.0,68.0,0.0,1.0,1.0,50.0,0.0,75.0,0.0,3.0,3.0,0.0,0.0,0.0,0.0,0.0,2.0,2.0,3.0,1.0,0.0,0.0,0.0,1.0,1.0,2.0,2.0,31.0,29.0,3.0,19.0,2.0,0.0,0.0,37.0,15.0,5.0,18.0,2.0,0.0,0.0,Thursday,993005181.0,19,4,19088.0,-10.0,0,-1.0,0.4,0.0,,0.0726206263991868,0.4615384615384615,0.1589173194424026,-0.0732152097237606,0.1853821477106729,0.4487179487179487,0.6023075025874087,-0.1127923330786824,17.5,33.0,-15.5,284.5,375.5,-2.0,0.45,0.0,35.0,66.0,0.0,-0.0431565090432614,0.4718406593406593,-0.1360113989368519,0.1570950525308338,0.218384387930264,0.5008295625942685,0.4812831395489452,-0.0153327015691124,-0.0431565090432614,0.218384387930264,26.0,-5.0,1.0,1.0,165.5,734.5,-82.5,668.5,36.0,106.0,-16.0,116.0,2.0,2.0,0.2347059336969741,-0.1332004791250481
202510305.0,2025-09-21T13:00:00,1,2025,3,CAR,ATL,HOME,30.0,0.0,30.0,Bank of America Stadium,7.0,3.0,10.0,10.0,0.0,33.0,15.0,31:58,26.0,4.0,19.0,3.0,77.0,352.0,4.6,3.0,19.0,49.0,2.6,0.0,55.0,35.0,303.0,3.0,1.0,5.5,8.7,63.6,88.67,15.0,5.0,33.3,4.0,3.0,75.0,4.0,3.0,0.0,0.0,7.0,83.0,1.0,1.0,3.0,25.0,4.0,4.0,2.0,95.0,47.5,2.0,1.0,-1.0,0.0,0.0,0.0,0.0,0.0,26.0,45.0,28:02,16.0,5.0,10.0,1.0,48.0,293.0,6.1,3.0,22.0,82.0,3.7,1.0,25.0,17.0,211.0,1.0,1.0,8.4,12.4,68.0,90.58,9.0,3.0,33.3,1.0,1.0,100.0,4.0,2.0,0.0,0.0,12.0,96.0,0.0,0.0,1.0,9.0,10.0,6.0,2.0,123.0,61.5,1.0,2.0,1.0,75.0,0.0,50.0,0.0,1.0,1.0,0.0,2.0,0.0,0.0,0.0,1.0,1.0,3.0,3.0,0.0,0.0,0.0,0.0,0.0,2.0,2.0,30.0,22.0,1.0,9.0,5.0,0.0,0.0,42.0,29.0,3.0,25.0,9.0,1.0,1.0,Sunday,993005196.0,5,2,19093.0,30.0,1,-1.0,0.333,0.0,,-0.0059643399238418,0.4545454545454545,0.1127407845735659,-0.2229525067025403,0.0413573171243381,0.463768115942029,0.2518842627916477,-0.1961765374546586,16.0,26.5,-10.5,303.5,335.5,-1.5,0.433,0.0,32.0,53.0,0.0,-0.0571759441351412,0.4246411483253588,-0.0511055395732499,-0.1579150886782598,0.0794435969028948,0.4726247987117552,0.1601494569505577,-0.0275102758495901,-0.0571759441351412,0.0794435969028948,202510305.0,2025-09-21T13:00:00,1,2025,3,ATL,CAR,AWAY,0.0,30.0,30.0,Bank of America Stadium,0.0,0.0,0.0,0.0,0.0,36.0,32.0,28:02,19.0,12.0,5.0,2.0,63.0,326.0,5.2,1.0,39.0,218.0,5.6,1.0,21.0,13.0,108.0,0.0,0.0,5.1,8.3,61.9,75.1,15.0,6.0,40.0,0.0,0.0,0.0,5.0,1.0,0.0,0.0,5.0,29.0,1.0,1.0,3.0,27.0,11.0,5.0,3.0,137.0,45.7,1.0,4.0,3.0,7.0,3.0,10.0,10.0,0.0,23.0,28.0,31:58,10.0,3.0,7.0,0.0,46.0,198.0,4.3,0.0,19.0,78.0,4.1,0.0,21.0,11.0,120.0,0.0,2.0,5.7,10.9,52.4,29.96,11.0,4.0,36.4,2.0,1.0,50.0,1.0,0.0,0.0,0.0,8.0,50.0,4.0,2.0,6.0,38.0,5.0,6.0,4.0,204.0,51.0,4.0,1.0,-3.0,20.0,0.0,0.0,0.0,1.0,1.0,0.0,0.0,0.0,0.0,0.0,5.0,5.0,0.0,0.0,0.0,0.0,0.0,0.0,0.0,2.0,2.0,29.0,28.0,6.0,38.0,4.0,1.0,2.0,40.0,32.0,3.0,27.0,1.0,1.0,1.0,Sunday,993005195.0,2,5,19096.0,-30.0,0,3.0,0.4,0.0,,0.0119476400013606,0.4756097560975609,-0.3471439891980695,0.1742421003618377,-0.3688922837752705,0.3846153846153846,-0.6061799763949279,-0.1970728614833206,21.0,14.5,6.5,342.0,229.0,1.5,0.4,0.5,42.0,29.0,1.0,0.0114146330176283,0.4740686143125167,0.0034650767910656,-0.1716138280620331,-0.1464021628487355,0.4017671517671517,-0.1536187965180125,-0.1881053949304929,0.0114146330176283,-0.1464021628487355,-17.0,-4.0,-0.5,0.5,-38.5,645.5,106.5,564.5,-10.0,74.0,24.0,82.0,-1.0,1.0,-0.0685905771527695,0.2258457597516303
202510335.0,2025-09-21T13:00:00,1,2025,3,WAS,LV,HOME,41.0,24.0,65.0,Northwest Stadium,7.0,13.0,14.0,7.0,0.0,27.0,34.0,28:07,15.0,3.0,10.0,2.0,65.0,230.0,3.5,2.0,19.0,51.0,2.7,0.0,42.0,24.0,179.0,2.0,0.0,4.3,7.5,57.1,83.33,16.0,5.0,31.2,3.0,1.0,33.3,1.0,1.0,0.0,0.0,5.0,30.0,0.0,0.0,4.0,21.0,4.0,2.0,4.0,187.0,46.8,0.0,0.0,0.0,3.0,7.0,0.0,14.0,0.0,32.0,26.0,31:53,22.0,6.0,14.0,2.0,63.0,404.0,6.4,3.0,30.0,135.0,4.5,1.0,31.0,19.0,269.0,2.0,0.0,8.7,14.2,61.3,110.82,12.0,5.0,41.7,1.0,0.0,0.0,4.0,3.0,0.0,0.0,10.0,77.0,0.0,0.0,2.0,23.0,12.0,3.0,4.0,213.0,53.2,0.0,0.0,0.0,100.0,0.0,75.0,0.0,1.0,1.0,0.0,2.0,1.0,0.0,0.0,3.0,1.0,3.0,3.0,0.0,0.0,0.0,0.0,0.0,3.0,2.0,31.0,28.0,2.0,23.0,3.0,0.0,0.0,38.0,17.0,4.0,21.0,8.0,0.0,0.0,Sunday,993005200.0,35,25,19083.0,17.0,1,0.0,0.312,0.0,,-0.0695829321051531,0.4418604651162791,-0.1109532562451693,-0.0653063165597044,0.0464244795978764,0.4941176470588235,0.2397121934950258,-0.0488383285197509,19.5,16.5,3.0,331.0,317.5,0.0,0.338,0.5,39.0,33.0,1.0,0.0013285129447467,0.4649778516057585,-0.0062644133052291,0.0898575526147257,-0.0333970130365153,0.4360832137733141,0.05847674326539,-0.1168451353703637,0.0013285129447467,-0.0333970130365153,202510335.0,2025-09-21T13:00:00,1,2025,3,LV,WAS,AWAY,24.0,41.0,65.0,Northwest Stadium,3.0,7.0,0.0,14.0,0.0,31.0,43.0,31:53,15.0,5.0,8.0,2.0,65.0,218.0,3.4,0.0,19.0,68.0,3.6,0.0,43.0,24.0,150.0,0.0,3.0,3.5,6.2,55.8,34.06,18.0,9.0,50.0,2.0,0.0,0.0,3.0,0.0,0.0,0.0,5.0,47.0,1.0,0.0,3.0,30.0,3.0,8.0,2.0,114.0,57.0,3.0,1.0,-2.0,7.0,13.0,14.0,7.0,0.0,28.0,17.0,28:07,15.0,6.0,8.0,1.0,55.0,317.0,5.8,2.0,26.0,81.0,3.1,0.0,27.0,19.0,236.0,2.0,0.0,8.7,12.4,70.4,121.84,11.0,4.0,36.4,2.0,1.0,50.0,3.0,1.0,0.0,0.0,6.0,33.0,2.0,1.0,2.0,6.0,5.0,6.0,3.0,158.0,52.7,1.0,3.0,2.0,0.0,0.0,33.3,0.0,0.0,0.0,0.0,0.0,0.0,0.0,0.0,3.0,3.0,2.0,2.0,0.0,0.0,0.0,0.0,0.0,2.0,2.0,36.0,22.0,2.0,6.0,6.0,0.0,1.0,39.0,21.0,3.0,30.0,15.0,0.0,0.0,Sunday,993005199.0,25,35,19098.0,-17.0,0,-2.0,0.5,0.0,,-0.2503300214799621,0.3658536585365853,-0.3931411248480187,-0.198886252953397,-0.0880984918795892,0.4714285714285714,0.3662634183767012,-0.6233709314170157,14.5,16.5,-2.0,303.5,326.5,-1.0,0.442,0.5,29.0,33.0,1.0,-0.0843218387263821,0.4079268292682926,-0.0075325727270786,-0.2781925541626587,-0.068784706037704,0.4554945054945054,0.2051951052082462,-0.4773575733595432,-0.0843218387263821,-0.068784706037704,5.0,1.0,0.0,1.0,27.5,634.5,-9.0,644.0,10.0,68.0,0.0,66.0,0.0,2.0,0.0856503516711288,0.03538769300118869
202510320.0,2025-09-21T13:00:00,1,2025,3,MIN,CIN,HOME,48.0,10.0,58.0,U.S. Bank Stadium,14.0,20.0,14.0,0.0,0.0,23.0,28.0,30:56,10.0,3.0,7.0,0.0,46.0,198.0,4.3,0.0,19.0,78.0,4.1,0.0,21.0,11.0,120.0,0.0,2.0,5.7,10.9,52.4,29.96,11.0,4.0,36.4,2.0,1.0,50.0,1.0,0.0,0.0,0.0,8.0,50.0,4.0,2.0,6.0,38.0,5.0,6.0,4.0,204.0,51.0,4.0,1.0,-3.0,0.0,3.0,0.0,7.0,0.0,36.0,32.0,29:04,19.0,12.0,5.0,2.0,63.0,326.0,5.2,1.0,39.0,218.0,5.6,1.0,21.0,13.0,108.0,0.0,0.0,5.1,8.3,61.9,75.1,15.0,6.0,40.0,0.0,0.0,0.0,5.0,1.0,0.0,0.0,5.0,29.0,1.0,1.0,3.0,27.0,11.0,5.0,3.0,137.0,45.7,1.0,4.0,3.0,0.0,0.0,20.0,0.0,0.0,0.0,0.0,0.0,0.0,0.0,0.0,2.0,2.0,1.0,1.0,0.0,0.0,0.0,0.0,0.0,5.0,5.0,40.0,32.0,3.0,27.0,1.0,1.0,1.0,29.0,28.0,6.0,38.0,4.0,1.0,2.0,Sunday,993005192.0,20,7,19096.0,38.0,1,-3.0,0.364,0.0,,-0.3688922837752705,0.3846153846153846,-0.6061799763949279,-0.1970728614833206,0.0119476400013606,0.4756097560975609,-0.3471439891980695,0.1742421003618377,16.5,23.0,-6.5,226.0,321.5,-1.5,0.307,0.5,33.0,46.0,1.0,-0.2165944627312931,0.4152806652806652,-0.3689432622103946,-0.1115124241746692,-0.049333794477713,0.4266937669376693,-0.1671131500804008,-0.0121922737213411,-0.2165944627312931,-0.049333794477713,202510320.0,2025-09-21T13:00:00,1,2025,3,CIN,MIN,AWAY,10.0,48.0,58.0,U.S. Bank Stadium,0.0,3.0,0.0,7.0,0.0,26.0,49.0,29:04,24.0,5.0,17.0,2.0,65.0,350.0,5.4,4.0,17.0,48.0,2.8,1.0,45.0,28.0,302.0,3.0,3.0,6.7,10.8,62.2,76.34,14.0,6.0,42.9,1.0,1.0,100.0,4.0,3.0,0.0,0.0,3.0,29.0,1.0,0.0,3.0,15.0,4.0,2.0,3.0,166.0,55.3,3.0,2.0,-1.0,14.0,20.0,14.0,0.0,0.0,33.0,11.0,30:56,21.0,5.0,15.0,1.0,70.0,400.0,5.7,3.0,27.0,139.0,5.1,0.0,42.0,24.0,261.0,3.0,2.0,6.2,10.9,57.1,79.56,13.0,6.0,46.2,1.0,0.0,0.0,6.0,3.0,0.0,0.0,6.0,55.0,1.0,0.0,1.0,10.0,9.0,6.0,2.0,95.0,47.5,2.0,3.0,1.0,75.0,0.0,50.0,0.0,4.0,4.0,0.0,0.0,0.0,0.0,0.0,1.0,1.0,3.0,3.0,0.0,0.0,0.0,0.0,0.0,2.0,2.0,40.0,23.0,1.0,10.0,8.0,0.0,0.0,36.0,20.0,3.0,15.0,12.0,0.0,0.0,Sunday,993005191.0,7,20,19085.0,-38.0,0,-1.0,0.429,0.0,,0.0823122988411774,0.5180722891566265,0.0163577614602871,0.0216434490721439,0.0762094203116965,0.5057471264367817,0.0883192653155954,0.0971996829634568,24.0,21.5,2.5,245.5,363.5,0.5,0.464,1.0,48.0,43.0,2.0,0.0079062034788421,0.4796243798724309,-0.0011430681966713,-0.0602029162005435,-0.0059459879139302,0.4528735632183908,0.0354333795565429,0.0157746241841544,0.0079062034788421,-0.0059459879139302,-9.0,-4.0,-0.5,1.5,-19.5,471.5,-42.0,685.0,-15.0,81.0,3.0,89.0,-1.0,3.0,-0.2245006662101352,-0.0433878065637828
202510326.0,2025-09-21T13:00:00,1,2025,3,PHI,LAR,HOME,33.0,26.0,59.0,Lincoln Financial Field,7.0,0.0,14.0,12.0,0.0,32.0,34.0,30:35,16.0,9.0,4.0,3.0,58.0,216.0,3.7,2.0,34.0,122.0,3.6,2.0,22.0,15.0,94.0,0.0,0.0,4.3,6.3,68.2,76.7,14.0,5.0,35.7,1.0,1.0,100.0,2.0,2.0,0.0,0.0,6.0,48.0,1.0,0.0,2.0,7.0,10.0,4.0,5.0,274.0,54.8,0.0,1.0,1.0,10.0,9.0,7.0,0.0,0.0,27.0,26.0,29:25,17.0,9.0,7.0,1.0,57.0,294.0,5.2,2.0,26.0,121.0,4.7,1.0,29.0,16.0,173.0,1.0,1.0,6.0,10.8,55.2,70.04,12.0,4.0,33.3,3.0,2.0,66.7,2.0,1.0,0.0,0.0,6.0,45.0,1.0,0.0,2.0,14.0,3.0,5.0,3.0,178.0,59.3,1.0,0.0,-1.0,100.0,0.0,50.0,0.0,2.0,2.0,0.0,0.0,0.0,0.0,0.0,2.0,2.0,2.0,2.0,0.0,0.0,0.0,0.0,0.0,2.0,1.0,36.0,20.0,2.0,14.0,4.0,1.0,0.0,33.0,30.0,2.0,7.0,4.0,0.0,0.0,Sunday,993005186.0,26,32,19095.0,7.0,1,1.0,0.357,0.0,,0.0302450687826885,0.4358974358974359,-0.2213019333359343,0.2083985209083039,-0.0359337658710111,0.4594594594594595,0.0133539034177086,-0.3666921112394171,22.0,18.5,3.5,259.0,300.5,1.0,0.486,1.0,44.0,37.0,2.0,0.1006716444055949,0.4841824841824841,0.0141163922909773,0.1278898935381501,0.0514453748324589,0.4864864864864865,0.0736057210712784,-0.158882113925948,0.1006716444055949,0.0514453748324589,202510326.0,2025-09-21T13:00:00,1,2025,3,LAR,PHI,AWAY,26.0,33.0,59.0,Lincoln Financial Field,10.0,9.0,7.0,0.0,0.0,29.0,53.0,29:25,22.0,8.0,12.0,2.0,59.0,439.0,7.4,4.0,25.0,149.0,6.0,2.0,33.0,23.0,290.0,2.0,1.0,8.8,12.6,69.7,104.36,12.0,5.0,41.7,1.0,1.0,100.0,6.0,3.0,0.0,0.0,4.0,29.0,1.0,0.0,1.0,8.0,8.0,6.0,3.0,145.0,48.3,1.0,1.0,0.0,7.0,0.0,14.0,12.0,0.0,30.0,7.0,30:35,18.0,7.0,10.0,1.0,64.0,252.0,3.9,1.0,26.0,109.0,4.2,0.0,33.0,19.0,143.0,1.0,0.0,4.3,7.5,57.6,78.22,15.0,6.0,40.0,1.0,1.0,100.0,3.0,1.0,0.0,0.0,10.0,62.0,2.0,1.0,5.0,32.0,6.0,2.0,5.0,250.0,50.0,1.0,1.0,0.0,50.0,0.0,33.3,0.0,4.0,3.0,1.0,0.0,0.0,0.0,0.0,2.0,2.0,1.0,1.0,0.0,0.0,0.0,0.0,0.0,4.0,4.0,41.0,23.0,5.0,32.0,4.0,1.0,1.0,35.0,24.0,1.0,8.0,4.0,0.0,0.0,Sunday,993005185.0,32,26,19092.0,-7.0,0,0.0,0.417,0.0,,0.2012636190764163,0.5256410256410257,0.2979016260920755,0.4258226378613313,-0.0244349043451477,0.4659090909090909,-0.1614537872206208,-0.0307981156027691,23.5,14.0,9.5,367.5,258.5,0.5,0.478,1.0,47.0,28.0,2.0,0.0633317176564638,0.4628205128205128,0.157285679951561,0.1144724357497803,-0.0728711272654819,0.4171650717703349,-0.1468775681150604,-0.0971806478328444,0.0633317176564638,-0.0728711272654819,-6.0,13.0,0.0,2.0,-108.5,626.5,42.0,559.0,-3.0,91.0,9.0,65.0,0.0,4.0,0.0373399267491311,0.12431650209794079
202510333.0,2025-09-21T13:00:00,1,2025,3,TB,NYJ,HOME,29.0,27.0,56.0,Raymond James Stadium,3.0,17.0,3.0,6.0,0.0,37.0,9.0,32:11,25.0,9.0,12.0,4.0,72.0,360.0,5.0,3.0,30.0,169.0,5.6,1.0,38.0,25.0,191.0,2.0,0.0,5.0,7.6,65.8,95.39,14.0,6.0,42.9,1.0,1.0,100.0,3.0,2.0,0.0,0.0,7.0,45.0,1.0,0.0,4.0,24.0,6.0,5.0,5.0,253.0,50.6,0.0,0.0,0.0,3.0,3.0,0.0,21.0,0.0,22.0,51.0,27:49,12.0,3.0,7.0,2.0,46.0,266.0,5.8,2.0,19.0,84.0,4.4,1.0,24.0,13.0,182.0,1.0,0.0,7.6,14.0,54.2,92.71,9.0,2.0,22.2,1.0,0.0,0.0,2.0,0.0,0.0,0.0,6.0,45.0,0.0,0.0,3.0,25.0,6.0,6.0,4.0,203.0,50.8,0.0,0.0,0.0,66.7,0.0,0.0,0.0,2.0,2.0,0.0,1.0,0.0,0.0,0.0,1.0,0.0,1.0,1.0,0.0,1.0,0.0,0.0,0.0,2.0,2.0,30.0,8.0,3.0,25.0,2.0,0.0,0.0,51.0,14.0,4.0,24.0,3.0,1.0,0.0,Sunday,993005188.0,33,24,19097.0,2.0,1,0.0,0.429,0.0,,0.0060071641772271,0.5154639175257731,0.1063438440146442,0.23710941342454,8.430002008872921e-05,0.4262295081967213,-0.0668618438272185,-0.1128733645018655,21.5,19.5,2.0,310.0,312.0,0.0,0.464,1.0,43.0,39.0,2.0,0.0410475611275132,0.467191418222346,0.2026431136867735,0.0289857425234373,0.0054829630269924,0.4493784903620968,0.1436061494764912,-0.3151715604938847,0.0410475611275132,0.0054829630269924,202510333.0,2025-09-21T13:00:00,1,2025,3,NYJ,TB,AWAY,27.0,29.0,56.0,Raymond James Stadium,3.0,3.0,0.0,21.0,0.0,21.0,39.0,27:49,11.0,5.0,5.0,1.0,47.0,154.0,3.3,1.0,21.0,100.0,4.8,0.0,22.0,10.0,54.0,1.0,0.0,2.5,5.4,45.5,67.61,11.0,0.0,0.0,3.0,3.0,100.0,1.0,1.0,0.0,0.0,5.0,35.0,3.0,1.0,4.0,29.0,2.0,4.0,7.0,340.0,48.6,1.0,0.0,-1.0,3.0,17.0,3.0,6.0,0.0,38.0,21.0,32:11,25.0,12.0,9.0,4.0,71.0,403.0,5.7,3.0,43.0,224.0,5.2,3.0,27.0,15.0,179.0,0.0,0.0,6.6,11.9,55.6,76.0,14.0,5.0,35.7,2.0,2.0,100.0,4.0,2.0,0.0,0.0,6.0,69.0,1.0,0.0,1.0,1.0,7.0,5.0,3.0,130.0,43.3,0.0,1.0,1.0,100.0,0.0,50.0,0.0,1.0,1.0,0.0,0.0,0.0,0.0,0.0,1.0,1.0,3.0,3.0,0.0,0.0,0.0,0.0,0.0,3.0,3.0,38.0,32.0,1.0,1.0,6.0,1.0,0.0,28.0,16.0,4.0,29.0,4.0,3.0,1.0,Sunday,993005187.0,24,33,19090.0,-2.0,0,-1.0,0.0,0.0,,-0.1699250770873194,0.421875,-0.2863480460195381,-0.3127189384287345,0.1793383270853151,0.4606741573033708,0.2801983703385734,0.1737894207358097,21.0,32.0,-11.0,274.0,337.0,-1.0,0.25,0.0,42.0,64.0,0.0,-0.0060371598488122,0.4859375,0.0567212582120336,-0.1146245665776059,0.1939837837230548,0.4869160260201065,0.309456486613845,0.0559218907151043,-0.0060371598488122,0.1939837837230548,13.0,-9.0,1.0,1.0,36.0,584.0,-25.0,649.0,1.0,85.0,-25.0,103.0,2.0,2.0,0.0470847209763254,-0.18850082069606242
202510308.0,2025-09-21T13:00:00,1,2025,3,CLE,GB,HOME,13.0,10.0,23.0,Huntington Bank Field,0.0,0.0,0.0,13.0,0.0,31.0,49.0,25:46,17.0,7.0,10.0,0.0,72.0,323.0,4.5,2.0,22.0,115.0,5.2,0.0,48.0,28.0,208.0,2.0,1.0,4.3,7.4,58.3,73.96,18.0,7.0,38.9,3.0,1.0,33.3,2.0,2.0,0.0,0.0,6.0,42.0,2.0,1.0,2.0,11.0,5.0,5.0,5.0,223.0,44.6,2.0,0.0,-2.0,0.0,3.0,7.0,0.0,0.0,28.0,11.0,34:14,14.0,2.0,10.0,2.0,53.0,242.0,4.6,5.0,21.0,45.0,2.1,0.0,29.0,19.0,197.0,4.0,0.0,6.8,10.4,65.5,124.57,12.0,3.0,25.0,1.0,1.0,100.0,4.0,3.0,0.0,0.0,6.0,28.0,1.0,0.0,3.0,28.0,9.0,7.0,5.0,259.0,51.8,0.0,2.0,2.0,100.0,0.0,75.0,0.0,2.0,2.0,0.0,0.0,0.0,0.0,0.0,1.0,1.0,5.0,5.0,0.0,0.0,0.0,0.0,0.0,2.0,2.0,25.0,25.0,3.0,28.0,5.0,1.0,0.0,40.0,25.0,2.0,11.0,5.0,1.0,1.0,Sunday,993005198.0,8,12,19084.0,3.0,1,-2.0,0.389,0.0,,-0.2268946369702979,0.4347826086956521,-0.4382525397520633,0.1448126251870278,0.1009051459794529,0.4415584415584415,0.2693623873153205,-0.2634188762030509,16.5,29.0,-12.5,325.0,191.5,-2.0,0.476,0.0,33.0,58.0,0.0,-0.1574980165549274,0.417391304347826,-0.2278525229772864,0.0395810952959399,0.0172026270479799,0.4413674560733384,0.1253592447308453,-0.2027340788381409,-0.1574980165549274,0.0172026270479799,202510308.0,2025-09-21T13:00:00,1,2025,3,GB,CLE,AWAY,10.0,13.0,23.0,Huntington Bank Field,0.0,3.0,7.0,0.0,0.0,32.0,26.0,34:14,22.0,6.0,14.0,2.0,63.0,404.0,6.4,3.0,30.0,135.0,4.5,1.0,31.0,19.0,269.0,2.0,0.0,8.7,14.2,61.3,110.82,12.0,5.0,41.7,1.0,0.0,0.0,4.0,3.0,0.0,0.0,10.0,77.0,0.0,0.0,2.0,23.0,12.0,3.0,4.0,213.0,53.2,0.0,0.0,0.0,0.0,0.0,0.0,13.0,0.0,27.0,34.0,25:46,15.0,3.0,10.0,2.0,65.0,230.0,3.5,2.0,19.0,51.0,2.7,0.0,42.0,24.0,179.0,2.0,0.0,4.3,7.5,57.1,83.33,16.0,5.0,31.2,3.0,1.0,33.3,1.0,1.0,0.0,0.0,5.0,30.0,0.0,0.0,4.0,21.0,4.0,2.0,4.0,187.0,46.8,0.0,0.0,0.0,75.0,0.0,100.0,0.0,3.0,3.0,0.0,0.0,0.0,0.0,0.0,3.0,2.0,1.0,1.0,0.0,2.0,1.0,0.0,0.0,3.0,1.0,38.0,17.0,4.0,21.0,8.0,0.0,0.0,31.0,28.0,2.0,23.0,3.0,0.0,0.0,Sunday,993005197.0,12,8,19083.0,-3.0,0,0.0,0.417,0.0,,0.0464244795978764,0.4941176470588235,0.2397121934950258,-0.0488383285197509,-0.0695829321051531,0.4418604651162791,-0.1109532562451693,-0.0653063165597044,27.0,15.5,11.5,335.0,238.0,0.5,0.408,1.0,54.0,31.0,2.0,0.1156057813752389,0.4970588235294118,0.3571028787878649,-0.0405093800154693,-0.0617566412778023,0.4377977024376576,-0.0328061845665132,-0.1721912741466096,0.1156057813752389,-0.0617566412778023,-24.0,-1.0,-1.0,1.0,-10.0,660.0,-46.5,429.5,-21.0,87.0,27.0,89.0,-2.0,2.0,-0.2731037979301663,0.0789592683257822
202510334.0,2025-09-21T13:00:00,1,2025,3,TEN,IND,HOME,20.0,41.0,61.0,Nissan Stadium,3.0,3.0,7.0,7.0,0.0,30.0,7.0,31:19,18.0,7.0,10.0,1.0,64.0,252.0,3.9,1.0,26.0,109.0,4.2,0.0,33.0,19.0,143.0,1.0,0.0,4.3,7.5,57.6,78.22,15.0,6.0,40.0,1.0,1.0,100.0,3.0,1.0,0.0,0.0,10.0,62.0,2.0,1.0,5.0,32.0,6.0,2.0,5.0,250.0,50.0,1.0,1.0,0.0,17.0,3.0,14.0,7.0,0.0,29.0,53.0,28:41,22.0,8.0,12.0,2.0,59.0,439.0,7.4,4.0,25.0,149.0,6.0,2.0,33.0,23.0,290.0,2.0,1.0,8.8,12.6,69.7,104.36,12.0,5.0,41.7,1.0,1.0,100.0,6.0,3.0,0.0,0.0,4.0,29.0,1.0,0.0,1.0,8.0,8.0,6.0,3.0,145.0,48.3,1.0,1.0,0.0,33.3,0.0,50.0,0.0,1.0,1.0,0.0,0.0,0.0,0.0,0.0,4.0,4.0,4.0,3.0,1.0,0.0,0.0,0.0,0.0,2.0,2.0,35.0,24.0,1.0,8.0,4.0,0.0,0.0,41.0,23.0,5.0,32.0,4.0,1.0,1.0,Sunday,993005190.0,34,14,19092.0,-21.0,0,0.0,0.4,0.0,,-0.0244349043451477,0.4659090909090909,-0.1614537872206208,-0.0307981156027691,0.2012636190764163,0.5256410256410257,0.2979016260920755,0.4258226378613313,15.5,26.5,-11.0,192.5,378.0,1.0,0.271,0.0,31.0,53.0,0.0,-0.12156940248899,0.3952922077922077,-0.2932853078600608,-0.2338930163856683,0.0458627563994543,0.4747770345596432,0.0591937575282238,0.1702990902325057,-0.12156940248899,0.0458627563994543,202510334.0,2025-09-21T13:00:00,1,2025,3,IND,TEN,AWAY,41.0,20.0,61.0,Nissan Stadium,17.0,3.0,14.0,7.0,0.0,32.0,7.0,28:41,26.0,6.0,16.0,4.0,67.0,473.0,7.1,2.0,32.0,167.0,5.2,1.0,34.0,23.0,306.0,1.0,0.0,9.0,13.3,67.6,105.76,13.0,6.0,46.2,2.0,0.0,0.0,6.0,2.0,0.0,0.0,11.0,68.0,0.0,0.0,1.0,10.0,0.0,5.0,0.0,0.0,0.0,0.0,1.0,1.0,3.0,3.0,7.0,7.0,0.0,27.0,53.0,31:19,23.0,7.0,11.0,5.0,54.0,324.0,6.0,4.0,24.0,118.0,4.9,1.0,30.0,22.0,206.0,3.0,1.0,6.9,9.4,73.3,111.25,9.0,4.0,44.4,0.0,0.0,0.0,3.0,3.0,0.0,0.0,8.0,83.0,0.0,0.0,0.0,0.0,6.0,3.0,3.0,134.0,44.7,1.0,0.0,-1.0,33.3,0.0,100.0,0.0,2.0,2.0,0.0,0.0,0.0,0.0,0.0,5.0,5.0,4.0,4.0,0.0,0.0,0.0,0.0,0.0,1.0,0.0,34.0,17.0,0.0,0.0,4.0,0.0,0.0,39.0,33.0,1.0,10.0,5.0,0.0,0.0,Sunday,993005189.0,14,34,19094.0,21.0,1,1.0,0.462,0.0,,0.1552927074634177,0.5287356321839081,0.3082920275888708,-0.0949207132498137,0.1661971543631681,0.5466666666666666,0.4146832313843668,-0.0626086537098593,31.0,18.0,13.0,445.5,267.5,2.0,0.464,1.0,62.0,36.0,2.0,0.2033396678066364,0.5408384043272482,0.3342754020496762,-0.006396891654678,0.0036317549387291,0.5144047619047618,-0.0081284429658698,0.1623983305377845,0.2033396678066364,0.0036317549387291,-24.0,2.0,-1.0,1.0,-253.0,638.0,110.5,645.5,-31.0,93.0,17.0,89.0,-2.0,2.0,-0.3249090702956264,0.0422310014607252
202510315.0,2025-09-21T13:00:00,1,2025,3,JAX,HOU,HOME,17.0,10.0,27.0,EverBank Stadium,7.0,0.0,3.0,7.0,0.0,33.0,11.0,31:18,21.0,5.0,15.0,1.0,70.0,400.0,5.7,3.0,27.0,139.0,5.1,0.0,42.0,24.0,261.0,3.0,2.0,6.2,10.9,57.1,79.56,13.0,6.0,46.2,1.0,0.0,0.0,6.0,3.0,0.0,0.0,6.0,55.0,1.0,0.0,1.0,10.0,9.0,6.0,2.0,95.0,47.5,2.0,3.0,1.0,0.0,3.0,0.0,7.0,0.0,26.0,49.0,28:42,24.0,5.0,17.0,2.0,65.0,350.0,5.4,4.0,17.0,48.0,2.8,1.0,45.0,28.0,302.0,3.0,3.0,6.7,10.8,62.2,76.34,14.0,6.0,42.9,1.0,1.0,100.0,4.0,3.0,0.0,0.0,3.0,29.0,1.0,0.0,3.0,15.0,4.0,2.0,3.0,166.0,55.3,3.0,2.0,-1.0,50.0,0.0,75.0,0.0,3.0,3.0,0.0,0.0,0.0,0.0,0.0,2.0,2.0,4.0,4.0,0.0,0.0,0.0,0.0,0.0,1.0,1.0,36.0,20.0,3.0,15.0,12.0,0.0,0.0,40.0,23.0,1.0,10.0,8.0,0.0,0.0,Sunday,993005194.0,15,13,19085.0,7.0,1,1.0,0.462,0.0,,0.0762094203116965,0.5057471264367817,0.0883192653155954,0.0971996829634568,0.0823122988411774,0.5180722891566265,0.0163577614602871,0.0216434490721439,26.5,20.5,6.0,389.0,302.5,1.5,0.439,0.5,53.0,41.0,1.0,0.096869648496574,0.4936143039591315,0.0783669582125315,0.1191778343594675,-0.0130376247526316,0.4564045656309448,-0.0992970511298892,-0.0356171107909177,0.096869648496574,-0.0130376247526316,202510315.0,2025-09-21T13:00:00,1,2025,3,HOU,JAX,AWAY,10.0,17.0,27.0,EverBank Stadium,0.0,3.0,0.0,7.0,0.0,22.0,51.0,28:42,12.0,3.0,7.0,2.0,46.0,266.0,5.8,2.0,19.0,84.0,4.4,1.0,24.0,13.0,182.0,1.0,0.0,7.6,14.0,54.2,92.71,9.0,2.0,22.2,1.0,0.0,0.0,2.0,0.0,0.0,0.0,6.0,45.0,0.0,0.0,3.0,25.0,6.0,6.0,4.0,203.0,50.8,0.0,0.0,0.0,7.0,0.0,3.0,7.0,0.0,37.0,9.0,31:18,25.0,9.0,12.0,4.0,72.0,360.0,5.0,3.0,30.0,169.0,5.6,1.0,38.0,25.0,191.0,2.0,0.0,5.0,7.6,65.8,95.39,14.0,6.0,42.9,1.0,1.0,100.0,3.0,2.0,0.0,0.0,7.0,45.0,1.0,0.0,4.0,24.0,6.0,5.0,5.0,253.0,50.6,0.0,0.0,0.0,0.0,0.0,66.7,0.0,1.0,1.0,0.0,1.0,0.0,0.0,0.0,2.0,2.0,2.0,2.0,0.0,1.0,0.0,0.0,0.0,1.0,0.0,51.0,14.0,4.0,24.0,3.0,1.0,0.0,30.0,8.0,3.0,25.0,2.0,0.0,0.0,Sunday,993005193.0,13,15,19097.0,-7.0,0,0.0,0.222,0.0,,8.430002008872921e-05,0.4262295081967213,-0.0668618438272185,-0.1128733645018655,0.0060071641772271,0.5154639175257731,0.1063438440146442,0.23710941342454,14.0,17.0,-3.0,265.5,328.0,-0.5,0.222,0.0,28.0,34.0,0.0,-0.0606115250828636,0.3973252804141501,-0.0995815964183593,-0.1382182722823926,-0.0342965097931306,0.4577319587628866,0.0615067889128453,0.0201158235313847,-0.0606115250828636,-0.0342965097931306,9.0,3.0,0.5,0.5,123.5,654.5,-25.5,630.5,25.0,81.0,7.0,75.0,1.0,1.0,0.1574811735794376,0.021258885040498998
202510321.0,2025-09-21T13:00:00,1,2025,3,NE,PIT,HOME,14.0,21.0,35.0,Gillette Stadium,0.0,7.0,0.0,7.0,0.0,33.0,45.0,33:20,18.0,8.0,9.0,1.0,55.0,333.0,6.1,4.0,29.0,122.0,4.2,1.0,23.0,19.0,211.0,2.0,0.0,9.2,11.1,82.6,133.88,12.0,7.0,58.3,1.0,1.0,100.0,4.0,3.0,0.0,0.0,12.0,75.0,2.0,0.0,3.0,19.0,5.0,6.0,2.0,136.0,68.0,0.0,1.0,1.0,7.0,7.0,0.0,7.0,0.0,26.0,15.0,26:40,16.0,1.0,15.0,0.0,52.0,358.0,6.9,3.0,15.0,61.0,4.1,0.0,32.0,26.0,297.0,2.0,1.0,9.3,11.4,81.2,113.15,10.0,4.0,40.0,2.0,0.0,0.0,2.0,1.0,0.0,0.0,10.0,65.0,1.0,0.0,5.0,18.0,3.0,4.0,2.0,88.0,44.0,1.0,0.0,-1.0,75.0,0.0,50.0,0.0,3.0,1.0,0.0,0.0,0.0,1.0,1.0,2.0,2.0,3.0,3.0,0.0,0.0,0.0,0.0,0.0,2.0,2.0,37.0,15.0,5.0,18.0,2.0,0.0,0.0,31.0,29.0,3.0,19.0,2.0,0.0,0.0,Sunday,993005184.0,21,28,19088.0,-7.0,0,1.0,0.583,0.0,,0.1853821477106729,0.4487179487179487,0.6023075025874087,-0.1127923330786824,0.0726206263991868,0.4615384615384615,0.1589173194424026,-0.0732152097237606,23.0,23.5,-0.5,334.5,373.5,0.5,0.435,0.5,46.0,47.0,1.0,0.067955613757427,0.4441391941391941,0.3232171473135999,-0.2220682741903765,0.0771534852131922,0.4557692307692307,0.268496649418132,-0.2153570325478405,0.067955613757427,0.0771534852131922,202510321.0,2025-09-21T13:00:00,1,2025,3,PIT,NE,AWAY,21.0,14.0,35.0,Gillette Stadium,7.0,7.0,0.0,7.0,0.0,28.0,43.0,26:40,13.0,6.0,6.0,1.0,59.0,267.0,4.5,1.0,21.0,72.0,3.4,0.0,35.0,20.0,195.0,1.0,2.0,5.6,9.8,57.1,58.63,15.0,5.0,33.3,2.0,1.0,50.0,2.0,1.0,0.0,0.0,2.0,15.0,1.0,0.0,3.0,20.0,8.0,6.0,4.0,221.0,55.2,2.0,2.0,0.0,0.0,7.0,0.0,7.0,0.0,31.0,17.0,33:20,21.0,8.0,13.0,0.0,64.0,395.0,6.2,5.0,29.0,117.0,4.0,1.0,33.0,22.0,278.0,2.0,2.0,8.4,12.6,66.7,87.69,14.0,6.0,42.9,2.0,1.0,50.0,3.0,2.0,0.0,0.0,2.0,10.0,0.0,0.0,2.0,17.0,8.0,2.0,4.0,175.0,43.8,2.0,2.0,0.0,50.0,0.0,66.7,0.0,0.0,0.0,0.0,2.0,1.0,0.0,0.0,3.0,3.0,4.0,4.0,0.0,0.0,0.0,0.0,0.0,2.0,1.0,42.0,24.0,2.0,17.0,6.0,0.0,0.0,39.0,22.0,3.0,20.0,5.0,0.0,1.0,Sunday,993005183.0,28,21,19091.0,7.0,1,0.0,0.333,0.0,,-0.210411476772471,0.3733333333333333,-0.1824585219874782,-0.1523496904235798,0.028033319666224,0.4512195121951219,0.0598404368396195,0.0654600036595466,25.5,31.5,-6.0,269.0,394.5,0.5,0.367,0.5,51.0,63.0,1.0,-0.0008911182058381,0.4432456140350877,0.0781280404508192,-0.1071476648645903,0.0929420385279594,0.500609756097561,0.2298154996416124,0.0744649044665346,-0.0008911182058381,0.0929420385279594,5.5,-6.5,0.0,1.0,65.5,603.5,-21.0,768.0,-5.0,97.0,-16.0,110.0,0.0,2.0,0.0688467319632651,-0.01578855331476721
202510330.0,2025-09-21T16:05:00,1,2025,3,SEA,NO,HOME,44.0,13.0,57.0,Lumen Field,21.0,17.0,6.0,0.0,0.0,31.0,17.0,27:44,21.0,8.0,13.0,0.0,64.0,395.0,6.2,5.0,29.0,117.0,4.0,1.0,33.0,22.0,278.0,2.0,2.0,8.4,12.6,66.7,87.69,14.0,6.0,42.9,2.0,1.0,50.0,3.0,2.0,0.0,0.0,2.0,10.0,0.0,0.0,2.0,17.0,8.0,2.0,4.0,175.0,43.8,2.0,2.0,0.0,0.0,6.0,0.0,7.0,0.0,28.0,43.0,32:16,13.0,6.0,6.0,1.0,59.0,267.0,4.5,1.0,21.0,72.0,3.4,0.0,35.0,20.0,195.0,1.0,2.0,5.6,9.8,57.1,58.63,15.0,5.0,33.3,2.0,1.0,50.0,2.0,1.0,0.0,0.0,2.0,15.0,1.0,0.0,3.0,20.0,8.0,6.0,4.0,221.0,55.2,2.0,2.0,0.0,66.7,0.0,50.0,0.0,4.0,4.0,0.0,0.0,0.0,0.0,0.0,2.0,1.0,0.0,0.0,0.0,2.0,1.0,0.0,0.0,3.0,3.0,39.0,22.0,3.0,20.0,5.0,0.0,1.0,42.0,24.0,2.0,17.0,6.0,0.0,0.0,Sunday,993005203.0,30,22,19091.0,31.0,1,0.0,0.429,0.0,,0.028033319666224,0.4512195121951219,0.0598404368396195,0.0654600036595466,-0.210411476772471,0.3733333333333333,-0.1824585219874782,-0.1523496904235798,22.0,17.0,5.0,312.5,325.5,0.0,0.364,0.5,44.0,34.0,1.0,-0.027071467086489,0.4868037859483072,-0.0825001588692115,-0.0320899204845084,-0.0993633385687881,0.4338576779026217,0.1141877899553953,-0.2009065360979547,-0.027071467086489,-0.0993633385687881,202510330.0,2025-09-21T16:05:00,1,2025,3,NO,SEA,AWAY,13.0,44.0,57.0,Lumen Field,0.0,6.0,0.0,7.0,0.0,29.0,15.0,32:16,21.0,6.0,12.0,3.0,67.0,307.0,4.6,3.0,30.0,121.0,4.0,0.0,34.0,25.0,186.0,3.0,0.0,5.5,7.4,73.5,115.56,11.0,4.0,36.4,2.0,1.0,50.0,3.0,3.0,0.0,0.0,7.0,45.0,2.0,1.0,3.0,21.0,6.0,7.0,4.0,171.0,42.8,1.0,1.0,0.0,21.0,17.0,6.0,0.0,0.0,30.0,45.0,27:44,23.0,5.0,15.0,3.0,68.0,344.0,5.1,3.0,26.0,77.0,3.0,0.0,39.0,26.0,267.0,3.0,0.0,6.8,10.3,66.7,111.81,15.0,8.0,53.3,0.0,0.0,0.0,2.0,2.0,0.0,0.0,5.0,40.0,2.0,1.0,3.0,12.0,5.0,7.0,4.0,173.0,43.2,1.0,1.0,0.0,100.0,0.0,100.0,0.0,3.0,3.0,0.0,0.0,0.0,0.0,0.0,1.0,0.0,3.0,2.0,0.0,0.0,0.0,0.0,0.0,2.0,2.0,40.0,20.0,3.0,12.0,6.0,1.0,1.0,44.0,25.0,3.0,21.0,3.0,2.0,1.0,Sunday,993005202.0,22,30,19089.0,-31.0,0,0.0,0.364,0.0,,-0.0816673332290463,0.4823529411764706,-0.0386703373258222,-0.0732939455580587,0.0273315603263427,0.4712643678160919,0.1967970473347338,-0.1128040537081213,17.0,23.0,-6.0,311.0,310.0,0.0,0.36,0.0,34.0,46.0,0.0,-0.0863073231161214,0.4517027863777089,-0.0263521253366361,-0.1151804067104063,0.0216782954935265,0.4578544061302682,0.1641636901111058,-0.0827168644380108,-0.0863073231161214,0.0216782954935265,11.0,-1.0,0.5,0.5,1.5,623.5,15.5,635.5,10.0,78.0,-12.0,80.0,1.0,1.0,0.0592358560296324,-0.1210416340623146
202510329.0,2025-09-21T16:05:00,1,2025,3,LAC,DEN,HOME,23.0,20.0,43.0,SoFi Stadium,3.0,7.0,3.0,10.0,0.0,28.0,17.0,36:20,15.0,6.0,8.0,1.0,55.0,317.0,5.8,2.0,26.0,81.0,3.1,0.0,27.0,19.0,236.0,2.0,0.0,8.7,12.4,70.4,121.84,11.0,4.0,36.4,2.0,1.0,50.0,3.0,1.0,0.0,0.0,6.0,33.0,2.0,1.0,2.0,6.0,5.0,6.0,3.0,158.0,52.7,1.0,3.0,2.0,0.0,7.0,10.0,3.0,0.0,31.0,43.0,23:40,15.0,5.0,8.0,2.0,65.0,218.0,3.4,0.0,19.0,68.0,3.6,0.0,43.0,24.0,150.0,0.0,3.0,3.5,6.2,55.8,34.06,18.0,9.0,50.0,2.0,0.0,0.0,3.0,0.0,0.0,0.0,5.0,47.0,1.0,0.0,3.0,30.0,3.0,8.0,2.0,114.0,57.0,3.0,1.0,-2.0,33.3,0.0,0.0,0.0,2.0,2.0,0.0,0.0,0.0,0.0,0.0,2.0,2.0,0.0,0.0,0.0,0.0,0.0,0.0,0.0,3.0,3.0,39.0,21.0,3.0,30.0,15.0,0.0,0.0,36.0,22.0,2.0,6.0,6.0,0.0,1.0,Sunday,993005204.0,29,10,19098.0,3.0,1,2.0,0.364,0.0,,-0.0880984918795892,0.4714285714285714,0.3662634183767012,-0.6233709314170157,-0.2503300214799621,0.3658536585365853,-0.3931411248480187,-0.198886252953397,23.5,15.0,8.5,355.5,282.5,1.0,0.451,1.0,47.0,30.0,2.0,0.0628075943232571,0.5232142857142856,0.4021623270049325,-0.3467247166282676,-0.0595384273213335,0.4107749305341154,-0.0953972199812793,-0.0722491870154615,0.0628075943232571,-0.0595384273213335,202510329.0,2025-09-21T16:05:00,1,2025,3,DEN,LAC,AWAY,20.0,23.0,43.0,SoFi Stadium,0.0,7.0,10.0,3.0,0.0,27.0,53.0,23:40,23.0,7.0,11.0,5.0,54.0,324.0,6.0,4.0,24.0,118.0,4.9,1.0,30.0,22.0,206.0,3.0,1.0,6.9,9.4,73.3,111.25,9.0,4.0,44.4,0.0,0.0,0.0,3.0,3.0,0.0,0.0,8.0,83.0,0.0,0.0,0.0,0.0,6.0,3.0,3.0,134.0,44.7,1.0,0.0,-1.0,3.0,7.0,3.0,10.0,0.0,32.0,7.0,36:20,26.0,6.0,16.0,4.0,67.0,473.0,7.1,2.0,32.0,167.0,5.2,1.0,34.0,23.0,306.0,1.0,0.0,9.0,13.3,67.6,105.76,13.0,6.0,46.2,2.0,0.0,0.0,6.0,2.0,0.0,0.0,11.0,68.0,0.0,0.0,1.0,10.0,0.0,5.0,0.0,0.0,0.0,0.0,1.0,1.0,100.0,0.0,33.3,0.0,4.0,4.0,0.0,0.0,0.0,0.0,0.0,1.0,0.0,2.0,2.0,0.0,0.0,0.0,0.0,0.0,5.0,5.0,39.0,33.0,1.0,10.0,5.0,0.0,0.0,34.0,17.0,0.0,0.0,4.0,0.0,0.0,Sunday,993005201.0,10,29,19094.0,-3.0,0,-1.0,0.444,0.0,,0.1661971543631681,0.5466666666666666,0.4146832313843668,-0.0626086537098593,0.1552927074634177,0.5287356321839081,0.3082920275888708,-0.0949207132498137,24.0,20.5,3.5,320.5,303.0,-1.5,0.422,0.5,48.0,41.0,1.0,0.0283295240428302,0.4852898550724637,0.1175845601743694,-0.0739165555530895,-0.0317055965847073,0.4267054784296163,-0.0584124004553149,-0.2659543152091906,0.0283295240428302,-0.0317055965847073,5.0,12.0,0.5,1.5,35.0,676.0,-20.5,585.5,-1.0,95.0,-11.0,71.0,1.0,3.0,0.0344780702804269,-0.0278328307366262
202510331.0,2025-09-21T16:25:00,1,2025,3,SF,ARI,HOME,16.0,15.0,31.0,Levi's Stadium,0.0,6.0,0.0,10.0,0.0,30.0,45.0,25:21,23.0,5.0,15.0,3.0,68.0,344.0,5.1,3.0,26.0,77.0,3.0,0.0,39.0,26.0,267.0,3.0,0.0,6.8,10.3,66.7,111.81,15.0,8.0,53.3,0.0,0.0,0.0,2.0,2.0,0.0,0.0,5.0,40.0,2.0,1.0,3.0,12.0,5.0,7.0,4.0,173.0,43.2,1.0,1.0,0.0,0.0,3.0,3.0,9.0,0.0,29.0,15.0,34:39,21.0,6.0,12.0,3.0,67.0,307.0,4.6,3.0,30.0,121.0,4.0,0.0,34.0,25.0,186.0,3.0,0.0,5.5,7.4,73.5,115.56,11.0,4.0,36.4,2.0,1.0,50.0,3.0,3.0,0.0,0.0,7.0,45.0,2.0,1.0,3.0,21.0,6.0,7.0,4.0,171.0,42.8,1.0,1.0,0.0,100.0,0.0,100.0,0.0,3.0,2.0,0.0,0.0,0.0,0.0,0.0,2.0,2.0,3.0,3.0,0.0,0.0,0.0,0.0,0.0,1.0,0.0,44.0,25.0,3.0,21.0,3.0,2.0,1.0,40.0,20.0,3.0,12.0,6.0,1.0,1.0,Sunday,993005206.0,31,1,19089.0,1.0,1,0.0,0.533,0.0,,0.0273315603263427,0.4712643678160919,0.1967970473347338,-0.1128040537081213,-0.0816673332290463,0.4823529411764706,-0.0386703373258222,-0.0732939455580587,21.5,17.0,4.5,364.0,268.5,0.0,0.517,1.0,43.0,34.0,2.0,0.0195081799806187,0.4828231951440009,0.3038155746165013,-0.1811337177402255,-0.0819217935341241,0.5023705004389816,-0.1317555459519324,-0.101466895093311,0.0195081799806187,-0.0819217935341241,202510331.0,2025-09-21T16:25:00,1,2025,3,ARI,SF,AWAY,15.0,16.0,31.0,Levi's Stadium,0.0,3.0,3.0,9.0,0.0,26.0,45.0,34:39,16.0,5.0,10.0,1.0,48.0,293.0,6.1,3.0,22.0,82.0,3.7,1.0,25.0,17.0,211.0,1.0,1.0,8.4,12.4,68.0,90.58,9.0,3.0,33.3,1.0,1.0,100.0,4.0,2.0,0.0,0.0,12.0,96.0,0.0,0.0,1.0,9.0,10.0,6.0,2.0,123.0,61.5,1.0,2.0,1.0,0.0,6.0,0.0,10.0,0.0,33.0,15.0,25:21,26.0,4.0,19.0,3.0,77.0,352.0,4.6,3.0,19.0,49.0,2.6,0.0,55.0,35.0,303.0,3.0,1.0,5.5,8.7,63.6,88.67,15.0,5.0,33.3,4.0,3.0,75.0,4.0,3.0,0.0,0.0,7.0,83.0,1.0,1.0,3.0,25.0,4.0,4.0,2.0,95.0,47.5,2.0,1.0,-1.0,50.0,0.0,75.0,0.0,3.0,3.0,0.0,0.0,0.0,0.0,0.0,2.0,2.0,1.0,1.0,0.0,2.0,0.0,0.0,0.0,1.0,1.0,42.0,29.0,3.0,25.0,9.0,1.0,1.0,30.0,22.0,1.0,9.0,5.0,0.0,0.0,Sunday,993005205.0,1,31,19093.0,-1.0,0,1.0,0.333,0.0,,0.0413573171243381,0.463768115942029,0.2518842627916477,-0.1961765374546586,-0.0059643399238418,0.4545454545454545,0.1127407845735659,-0.2229525067025403,23.5,17.5,6.0,284.5,333.5,0.5,0.397,1.0,47.0,35.0,2.0,0.0286911738925242,0.4541062801932367,0.1917072978395628,-0.1244031063112795,-0.0484558264635191,0.4377990430622008,0.0493534356130579,-0.1900096872826471,0.0286911738925242,-0.0484558264635191,-1.5,10.5,0.0,2.0,79.5,648.5,-65.0,602.0,-4.0,90.0,-1.0,69.0,0.0,4.0,-0.0091829939119055,-0.033465967070605
202510306.0,2025-09-21T16:25:00,1,2025,3,CHI,DAL,HOME,31.0,14.0,45.0,Soldier Field,14.0,10.0,7.0,0.0,0.0,29.0,40.0,27:02,19.0,7.0,11.0,1.0,64.0,339.0,5.3,3.0,27.0,134.0,5.0,1.0,33.0,21.0,205.0,2.0,1.0,6.2,9.8,63.6,88.57,13.0,7.0,53.8,2.0,0.0,0.0,2.0,2.0,0.0,0.0,8.0,50.0,2.0,1.0,4.0,29.0,4.0,4.0,4.0,212.0,53.0,2.0,0.0,-2.0,3.0,11.0,0.0,0.0,0.0,30.0,20.0,32:58,25.0,10.0,15.0,0.0,58.0,511.0,8.8,7.0,30.0,177.0,5.9,2.0,28.0,23.0,334.0,5.0,0.0,11.9,14.5,82.1,155.95,10.0,4.0,40.0,1.0,1.0,100.0,7.0,6.0,0.0,0.0,3.0,28.0,0.0,0.0,0.0,0.0,4.0,5.0,3.0,147.0,49.0,0.0,2.0,2.0,100.0,0.0,85.7,0.0,3.0,3.0,0.0,0.0,0.0,0.0,0.0,0.0,0.0,7.0,7.0,0.0,0.0,0.0,0.0,0.0,2.0,1.0,40.0,22.0,0.0,0.0,0.0,0.0,0.0,42.0,20.0,4.0,29.0,5.0,1.0,1.0,Sunday,993005208.0,6,9,19087.0,17.0,1,-2.0,0.538,0.0,,-0.1224611668469814,0.4069767441860465,-0.0146548788106883,-0.4617027579891631,0.3040654393475693,0.5714285714285714,0.7859533078318892,0.0058736613367539,22.5,39.5,-17.0,328.0,382.5,-1.0,0.394,0.0,45.0,79.0,0.0,-0.116538197901884,0.3923772609819121,-0.0008685948867102,-0.3301647028968415,0.1198843988301268,0.5086872586872586,0.327123379903014,-0.010039162764632,-0.116538197901884,0.1198843988301268,202510306.0,2025-09-21T16:25:00,1,2025,3,DAL,CHI,AWAY,14.0,31.0,45.0,Soldier Field,3.0,11.0,0.0,0.0,0.0,37.0,21.0,32:58,32.0,8.0,18.0,6.0,83.0,478.0,5.8,4.0,28.0,135.0,4.8,2.0,52.0,38.0,343.0,2.0,1.0,6.6,9.0,73.1,95.27,14.0,6.0,42.9,1.0,1.0,100.0,3.0,3.0,0.0,0.0,12.0,106.0,2.0,0.0,3.0,18.0,6.0,4.0,4.0,191.0,47.8,1.0,1.0,0.0,14.0,10.0,7.0,0.0,0.0,32.0,39.0,27:02,22.0,6.0,15.0,1.0,65.0,506.0,7.8,4.0,21.0,84.0,4.0,1.0,41.0,30.0,422.0,3.0,1.0,10.3,14.1,73.2,120.17,14.0,6.0,42.9,2.0,1.0,50.0,5.0,1.0,0.0,0.0,14.0,160.0,1.0,0.0,3.0,28.0,7.0,8.0,3.0,135.0,45.0,1.0,1.0,0.0,100.0,0.0,20.0,0.0,4.0,4.0,0.0,0.0,0.0,0.0,0.0,4.0,4.0,4.0,4.0,0.0,0.0,0.0,0.0,0.0,3.0,3.0,37.0,36.0,3.0,28.0,2.0,0.0,0.0,57.0,21.0,3.0,18.0,9.0,0.0,0.0,Sunday,993005207.0,9,6,19086.0,-17.0,0,0.0,0.429,0.0,,0.1346642490973248,0.4913793103448275,0.2105393947941248,0.0620541938686683,0.1863280917211068,0.4886363636363636,0.4197791303855123,-0.2030901378852182,30.0,30.5,-0.5,392.5,404.0,-0.5,0.532,0.5,60.0,61.0,1.0,0.1367443823166269,0.5024464119291705,0.1721984667594865,0.0554910386280946,0.178713155874804,0.510551948051948,0.3346569241517007,-0.0778544358586109,0.1367443823166269,0.178713155874804,-16.5,-17.5,-0.5,0.5,-64.5,720.5,-21.5,786.5,-15.0,105.0,18.0,140.0,-1.0,1.0,-0.2532825802185109,-0.05882875704467719
202510323.0,2025-09-21T20:20:00,1,2025,3,NYG,KC,HOME,9.0,22.0,31.0,MetLife Stadium,0.0,6.0,0.0,3.0,0.0,32.0,39.0,28:10,22.0,6.0,15.0,1.0,65.0,506.0,7.8,4.0,21.0,84.0,4.0,1.0,41.0,30.0,422.0,3.0,1.0,10.3,14.1,73.2,120.17,14.0,6.0,42.9,2.0,1.0,50.0,5.0,1.0,0.0,0.0,14.0,160.0,1.0,0.0,3.0,28.0,7.0,8.0,3.0,135.0,45.0,1.0,1.0,0.0,3.0,6.0,7.0,6.0,0.0,37.0,21.0,31:50,32.0,8.0,18.0,6.0,83.0,478.0,5.8,4.0,28.0,135.0,4.8,2.0,52.0,38.0,343.0,2.0,1.0,6.6,9.0,73.1,95.27,14.0,6.0,42.9,1.0,1.0,100.0,3.0,3.0,0.0,0.0,12.0,106.0,2.0,0.0,3.0,18.0,6.0,4.0,4.0,191.0,47.8,1.0,1.0,0.0,20.0,0.0,100.0,0.0,4.0,4.0,0.0,0.0,0.0,0.0,0.0,3.0,3.0,4.0,4.0,0.0,0.0,0.0,0.0,0.0,4.0,4.0,57.0,21.0,3.0,18.0,9.0,0.0,0.0,37.0,36.0,3.0,28.0,2.0,0.0,0.0,Sunday,993005210.0,23,16,19086.0,-13.0,0,0.0,0.429,0.0,,0.1863280917211068,0.4886363636363636,0.4197791303855123,-0.2030901378852182,0.1346642490973248,0.4913793103448275,0.2105393947941248,0.0620541938686683,21.5,30.5,-9.0,368.5,455.0,0.0,0.339,0.0,43.0,61.0,0.0,0.0365547930250998,0.4333425720620842,0.1485102117106332,-0.1939710400530974,0.1034521035459856,0.4897372742200327,0.1544819122144178,0.153537807828912,0.0365547930250998,0.1034521035459856,202510323.0,2025-09-21T20:20:00,1,2025,3,KC,NYG,AWAY,22.0,9.0,31.0,MetLife Stadium,3.0,6.0,7.0,6.0,0.0,27.0,26.0,31:50,17.0,9.0,7.0,1.0,57.0,294.0,5.2,2.0,26.0,121.0,4.7,1.0,29.0,16.0,173.0,1.0,1.0,6.0,10.8,55.2,70.04,12.0,4.0,33.3,3.0,2.0,66.7,2.0,1.0,0.0,0.0,6.0,45.0,1.0,0.0,2.0,14.0,3.0,5.0,3.0,178.0,59.3,1.0,0.0,-1.0,0.0,6.0,0.0,3.0,0.0,32.0,34.0,28:10,16.0,9.0,4.0,3.0,58.0,216.0,3.7,2.0,34.0,122.0,3.6,2.0,22.0,15.0,94.0,0.0,0.0,4.3,6.3,68.2,76.7,14.0,5.0,35.7,1.0,1.0,100.0,2.0,2.0,0.0,0.0,6.0,48.0,1.0,0.0,2.0,7.0,10.0,4.0,5.0,274.0,54.8,0.0,1.0,1.0,50.0,0.0,100.0,0.0,2.0,2.0,0.0,0.0,0.0,0.0,0.0,2.0,1.0,2.0,2.0,0.0,0.0,0.0,0.0,0.0,2.0,2.0,33.0,30.0,2.0,7.0,4.0,0.0,0.0,36.0,20.0,2.0,14.0,4.0,1.0,0.0,Sunday,993005209.0,16,23,19095.0,13.0,1,-1.0,0.333,0.0,,-0.0359337658710111,0.4594594594594595,0.0133539034177086,-0.3666921112394171,0.0302450687826885,0.4358974358974359,-0.2213019333359343,0.2083985209083039,19.0,23.5,-4.5,320.5,305.0,-0.5,0.345,0.0,38.0,47.0,0.0,0.0476597004831419,0.4575778309955525,0.1078502941515843,-0.1561521161584715,0.1219793746543959,0.5054487179487179,0.1083796511486148,0.0691600095343922,0.0476597004831419,0.1219793746543959,-4.5,-13.5,0.0,0.0,48.0,689.0,150.0,760.0,5.0,81.0,14.0,108.0,0.0,0.0,-0.011104907458042101,-0.018527271108410306
202510303.0,2025-09-22T20:15:00,1,2025,3,BAL,DET,HOME,30.0,38.0,68.0,M&T Bank Stadium,7.0,7.0,7.0,9.0,0.0,28.0,11.0,26:42,14.0,2.0,10.0,2.0,53.0,242.0,4.6,5.0,21.0,45.0,2.1,0.0,29.0,19.0,197.0,4.0,0.0,6.8,10.4,65.5,124.57,12.0,3.0,25.0,1.0,1.0,100.0,4.0,3.0,0.0,0.0,6.0,28.0,1.0,0.0,3.0,28.0,9.0,7.0,5.0,259.0,51.8,0.0,2.0,2.0,7.0,7.0,7.0,17.0,0.0,31.0,49.0,33:18,17.0,7.0,10.0,0.0,72.0,323.0,4.5,2.0,22.0,115.0,5.2,0.0,48.0,28.0,208.0,2.0,1.0,4.3,7.4,58.3,73.96,18.0,7.0,38.9,3.0,1.0,33.3,2.0,2.0,0.0,0.0,6.0,42.0,2.0,1.0,2.0,11.0,5.0,5.0,5.0,223.0,44.6,2.0,0.0,-2.0,75.0,0.0,100.0,0.0,5.0,5.0,0.0,0.0,0.0,0.0,0.0,2.0,2.0,2.0,2.0,0.0,0.0,0.0,0.0,0.0,1.0,1.0,40.0,25.0,2.0,11.0,5.0,1.0,1.0,25.0,25.0,3.0,28.0,5.0,1.0,0.0,Monday,993005212.0,3,11,19084.0,-8.0,0,2.0,0.25,0.0,,0.1009051459794529,0.4415584415584415,0.2693623873153205,-0.2634188762030509,-0.2268946369702979,0.4347826086956521,-0.4382525397520633,0.1448126251870278,40.5,29.0,11.5,337.0,410.0,0.5,0.398,0.5,81.0,58.0,1.0,0.220599020338602,0.5024693616242912,0.3997307811426323,0.0097890793957033,-0.0115670573740938,0.4626743232157505,-0.0273084081175221,0.0493957962507487,0.220599020338602,-0.0115670573740938,202510303.0,2025-09-22T20:15:00,1,2025,3,DET,BAL,AWAY,38.0,30.0,68.0,M&T Bank Stadium,7.0,7.0,7.0,17.0,0.0,30.0,20.0,33:18,25.0,10.0,15.0,0.0,58.0,511.0,8.8,7.0,30.0,177.0,5.9,2.0,28.0,23.0,334.0,5.0,0.0,11.9,14.5,82.1,155.95,10.0,4.0,40.0,1.0,1.0,100.0,7.0,6.0,0.0,0.0,3.0,28.0,0.0,0.0,0.0,0.0,4.0,5.0,3.0,147.0,49.0,0.0,2.0,2.0,7.0,7.0,7.0,9.0,0.0,29.0,40.0,26:42,19.0,7.0,11.0,1.0,64.0,339.0,5.3,3.0,27.0,134.0,5.0,1.0,33.0,21.0,205.0,2.0,1.0,6.2,9.8,63.6,88.57,13.0,7.0,53.8,2.0,0.0,0.0,2.0,2.0,0.0,0.0,8.0,50.0,2.0,1.0,4.0,29.0,4.0,4.0,4.0,212.0,53.0,2.0,0.0,-2.0,85.7,0.0,100.0,0.0,7.0,7.0,0.0,0.0,0.0,0.0,0.0,2.0,1.0,3.0,3.0,0.0,0.0,0.0,0.0,0.0,0.0,0.0,42.0,20.0,4.0,29.0,5.0,1.0,1.0,40.0,22.0,0.0,0.0,0.0,0.0,0.0,Monday,993005211.0,11,3,19087.0,8.0,1,2.0,0.4,0.0,,0.3040654393475693,0.5714285714285714,0.7859533078318892,0.0058736613367539,-0.1224611668469814,0.4069767441860465,-0.0146548788106883,-0.4617027579891631,32.5,24.0,8.5,378.5,302.5,0.5,0.367,0.5,65.0,48.0,1.0,0.1250675444485588,0.5025817555938037,0.415647097472016,-0.1366012851983804,0.03116295815281,0.4534883720930233,0.2299193426350079,-0.2469415947501754,0.1250675444485588,0.03116295815281,3.0,20.0,0.0,1.0,-41.5,715.5,107.5,712.5,16.0,146.0,10.0,106.0,0.0,2.0,0.09553147589004318,-0.042730015526903795
202510401.0,2025-09-25T20:15:00,1,2025,4,ARI,SEA,HOME,20.0,23.0,43.0,State Farm Stadium,3.0,0.0,3.0,14.0,0.0,34.0,39.0,27:36,16.0,7.0,8.0,1.0,64.0,260.0,4.1,1.0,28.0,106.0,3.8,0.0,35.0,22.0,154.0,1.0,0.0,4.4,7.0,62.9,82.32,15.0,5.0,33.3,2.0,2.0,100.0,3.0,1.0,0.0,0.0,5.0,30.0,1.0,0.0,1.0,5.0,8.0,3.0,5.0,258.0,51.6,0.0,1.0,1.0,7.0,7.0,3.0,6.0,0.0,25.0,21.0,32:24,19.0,4.0,14.0,1.0,62.0,355.0,5.7,1.0,20.0,73.0,3.6,0.0,41.0,27.0,282.0,1.0,1.0,6.9,10.4,65.9,83.59,10.0,2.0,20.0,2.0,1.0,50.0,4.0,1.0,0.0,0.0,5.0,69.0,0.0,0.0,1.0,2.0,4.0,4.0,3.0,128.0,42.7,1.0,0.0,-1.0,33.3,0.0,25.0,0.0,1.0,1.0,0.0,0.0,0.0,0.0,0.0,3.0,2.0,1.0,1.0,0.0,0.0,0.0,0.0,0.0,3.0,3.0,39.0,19.0,1.0,2.0,4.0,0.0,0.0,31.0,40.0,1.0,5.0,5.0,1.0,0.0,Thursday,993005214.0,1,30,19112.0,-3.0,0,1.0,0.333,0.0,,-0.0027177057527233,0.4285714285714285,0.1454199938570259,-0.1191974678670521,-0.0223657381405165,0.5584415584415584,-0.0189876299391686,-0.258088233620296,20.7,17.0,3.7,276.3333333333333,340.6666666666667,0.667,0.376,0.667,62.0,51.0,2.0,0.0182215473441083,0.4455946629859673,0.1762781965120504,-0.122667893496537,-0.0397591303558516,0.47801321485532,0.0265730804289824,-0.2127025360618634,0.0182215473441083,-0.0397591303558516,202510401.0,2025-09-25T20:15:00,1,2025,4,SEA,ARI,AWAY,23.0,20.0,43.0,State Farm Stadium,7.0,7.0,3.0,6.0,0.0,27.0,44.0,32:24,22.0,7.0,11.0,4.0,54.0,320.0,5.9,5.0,33.0,87.0,2.6,2.0,21.0,16.0,233.0,2.0,0.0,11.1,14.6,76.2,143.55,9.0,3.0,33.3,0.0,0.0,0.0,5.0,4.0,0.0,0.0,8.0,70.0,1.0,1.0,0.0,0.0,8.0,4.0,2.0,92.0,46.0,1.0,1.0,0.0,3.0,0.0,3.0,14.0,0.0,32.0,16.0,27:36,21.0,4.0,12.0,5.0,70.0,284.0,4.1,1.0,27.0,79.0,2.9,0.0,41.0,28.0,205.0,1.0,1.0,5.0,7.3,68.3,77.79,15.0,5.0,33.3,2.0,0.0,0.0,3.0,1.0,0.0,0.0,11.0,77.0,0.0,0.0,2.0,13.0,2.0,3.0,5.0,243.0,48.6,1.0,1.0,0.0,80.0,0.0,33.3,0.0,5.0,5.0,0.0,0.0,0.0,0.0,0.0,3.0,3.0,1.0,1.0,0.0,0.0,0.0,0.0,0.0,3.0,2.0,48.0,23.0,2.0,13.0,7.0,0.0,0.0,32.0,32.0,0.0,0.0,2.0,1.0,1.0,Thursday,993005213.0,30,1,19110.0,3.0,1,0.0,0.333,0.0,,0.1643441505057496,0.5277777777777778,0.765429157115963,-0.2800175726413726,-0.2395394607181692,0.4242424242424242,0.0006647332436537,-0.3204097343888133,29.3,15.7,13.7,315.0,311.6666666666667,0.0,0.354,0.667,88.0,47.0,2.0,0.0367337387775905,0.5004617832247974,0.20014294645918,-0.1147324712034631,-0.1460887126185818,0.4306525933492225,0.0763467710514814,-0.2407409355282409,0.0367337387775905,-0.1460887126185818,-10.0,17.4,0.0,1.334,-38.666666666666686,591.3333333333333,29.0,652.3333333333334,-26.0,150.0,4.0,98.0,0.0,4.0,-0.018512191433482202,0.1063295822627302
202510428.0,2025-09-28T09:30:00,1,2025,4,PIT,MIN,HOME,24.0,21.0,45.0,Croke Park,7.0,7.0,7.0,3.0,0.0,26.0,40.0,26:26,17.0,7.0,5.0,5.0,49.0,203.0,4.1,3.0,26.0,64.0,2.5,1.0,23.0,16.0,139.0,2.0,1.0,6.0,8.7,69.6,96.11,9.0,4.0,44.4,0.0,0.0,0.0,3.0,3.0,0.0,0.0,8.0,59.0,1.0,0.0,0.0,0.0,8.0,6.0,4.0,169.0,42.2,1.0,5.0,4.0,3.0,3.0,0.0,15.0,0.0,33.0,20.0,33:34,26.0,10.0,13.0,3.0,71.0,369.0,5.2,2.0,29.0,119.0,4.1,0.0,37.0,28.0,250.0,2.0,1.0,6.8,8.9,75.7,100.06,13.0,6.0,46.2,5.0,4.0,80.0,4.0,2.0,0.0,0.0,7.0,54.0,4.0,4.0,5.0,18.0,3.0,6.0,1.0,59.0,59.0,5.0,1.0,-4.0,100.0,0.0,50.0,0.0,3.0,3.0,0.0,0.0,0.0,0.0,0.0,0.0,0.0,2.0,2.0,0.0,0.0,0.0,0.0,0.0,0.0,0.0,46.0,31.0,5.0,18.0,5.0,4.0,4.0,30.0,21.0,0.0,0.0,1.0,1.0,0.0,Sunday,993005216.0,28,20,19104.0,3.0,1,4.0,0.444,0.0,,0.0374680842647182,0.5223880597014925,0.1912562068329727,-0.1121740564691814,-0.0827597735140271,0.5060240963855421,0.1625649457919644,-0.6778136323846411,24.0,25.7,-1.7,247.0,386.0,1.667,0.393,0.667,72.0,77.0,2.0,0.0118952826176806,0.4696264292572227,0.1158374292448704,-0.1088231287327873,0.0343747678472972,0.5024145361935547,0.2073986483583964,-0.1762946078171906,0.0118952826176806,0.0343747678472972,202510428.0,2025-09-28T09:30:00,1,2025,4,MIN,PIT,AWAY,21.0,24.0,45.0,Croke Park,3.0,3.0,0.0,15.0,0.0,30.0,56.0,33:34,22.0,10.0,10.0,2.0,58.0,352.0,6.1,6.0,31.0,169.0,5.5,2.0,24.0,16.0,183.0,2.0,0.0,7.6,11.4,66.7,117.19,12.0,4.0,33.3,1.0,1.0,100.0,5.0,4.0,0.0,0.0,13.0,105.0,1.0,0.0,3.0,19.0,9.0,7.0,5.0,220.0,44.0,0.0,5.0,5.0,7.0,7.0,7.0,3.0,0.0,29.0,4.0,26:26,12.0,3.0,6.0,3.0,52.0,171.0,3.3,1.0,21.0,53.0,2.5,0.0,27.0,19.0,118.0,1.0,2.0,4.4,6.2,70.4,60.42,11.0,3.0,27.3,0.0,0.0,0.0,1.0,1.0,0.0,0.0,4.0,45.0,5.0,3.0,4.0,22.0,5.0,3.0,6.0,328.0,54.7,5.0,0.0,-5.0,80.0,0.0,100.0,0.0,6.0,6.0,0.0,0.0,0.0,0.0,0.0,2.0,2.0,1.0,1.0,0.0,0.0,0.0,0.0,0.0,1.0,1.0,41.0,12.0,4.0,22.0,5.0,5.0,3.0,38.0,25.0,3.0,19.0,1.0,1.0,0.0,Sunday,993005215.0,20,28,19103.0,-3.0,0,5.0,0.333,0.0,,0.0421135154019575,0.5061728395061729,0.0926330548559678,0.0873839865981911,-0.5131050496633522,0.3333333333333333,-0.9743000542602144,-0.2291551972871688,27.0,18.7,8.3,268.0,271.3333333333333,0.667,0.316,0.667,81.0,56.0,2.0,-0.1303584700202095,0.4455780566891678,-0.2150844898549404,-0.0452136205837158,-0.203924212872926,0.3955736224028907,-0.436175451473672,-0.0845132482432837,-0.1303584700202095,-0.203924212872926,-10.0,6.6000000000000005,0.0,1.334,-21.0,515.0,114.66666666666669,657.3333333333333,-9.0,153.0,21.0,133.0,0.0,4.0,0.1422537526378901,0.2382989807202232
202510413.0,2025-09-28T13:00:00,1,2025,4,HOU,TEN,HOME,26.0,0.0,26.0,NRG Stadium,3.0,3.0,0.0,20.0,0.0,28.0,42.0,38:21,13.0,2.0,8.0,3.0,59.0,271.0,4.6,1.0,19.0,87.0,4.6,0.0,38.0,25.0,184.0,1.0,2.0,4.8,7.4,65.8,63.93,15.0,4.0,26.7,1.0,1.0,100.0,1.0,0.0,0.0,0.0,7.0,66.0,1.0,1.0,2.0,20.0,5.0,3.0,6.0,261.0,43.5,3.0,1.0,-2.0,0.0,0.0,0.0,0.0,0.0,31.0,18.0,21:39,17.0,5.0,10.0,2.0,66.0,291.0,4.4,2.0,24.0,86.0,3.6,2.0,40.0,20.0,205.0,0.0,1.0,5.1,10.2,50.0,54.69,15.0,4.0,26.7,1.0,0.0,0.0,3.0,2.0,0.0,0.0,9.0,70.0,0.0,0.0,2.0,17.0,6.0,4.0,6.0,293.0,48.8,1.0,3.0,2.0,0.0,0.0,66.7,0.0,1.0,1.0,0.0,0.0,0.0,0.0,0.0,2.0,1.0,2.0,2.0,0.0,0.0,0.0,0.0,0.0,2.0,1.0,39.0,17.0,2.0,17.0,7.0,0.0,0.0,36.0,19.0,2.0,20.0,6.0,1.0,1.0,Sunday,993005230.0,13,34,19102.0,26.0,1,-2.0,0.267,0.0,,-0.2218793544977544,0.3670886075949367,-0.182518731658829,-0.241396916560916,-0.1235267267432022,0.375,-0.1193347704577595,-0.190106370771343,12.7,17.0,-4.3,267.3333333333333,315.6666666666667,-1.0,0.237,0.0,38.0,51.0,0.0,-0.1143674682211605,0.3872463894744123,-0.1272273081651825,-0.172611153708567,-0.0640399154431545,0.4301546391752577,0.0012262691226437,-0.0499582412361911,-0.1143674682211605,-0.0640399154431545,202510413.0,2025-09-28T13:00:00,1,2025,4,TEN,HOU,AWAY,0.0,26.0,26.0,NRG Stadium,0.0,0.0,0.0,0.0,0.0,31.0,19.0,21:39,21.0,8.0,11.0,2.0,65.0,282.0,4.3,2.0,23.0,86.0,3.7,1.0,38.0,23.0,196.0,1.0,1.0,5.2,8.5,60.5,71.82,14.0,5.0,35.7,2.0,1.0,50.0,2.0,2.0,0.0,0.0,8.0,68.0,0.0,0.0,4.0,23.0,2.0,0.0,1.0,52.0,52.0,1.0,0.0,-1.0,3.0,3.0,0.0,20.0,0.0,28.0,41.0,38:21,22.0,9.0,10.0,3.0,53.0,365.0,6.9,5.0,28.0,137.0,4.9,3.0,25.0,18.0,228.0,1.0,0.0,9.1,12.7,72.0,113.42,8.0,2.0,25.0,2.0,2.0,100.0,4.0,2.0,0.0,0.0,4.0,23.0,0.0,0.0,0.0,0.0,7.0,8.0,1.0,46.0,46.0,0.0,1.0,1.0,100.0,0.0,50.0,0.0,2.0,2.0,0.0,0.0,0.0,0.0,0.0,4.0,2.0,5.0,5.0,0.0,0.0,0.0,0.0,0.0,3.0,2.0,32.0,15.0,0.0,0.0,3.0,0.0,0.0,41.0,18.0,4.0,23.0,4.0,0.0,0.0,Sunday,993005229.0,34,13,19107.0,-26.0,0,-1.0,0.357,0.0,,-0.0797126753793363,0.4772727272727273,-0.1772071703757124,0.0056364743504673,0.2662427980970872,0.6056338028169014,0.5692453805266654,0.256523721947183,17.0,31.3,-14.3,222.33333333333337,373.6666666666667,0.333,0.3,0.0,51.0,94.0,0.0,-0.1076171601191054,0.4226190476190476,-0.2545925953652779,-0.1540498528069564,0.1193227702986653,0.5183959573120626,0.229210965194371,0.1990406341373981,-0.1076171601191054,0.1193227702986653,10.0,-18.6,0.0,0.0,44.99999999999994,489.6666666666667,-58.0,689.3333333333334,-13.0,89.0,-43.0,145.0,0.0,0.0,-0.006750308102055111,-0.1833626857418198
202510423.0,2025-09-28T13:00:00,1,2025,4,NYG,LAC,HOME,21.0,18.0,39.0,MetLife Stadium,7.0,6.0,8.0,0.0,0.0,28.0,10.0,35:28,19.0,8.0,7.0,4.0,61.0,281.0,4.6,1.0,27.0,130.0,4.8,1.0,32.0,18.0,151.0,0.0,2.0,4.7,8.4,56.2,42.58,10.0,1.0,10.0,4.0,1.0,25.0,3.0,1.0,0.0,0.0,7.0,82.0,0.0,0.0,2.0,9.0,7.0,4.0,2.0,61.0,30.5,2.0,0.0,-2.0,0.0,10.0,8.0,0.0,0.0,31.0,50.0,24:32,22.0,6.0,13.0,3.0,67.0,306.0,4.6,2.0,28.0,105.0,3.8,1.0,37.0,22.0,201.0,1.0,0.0,5.4,9.1,59.5,83.28,15.0,8.0,53.3,0.0,0.0,0.0,3.0,2.0,0.0,0.0,8.0,85.0,2.0,0.0,2.0,23.0,9.0,6.0,3.0,139.0,46.3,0.0,2.0,2.0,33.3,0.0,66.7,0.0,1.0,0.0,1.0,0.0,0.0,0.0,0.0,1.0,1.0,2.0,1.0,0.0,0.0,0.0,0.0,0.0,4.0,3.0,39.0,18.0,2.0,23.0,6.0,1.0,0.0,32.0,31.0,2.0,9.0,6.0,0.0,0.0,Sunday,993005220.0,23,29,19113.0,3.0,1,-2.0,0.1,0.0,,-0.1177276697389202,0.4230769230769231,-0.2354645185211362,0.0360295390460534,0.0825868865502859,0.4705882352941176,0.218265808386786,0.0775525591541183,17.3,27.7,-10.3,339.3333333333333,405.3333333333333,-0.667,0.26,0.0,52.0,83.0,0.0,-0.0148726945629068,0.4299206890670304,0.0205186349667101,-0.1173041803533804,0.0964970312140857,0.4833542612447277,0.1757432109385406,0.1282093916039808,-0.0148726945629068,0.0964970312140857,202510423.0,2025-09-28T13:00:00,1,2025,4,LAC,NYG,AWAY,18.0,21.0,39.0,MetLife Stadium,0.0,10.0,8.0,0.0,0.0,36.0,20.0,24:32,29.0,6.0,17.0,6.0,80.0,376.0,4.7,2.0,28.0,106.0,3.8,1.0,47.0,28.0,270.0,1.0,1.0,5.7,9.6,59.6,73.89,17.0,8.0,47.1,0.0,0.0,0.0,3.0,1.0,0.0,0.0,3.0,25.0,1.0,1.0,5.0,30.0,4.0,5.0,5.0,249.0,49.8,2.0,0.0,-2.0,7.0,6.0,8.0,0.0,0.0,23.0,40.0,35:28,9.0,3.0,5.0,1.0,48.0,265.0,5.5,2.0,21.0,118.0,5.6,1.0,25.0,14.0,147.0,1.0,0.0,5.9,10.5,56.0,86.58,13.0,2.0,15.4,2.0,2.0,100.0,2.0,1.0,0.0,0.0,10.0,90.0,0.0,0.0,2.0,6.0,14.0,7.0,7.0,330.0,47.1,0.0,2.0,2.0,33.3,0.0,50.0,0.0,2.0,2.0,0.0,0.0,0.0,0.0,0.0,3.0,3.0,2.0,2.0,0.0,0.0,0.0,0.0,0.0,2.0,2.0,31.0,12.0,2.0,6.0,3.0,0.0,0.0,42.0,39.0,5.0,30.0,7.0,1.0,0.0,Sunday,993005219.0,29,23,19109.0,-3.0,0,-2.0,0.471,0.0,,-0.0607844873701823,0.4271844660194174,-0.0003734238601694,-0.0212703109685046,-0.0961696988872043,0.3188405797101449,-0.1285081516183839,-0.1095903329187422,23.3,16.7,6.7,362.3333333333333,276.6666666666667,0.0,0.458,1.0,70.0,50.0,3.0,0.0216102337587773,0.4912043458159962,0.2679837433832319,-0.2382399147416799,-0.0717488511766237,0.3801301469261252,-0.1064341971936475,-0.0846962356498884,0.0216102337587773,-0.0717488511766237,-17.0,-3.6000000000000005,-1.0,1.0,-23.0,701.6666666666666,128.66666666666663,682.0,-18.0,122.0,33.0,133.0,-3.0,3.0,-0.0364829283216841,0.16824588239070942
202510404.0,2025-09-28T13:00:00,1,2025,4,BUF,NO,HOME,31.0,19.0,50.0,Highmark Stadium,14.0,0.0,7.0,10.0,0.0,31.0,47.0,31:21,23.0,8.0,12.0,3.0,57.0,360.0,6.3,4.0,27.0,157.0,5.8,1.0,28.0,22.0,203.0,3.0,0.0,7.2,9.2,78.6,132.59,11.0,6.0,54.5,0.0,0.0,0.0,4.0,3.0,0.0,0.0,3.0,35.0,2.0,0.0,2.0,10.0,1.0,5.0,2.0,95.0,47.5,0.0,1.0,1.0,7.0,3.0,6.0,3.0,0.0,28.0,13.0,28:39,19.0,8.0,11.0,0.0,59.0,276.0,4.7,3.0,25.0,130.0,5.2,1.0,34.0,22.0,146.0,2.0,1.0,4.3,6.6,64.7,81.25,15.0,10.0,66.7,1.0,1.0,100.0,3.0,3.0,0.0,0.0,6.0,57.0,1.0,0.0,0.0,0.0,2.0,2.0,4.0,200.0,50.0,1.0,0.0,-1.0,75.0,0.0,100.0,0.0,4.0,4.0,0.0,0.0,0.0,0.0,0.0,2.0,1.0,3.0,3.0,0.0,0.0,0.0,0.0,0.0,0.0,0.0,37.0,19.0,0.0,0.0,3.0,0.0,0.0,42.0,12.0,2.0,10.0,3.0,0.0,0.0,Sunday,993005228.0,4,22,19099.0,12.0,1,1.0,0.545,0.0,,0.2206857104229909,0.5405405405405406,0.3664240824498306,0.1230850792160114,0.0679075139378954,0.4533333333333333,0.016180768583876,0.0611495836346875,34.0,23.7,10.3,420.0,287.3333333333333,1.0,0.456,1.0,102.0,71.0,3.0,0.2012615199101387,0.4972602451932534,0.3434193921018076,0.0836178224220969,0.079425110516109,0.479529538341158,0.0866439658447607,0.0104758934001368,0.2012615199101387,0.079425110516109,202510404.0,2025-09-28T13:00:00,1,2025,4,NO,BUF,AWAY,19.0,31.0,50.0,Highmark Stadium,7.0,3.0,6.0,3.0,0.0,32.0,16.0,28:39,21.0,4.0,12.0,5.0,70.0,284.0,4.1,1.0,27.0,79.0,2.9,0.0,41.0,28.0,205.0,1.0,1.0,5.0,7.3,68.3,77.79,15.0,5.0,33.3,2.0,0.0,0.0,3.0,1.0,0.0,0.0,11.0,77.0,0.0,0.0,2.0,13.0,2.0,3.0,5.0,243.0,48.6,1.0,1.0,0.0,14.0,0.0,7.0,10.0,0.0,27.0,44.0,31:21,22.0,7.0,11.0,4.0,54.0,320.0,5.9,5.0,33.0,87.0,2.6,2.0,21.0,16.0,233.0,2.0,0.0,11.1,14.6,76.2,143.55,9.0,3.0,33.3,0.0,0.0,0.0,5.0,4.0,0.0,0.0,8.0,70.0,1.0,1.0,0.0,0.0,8.0,4.0,2.0,92.0,46.0,1.0,1.0,0.0,33.3,0.0,80.0,0.0,1.0,1.0,0.0,0.0,0.0,0.0,0.0,3.0,2.0,5.0,5.0,0.0,0.0,0.0,0.0,0.0,3.0,3.0,32.0,32.0,0.0,0.0,2.0,1.0,1.0,48.0,23.0,2.0,13.0,7.0,0.0,0.0,Sunday,993005227.0,22,4,19110.0,-12.0,0,0.0,0.333,0.0,,-0.2395394607181692,0.4242424242424242,0.0006647332436537,-0.3204097343888133,0.1643441505057496,0.5277777777777778,0.765429157115963,-0.2800175726413726,15.7,30.0,-14.3,302.0,313.3333333333333,0.0,0.351,0.0,47.0,90.0,0.0,-0.137384702316804,0.442549332332614,-0.0173465058098728,-0.1835901826032087,0.0692335804976008,0.481162196679438,0.3645855124460582,-0.1484837671724647,-0.137384702316804,0.0692335804976008,24.6,-4.0,1.0,1.0,118.0,722.0,-26.0,600.6666666666666,55.0,149.0,-19.0,161.0,3.0,3.0,0.3386462222269427,0.0101915300185082
202510433.0,2025-09-28T13:00:00,1,2025,4,TB,PHI,HOME,25.0,31.0,56.0,Raymond James Stadium,3.0,3.0,14.0,5.0,0.0,32.0,11.0,31:52,19.0,4.0,12.0,3.0,64.0,347.0,5.4,2.0,34.0,122.0,3.6,0.0,29.0,19.0,225.0,1.0,0.0,7.8,11.8,65.5,100.5,13.0,4.0,30.8,0.0,0.0,0.0,5.0,1.0,0.0,0.0,14.0,124.0,1.0,0.0,1.0,8.0,10.0,9.0,4.0,162.0,40.5,0.0,2.0,2.0,14.0,10.0,7.0,0.0,0.0,27.0,49.0,28:08,21.0,5.0,13.0,3.0,63.0,267.0,4.2,3.0,23.0,99.0,4.3,0.0,36.0,26.0,168.0,2.0,1.0,4.7,6.5,72.2,88.66,11.0,3.0,27.3,3.0,1.0,33.3,3.0,2.0,0.0,0.0,7.0,81.0,1.0,1.0,4.0,29.0,2.0,7.0,2.0,97.0,48.5,2.0,0.0,-2.0,20.0,0.0,66.7,0.0,2.0,2.0,0.0,0.0,0.0,0.0,0.0,6.0,5.0,3.0,3.0,0.0,0.0,0.0,0.0,0.0,2.0,2.0,40.0,18.0,4.0,29.0,4.0,1.0,1.0,39.0,35.0,1.0,8.0,2.0,1.0,0.0,Sunday,993005224.0,33,26,19106.0,-6.0,0,2.0,0.308,0.0,,-0.0532300813446089,0.3936170212765957,0.3348160370640808,-0.4138371925760575,-0.0688976717624721,0.5058823529411764,-0.0548795138890765,-0.348347718902754,24.0,22.0,2.0,322.3333333333333,297.0,0.667,0.412,1.0,72.0,66.0,3.0,0.0096216803034725,0.4426666192404292,0.2467007548125426,-0.1186219025097276,-0.019310581902829,0.46821311122179,0.0774442616879686,-0.3262302799635078,0.0096216803034725,-0.019310581902829,202510433.0,2025-09-28T13:00:00,1,2025,4,PHI,TB,AWAY,31.0,25.0,56.0,Raymond James Stadium,14.0,10.0,7.0,0.0,0.0,30.0,35.0,28:08,19.0,8.0,9.0,2.0,63.0,288.0,4.6,5.0,27.0,86.0,3.2,1.0,32.0,21.0,202.0,3.0,0.0,6.3,9.6,65.6,114.32,14.0,5.0,35.7,5.0,4.0,80.0,3.0,3.0,0.0,0.0,5.0,50.0,1.0,1.0,4.0,24.0,7.0,2.0,4.0,222.0,55.5,1.0,1.0,0.0,3.0,3.0,14.0,5.0,0.0,29.0,25.0,31:52,22.0,11.0,10.0,1.0,66.0,356.0,5.4,2.0,31.0,160.0,5.2,0.0,34.0,19.0,196.0,2.0,1.0,5.8,10.3,55.9,80.02,10.0,3.0,30.0,1.0,0.0,0.0,4.0,1.0,0.0,0.0,4.0,41.0,0.0,0.0,1.0,0.0,4.0,7.0,1.0,36.0,36.0,1.0,1.0,0.0,100.0,0.0,25.0,0.0,3.0,3.0,0.0,2.0,0.0,0.0,0.0,0.0,0.0,2.0,2.0,0.0,0.0,0.0,0.0,0.0,6.0,4.0,37.0,29.0,1.0,0.0,4.0,0.0,0.0,35.0,25.0,4.0,24.0,6.0,1.0,1.0,Sunday,993005223.0,26,33,19105.0,6.0,1,0.0,0.357,0.0,,-0.0484871577610415,0.3902439024390244,-0.0135723573799594,0.0496805106544903,-0.1060582763572051,0.5308641975308642,-0.0022205626496085,0.0069346102542568,25.7,21.0,4.7,268.6666666666667,319.0,0.667,0.443,1.0,77.0,63.0,3.0,0.0509520436833828,0.4528696236013309,0.0048868090673317,0.1018200992435968,-0.0010558422307624,0.5012790568346124,0.0483302931643161,-0.1036098725325464,0.0509520436833828,-0.0010558422307624,-2.7,6.7,0.0,2.0,53.66666666666663,591.0,-22.0,616.0,-5.0,149.0,3.0,129.0,0.0,6.0,-0.0413303633799103,-0.0182547396720666
202510411.0,2025-09-28T13:00:00,1,2025,4,DET,CLE,HOME,34.0,10.0,44.0,Ford Field,7.0,13.0,0.0,14.0,0.0,33.0,18.0,28:16,24.0,12.0,11.0,1.0,66.0,426.0,6.5,5.0,38.0,224.0,5.9,4.0,28.0,20.0,202.0,1.0,0.0,7.2,10.1,71.4,103.57,14.0,7.0,50.0,3.0,3.0,100.0,5.0,4.0,0.0,0.0,8.0,68.0,1.0,0.0,0.0,0.0,7.0,6.0,3.0,146.0,48.7,0.0,1.0,1.0,7.0,0.0,3.0,0.0,0.0,26.0,42.0,31:44,21.0,4.0,14.0,3.0,54.0,318.0,5.9,4.0,19.0,85.0,4.5,1.0,28.0,21.0,233.0,3.0,0.0,8.3,11.1,75.0,134.97,11.0,6.0,54.5,1.0,0.0,0.0,4.0,2.0,0.0,0.0,3.0,10.0,2.0,1.0,7.0,55.0,6.0,4.0,3.0,157.0,52.3,1.0,0.0,-1.0,80.0,0.0,50.0,0.0,5.0,5.0,0.0,0.0,0.0,0.0,0.0,2.0,1.0,3.0,3.0,0.0,2.0,0.0,0.0,0.0,1.0,1.0,38.0,8.0,7.0,55.0,2.0,2.0,1.0,39.0,33.0,0.0,0.0,1.0,0.0,0.0,Sunday,993005222.0,11,8,19114.0,24.0,1,1.0,0.5,0.0,,0.2867489157007643,0.5930232558139535,0.4876594230948124,0.2595893891230917,0.1581272607483831,0.5540540540540541,0.2890447316538479,-0.3988256028169417,34.3,26.0,8.3,394.3333333333333,307.6666666666667,0.667,0.411,0.667,103.0,78.0,2.0,0.1789613348659606,0.5327289223338537,0.4396512060129482,-0.004537727091223,0.0734843923513344,0.4870102660800335,0.2496278056412879,-0.2975695974390975,0.1789613348659606,0.0734843923513344,202510411.0,2025-09-28T13:00:00,1,2025,4,CLE,DET,AWAY,10.0,34.0,44.0,Ford Field,7.0,0.0,3.0,0.0,0.0,25.0,46.0,31:44,15.0,5.0,7.0,3.0,57.0,221.0,3.9,1.0,19.0,96.0,5.1,1.0,36.0,21.0,125.0,0.0,1.0,3.5,6.0,58.3,53.59,13.0,4.0,30.8,2.0,1.0,50.0,2.0,1.0,0.0,0.0,8.0,90.0,0.0,0.0,2.0,17.0,7.0,6.0,6.0,291.0,48.5,1.0,1.0,0.0,7.0,13.0,0.0,14.0,0.0,34.0,14.0,28:16,14.0,4.0,8.0,2.0,61.0,230.0,3.8,1.0,31.0,81.0,2.6,0.0,25.0,18.0,149.0,1.0,1.0,6.0,8.3,72.0,83.58,18.0,10.0,55.6,0.0,0.0,0.0,2.0,1.0,0.0,0.0,14.0,75.0,1.0,0.0,5.0,34.0,10.0,5.0,5.0,265.0,53.0,1.0,1.0,0.0,50.0,0.0,50.0,0.0,1.0,1.0,0.0,0.0,0.0,0.0,0.0,2.0,2.0,1.0,1.0,0.0,0.0,0.0,0.0,0.0,2.0,1.0,38.0,33.0,5.0,34.0,2.0,1.0,0.0,31.0,27.0,2.0,17.0,3.0,0.0,0.0,Sunday,993005221.0,8,11,19101.0,-24.0,0,0.0,0.308,0.0,,-0.0927710168395504,0.4050632911392405,-0.1731296841248782,-0.0880967770026472,-0.094478753552638,0.3975903614457831,0.0379510636022617,-0.1298064580318934,15.3,22.7,-7.3,290.3333333333333,204.33333333333337,-1.333,0.42,0.333,46.0,68.0,1.0,-0.1359223499831351,0.4132819666116309,-0.2096115766931503,-0.0029781954702557,-0.0200244998188927,0.4267750911974866,0.0962231843546507,-0.1784248719027251,-0.1359223499831351,-0.0200244998188927,15.600000000000001,1.0000000000000009,0.334,1.0,104.0,684.6666666666666,103.33333333333331,512.0,57.0,149.0,10.0,146.0,1.0,3.0,0.3148836848490957,0.0935088921702271
202510402.0,2025-09-28T13:00:00,1,2025,4,ATL,WAS,HOME,34.0,27.0,61.0,Mercedes-Benz Stadium,10.0,7.0,14.0,3.0,0.0,28.0,2.0,34:15,17.0,6.0,11.0,0.0,66.0,332.0,5.0,0.0,23.0,131.0,5.7,0.0,43.0,23.0,201.0,0.0,2.0,4.7,8.7,53.5,46.75,13.0,5.0,38.5,3.0,0.0,0.0,0.0,0.0,0.0,0.0,3.0,23.0,1.0,1.0,0.0,0.0,3.0,4.0,3.0,96.0,32.0,3.0,1.0,-2.0,0.0,10.0,6.0,11.0,0.0,31.0,58.0,25:45,15.0,7.0,7.0,1.0,55.0,224.0,4.1,3.0,30.0,110.0,3.7,2.0,24.0,16.0,114.0,0.0,0.0,4.8,7.1,66.7,77.43,11.0,3.0,27.3,2.0,2.0,100.0,3.0,2.0,0.0,0.0,6.0,55.0,1.0,1.0,1.0,7.0,2.0,2.0,3.0,135.0,45.0,1.0,3.0,2.0,0.0,0.0,66.7,0.0,0.0,0.0,0.0,0.0,0.0,0.0,0.0,2.0,0.0,3.0,3.0,0.0,0.0,0.0,0.0,0.0,3.0,3.0,36.0,22.0,1.0,7.0,3.0,0.0,1.0,38.0,20.0,0.0,0.0,3.0,1.0,1.0,Sunday,993005226.0,2,35,19100.0,7.0,1,-2.0,0.385,0.0,,-0.3787774387921672,0.3375,-0.5007859013723877,0.0073691927827894,0.0672119514564101,0.5277777777777778,0.0231019231300291,-0.0358217840257566,14.0,19.7,-5.7,338.6666666666667,227.33333333333337,0.333,0.395,0.333,42.0,59.0,1.0,-0.1186493909189701,0.4285457428750112,-0.164618582596752,-0.1119528211137589,-0.0751974580803536,0.4437706937706938,-0.0947118899686653,-0.1373441912955808,-0.1186493909189701,-0.0751974580803536,202510402.0,2025-09-28T13:00:00,1,2025,4,WAS,ATL,AWAY,27.0,34.0,61.0,Mercedes-Benz Stadium,0.0,10.0,6.0,11.0,0.0,28.0,7.0,25:45,17.0,8.0,7.0,2.0,54.0,400.0,7.4,5.0,32.0,201.0,6.3,3.0,21.0,15.0,199.0,1.0,0.0,9.5,13.3,71.4,116.96,10.0,5.0,50.0,0.0,0.0,0.0,3.0,2.0,0.0,0.0,7.0,54.0,1.0,1.0,1.0,8.0,9.0,8.0,3.0,138.0,46.0,1.0,0.0,-1.0,10.0,7.0,14.0,3.0,0.0,31.0,53.0,34:15,17.0,5.0,12.0,0.0,62.0,354.0,5.7,3.0,28.0,93.0,3.3,0.0,29.0,19.0,261.0,3.0,0.0,9.0,13.7,65.5,128.66,14.0,3.0,21.4,3.0,2.0,66.7,3.0,2.0,0.0,0.0,6.0,54.0,0.0,0.0,5.0,28.0,3.0,6.0,6.0,294.0,49.0,0.0,1.0,1.0,66.7,0.0,66.7,0.0,5.0,5.0,0.0,0.0,0.0,0.0,0.0,3.0,2.0,1.0,1.0,0.0,3.0,1.0,0.0,0.0,1.0,1.0,40.0,26.0,5.0,28.0,4.0,0.0,0.0,38.0,24.0,1.0,8.0,2.0,1.0,1.0,Sunday,993005225.0,35,2,19108.0,-7.0,0,-1.0,0.5,0.0,,0.2218037705135165,0.5394736842105263,0.450191628157548,0.0393836820251656,-0.0212535673234426,0.3975903614457831,0.3221191180875629,-0.3339641521825455,26.7,19.0,7.7,354.0,329.6666666666667,-0.333,0.392,0.667,80.0,57.0,2.0,0.07482026546767,0.4898097958073478,0.1458876005156965,0.0730329290848723,-0.0293491977988244,0.4232522629974705,0.146357534872781,-0.1892181409744243,0.07482026546767,-0.0293491977988244,-13.4,2.0,-0.334,1.0,-15.333333333333314,692.6666666666667,-102.33333333333331,557.0,-38.0,122.0,2.0,116.0,-1.0,3.0,-0.1934696563866401,-0.04584826028152919
202510421.0,2025-09-28T13:00:00,1,2025,4,NE,CAR,HOME,42.0,13.0,55.0,Gillette Stadium,7.0,21.0,7.0,7.0,0.0,33.0,20.0,24:46,26.0,10.0,13.0,3.0,71.0,369.0,5.2,2.0,29.0,119.0,4.1,0.0,37.0,28.0,250.0,2.0,1.0,6.8,8.9,75.7,100.06,13.0,6.0,46.2,5.0,4.0,80.0,4.0,2.0,0.0,0.0,7.0,54.0,4.0,4.0,5.0,18.0,3.0,6.0,1.0,59.0,59.0,5.0,1.0,-4.0,6.0,0.0,0.0,7.0,0.0,26.0,40.0,35:14,17.0,7.0,5.0,5.0,49.0,203.0,4.1,3.0,26.0,64.0,2.5,1.0,23.0,16.0,139.0,2.0,1.0,6.0,8.7,69.6,96.11,9.0,4.0,44.4,0.0,0.0,0.0,3.0,3.0,0.0,0.0,8.0,59.0,1.0,0.0,0.0,0.0,8.0,6.0,4.0,169.0,42.2,1.0,5.0,4.0,50.0,0.0,100.0,0.0,2.0,2.0,0.0,0.0,0.0,0.0,0.0,0.0,0.0,3.0,3.0,0.0,0.0,0.0,0.0,0.0,0.0,0.0,30.0,21.0,0.0,0.0,1.0,1.0,0.0,46.0,31.0,5.0,18.0,5.0,4.0,4.0,Sunday,993005218.0,21,5,19104.0,29.0,1,-4.0,0.462,0.0,,-0.0827597735140271,0.5060240963855421,0.1625649457919644,-0.6778136323846411,0.0374680842647182,0.5223880597014925,0.1912562068329727,-0.1121740564691814,20.0,22.7,-2.7,346.0,316.6666666666667,-1.0,0.444,0.333,60.0,68.0,1.0,0.0177171513336089,0.4647674948879767,0.2696664134730548,-0.3739833935884647,0.0639250182303676,0.4779755070799846,0.2427498352230788,-0.1809627071882874,0.0177171513336089,0.0639250182303676,202510421.0,2025-09-28T13:00:00,1,2025,4,CAR,NE,AWAY,13.0,42.0,55.0,Gillette Stadium,6.0,0.0,0.0,7.0,0.0,31.0,58.0,35:14,15.0,7.0,7.0,1.0,55.0,224.0,4.1,3.0,30.0,110.0,3.7,2.0,24.0,16.0,114.0,0.0,0.0,4.8,7.1,66.7,77.43,11.0,3.0,27.3,2.0,2.0,100.0,3.0,2.0,0.0,0.0,6.0,55.0,1.0,1.0,1.0,7.0,2.0,2.0,3.0,135.0,45.0,1.0,3.0,2.0,7.0,21.0,7.0,7.0,0.0,28.0,2.0,24:46,17.0,6.0,11.0,0.0,66.0,332.0,5.0,0.0,23.0,131.0,5.7,0.0,43.0,23.0,201.0,0.0,2.0,4.7,8.7,53.5,46.75,13.0,5.0,38.5,3.0,0.0,0.0,0.0,0.0,0.0,0.0,3.0,23.0,1.0,1.0,0.0,0.0,3.0,4.0,3.0,96.0,32.0,3.0,1.0,-2.0,66.7,0.0,0.0,0.0,3.0,3.0,0.0,0.0,0.0,0.0,0.0,3.0,3.0,0.0,0.0,0.0,0.0,0.0,0.0,0.0,2.0,0.0,38.0,20.0,0.0,0.0,3.0,1.0,1.0,36.0,22.0,1.0,7.0,3.0,0.0,1.0,Sunday,993005217.0,5,21,19100.0,-29.0,0,2.0,0.273,0.0,,0.0672119514564101,0.5277777777777778,0.0231019231300291,-0.0358217840257566,-0.3787774387921672,0.3375,-0.5007859013723877,0.0073691927827894,20.7,17.7,3.0,277.0,334.3333333333333,-0.333,0.38,0.333,62.0,53.0,1.0,-0.0157133122712908,0.4590200248094984,-0.0263697186721569,-0.1172173204607587,-0.0732967483287925,0.4275831991411701,-0.0601623291570907,-0.0158837863054636,-0.0157133122712908,-0.0732967483287925,-5.7,0.2999999999999998,0.0,0.666,69.0,623.0,-17.66666666666663,651.0,-2.0,122.0,15.0,121.0,0.0,2.0,0.0334304636048997,0.1372217665591601
202510431.0,2025-09-28T16:05:00,1,2025,4,SF,JAX,HOME,21.0,26.0,47.0,Levi's Stadium,3.0,3.0,8.0,7.0,0.0,25.0,21.0,27:29,19.0,4.0,14.0,1.0,62.0,355.0,5.7,1.0,20.0,73.0,3.6,0.0,41.0,27.0,282.0,1.0,1.0,6.9,10.4,65.9,83.59,10.0,2.0,20.0,2.0,1.0,50.0,4.0,1.0,0.0,0.0,5.0,69.0,0.0,0.0,1.0,2.0,4.0,4.0,3.0,128.0,42.7,1.0,0.0,-1.0,0.0,17.0,9.0,0.0,0.0,34.0,39.0,32:31,16.0,7.0,8.0,1.0,64.0,260.0,4.1,1.0,28.0,106.0,3.8,0.0,35.0,22.0,154.0,1.0,0.0,4.4,7.0,62.9,82.32,15.0,5.0,33.3,2.0,2.0,100.0,3.0,1.0,0.0,0.0,5.0,30.0,1.0,0.0,1.0,5.0,8.0,3.0,5.0,258.0,51.6,0.0,1.0,1.0,25.0,0.0,33.3,0.0,1.0,1.0,0.0,0.0,0.0,0.0,0.0,3.0,3.0,1.0,1.0,0.0,0.0,0.0,0.0,0.0,3.0,2.0,31.0,40.0,1.0,5.0,5.0,1.0,0.0,39.0,19.0,1.0,2.0,4.0,0.0,0.0,Sunday,993005232.0,31,15,19112.0,-5.0,0,-1.0,0.2,0.0,,-0.0223657381405165,0.5584415584415584,-0.0189876299391686,-0.258088233620296,-0.0027177057527233,0.4285714285714285,0.1454199938570259,-0.1191974678670521,19.7,16.3,3.3,361.0,265.6666666666667,-0.333,0.411,1.0,59.0,49.0,3.0,0.0055502072735736,0.5080293162431868,0.196214506431278,-0.2067852230335823,-0.0555204309403238,0.4777708098164638,-0.0393636993489463,-0.1073770860178914,0.0055502072735736,-0.0555204309403238,202510431.0,2025-09-28T16:05:00,1,2025,4,JAX,SF,AWAY,26.0,21.0,47.0,Levi's Stadium,0.0,17.0,9.0,0.0,0.0,31.0,18.0,32:31,17.0,5.0,10.0,2.0,66.0,291.0,4.4,2.0,24.0,86.0,3.6,2.0,40.0,20.0,205.0,0.0,1.0,5.1,10.2,50.0,54.69,15.0,4.0,26.7,1.0,0.0,0.0,3.0,2.0,0.0,0.0,9.0,70.0,0.0,0.0,2.0,17.0,6.0,4.0,6.0,293.0,48.8,1.0,3.0,2.0,3.0,3.0,8.0,7.0,0.0,28.0,42.0,27:29,13.0,2.0,8.0,3.0,59.0,271.0,4.6,1.0,19.0,87.0,4.6,0.0,38.0,25.0,184.0,1.0,2.0,4.8,7.4,65.8,63.93,15.0,4.0,26.7,1.0,1.0,100.0,1.0,0.0,0.0,0.0,7.0,66.0,1.0,1.0,2.0,20.0,5.0,3.0,6.0,261.0,43.5,3.0,1.0,-2.0,66.7,0.0,0.0,0.0,2.0,2.0,0.0,0.0,0.0,0.0,0.0,2.0,1.0,1.0,1.0,0.0,0.0,0.0,0.0,0.0,2.0,1.0,36.0,19.0,2.0,20.0,6.0,1.0,1.0,39.0,17.0,2.0,17.0,7.0,0.0,0.0,Sunday,993005231.0,15,31,19102.0,5.0,1,2.0,0.267,0.0,,-0.1235267267432022,0.375,-0.1193347704577595,-0.190106370771343,-0.2218793544977544,0.3670886075949367,-0.182518731658829,-0.241396916560916,23.3,17.0,6.3,356.3333333333333,292.0,1.667,0.382,0.667,70.0,51.0,2.0,0.0234041900833153,0.454076202639421,0.0124663819891012,0.016083099315864,-0.0826515346676725,0.4266325796189421,-0.1270376113062025,-0.1042103793809171,0.0234041900833153,-0.0826515346676725,-3.0,9.6,0.33299999999999996,1.667,4.666666666666686,717.3333333333333,-26.333333333333314,557.6666666666667,-11.0,129.0,-2.0,100.0,1.0,5.0,-0.0178539828097417,0.0271311037273487
202510432.0,2025-09-28T16:05:00,1,2025,4,LAR,IND,HOME,27.0,20.0,47.0,SoFi Stadium,3.0,10.0,0.0,14.0,0.0,29.0,25.0,31:44,22.0,11.0,10.0,1.0,66.0,356.0,5.4,2.0,31.0,160.0,5.2,0.0,34.0,19.0,196.0,2.0,1.0,5.8,10.3,55.9,80.02,10.0,3.0,30.0,1.0,0.0,0.0,4.0,1.0,0.0,0.0,4.0,41.0,0.0,0.0,1.0,0.0,4.0,7.0,1.0,36.0,36.0,1.0,1.0,0.0,3.0,7.0,0.0,10.0,0.0,30.0,35.0,28:16,19.0,8.0,9.0,2.0,63.0,288.0,4.6,5.0,27.0,86.0,3.2,1.0,32.0,21.0,202.0,3.0,0.0,6.3,9.6,65.6,114.32,14.0,5.0,35.7,5.0,4.0,80.0,3.0,3.0,0.0,0.0,5.0,50.0,1.0,1.0,4.0,24.0,7.0,2.0,4.0,222.0,55.5,1.0,1.0,0.0,25.0,0.0,100.0,0.0,2.0,2.0,0.0,0.0,0.0,0.0,0.0,6.0,4.0,3.0,3.0,0.0,2.0,0.0,0.0,0.0,0.0,0.0,35.0,25.0,4.0,24.0,6.0,1.0,1.0,37.0,29.0,1.0,0.0,4.0,0.0,0.0,Sunday,993005234.0,32,14,19105.0,7.0,1,0.0,0.3,0.0,,-0.1060582763572051,0.5308641975308642,-0.0022205626496085,0.0069346102542568,-0.0484871577610415,0.3902439024390244,-0.0135723573799594,0.0496805106544903,24.3,20.3,4.0,363.6666666666667,268.3333333333333,0.333,0.418,0.667,73.0,61.0,2.0,0.0068683863185742,0.4855017410572966,0.1041169324178378,0.0786264939179391,-0.0647431374306684,0.4081913486598981,-0.1024424978700268,-0.0482269283370662,0.0068683863185742,-0.0647431374306684,202510432.0,2025-09-28T16:05:00,1,2025,4,IND,LAR,AWAY,20.0,27.0,47.0,SoFi Stadium,3.0,7.0,0.0,10.0,0.0,28.0,41.0,28:16,22.0,9.0,10.0,3.0,53.0,365.0,6.9,5.0,28.0,137.0,4.9,3.0,25.0,18.0,228.0,1.0,0.0,9.1,12.7,72.0,113.42,8.0,2.0,25.0,2.0,2.0,100.0,4.0,2.0,0.0,0.0,4.0,23.0,0.0,0.0,0.0,0.0,7.0,8.0,1.0,46.0,46.0,0.0,1.0,1.0,3.0,10.0,0.0,14.0,0.0,31.0,19.0,31:44,21.0,8.0,11.0,2.0,65.0,282.0,4.3,2.0,23.0,86.0,3.7,1.0,38.0,23.0,196.0,1.0,1.0,5.2,8.5,60.5,71.82,14.0,5.0,35.7,2.0,1.0,50.0,2.0,2.0,0.0,0.0,8.0,68.0,0.0,0.0,4.0,23.0,2.0,0.0,1.0,52.0,52.0,1.0,0.0,-1.0,50.0,0.0,100.0,0.0,5.0,5.0,0.0,0.0,0.0,0.0,0.0,3.0,2.0,2.0,2.0,0.0,0.0,0.0,0.0,0.0,4.0,2.0,41.0,18.0,4.0,23.0,4.0,0.0,0.0,32.0,15.0,0.0,0.0,3.0,0.0,0.0,Sunday,993005233.0,14,32,19107.0,-7.0,0,1.0,0.25,0.0,,0.2662427980970872,0.6056338028169014,0.5692453805266654,0.256523721947183,-0.0797126753793363,0.4772727272727273,-0.1772071703757124,0.0056364743504673,34.3,18.7,15.7,418.6666666666667,272.3333333333333,1.667,0.393,1.0,103.0,56.0,3.0,0.2243073779034533,0.5624368704904659,0.4125987282086726,0.0812433128792756,-0.0241497218339593,0.502027417027417,-0.0644880187691507,0.1101443784753454,0.2243073779034533,-0.0241497218339593,-11.7,19.7,-0.33299999999999996,1.667,-55.0,782.3333333333334,-4.0,540.6666666666666,-30.0,176.0,5.0,117.0,-1.0,5.0,-0.2174389915848791,-0.04059341559670909
202510416.0,2025-09-28T16:25:00,1,2025,4,KC,BAL,HOME,37.0,20.0,57.0,Arrowhead Stadium,3.0,17.0,10.0,7.0,0.0,31.0,50.0,34:45,22.0,6.0,13.0,3.0,67.0,306.0,4.6,2.0,28.0,105.0,3.8,1.0,37.0,22.0,201.0,1.0,0.0,5.4,9.1,59.5,83.28,15.0,8.0,53.3,0.0,0.0,0.0,3.0,2.0,0.0,0.0,8.0,85.0,2.0,0.0,2.0,23.0,9.0,6.0,3.0,139.0,46.3,0.0,2.0,2.0,7.0,3.0,3.0,7.0,0.0,28.0,10.0,25:15,19.0,8.0,7.0,4.0,61.0,281.0,4.6,1.0,27.0,130.0,4.8,1.0,32.0,18.0,151.0,0.0,2.0,4.7,8.4,56.2,42.58,10.0,1.0,10.0,4.0,1.0,25.0,3.0,1.0,0.0,0.0,7.0,82.0,0.0,0.0,2.0,9.0,7.0,4.0,2.0,61.0,30.5,2.0,0.0,-2.0,66.7,0.0,33.3,0.0,2.0,1.0,0.0,0.0,0.0,0.0,0.0,4.0,3.0,1.0,0.0,1.0,0.0,0.0,0.0,0.0,1.0,1.0,32.0,31.0,2.0,9.0,6.0,0.0,0.0,39.0,18.0,2.0,23.0,6.0,1.0,0.0,Sunday,993005238.0,16,3,19113.0,17.0,1,2.0,0.533,0.0,,0.0825868865502859,0.4705882352941176,0.218265808386786,0.0775525591541183,-0.1177276697389202,0.4230769230769231,-0.2354645185211362,0.0360295390460534,20.0,18.7,1.3,315.6666666666667,297.0,0.333,0.408,0.333,60.0,56.0,1.0,0.0593020958388565,0.4619146324284075,0.1446554655633182,-0.0782505577209416,0.0420770265232905,0.477991452991453,-0.0062350720746355,0.0581165193716126,0.0593020958388565,0.0420770265232905,202510416.0,2025-09-28T16:25:00,1,2025,4,BAL,KC,AWAY,20.0,37.0,57.0,Arrowhead Stadium,7.0,3.0,3.0,7.0,0.0,26.0,42.0,25:15,21.0,4.0,14.0,3.0,54.0,318.0,5.9,4.0,19.0,85.0,4.5,1.0,28.0,21.0,233.0,3.0,0.0,8.3,11.1,75.0,134.97,11.0,6.0,54.5,1.0,0.0,0.0,4.0,2.0,0.0,0.0,3.0,10.0,2.0,1.0,7.0,55.0,6.0,4.0,3.0,157.0,52.3,1.0,0.0,-1.0,3.0,17.0,10.0,7.0,0.0,33.0,18.0,34:45,24.0,12.0,11.0,1.0,66.0,426.0,6.5,5.0,38.0,224.0,5.9,4.0,28.0,20.0,202.0,1.0,0.0,7.2,10.1,71.4,103.57,14.0,7.0,50.0,3.0,3.0,100.0,5.0,4.0,0.0,0.0,8.0,68.0,1.0,0.0,0.0,0.0,7.0,6.0,3.0,146.0,48.7,0.0,1.0,1.0,50.0,0.0,80.0,0.0,3.0,3.0,0.0,2.0,0.0,0.0,0.0,1.0,1.0,5.0,5.0,0.0,0.0,0.0,0.0,0.0,2.0,1.0,39.0,33.0,0.0,0.0,1.0,0.0,0.0,38.0,8.0,7.0,55.0,2.0,2.0,1.0,Sunday,993005237.0,3,16,19114.0,-17.0,0,-1.0,0.545,0.0,,0.1581272607483831,0.5540540540540541,0.2890447316538479,-0.3988256028169417,0.2867489157007643,0.5930232558139535,0.4876594230948124,0.2595893891230917,37.0,32.0,5.0,330.6666666666667,415.3333333333333,0.0,0.447,0.333,111.0,96.0,1.0,0.1997751004751957,0.5196642591008788,0.3628354313130375,-0.1264158146751783,0.0878716003175255,0.5061239674151515,0.1443475356199226,0.1194603272081964,0.1997751004751957,0.0878716003175255,-3.7,6.3,0.0,0.666,-15.0,646.3333333333334,-118.33333333333331,712.3333333333333,-51.0,171.0,-40.0,152.0,0.0,2.0,-0.14047300463633922,-0.045794573794235
202510425.0,2025-09-28T16:25:00,1,2025,4,LV,CHI,HOME,24.0,25.0,49.0,Allegiant Stadium,7.0,7.0,7.0,3.0,0.0,31.0,53.0,26:50,17.0,5.0,12.0,0.0,62.0,354.0,5.7,3.0,28.0,93.0,3.3,0.0,29.0,19.0,261.0,3.0,0.0,9.0,13.7,65.5,128.66,14.0,3.0,21.4,3.0,2.0,66.7,3.0,2.0,0.0,0.0,6.0,54.0,0.0,0.0,5.0,28.0,3.0,6.0,6.0,294.0,49.0,0.0,1.0,1.0,3.0,6.0,7.0,9.0,0.0,28.0,7.0,33:10,17.0,8.0,7.0,2.0,54.0,400.0,7.4,5.0,32.0,201.0,6.3,3.0,21.0,15.0,199.0,1.0,0.0,9.5,13.3,71.4,116.96,10.0,5.0,50.0,0.0,0.0,0.0,3.0,2.0,0.0,0.0,7.0,54.0,1.0,1.0,1.0,8.0,9.0,8.0,3.0,138.0,46.0,1.0,0.0,-1.0,66.7,0.0,66.7,0.0,1.0,1.0,0.0,3.0,1.0,0.0,0.0,1.0,1.0,5.0,5.0,0.0,0.0,0.0,0.0,0.0,3.0,2.0,38.0,24.0,1.0,8.0,2.0,1.0,1.0,40.0,26.0,5.0,28.0,4.0,0.0,0.0,Sunday,993005236.0,25,6,19108.0,-1.0,0,1.0,0.214,0.0,,-0.0212535673234426,0.3975903614457831,0.3221191180875629,-0.3339641521825455,0.2218037705135165,0.5394736842105263,0.450191628157548,0.0393836820251656,17.7,24.7,-7.0,320.3333333333333,351.0,-0.333,0.366,0.333,53.0,74.0,1.0,-0.0632990815920689,0.4044813399941228,0.1023513242111351,-0.2967830868359543,0.0280781194793694,0.4834875650665124,0.2868606128580134,-0.3051104882313069,-0.0632990815920689,0.0280781194793694,202510425.0,2025-09-28T16:25:00,1,2025,4,CHI,LV,AWAY,25.0,24.0,49.0,Allegiant Stadium,3.0,6.0,7.0,9.0,0.0,27.0,2.0,33:10,19.0,7.0,11.0,1.0,57.0,385.0,6.8,4.0,29.0,87.0,3.0,0.0,28.0,19.0,298.0,4.0,0.0,10.6,15.7,67.9,142.56,14.0,8.0,57.1,1.0,1.0,100.0,3.0,2.0,0.0,0.0,6.0,41.0,0.0,0.0,0.0,0.0,7.0,2.0,4.0,176.0,44.0,0.0,4.0,4.0,7.0,7.0,7.0,3.0,0.0,32.0,58.0,26:50,23.0,6.0,14.0,3.0,67.0,396.0,5.9,1.0,20.0,121.0,6.0,0.0,45.0,34.0,275.0,1.0,3.0,6.1,8.1,75.6,70.14,11.0,3.0,27.3,3.0,2.0,66.7,4.0,1.0,0.0,0.0,4.0,25.0,1.0,1.0,2.0,17.0,1.0,4.0,2.0,102.0,51.0,4.0,0.0,-4.0,66.7,0.0,25.0,0.0,4.0,4.0,0.0,0.0,0.0,0.0,0.0,1.0,1.0,0.0,0.0,0.0,2.0,1.0,0.0,0.0,2.0,2.0,45.0,28.0,2.0,17.0,6.0,1.0,1.0,34.0,23.0,0.0,0.0,3.0,0.0,0.0,Sunday,993005235.0,6,25,19111.0,1.0,1,4.0,0.571,0.0,,0.2032344165790359,0.4861111111111111,0.5189758001693395,-0.0338713717691672,-0.0045705784964241,0.4827586206896552,0.0037207152659367,-0.0733929574945131,25.3,31.0,-5.7,347.0,387.0,0.667,0.453,0.333,76.0,93.0,1.0,-0.009947326408244,0.4236218776916451,0.172412870131973,-0.2314002591876167,0.0783994063879431,0.5000443793547241,0.2193224916906548,-0.031157094341259,-0.009947326408244,0.0783994063879431,-1.2999999999999998,-12.7,0.0,0.666,-26.666666666666686,667.3333333333333,-36.0,738.0,-23.0,129.0,-19.0,167.0,0.0,2.0,-0.0533517551838249,-0.050321286908573695
202510409.0,2025-09-28T20:20:00,1,2025,4,DAL,GB,HOME,40.0,40.0,80.0,AT&T Stadium,0.0,16.0,7.0,14.0,3.0,32.0,58.0,34:27,23.0,6.0,14.0,3.0,67.0,396.0,5.9,1.0,20.0,121.0,6.0,0.0,45.0,34.0,275.0,1.0,3.0,6.1,8.1,75.6,70.14,11.0,3.0,27.3,3.0,2.0,66.7,4.0,1.0,0.0,0.0,4.0,25.0,1.0,1.0,2.0,17.0,1.0,4.0,2.0,102.0,51.0,4.0,0.0,-4.0,7.0,6.0,7.0,17.0,3.0,27.0,2.0,35:33,19.0,7.0,11.0,1.0,57.0,385.0,6.8,4.0,29.0,87.0,3.0,0.0,28.0,19.0,298.0,4.0,0.0,10.6,15.7,67.9,142.56,14.0,8.0,57.1,1.0,1.0,100.0,3.0,2.0,0.0,0.0,6.0,41.0,0.0,0.0,0.0,0.0,7.0,2.0,4.0,176.0,44.0,0.0,4.0,4.0,25.0,0.0,66.7,0.0,0.0,0.0,0.0,2.0,1.0,0.0,0.0,2.0,2.0,4.0,4.0,0.0,0.0,0.0,0.0,0.0,1.0,1.0,34.0,23.0,0.0,0.0,3.0,0.0,0.0,45.0,28.0,2.0,17.0,6.0,1.0,1.0,Sunday,993005240.0,9,12,19111.0,0.0,0,-4.0,0.273,0.0,,-0.0045705784964241,0.4827586206896552,0.0037207152659367,-0.0733929574945131,0.2032344165790359,0.4861111111111111,0.5189758001693395,-0.0338713717691672,24.7,30.7,-6.0,393.6666666666667,397.6666666666667,-1.667,0.446,0.333,74.0,92.0,1.0,0.0896393953789432,0.4958838148493321,0.1160392162616366,0.0125297065872254,0.1868869094428813,0.5024050024050024,0.3960965494909136,-0.063193414495463,0.0896393953789432,0.1868869094428813,202510409.0,2025-09-28T20:20:00,1,2025,4,GB,DAL,AWAY,40.0,40.0,80.0,AT&T Stadium,7.0,6.0,7.0,17.0,3.0,34.0,14.0,35:33,14.0,4.0,8.0,2.0,61.0,230.0,3.8,1.0,31.0,81.0,2.6,0.0,25.0,18.0,149.0,1.0,1.0,6.0,8.3,72.0,83.58,18.0,10.0,55.6,0.0,0.0,0.0,2.0,1.0,0.0,0.0,14.0,75.0,1.0,0.0,5.0,34.0,10.0,5.0,5.0,265.0,53.0,1.0,1.0,0.0,0.0,16.0,7.0,14.0,3.0,25.0,46.0,34:27,15.0,5.0,7.0,3.0,57.0,221.0,3.9,1.0,19.0,96.0,5.1,1.0,36.0,21.0,125.0,0.0,1.0,3.5,6.0,58.3,53.59,13.0,4.0,30.8,2.0,1.0,50.0,2.0,1.0,0.0,0.0,8.0,90.0,0.0,0.0,2.0,17.0,7.0,6.0,6.0,291.0,48.5,1.0,1.0,0.0,50.0,0.0,50.0,0.0,1.0,1.0,0.0,0.0,0.0,0.0,0.0,2.0,1.0,1.0,1.0,0.0,0.0,0.0,0.0,0.0,2.0,2.0,31.0,27.0,2.0,17.0,3.0,0.0,0.0,38.0,33.0,5.0,34.0,2.0,1.0,0.0,Sunday,993005239.0,12,9,19101.0,0.0,0,0.0,0.556,0.0,,-0.094478753552638,0.3975903614457831,0.0379510636022617,-0.1298064580318934,-0.0927710168395504,0.4050632911392405,-0.1731296841248782,-0.0880967770026472,21.3,14.7,6.7,300.0,232.33333333333337,0.333,0.457,0.667,64.0,44.0,2.0,0.0455776030659466,0.4639026695015355,0.2507189403926638,-0.0702750726876106,-0.0720947664650517,0.4268862320048519,-0.0795806844193015,-0.1441597750986221,0.0455776030659466,-0.0720947664650517,-12.7,0.7000000000000002,-0.334,1.0,93.66666666666669,693.6666666666667,165.33333333333331,630.0,10.0,138.0,48.0,136.0,-1.0,3.0,0.04406179231299661,0.258981675907933
202510419.0,2025-09-29T19:15:00,1,2025,4,MIA,NYJ,HOME,27.0,21.0,48.0,Hard Rock Stadium,3.0,7.0,14.0,3.0,0.0,28.0,13.0,30:48,19.0,8.0,11.0,0.0,59.0,276.0,4.7,3.0,25.0,130.0,5.2,1.0,34.0,22.0,146.0,2.0,1.0,4.3,6.6,64.7,81.25,15.0,10.0,66.7,1.0,1.0,100.0,3.0,3.0,0.0,0.0,6.0,57.0,1.0,0.0,0.0,0.0,2.0,2.0,4.0,200.0,50.0,1.0,0.0,-1.0,0.0,3.0,7.0,11.0,0.0,31.0,47.0,29:12,23.0,8.0,12.0,3.0,57.0,360.0,6.3,4.0,27.0,157.0,5.8,1.0,28.0,22.0,203.0,3.0,0.0,7.2,9.2,78.6,132.59,11.0,6.0,54.5,0.0,0.0,0.0,4.0,3.0,0.0,0.0,3.0,35.0,2.0,0.0,2.0,10.0,1.0,5.0,2.0,95.0,47.5,0.0,1.0,1.0,100.0,0.0,75.0,0.0,3.0,3.0,0.0,0.0,0.0,0.0,0.0,0.0,0.0,4.0,4.0,0.0,0.0,0.0,0.0,0.0,2.0,1.0,42.0,12.0,2.0,10.0,3.0,0.0,0.0,37.0,19.0,0.0,0.0,3.0,0.0,0.0,Monday,993005242.0,19,24,19099.0,6.0,1,-1.0,0.667,0.0,,0.0679075139378954,0.4533333333333333,0.016180768583876,0.0611495836346875,0.2206857104229909,0.5405405405405406,0.3664240824498306,0.1230850792160114,18.7,32.3,-13.7,281.6666666666667,370.3333333333333,-1.667,0.522,0.0,56.0,97.0,0.0,-0.0061351680495425,0.4656715506715507,-0.0852806764299426,0.1251132295654517,0.2191514954278396,0.5140665552430258,0.4429967871825737,0.0308065586925955,-0.0061351680495425,0.2191514954278396,202510419.0,2025-09-29T19:15:00,1,2025,4,NYJ,MIA,AWAY,21.0,27.0,48.0,Hard Rock Stadium,0.0,3.0,7.0,11.0,0.0,27.0,49.0,29:12,21.0,5.0,13.0,3.0,63.0,267.0,4.2,3.0,23.0,99.0,4.3,0.0,36.0,26.0,168.0,2.0,1.0,4.7,6.5,72.2,88.66,11.0,3.0,27.3,3.0,1.0,33.3,3.0,2.0,0.0,0.0,7.0,81.0,1.0,1.0,4.0,29.0,2.0,7.0,2.0,97.0,48.5,2.0,0.0,-2.0,3.0,7.0,14.0,3.0,0.0,32.0,11.0,30:48,19.0,4.0,12.0,3.0,64.0,347.0,5.4,2.0,34.0,122.0,3.6,0.0,29.0,19.0,225.0,1.0,0.0,7.8,11.8,65.5,100.5,13.0,4.0,30.8,0.0,0.0,0.0,5.0,1.0,0.0,0.0,14.0,124.0,1.0,0.0,1.0,8.0,10.0,9.0,4.0,162.0,40.5,0.0,2.0,2.0,66.7,0.0,20.0,0.0,3.0,3.0,0.0,0.0,0.0,0.0,0.0,2.0,2.0,2.0,2.0,0.0,0.0,0.0,0.0,0.0,6.0,5.0,39.0,35.0,1.0,8.0,2.0,1.0,0.0,40.0,18.0,4.0,29.0,4.0,1.0,1.0,Monday,993005241.0,24,19,19106.0,-6.0,0,-2.0,0.273,0.0,,-0.0688976717624721,0.5058823529411764,-0.0548795138890765,-0.348347718902754,-0.0532300813446089,0.3936170212765957,0.3348160370640808,-0.4138371925760575,23.0,31.0,-8.0,271.6666666666667,340.3333333333333,-1.333,0.258,0.0,69.0,93.0,0.0,-0.0269906638200322,0.4925857843137255,0.0195210008449969,-0.192532284019322,0.1115791620338336,0.4558163577722696,0.3179096700972569,-0.1006644703819495,-0.0269906638200322,0.1115791620338336,-5.699999999999999,-21.7,0.0,0.0,10.0,553.3333333333334,30.0,710.6666666666666,-13.0,125.0,4.0,190.0,0.0,0.0,0.0208554957704897,0.107572333394006
202510410.0,2025-09-29T20:15:00,1,2025,4,DEN,CIN,HOME,28.0,3.0,31.0,Empower Field at Mile High,7.0,14.0,0.0,7.0,0.0,23.0,40.0,37:58,9.0,3.0,5.0,1.0,48.0,265.0,5.5,2.0,21.0,118.0,5.6,1.0,25.0,14.0,147.0,1.0,0.0,5.9,10.5,56.0,86.58,13.0,2.0,15.4,2.0,2.0,100.0,2.0,1.0,0.0,0.0,10.0,90.0,0.0,0.0,2.0,6.0,14.0,7.0,7.0,330.0,47.1,0.0,2.0,2.0,3.0,0.0,0.0,0.0,0.0,36.0,20.0,22:02,29.0,6.0,17.0,6.0,80.0,376.0,4.7,2.0,28.0,106.0,3.8,1.0,47.0,28.0,270.0,1.0,1.0,5.7,9.6,59.6,73.89,17.0,8.0,47.1,0.0,0.0,0.0,3.0,1.0,0.0,0.0,3.0,25.0,1.0,1.0,5.0,30.0,4.0,5.0,5.0,249.0,49.8,2.0,0.0,-2.0,50.0,0.0,33.3,0.0,2.0,2.0,0.0,0.0,0.0,0.0,0.0,2.0,2.0,2.0,2.0,0.0,0.0,0.0,0.0,0.0,3.0,3.0,42.0,39.0,5.0,30.0,7.0,1.0,0.0,31.0,12.0,2.0,6.0,3.0,0.0,0.0,Monday,993005244.0,10,7,19109.0,25.0,1,2.0,0.154,0.0,,-0.0961696988872043,0.3188405797101449,-0.1285081516183839,-0.1095903329187422,-0.0607844873701823,0.4271844660194174,-0.0003734238601694,-0.0212703109685046,22.7,21.3,1.3,302.0,327.3333333333333,-0.333,0.333,0.333,68.0,64.0,1.0,-0.0131702169338479,0.429806763285024,0.0355536562434516,-0.0858078146749737,-0.0413985601798657,0.4268651409595501,-0.0390660749235997,-0.1843929804622953,-0.0131702169338479,-0.0413985601798657,202510410.0,2025-09-29T20:15:00,1,2025,4,CIN,DEN,AWAY,3.0,28.0,31.0,Empower Field at Mile High,3.0,0.0,0.0,0.0,0.0,29.0,4.0,22:02,12.0,3.0,6.0,3.0,52.0,171.0,3.3,1.0,21.0,53.0,2.5,0.0,27.0,19.0,118.0,1.0,2.0,4.4,6.2,70.4,60.42,11.0,3.0,27.3,0.0,0.0,0.0,1.0,1.0,0.0,0.0,4.0,45.0,5.0,3.0,4.0,22.0,5.0,3.0,6.0,328.0,54.7,5.0,0.0,-5.0,7.0,14.0,0.0,7.0,0.0,30.0,56.0,37:58,22.0,10.0,10.0,2.0,58.0,352.0,6.1,6.0,31.0,169.0,5.5,2.0,24.0,16.0,183.0,2.0,0.0,7.6,11.4,66.7,117.19,12.0,4.0,33.3,1.0,1.0,100.0,5.0,4.0,0.0,0.0,13.0,105.0,1.0,0.0,3.0,19.0,9.0,7.0,5.0,220.0,44.0,0.0,5.0,5.0,100.0,0.0,80.0,0.0,1.0,1.0,0.0,0.0,0.0,0.0,0.0,1.0,1.0,6.0,6.0,0.0,0.0,0.0,0.0,0.0,2.0,2.0,38.0,25.0,3.0,19.0,1.0,1.0,0.0,41.0,12.0,4.0,22.0,5.0,5.0,3.0,Monday,993005243.0,7,10,19103.0,-25.0,0,-5.0,0.273,0.0,,-0.5131050496633522,0.3333333333333333,-0.9743000542602144,-0.2291551972871688,0.0421135154019575,0.5061728395061729,0.0926330548559678,0.0873839865981911,19.3,30.3,-11.0,220.66666666666663,359.6666666666667,-1.333,0.4,0.667,58.0,91.0,2.0,-0.1657642142352226,0.4308606976927316,-0.3255287302178524,-0.1165203432294186,0.0100738465246989,0.4706399886476515,0.0544999379896845,0.0396444116554999,-0.1657642142352226,0.0100738465246989,12.3,-9.7,-0.334,1.0,81.33333333333337,522.6666666666666,-32.33333333333337,687.0,10.0,126.0,-27.0,155.0,-1.0,3.0,0.1525939973013747,-0.0514724067045646
202510532.0,2025-10-02T20:15:00,1,2025,5,LAR,SF,HOME,23.0,26.0,49.0,SoFi Stadium,0.0,7.0,7.0,9.0,0.0,31.0,44.0,26:20,24.0,7.0,15.0,2.0,70.0,462.0,6.6,3.0,26.0,102.0,3.9,0.0,41.0,29.0,360.0,3.0,0.0,8.8,12.4,70.7,122.0,12.0,4.0,33.3,2.0,1.0,50.0,3.0,2.0,0.0,0.0,7.0,63.0,1.0,1.0,3.0,15.0,7.0,4.0,4.0,211.0,52.8,1.0,3.0,2.0,7.0,10.0,3.0,3.0,3.0,28.0,16.0,40:04,17.0,4.0,11.0,2.0,56.0,333.0,5.9,2.0,21.0,85.0,4.0,1.0,33.0,24.0,248.0,1.0,2.0,7.5,10.3,72.7,78.85,12.0,4.0,33.3,1.0,1.0,100.0,3.0,2.0,0.0,0.0,11.0,88.0,2.0,1.0,2.0,14.0,9.0,4.0,4.0,209.0,52.2,3.0,1.0,-2.0,66.7,0.0,66.7,0.0,3.0,3.0,0.0,0.0,0.0,0.0,0.0,2.0,2.0,2.0,2.0,0.0,0.0,0.0,0.0,0.0,2.0,2.0,30.0,26.0,2.0,14.0,5.0,1.0,0.0,35.0,42.0,3.0,15.0,4.0,1.0,1.0,Thursday,993005246.0,32,31,19123.0,-3.0,0,2.0,0.333,0.0,,0.0006222581809394,0.5280898876404494,0.2434565749759074,-0.4278615584283125,-0.0638913075834058,0.4683544303797468,-0.1722369912767034,-0.0744221715840005,28.7,24.0,4.7,419.0,291.0,0.667,0.35,0.75,100.0,81.0,3.0,0.0319425336333835,0.5281983702707799,0.1797125461394581,0.0016318965624251,-0.0456044565631983,0.441502474575954,-0.1157543786257612,-0.018513258844093,0.0053068542841655,-0.0645301799688527,202510532.0,2025-10-02T20:15:00,1,2025,5,SF,LAR,AWAY,26.0,23.0,49.0,SoFi Stadium,7.0,10.0,3.0,3.0,3.0,27.0,29.0,40:04,22.0,3.0,17.0,2.0,63.0,389.0,6.2,2.0,24.0,83.0,3.5,0.0,38.0,22.0,306.0,2.0,2.0,8.1,13.9,57.9,79.5,13.0,8.0,61.5,1.0,0.0,0.0,3.0,1.0,0.0,0.0,5.0,54.0,3.0,2.0,1.0,3.0,0.0,6.0,2.0,91.0,45.5,4.0,0.0,-4.0,0.0,7.0,7.0,9.0,0.0,32.0,31.0,26:20,18.0,8.0,8.0,2.0,63.0,325.0,5.2,3.0,32.0,151.0,4.7,1.0,31.0,21.0,174.0,1.0,0.0,5.6,8.3,67.7,92.67,14.0,4.0,28.6,1.0,1.0,100.0,2.0,1.0,0.0,0.0,12.0,90.0,1.0,0.0,0.0,0.0,3.0,3.0,5.0,237.0,47.4,0.0,4.0,4.0,33.3,0.0,50.0,0.0,1.0,1.0,0.0,2.0,1.0,0.0,0.0,2.0,2.0,2.0,2.0,0.0,2.0,0.0,0.0,0.0,3.0,2.0,39.0,26.0,0.0,0.0,2.0,1.0,0.0,31.0,32.0,1.0,3.0,4.0,3.0,2.0,Thursday,993005245.0,31,32,19124.0,3.0,1,-4.0,0.615,0.0,,-0.112518378420315,0.4683544303797468,0.0021391407203777,-0.1589570569390755,-0.0290397786254402,0.4545454545454545,0.2209694952976284,-0.0981236696650739,21.0,20.7,0.3,362.6666666666667,297.3333333333333,-1.667,0.45,0.75,80.0,75.0,3.0,-0.0358508520781629,0.4993534522124657,0.0599828527053143,-0.1766164480891642,-0.0378082725357366,0.4551566080977845,0.1092397172762773,-0.0968716943633948,-0.0239669391498985,-0.0489002678616029,4.4,5.0,0.0,1.5,56.333333333333314,781.6666666666667,-6.333333333333314,588.3333333333333,20.0,180.0,6.0,156.0,0.0,6.0,0.0677933857115464,-0.007796184027461704
202510508.0,2025-10-05T09:30:00,1,2025,5,CLE,MIN,HOME,17.0,21.0,38.0,Tottenham Hotspur Stadium,7.0,3.0,7.0,0.0,0.0,31.0,44.0,30:29,16.0,7.0,8.0,1.0,65.0,249.0,3.8,1.0,27.0,79.0,2.9,1.0,35.0,16.0,170.0,0.0,2.0,4.9,10.6,45.7,36.61,14.0,3.0,21.4,1.0,1.0,100.0,2.0,1.0,0.0,0.0,6.0,44.0,2.0,1.0,3.0,14.0,5.0,4.0,7.0,314.0,44.9,3.0,1.0,-2.0,7.0,0.0,7.0,7.0,0.0,28.0,16.0,29:31,16.0,6.0,8.0,2.0,56.0,277.0,4.9,4.0,29.0,109.0,3.8,1.0,27.0,16.0,168.0,2.0,1.0,6.2,10.5,59.3,86.65,14.0,6.0,42.9,1.0,0.0,0.0,3.0,3.0,0.0,0.0,6.0,35.0,0.0,0.0,0.0,0.0,9.0,4.0,5.0,221.0,44.2,1.0,3.0,2.0,50.0,0.0,100.0,0.0,1.0,1.0,0.0,0.0,0.0,0.0,0.0,2.0,1.0,4.0,4.0,0.0,0.0,0.0,0.0,0.0,2.0,2.0,27.0,27.0,0.0,0.0,1.0,0.0,0.0,35.0,25.0,3.0,14.0,10.0,1.0,1.0,Sunday,993005248.0,8,20,19118.0,-4.0,0,-2.0,0.214,0.0,,-0.3820344020803852,0.3023255813953488,-0.5051452847337192,-0.0797857570936545,-0.0833274719162131,0.430379746835443,-0.0525059183502797,-0.2462958623249765,13.3,28.3,-15.0,264.3333333333333,249.66666666666663,-1.333,0.304,0.25,56.0,102.0,1.0,-0.2339000186300778,0.3807238270767472,-0.3721758362035536,-0.0076899696364246,-0.0256336931631327,0.4231761832798892,0.0849358441891008,-0.2131737321866402,-0.1974503630074476,-0.0358502428432228,202510508.0,2025-10-05T09:30:00,1,2025,5,MIN,CLE,AWAY,21.0,17.0,38.0,Tottenham Hotspur Stadium,7.0,0.0,7.0,7.0,0.0,33.0,34.0,29:31,23.0,6.0,15.0,2.0,72.0,372.0,5.2,2.0,20.0,70.0,3.5,0.0,46.0,30.0,302.0,2.0,2.0,6.6,10.1,65.2,80.16,14.0,4.0,28.6,3.0,2.0,66.7,4.0,2.0,0.0,0.0,8.0,82.0,2.0,0.0,6.0,48.0,3.0,0.0,3.0,136.0,45.3,2.0,0.0,-2.0,7.0,3.0,7.0,0.0,0.0,26.0,26.0,30:29,19.0,11.0,6.0,2.0,53.0,313.0,5.9,3.0,29.0,131.0,4.5,2.0,22.0,18.0,182.0,1.0,0.0,8.3,10.1,81.8,116.29,10.0,4.0,40.0,1.0,0.0,0.0,5.0,2.0,0.0,0.0,5.0,35.0,1.0,0.0,2.0,18.0,14.0,0.0,3.0,146.0,48.7,0.0,2.0,2.0,50.0,0.0,40.0,0.0,1.0,1.0,0.0,2.0,1.0,0.0,0.0,2.0,2.0,3.0,3.0,0.0,0.0,0.0,0.0,0.0,2.0,1.0,31.0,28.0,2.0,18.0,0.0,1.0,0.0,42.0,24.0,6.0,48.0,8.0,2.0,0.0,Sunday,993005247.0,20,8,19047.0,4.0,1,-2.0,0.286,0.0,,0.0556900117704383,0.4725274725274725,0.0757345928444671,-0.0912810043260429,0.140713001168502,0.5882352941176471,0.2394406827681792,0.1595662673621868,25.0,18.7,6.3,307.3333333333333,270.0,0.0,0.328,0.5,102.0,80.0,2.0,-0.0903629188676248,0.4544385655496767,-0.1459374428981643,-0.0669899597370574,-0.1201481361644965,0.4657261278495137,-0.3606677868967016,0.0348843901456185,-0.0838463495725476,-0.117764909362569,-21.3,-8.7,-0.25,0.75,-43.0,571.6666666666666,-20.33333333333337,519.6666666666666,-46.0,158.0,22.0,182.0,-1.0,3.0,-0.143537099762453,0.0945144430013638
202510505.0,2025-10-05T13:00:00,1,2025,5,CAR,MIA,HOME,27.0,24.0,51.0,Bank of America Stadium,0.0,10.0,3.0,14.0,0.0,35.0,14.0,31:14,21.0,8.0,11.0,2.0,65.0,326.0,5.0,2.0,28.0,129.0,4.6,0.0,36.0,23.0,197.0,2.0,0.0,5.5,8.6,63.9,96.64,14.0,5.0,35.7,3.0,1.0,33.3,2.0,2.0,0.0,0.0,5.0,29.0,1.0,0.0,1.0,11.0,1.0,1.0,5.0,231.0,46.2,0.0,0.0,0.0,3.0,14.0,0.0,7.0,0.0,24.0,46.0,28:46,16.0,7.0,8.0,1.0,48.0,307.0,6.4,6.0,29.0,104.0,3.6,3.0,18.0,14.0,203.0,2.0,0.0,11.3,14.5,77.8,150.69,9.0,3.0,33.3,1.0,1.0,100.0,4.0,4.0,0.0,0.0,7.0,54.0,0.0,0.0,1.0,0.0,4.0,5.0,4.0,205.0,51.2,0.0,0.0,0.0,100.0,0.0,100.0,0.0,2.0,1.0,0.0,0.0,0.0,0.0,0.0,1.0,0.0,6.0,6.0,0.0,0.0,0.0,0.0,0.0,0.0,0.0,21.0,31.0,1.0,0.0,2.0,0.0,0.0,37.0,26.0,1.0,11.0,2.0,1.0,0.0,Sunday,993005256.0,5,19,19120.0,3.0,1,0.0,0.357,0.0,,-0.1789418814048696,0.4712643678160919,0.0493319048621388,-0.14705433384058,0.2501910423578363,0.4307692307692308,0.7873112049786394,-0.0773985518772742,21.7,23.0,-1.3,300.6666666666667,310.6666666666667,0.333,0.321,0.25,75.0,95.0,1.0,-0.0392314232907671,0.4845292000464414,0.0617248708552446,-0.1352762081896256,-0.0290763597699976,0.4106791155704199,0.1794698554659664,-0.0887352988497144,-0.0565204545546855,0.0075751993428647,202510505.0,2025-10-05T13:00:00,1,2025,5,MIA,CAR,AWAY,24.0,27.0,51.0,Bank of America Stadium,3.0,14.0,0.0,7.0,0.0,30.0,48.0,28:46,19.0,5.0,12.0,2.0,56.0,300.0,5.4,3.0,31.0,123.0,4.0,1.0,25.0,17.0,177.0,2.0,0.0,7.1,10.4,68.0,114.92,12.0,4.0,33.3,1.0,1.0,100.0,4.0,3.0,0.0,0.0,6.0,40.0,2.0,0.0,0.0,0.0,3.0,5.0,4.0,192.0,48.0,0.0,3.0,3.0,0.0,10.0,3.0,14.0,0.0,29.0,12.0,31:14,23.0,9.0,12.0,2.0,57.0,404.0,7.1,2.0,28.0,197.0,7.0,1.0,27.0,20.0,207.0,1.0,0.0,7.7,10.4,74.1,108.1,9.0,4.0,44.4,2.0,1.0,50.0,2.0,0.0,0.0,0.0,13.0,101.0,3.0,3.0,2.0,19.0,0.0,2.0,2.0,84.0,42.0,3.0,0.0,-3.0,75.0,0.0,0.0,0.0,3.0,3.0,0.0,0.0,0.0,0.0,0.0,2.0,2.0,1.0,1.0,0.0,0.0,0.0,1.0,1.0,2.0,2.0,38.0,18.0,2.0,19.0,3.0,2.0,3.0,30.0,31.0,0.0,0.0,3.0,1.0,0.0,Sunday,993005255.0,19,5,19128.0,-3.0,0,3.0,0.333,0.0,,0.1759362164839176,0.4794520547945205,0.4293375572933547,-0.1830476578580366,0.0746258144743559,0.575,0.2558756725970953,-0.1563037091609212,25.0,28.3,-3.3,311.3333333333333,365.6666666666667,0.333,0.467,0.25,83.0,118.0,1.0,0.1054881189403332,0.4647746165554384,0.2014785484398777,-0.0650377613157032,0.1602312242026732,0.5214194964194964,0.4082024192114448,-0.048670321007864,0.0393826780838225,0.1830200751894687,1.9999999999999998,-4.6,0.0,0.5,-10.666666666666629,612.0,-55.0,676.3333333333334,-8.0,158.0,-23.0,213.0,0.0,2.0,-0.1447195422311003,-0.18930758397267078
202510503.0,2025-10-05T13:00:00,1,2025,5,BAL,HOU,HOME,10.0,44.0,54.0,M&T Bank Stadium,3.0,0.0,7.0,0.0,0.0,25.0,15.0,23:27,18.0,7.0,10.0,1.0,53.0,360.0,6.8,2.0,17.0,166.0,9.8,1.0,33.0,23.0,194.0,1.0,1.0,5.9,8.4,69.7,82.13,10.0,3.0,30.0,4.0,1.0,25.0,2.0,1.0,0.0,0.0,6.0,56.0,1.0,1.0,3.0,5.0,3.0,2.0,1.0,50.0,50.0,2.0,0.0,-2.0,7.0,17.0,10.0,10.0,0.0,34.0,45.0,36:33,24.0,8.0,15.0,1.0,70.0,382.0,5.5,4.0,32.0,118.0,3.7,0.0,37.0,25.0,264.0,4.0,0.0,7.1,10.6,67.6,124.16,15.0,5.0,33.3,4.0,4.0,100.0,6.0,4.0,0.0,0.0,5.0,40.0,0.0,0.0,1.0,6.0,8.0,3.0,1.0,37.0,37.0,0.0,2.0,2.0,50.0,0.0,66.7,0.0,2.0,2.0,0.0,0.0,0.0,0.0,0.0,2.0,2.0,4.0,4.0,0.0,0.0,0.0,0.0,0.0,4.0,3.0,37.0,30.0,1.0,6.0,2.0,0.0,0.0,37.0,11.0,3.0,5.0,4.0,0.0,1.0,Sunday,993005258.0,3,13,19125.0,-34.0,0,-2.0,0.3,0.0,,-0.0428570985337274,0.4929577464788732,-0.2255224719749625,0.4076846438200356,0.1844871809128274,0.4712643678160919,0.3385510152839096,0.0129863725970998,30.3,30.7,-0.3,306.6666666666667,377.0,-0.333,0.365,0.25,131.0,133.0,1.0,0.0720584360647028,0.4961900806971229,0.1109615489980686,-0.0848532783999856,0.0814471532144312,0.4996900774418992,0.1293192995422195,0.1391294623024064,0.1391170507229649,0.112025495466351,202510503.0,2025-10-05T13:00:00,1,2025,5,HOU,BAL,AWAY,44.0,10.0,54.0,M&T Bank Stadium,7.0,17.0,10.0,10.0,0.0,38.0,21.0,36:33,20.0,10.0,9.0,1.0,65.0,353.0,5.4,3.0,35.0,129.0,3.7,1.0,28.0,22.0,224.0,2.0,0.0,8.0,10.2,78.6,123.81,15.0,6.0,40.0,3.0,3.0,100.0,2.0,2.0,0.0,0.0,6.0,50.0,0.0,0.0,2.0,9.0,7.0,6.0,3.0,132.0,44.0,0.0,1.0,1.0,3.0,0.0,7.0,0.0,0.0,21.0,39.0,23:27,10.0,3.0,5.0,2.0,46.0,175.0,3.8,0.0,18.0,82.0,4.6,0.0,26.0,10.0,93.0,0.0,1.0,3.6,9.3,38.5,33.01,11.0,2.0,18.2,1.0,0.0,0.0,0.0,0.0,0.0,0.0,4.0,35.0,0.0,0.0,2.0,15.0,5.0,6.0,5.0,213.0,42.6,1.0,0.0,-1.0,100.0,0.0,0.0,0.0,2.0,2.0,0.0,2.0,0.0,0.0,0.0,3.0,2.0,0.0,0.0,0.0,0.0,0.0,0.0,0.0,2.0,0.0,21.0,19.0,2.0,15.0,7.0,0.0,0.0,45.0,32.0,2.0,9.0,1.0,0.0,0.0,Sunday,993005257.0,13,3,19119.0,34.0,1,1.0,0.4,0.0,,0.0694752848868719,0.4146341463414634,0.2170485433143579,-0.0290387122412708,-0.4041592665644924,0.3492063492063492,-0.4615830317002118,-0.0719957864003402,18.3,12.3,6.0,296.6666666666667,275.3333333333333,-0.333,0.296,0.25,64.0,51.0,1.0,-0.0507732565302645,0.4026507540443738,-0.0107773440572298,-0.1277696644346841,-0.1738929430434891,0.4132234222440408,-0.158191319381109,-0.008330914582381,-0.0684067799441524,-0.149069753223489,-6.3,5.7,0.0,0.5,10.0,603.3333333333334,101.66666666666669,652.3333333333333,67.0,195.0,82.0,184.0,0.0,2.0,0.1228316925949673,0.2553400962579203
202510522.0,2025-10-05T13:00:00,1,2025,5,NO,NYG,HOME,26.0,14.0,40.0,Caesars Superdome,3.0,13.0,3.0,7.0,0.0,28.0,39.0,28:10,22.0,14.0,7.0,1.0,65.0,298.0,4.6,2.0,34.0,189.0,5.6,1.0,28.0,18.0,109.0,1.0,1.0,3.9,6.1,64.3,68.9,13.0,5.0,38.5,2.0,0.0,0.0,4.0,2.0,0.0,0.0,4.0,41.0,1.0,0.0,3.0,17.0,7.0,5.0,3.0,142.0,47.3,1.0,1.0,0.0,7.0,7.0,0.0,0.0,0.0,31.0,21.0,31:50,20.0,9.0,10.0,1.0,57.0,356.0,6.2,4.0,32.0,165.0,5.2,2.0,22.0,16.0,191.0,2.0,1.0,8.7,11.9,72.7,110.23,10.0,3.0,30.0,1.0,0.0,0.0,3.0,2.0,0.0,0.0,11.0,55.0,0.0,0.0,3.0,18.0,4.0,5.0,2.0,83.0,41.5,1.0,1.0,0.0,50.0,0.0,66.7,0.0,1.0,1.0,0.0,1.0,0.0,0.0,0.0,2.0,2.0,4.0,4.0,0.0,0.0,0.0,0.0,0.0,1.0,1.0,41.0,13.0,3.0,18.0,4.0,0.0,0.0,45.0,15.0,3.0,17.0,2.0,1.0,0.0,Sunday,993005253.0,22,23,19117.0,12.0,1,0.0,0.385,0.0,,-0.027740165248898,0.4875,-0.1960726231810928,0.0370264983039678,0.1240790922130508,0.4736842105263157,0.2508259843222716,0.0686669659787892,17.7,33.7,-16.0,296.3333333333333,340.0,0.0,0.361,0.0,66.0,121.0,0.0,-0.1163156530653711,0.4646984551396316,-0.0780260757544204,-0.118892393880968,0.1052516010150477,0.4909087853733951,0.4043507295909894,-0.1080515534569015,-0.1099735680498275,0.0829449584264633,202510522.0,2025-10-05T13:00:00,1,2025,5,NYG,NO,AWAY,14.0,26.0,40.0,Caesars Superdome,7.0,7.0,0.0,0.0,0.0,35.0,28.0,31:50,20.0,11.0,6.0,3.0,69.0,250.0,3.6,2.0,42.0,161.0,3.8,1.0,21.0,14.0,89.0,1.0,0.0,4.2,6.4,66.7,91.17,15.0,7.0,46.7,1.0,0.0,0.0,5.0,2.0,0.0,0.0,8.0,43.0,2.0,0.0,6.0,30.0,12.0,4.0,5.0,244.0,48.8,0.0,2.0,2.0,3.0,13.0,3.0,7.0,0.0,24.0,32.0,28:10,17.0,6.0,8.0,3.0,56.0,338.0,6.0,2.0,13.0,152.0,11.7,1.0,41.0,23.0,186.0,1.0,2.0,4.5,8.1,56.1,55.54,12.0,4.0,33.3,0.0,0.0,0.0,1.0,0.0,0.0,0.0,14.0,107.0,0.0,0.0,2.0,17.0,9.0,8.0,5.0,244.0,48.8,2.0,0.0,-2.0,40.0,0.0,0.0,0.0,1.0,1.0,0.0,0.0,0.0,1.0,1.0,2.0,2.0,1.0,1.0,0.0,0.0,0.0,1.0,1.0,1.0,1.0,32.0,12.0,2.0,17.0,7.0,0.0,0.0,44.0,41.0,6.0,30.0,2.0,1.0,0.0,Sunday,993005251.0,23,22,19121.0,-12.0,0,2.0,0.467,0.0,,-0.0261055920712715,0.4782608695652174,-0.044722525078002,-0.0957603129222213,-0.0666315156488017,0.4743589743589743,-0.278812066911029,0.4172283918315544,22.3,26.7,-4.3,345.6666666666667,374.0,0.0,0.332,0.25,73.0,101.0,1.0,0.0141649433036383,0.4633247187595013,0.046530695595458,-0.0876069705871287,0.050206539999603,0.4787755066659731,0.0499977120899606,0.185611714951447,-0.017680918939998,0.0557148944983639,-11.7,-20.3,-0.25,0.25,-49.33333333333337,642.0,-34.0,714.0,-7.0,139.0,20.0,222.0,-1.0,1.0,-0.1304805963690094,0.0550450610154447
202510514.0,2025-10-05T13:00:00,1,2025,5,IND,LV,HOME,40.0,6.0,46.0,Lucas Oil Stadium,0.0,20.0,20.0,0.0,0.0,28.0,16.0,26:35,17.0,4.0,11.0,2.0,56.0,333.0,5.9,2.0,21.0,85.0,4.0,1.0,33.0,24.0,248.0,1.0,2.0,7.5,10.3,72.7,78.85,12.0,4.0,33.3,1.0,1.0,100.0,3.0,2.0,0.0,0.0,11.0,88.0,2.0,1.0,2.0,14.0,9.0,4.0,4.0,209.0,52.2,3.0,1.0,-2.0,3.0,0.0,0.0,3.0,0.0,31.0,44.0,33:25,24.0,7.0,15.0,2.0,70.0,462.0,6.6,3.0,26.0,102.0,3.9,0.0,41.0,29.0,360.0,3.0,0.0,8.8,12.4,70.7,122.0,12.0,4.0,33.3,2.0,1.0,50.0,3.0,2.0,0.0,0.0,7.0,63.0,1.0,1.0,3.0,15.0,7.0,4.0,4.0,211.0,52.8,1.0,3.0,2.0,66.7,0.0,66.7,0.0,2.0,2.0,0.0,0.0,0.0,0.0,0.0,2.0,2.0,3.0,3.0,0.0,0.0,0.0,0.0,0.0,2.0,2.0,35.0,42.0,3.0,15.0,4.0,1.0,1.0,30.0,26.0,2.0,14.0,5.0,1.0,0.0,Sunday,993005250.0,14,25,19123.0,34.0,1,-2.0,0.333,0.0,,-0.0638913075834058,0.4683544303797468,-0.1722369912767034,-0.0744221715840005,0.0006222581809394,0.5280898876404494,0.2434565749759074,-0.4278615584283125,30.0,25.0,5.0,390.3333333333333,356.0,0.0,0.348,0.75,123.0,83.0,3.0,0.119214732659033,0.5342412884601854,0.2351001389462776,0.0290602790377895,0.0290355790549237,0.5173430938599477,0.1603108786615206,-0.1616112459292348,0.1522577065317385,-0.0179567268302346,202510514.0,2025-10-05T13:00:00,1,2025,5,LV,IND,AWAY,6.0,40.0,46.0,Lucas Oil Stadium,3.0,0.0,0.0,3.0,0.0,26.0,50.0,33:25,17.0,10.0,6.0,1.0,52.0,357.0,6.9,3.0,31.0,240.0,7.7,1.0,21.0,14.0,117.0,2.0,3.0,5.6,8.4,66.7,73.02,8.0,2.0,25.0,1.0,0.0,0.0,3.0,2.0,0.0,0.0,5.0,36.0,1.0,1.0,0.0,0.0,2.0,8.0,1.0,60.0,60.0,4.0,1.0,-3.0,0.0,20.0,20.0,0.0,0.0,33.0,10.0,26:35,16.0,5.0,10.0,1.0,64.0,271.0,4.2,2.0,26.0,69.0,2.7,1.0,37.0,22.0,202.0,1.0,1.0,5.5,9.2,59.5,72.13,16.0,7.0,43.8,1.0,1.0,100.0,4.0,1.0,0.0,0.0,8.0,60.0,2.0,0.0,1.0,10.0,1.0,5.0,3.0,148.0,49.3,1.0,4.0,3.0,66.7,0.0,25.0,0.0,3.0,3.0,0.0,0.0,0.0,0.0,0.0,2.0,1.0,1.0,1.0,0.0,2.0,0.0,0.0,0.0,4.0,4.0,37.0,24.0,1.0,10.0,6.0,1.0,0.0,35.0,22.0,0.0,0.0,4.0,1.0,1.0,Sunday,993005249.0,25,14,19126.0,-34.0,0,-3.0,0.25,0.0,,-0.1720169777619444,0.5454545454545454,-0.3401261333911041,-0.086242135380442,-0.0725722404842652,0.4534883720930232,-0.0290656790788203,-0.3292228904874707,19.0,28.7,-9.7,309.6666666666667,329.3333333333333,-1.333,0.321,0.25,77.0,99.0,1.0,-0.147866855521783,0.4362995218123046,-0.1370493800505199,-0.2063641801721281,0.0203776793832207,0.4881302092440402,0.262463122485143,-0.3044033799597736,-0.0904785556345378,0.0029155294884608,14.7,-4.699999999999999,0.5,1.0,80.66666666666663,700.0,26.666666666666686,685.3333333333333,46.0,200.0,-16.0,182.0,2.0,4.0,0.267081588180816,0.008657899671702999
202510526.0,2025-10-05T13:00:00,1,2025,5,PHI,DEN,HOME,17.0,21.0,38.0,Lincoln Financial Field,3.0,7.0,7.0,0.0,0.0,28.0,8.0,25:43,16.0,5.0,10.0,1.0,58.0,200.0,3.4,4.0,32.0,88.0,2.8,1.0,24.0,15.0,112.0,2.0,0.0,4.7,7.5,62.5,101.39,14.0,5.0,35.7,1.0,0.0,0.0,3.0,3.0,0.0,0.0,8.0,83.0,2.0,0.0,2.0,18.0,1.0,4.0,7.0,363.0,51.9,0.0,2.0,2.0,3.0,0.0,0.0,18.0,0.0,31.0,52.0,34:17,18.0,5.0,7.0,6.0,68.0,376.0,5.5,2.0,26.0,104.0,4.0,0.0,40.0,22.0,272.0,2.0,1.0,6.8,12.4,55.0,82.5,13.0,3.0,23.1,3.0,1.0,33.3,2.0,0.0,0.0,0.0,5.0,40.0,2.0,1.0,2.0,17.0,3.0,11.0,3.0,110.0,36.7,2.0,0.0,-2.0,100.0,0.0,0.0,0.0,4.0,4.0,0.0,0.0,0.0,0.0,0.0,1.0,1.0,2.0,2.0,0.0,0.0,0.0,0.0,0.0,3.0,3.0,43.0,20.0,2.0,17.0,13.0,2.0,1.0,41.0,12.0,2.0,18.0,5.0,1.0,0.0,Sunday,993005254.0,26,10,19122.0,-4.0,0,2.0,0.357,0.0,,-0.0512685371743158,0.4615384615384615,0.0725391243749688,-0.2420050495962983,-0.1478764532766824,0.3977272727272727,-0.025308995620676,-0.2840709473425522,28.0,22.7,5.3,234.66666666666663,342.0,1.0,0.357,1.0,108.0,88.0,4.0,-0.0231702087175562,0.4292265999583073,-0.0541117221136416,0.0053579939888319,-0.0966228318349661,0.4626836432391988,-0.0047252182841919,-0.2146094827759042,0.0253968984689581,-0.0377609949922424,202510526.0,2025-10-05T13:00:00,1,2025,5,DEN,PHI,AWAY,21.0,17.0,38.0,Lincoln Financial Field,3.0,0.0,0.0,18.0,0.0,37.0,58.0,34:17,29.0,11.0,17.0,1.0,80.0,512.0,6.4,4.0,38.0,186.0,4.9,2.0,42.0,29.0,326.0,2.0,1.0,7.8,11.2,69.0,97.92,14.0,8.0,57.1,1.0,0.0,0.0,4.0,3.0,0.0,0.0,7.0,72.0,0.0,0.0,0.0,0.0,6.0,2.0,4.0,199.0,49.8,1.0,0.0,-1.0,3.0,7.0,7.0,0.0,0.0,22.0,2.0,25:43,9.0,3.0,3.0,3.0,43.0,159.0,3.7,0.0,15.0,53.0,3.5,0.0,25.0,14.0,106.0,0.0,0.0,4.2,7.6,56.0,66.42,11.0,2.0,18.2,0.0,0.0,0.0,1.0,0.0,0.0,0.0,11.0,65.0,0.0,0.0,3.0,19.0,1.0,1.0,8.0,403.0,50.4,0.0,1.0,1.0,75.0,0.0,0.0,0.0,4.0,4.0,0.0,0.0,0.0,0.0,0.0,0.0,0.0,0.0,0.0,0.0,0.0,0.0,0.0,0.0,1.0,1.0,22.0,20.0,3.0,19.0,2.0,0.0,0.0,41.0,39.0,0.0,0.0,2.0,0.0,0.0,Sunday,993005252.0,10,26,19129.0,4.0,1,-1.0,0.571,0.0,,0.1716648067807337,0.5053763440860215,0.3532033058700934,0.0157822235470281,-0.1551573992345605,0.3823529411764705,-0.29358807373205,0.0242797159465096,25.3,18.3,7.0,367.0,336.0,0.0,0.39,0.5,96.0,67.0,2.0,0.0805640874188991,0.4569611968209443,0.2131261285453587,-0.0521389210271911,-0.0202163930471083,0.4460910131265986,0.0047768433322171,-0.0306371027572695,0.0330385389947974,-0.0698382699435394,-1.7000000000000002,12.3,0.5,1.5,-132.33333333333337,601.6666666666666,6.0,678.0,12.0,204.0,21.0,155.0,2.0,6.0,-0.1037342961364553,-0.0764064387878578
202510524.0,2025-10-05T13:00:00,1,2025,5,NYJ,DAL,HOME,22.0,37.0,59.0,MetLife Stadium,3.0,0.0,3.0,16.0,0.0,29.0,12.0,34:36,23.0,9.0,12.0,2.0,57.0,404.0,7.1,2.0,28.0,197.0,7.0,1.0,27.0,20.0,207.0,1.0,0.0,7.7,10.4,74.1,108.1,9.0,4.0,44.4,2.0,1.0,50.0,2.0,0.0,0.0,0.0,13.0,101.0,3.0,3.0,2.0,19.0,0.0,2.0,2.0,84.0,42.0,3.0,0.0,-3.0,3.0,20.0,7.0,7.0,0.0,30.0,48.0,25:24,19.0,5.0,12.0,2.0,56.0,300.0,5.4,3.0,31.0,123.0,4.0,1.0,25.0,17.0,177.0,2.0,0.0,7.1,10.4,68.0,114.92,12.0,4.0,33.3,1.0,1.0,100.0,4.0,3.0,0.0,0.0,6.0,40.0,2.0,0.0,0.0,0.0,3.0,5.0,4.0,192.0,48.0,0.0,3.0,3.0,0.0,0.0,75.0,0.0,1.0,1.0,0.0,0.0,0.0,1.0,1.0,2.0,2.0,3.0,3.0,0.0,0.0,0.0,0.0,0.0,2.0,2.0,30.0,31.0,0.0,0.0,3.0,1.0,0.0,38.0,18.0,2.0,19.0,3.0,2.0,3.0,Sunday,993005260.0,24,9,19128.0,-15.0,0,-3.0,0.444,0.0,,0.0746258144743559,0.575,0.2558756725970953,-0.1563037091609212,0.1759362164839176,0.4794520547945205,0.4293375572933547,-0.1830476578580366,19.3,28.7,-9.3,275.0,350.0,-2.0,0.239,0.0,90.0,120.0,0.0,-0.0547323114584785,0.5009191176470588,-0.0284506291038397,-0.2724567888308032,0.1006814874082079,0.4445810777914956,0.3481173215653363,-0.1410318098994281,-0.0015865442464352,0.1276684256463546,202510524.0,2025-10-05T13:00:00,1,2025,5,DAL,NYJ,AWAY,37.0,22.0,59.0,MetLife Stadium,3.0,20.0,7.0,7.0,0.0,34.0,27.0,25:24,26.0,8.0,17.0,1.0,67.0,436.0,6.5,5.0,26.0,117.0,4.5,2.0,40.0,31.0,319.0,3.0,0.0,8.0,10.3,77.5,124.9,11.0,4.0,36.4,1.0,1.0,100.0,5.0,4.0,0.0,0.0,11.0,95.0,0.0,0.0,1.0,0.0,4.0,5.0,4.0,190.0,47.5,0.0,1.0,1.0,3.0,0.0,3.0,16.0,0.0,35.0,33.0,34:36,32.0,11.0,16.0,5.0,79.0,489.0,6.2,5.0,35.0,164.0,4.7,2.0,43.0,31.0,325.0,3.0,0.0,7.6,10.5,72.1,116.91,14.0,10.0,71.4,1.0,1.0,100.0,6.0,5.0,0.0,0.0,7.0,53.0,1.0,1.0,1.0,12.0,4.0,1.0,2.0,83.0,41.5,1.0,0.0,-1.0,80.0,0.0,83.3,0.0,5.0,5.0,0.0,0.0,0.0,0.0,0.0,1.0,1.0,5.0,4.0,1.0,0.0,0.0,0.0,0.0,2.0,2.0,49.0,29.0,1.0,12.0,1.0,1.0,1.0,35.0,33.0,1.0,0.0,4.0,0.0,0.0,Sunday,993005259.0,9,24,19127.0,15.0,1,1.0,0.364,0.0,,0.2310242143183795,0.5280898876404494,0.5140425792897079,0.0579579237124158,0.2440639852374451,0.5238095238095238,0.5416845955361371,0.0768219894289359,31.3,36.0,-4.7,436.6666666666667,460.0,-1.0,0.355,0.25,114.0,132.0,1.0,0.1203726283064267,0.5007426062249775,0.2427675631165897,0.015539720028857,0.2112088311791959,0.4995189995189995,0.4934798420303296,-0.0533798400751498,0.1249856001138023,0.2011811783915223,-4.6000000000000005,-14.0,-0.25,0.25,-161.66666666666669,711.6666666666667,-110.0,810.0,-24.0,204.0,-12.0,252.0,-1.0,1.0,-0.1751049397649052,-0.110527343770988
202510530.0,2025-10-05T16:05:00,1,2025,5,SEA,TB,HOME,35.0,38.0,73.0,Lumen Field,0.0,7.0,14.0,14.0,0.0,32.0,24.0,26:48,20.0,6.0,11.0,3.0,64.0,384.0,6.0,2.0,35.0,155.0,4.4,1.0,26.0,18.0,229.0,1.0,0.0,8.8,12.7,69.2,109.29,13.0,6.0,46.2,1.0,0.0,0.0,3.0,2.0,0.0,0.0,6.0,74.0,2.0,1.0,3.0,13.0,7.0,5.0,3.0,147.0,49.0,1.0,2.0,1.0,3.0,10.0,15.0,10.0,0.0,27.0,36.0,33:12,18.0,2.0,13.0,3.0,64.0,253.0,4.0,2.0,17.0,89.0,5.2,0.0,41.0,27.0,164.0,2.0,2.0,4.0,6.1,65.9,69.56,15.0,6.0,40.0,1.0,1.0,100.0,3.0,2.0,0.0,0.0,7.0,46.0,0.0,0.0,6.0,36.0,3.0,9.0,4.0,202.0,50.5,2.0,1.0,-1.0,66.7,0.0,66.7,0.0,2.0,2.0,0.0,0.0,0.0,0.0,0.0,4.0,3.0,2.0,2.0,0.0,0.0,0.0,0.0,0.0,2.0,2.0,40.0,23.0,6.0,36.0,8.0,0.0,0.0,36.0,41.0,3.0,13.0,2.0,2.0,1.0,Sunday,993005264.0,30,33,19115.0,-3.0,0,1.0,0.462,0.0,,0.0606251760357611,0.4634146341463415,0.4652200925071323,-0.2311713078553028,-0.0059085670676209,0.4578313253012048,-0.0254979053567227,-0.2045542395879657,32.7,16.7,16.0,366.3333333333333,268.0,0.333,0.408,0.75,111.0,67.0,3.0,0.0843342154025782,0.4808039747064137,0.4301632288209049,-0.1485762922790429,-0.151953168186087,0.4184690276256541,-0.069097231366849,-0.2257712214667862,0.0427065980921331,-0.1110436762308415,202510530.0,2025-10-05T16:05:00,1,2025,5,TB,SEA,AWAY,38.0,35.0,73.0,Lumen Field,3.0,10.0,15.0,10.0,0.0,31.0,52.0,33:12,18.0,5.0,7.0,6.0,68.0,376.0,5.5,2.0,26.0,104.0,4.0,0.0,40.0,22.0,272.0,2.0,1.0,6.8,12.4,55.0,82.5,13.0,3.0,23.1,3.0,1.0,33.3,2.0,0.0,0.0,0.0,5.0,40.0,2.0,1.0,2.0,17.0,3.0,11.0,3.0,110.0,36.7,2.0,0.0,-2.0,0.0,7.0,14.0,14.0,0.0,28.0,8.0,26:48,16.0,5.0,10.0,1.0,58.0,200.0,3.4,4.0,32.0,88.0,2.8,1.0,24.0,15.0,112.0,2.0,0.0,4.7,7.5,62.5,101.39,14.0,5.0,35.7,1.0,0.0,0.0,3.0,3.0,0.0,0.0,8.0,83.0,2.0,0.0,2.0,18.0,1.0,4.0,7.0,363.0,51.9,0.0,2.0,2.0,0.0,0.0,100.0,0.0,2.0,2.0,0.0,0.0,0.0,0.0,0.0,3.0,3.0,4.0,4.0,0.0,0.0,0.0,0.0,0.0,1.0,1.0,41.0,12.0,2.0,18.0,5.0,1.0,0.0,43.0,20.0,2.0,17.0,13.0,2.0,1.0,Sunday,993005263.0,33,30,19122.0,3.0,1,-2.0,0.231,0.0,,-0.1478764532766824,0.3977272727272727,-0.025308995620676,-0.2840709473425522,-0.0512685371743158,0.4615384615384615,0.0725391243749688,-0.2420050495962983,24.7,25.7,-1.0,361.0,244.33333333333337,0.0,0.322,0.75,97.0,97.0,3.0,-0.0650331234813547,0.4356027371765472,0.1386169618193496,-0.1535995754980232,-0.040027302972233,0.4645501075587864,-0.0164007444471087,-0.2344087110003059,-0.0297528530915662,-0.0273000707207007,17.0,15.0,0.0,1.5,5.333333333333314,727.3333333333333,23.66666666666663,512.3333333333334,14.0,208.0,-30.0,164.0,0.0,6.0,0.1493673388839329,-0.111925865213854
202510501.0,2025-10-05T16:05:00,1,2025,5,ARI,TEN,HOME,21.0,22.0,43.0,State Farm Stadium,14.0,7.0,0.0,0.0,0.0,27.0,36.0,32:40,18.0,2.0,13.0,3.0,64.0,253.0,4.0,2.0,17.0,89.0,5.2,0.0,41.0,27.0,164.0,2.0,2.0,4.0,6.1,65.9,69.56,15.0,6.0,40.0,1.0,1.0,100.0,3.0,2.0,0.0,0.0,7.0,46.0,0.0,0.0,6.0,36.0,3.0,9.0,4.0,202.0,50.5,2.0,1.0,-1.0,3.0,3.0,0.0,16.0,0.0,32.0,24.0,27:20,20.0,6.0,11.0,3.0,64.0,384.0,6.0,2.0,35.0,155.0,4.4,1.0,26.0,18.0,229.0,1.0,0.0,8.8,12.7,69.2,109.29,13.0,6.0,46.2,1.0,0.0,0.0,3.0,2.0,0.0,0.0,6.0,74.0,2.0,1.0,3.0,13.0,7.0,5.0,3.0,147.0,49.0,1.0,2.0,1.0,66.7,0.0,66.7,0.0,2.0,2.0,0.0,0.0,0.0,0.0,0.0,2.0,2.0,2.0,2.0,0.0,0.0,0.0,0.0,0.0,4.0,3.0,36.0,41.0,3.0,13.0,2.0,2.0,1.0,40.0,23.0,6.0,36.0,8.0,0.0,0.0,Sunday,993005262.0,1,34,19115.0,-1.0,0,-1.0,0.4,0.0,,-0.0059085670676209,0.4578313253012048,-0.0254979053567227,-0.2045542395879657,0.0606251760357611,0.4634146341463415,0.4652200925071323,-0.2311713078553028,20.7,20.3,0.3,268.6666666666667,363.6666666666667,0.333,0.356,0.5,82.0,74.0,2.0,0.0109103481013313,0.4500569566048875,0.1239354504306503,-0.1733094149698921,0.0107650326571342,0.4921338823777847,0.1863244157138432,-0.2374040160593797,0.012189018741176,-0.0146630537579484,202510501.0,2025-10-05T16:05:00,1,2025,5,TEN,ARI,AWAY,22.0,21.0,43.0,State Farm Stadium,3.0,3.0,0.0,16.0,0.0,21.0,39.0,27:20,10.0,3.0,5.0,2.0,46.0,175.0,3.8,0.0,18.0,82.0,4.6,0.0,26.0,10.0,93.0,0.0,1.0,3.6,9.3,38.5,33.01,11.0,2.0,18.2,1.0,0.0,0.0,0.0,0.0,0.0,0.0,4.0,35.0,0.0,0.0,2.0,15.0,5.0,6.0,5.0,213.0,42.6,1.0,0.0,-1.0,14.0,7.0,0.0,0.0,0.0,38.0,21.0,32:40,20.0,10.0,9.0,1.0,65.0,353.0,5.4,3.0,35.0,129.0,3.7,1.0,28.0,22.0,224.0,2.0,0.0,8.0,10.2,78.6,123.81,15.0,6.0,40.0,3.0,3.0,100.0,2.0,2.0,0.0,0.0,6.0,50.0,0.0,0.0,2.0,9.0,7.0,6.0,3.0,132.0,44.0,0.0,1.0,1.0,0.0,0.0,100.0,0.0,0.0,0.0,0.0,0.0,0.0,0.0,0.0,2.0,0.0,2.0,2.0,0.0,2.0,0.0,0.0,0.0,3.0,2.0,45.0,32.0,2.0,9.0,1.0,0.0,0.0,21.0,19.0,2.0,15.0,7.0,0.0,0.0,Sunday,993005261.0,34,1,19119.0,1.0,1,-1.0,0.182,0.0,,-0.4041592665644924,0.3492063492063492,-0.4615830317002118,-0.0719957864003402,0.0694752848868719,0.4146341463414634,0.2170485433143579,-0.0290387122412708,13.0,33.3,-20.3,236.33333333333337,385.6666666666667,-0.667,0.313,0.0,51.0,120.0,0.0,-0.1694356154296588,0.4307960557960558,-0.2667479964321816,-0.0323858092175473,0.1789939006867918,0.5153029915997968,0.3613985166443663,0.2177692158557478,-0.1817526867304522,0.1068608989457169,20.6,-20.0,0.5,0.5,32.333333333333314,505.00000000000006,-22.0,749.3333333333334,31.0,133.0,-46.0,194.0,2.0,2.0,0.18034596353099008,-0.1682288680296576
202510507.0,2025-10-05T16:25:00,1,2025,5,CIN,DET,HOME,24.0,37.0,61.0,Paycor Stadium,0.0,3.0,0.0,21.0,0.0,22.0,2.0,25:39,9.0,3.0,3.0,3.0,43.0,159.0,3.7,0.0,15.0,53.0,3.5,0.0,25.0,14.0,106.0,0.0,0.0,4.2,7.6,56.0,66.42,11.0,2.0,18.2,0.0,0.0,0.0,1.0,0.0,0.0,0.0,11.0,65.0,0.0,0.0,3.0,19.0,1.0,1.0,8.0,403.0,50.4,0.0,1.0,1.0,7.0,7.0,14.0,9.0,0.0,37.0,58.0,34:21,29.0,11.0,17.0,1.0,80.0,512.0,6.4,4.0,38.0,186.0,4.9,2.0,42.0,29.0,326.0,2.0,1.0,7.8,11.2,69.0,97.92,14.0,8.0,57.1,1.0,0.0,0.0,4.0,3.0,0.0,0.0,7.0,72.0,0.0,0.0,0.0,0.0,6.0,2.0,4.0,199.0,49.8,1.0,0.0,-1.0,0.0,0.0,75.0,0.0,0.0,0.0,0.0,0.0,0.0,0.0,0.0,1.0,1.0,4.0,4.0,0.0,0.0,0.0,0.0,0.0,0.0,0.0,41.0,39.0,0.0,0.0,2.0,0.0,0.0,22.0,20.0,3.0,19.0,2.0,0.0,0.0,Sunday,993005266.0,7,11,19129.0,-13.0,0,1.0,0.182,0.0,,-0.1551573992345605,0.3823529411764705,-0.29358807373205,0.0242797159465096,0.1716648067807337,0.5053763440860215,0.3532033058700934,0.0157822235470281,14.7,34.3,-19.7,226.66666666666663,421.3333333333333,-1.667,0.294,0.5,61.0,119.0,2.0,-0.1953167166855784,0.4112528545554768,-0.4171767888439924,-0.061077344089505,0.0966625808314625,0.5057654366763255,0.1780518753472189,0.0667886310362253,-0.1631125104850571,0.0504715865887076,202510507.0,2025-10-05T16:25:00,1,2025,5,DET,CIN,AWAY,37.0,24.0,61.0,Paycor Stadium,7.0,7.0,14.0,9.0,0.0,28.0,16.0,34:21,16.0,6.0,8.0,2.0,56.0,277.0,4.9,4.0,29.0,109.0,3.8,1.0,27.0,16.0,168.0,2.0,1.0,6.2,10.5,59.3,86.65,14.0,6.0,42.9,1.0,0.0,0.0,3.0,3.0,0.0,0.0,6.0,35.0,0.0,0.0,0.0,0.0,9.0,4.0,5.0,221.0,44.2,1.0,3.0,2.0,0.0,3.0,0.0,21.0,0.0,31.0,44.0,25:39,16.0,7.0,8.0,1.0,65.0,249.0,3.8,1.0,27.0,79.0,2.9,1.0,35.0,16.0,170.0,0.0,2.0,4.9,10.6,45.7,36.61,14.0,3.0,21.4,1.0,1.0,100.0,2.0,1.0,0.0,0.0,6.0,44.0,2.0,1.0,3.0,14.0,5.0,4.0,7.0,314.0,44.9,3.0,1.0,-2.0,100.0,0.0,50.0,0.0,4.0,4.0,0.0,0.0,0.0,0.0,0.0,2.0,2.0,1.0,1.0,0.0,0.0,0.0,0.0,0.0,2.0,1.0,35.0,25.0,3.0,14.0,10.0,1.0,1.0,27.0,27.0,0.0,0.0,1.0,0.0,0.0,Sunday,993005265.0,11,7,19118.0,13.0,1,2.0,0.429,0.0,,-0.0833274719162131,0.430379746835443,-0.0525059183502797,-0.2462958623249765,-0.3820344020803852,0.3023255813953488,-0.5051452847337192,-0.0797857570936545,41.3,20.3,21.0,404.6666666666667,302.0,1.667,0.443,0.75,137.0,88.0,3.0,0.1691622943773734,0.531610524692656,0.4070356041921406,0.006389062711623,-0.1154561027263278,0.4211187932118164,-0.0769184772968532,-0.3134380392999198,0.1133891331704172,-0.0403953062565955,-40.7,1.3000000000000007,-0.25,1.25,-178.00000000000006,631.3333333333333,119.33333333333331,723.3333333333333,-76.0,198.0,31.0,207.0,-1.0,5.0,-0.3644790110629518,0.2121186835577903
202510529.0,2025-10-05T16:25:00,1,2025,5,LAC,WAS,HOME,10.0,27.0,37.0,SoFi Stadium,10.0,0.0,0.0,0.0,0.0,24.0,32.0,34:19,17.0,6.0,8.0,3.0,56.0,338.0,6.0,2.0,13.0,152.0,11.7,1.0,41.0,23.0,186.0,1.0,2.0,4.5,8.1,56.1,55.54,12.0,4.0,33.3,0.0,0.0,0.0,1.0,0.0,0.0,0.0,14.0,107.0,0.0,0.0,2.0,17.0,9.0,8.0,5.0,244.0,48.8,2.0,0.0,-2.0,0.0,10.0,10.0,7.0,0.0,35.0,28.0,25:41,20.0,11.0,6.0,3.0,69.0,250.0,3.6,2.0,42.0,161.0,3.8,1.0,21.0,14.0,89.0,1.0,0.0,4.2,6.4,66.7,91.17,15.0,7.0,46.7,1.0,0.0,0.0,5.0,2.0,0.0,0.0,8.0,43.0,2.0,0.0,6.0,30.0,12.0,4.0,5.0,244.0,48.8,0.0,2.0,2.0,0.0,0.0,40.0,0.0,1.0,1.0,0.0,0.0,0.0,1.0,1.0,1.0,1.0,1.0,1.0,0.0,0.0,0.0,1.0,1.0,2.0,2.0,44.0,41.0,6.0,30.0,2.0,1.0,0.0,32.0,12.0,2.0,17.0,7.0,0.0,0.0,Sunday,993005268.0,29,35,19121.0,-17.0,0,-2.0,0.333,0.0,,-0.0666315156488017,0.4743589743589743,-0.278812066911029,0.4172283918315544,-0.0261055920712715,0.4782608695652174,-0.044722525078002,-0.0957603129222213,20.3,16.7,3.7,343.6666666666667,244.33333333333337,-0.667,0.389,0.75,88.0,71.0,3.0,-0.071838164966191,0.4576573372689876,0.0290259758685009,-0.0758042835179886,-0.1242017708128126,0.3876517026039825,-0.1887906005148015,-0.1347456329314535,-0.0004502035931174,-0.0603380364002857,202510529.0,2025-10-05T16:25:00,1,2025,5,WAS,LAC,AWAY,27.0,10.0,37.0,SoFi Stadium,0.0,10.0,10.0,7.0,0.0,25.0,45.0,25:41,17.0,7.0,8.0,2.0,51.0,294.0,5.8,2.0,22.0,147.0,6.7,0.0,27.0,16.0,147.0,2.0,1.0,5.4,9.2,59.3,83.41,8.0,1.0,12.5,2.0,2.0,100.0,1.0,1.0,0.0,0.0,6.0,50.0,4.0,0.0,2.0,9.0,2.0,7.0,2.0,89.0,44.5,1.0,1.0,0.0,10.0,0.0,0.0,0.0,0.0,34.0,15.0,34:19,24.0,9.0,14.0,1.0,64.0,435.0,6.8,4.0,37.0,128.0,3.5,2.0,26.0,20.0,307.0,2.0,1.0,11.8,15.4,76.9,125.0,12.0,6.0,50.0,1.0,1.0,100.0,6.0,4.0,0.0,0.0,5.0,45.0,2.0,0.0,1.0,6.0,6.0,4.0,2.0,92.0,46.0,1.0,1.0,0.0,100.0,0.0,66.7,0.0,1.0,1.0,0.0,2.0,1.0,0.0,0.0,4.0,4.0,4.0,4.0,0.0,0.0,0.0,0.0,0.0,2.0,2.0,34.0,40.0,1.0,6.0,1.0,1.0,0.0,30.0,26.0,2.0,9.0,3.0,2.0,0.0,Sunday,993005267.0,35,29,19116.0,17.0,1,0.0,0.125,0.0,,0.1680928117305812,0.5405405405405406,0.1866315746055142,0.0653710442074086,0.2091764837060362,0.5421686746987951,0.6952851087395392,-0.0886446929659744,28.7,28.3,0.3,308.0,397.6666666666667,-0.333,0.312,0.5,107.0,91.0,2.0,0.1067712167129815,0.5072915632891153,0.1752899821726309,0.0131494698909566,0.0781157986601566,0.4779588944011338,0.4190388067740426,-0.1571490578894236,0.0981384020333978,0.0302822225773907,3.4000000000000004,4.0,0.25,1.25,35.666666666666686,651.6666666666667,-153.33333333333331,642.0,-19.0,195.0,-20.0,162.0,1.0,5.0,-0.1786093816791725,-0.2023175694729692
202510504.0,2025-10-05T20:20:00,1,2025,5,BUF,NE,HOME,20.0,23.0,43.0,Highmark Stadium,0.0,3.0,7.0,10.0,0.0,31.0,21.0,34:31,20.0,9.0,10.0,1.0,57.0,356.0,6.2,4.0,32.0,165.0,5.2,2.0,22.0,16.0,191.0,2.0,1.0,8.7,11.9,72.7,110.23,10.0,3.0,30.0,1.0,0.0,0.0,3.0,2.0,0.0,0.0,11.0,55.0,0.0,0.0,3.0,18.0,4.0,5.0,2.0,83.0,41.5,1.0,1.0,0.0,3.0,3.0,7.0,10.0,0.0,28.0,39.0,25:29,22.0,14.0,7.0,1.0,65.0,298.0,4.6,2.0,34.0,189.0,5.6,1.0,28.0,18.0,109.0,1.0,1.0,3.9,6.1,64.3,68.9,13.0,5.0,38.5,2.0,0.0,0.0,4.0,2.0,0.0,0.0,4.0,41.0,1.0,0.0,3.0,17.0,7.0,5.0,3.0,142.0,47.3,1.0,1.0,0.0,66.7,0.0,50.0,0.0,4.0,4.0,0.0,0.0,0.0,0.0,0.0,1.0,1.0,1.0,1.0,0.0,1.0,0.0,0.0,0.0,2.0,2.0,45.0,15.0,3.0,17.0,2.0,1.0,0.0,41.0,13.0,3.0,18.0,4.0,0.0,0.0,Sunday,993005270.0,4,21,19117.0,-3.0,0,0.0,0.3,0.0,,0.1240790922130508,0.4736842105263157,0.2508259843222716,0.0686669659787892,-0.027740165248898,0.4875,-0.1960726231810928,0.0370264983039678,30.7,16.7,14.0,373.0,242.66666666666663,0.667,0.401,1.0,133.0,90.0,4.0,0.1747010432404523,0.4916329694567423,0.2991494790368919,0.1218471553102034,-0.043252576132774,0.4542361111111111,-0.1554133002055849,-0.071514285496693,0.1819659129858667,0.0526337915748573,202510504.0,2025-10-05T20:20:00,1,2025,5,NE,BUF,AWAY,23.0,20.0,43.0,Highmark Stadium,3.0,3.0,7.0,10.0,0.0,24.0,46.0,25:29,16.0,7.0,8.0,1.0,48.0,307.0,6.4,6.0,29.0,104.0,3.6,3.0,18.0,14.0,203.0,2.0,0.0,11.3,14.5,77.8,150.69,9.0,3.0,33.3,1.0,1.0,100.0,4.0,4.0,0.0,0.0,7.0,54.0,0.0,0.0,1.0,0.0,4.0,5.0,4.0,205.0,51.2,0.0,0.0,0.0,0.0,3.0,7.0,10.0,0.0,35.0,14.0,34:31,21.0,8.0,11.0,2.0,65.0,326.0,5.0,2.0,28.0,129.0,4.6,0.0,36.0,23.0,197.0,2.0,0.0,5.5,8.6,63.9,96.64,14.0,5.0,35.7,3.0,1.0,33.3,2.0,2.0,0.0,0.0,5.0,29.0,1.0,0.0,1.0,11.0,1.0,1.0,5.0,231.0,46.2,0.0,0.0,0.0,100.0,0.0,100.0,0.0,6.0,6.0,0.0,0.0,0.0,0.0,0.0,0.0,0.0,2.0,1.0,0.0,0.0,0.0,0.0,0.0,1.0,0.0,37.0,26.0,1.0,11.0,2.0,1.0,0.0,21.0,31.0,1.0,0.0,2.0,0.0,0.0,Sunday,993005269.0,21,4,19120.0,3.0,1,0.0,0.333,0.0,,0.2501910423578363,0.4307692307692308,0.7873112049786394,-0.0773985518772742,-0.1789418814048696,0.4712643678160919,0.0493319048621388,-0.14705433384058,29.7,20.3,9.3,336.3333333333333,295.6666666666667,-1.0,0.459,0.5,102.0,81.0,2.0,0.1176044721848273,0.4618370919575738,0.5173945511193375,-0.2893348391135326,-0.0229510569136548,0.4850636296853486,0.133168477045838,-0.1108145333445073,0.0758356240896658,0.0032082933215582,4.699999999999999,23.3,0.5,1.5,36.666666666666686,709.3333333333333,-53.00000000000006,538.3333333333333,31.0,235.0,9.0,171.0,2.0,6.0,0.057096571055625,-0.020301519219119202
202510515.0,2025-10-06T20:15:00,1,2025,5,JAX,KC,HOME,31.0,28.0,59.0,EverBank Stadium,0.0,7.0,14.0,10.0,0.0,32.0,31.0,28:01,18.0,8.0,8.0,2.0,63.0,325.0,5.2,3.0,32.0,151.0,4.7,1.0,31.0,21.0,174.0,1.0,0.0,5.6,8.3,67.7,92.67,14.0,4.0,28.6,1.0,1.0,100.0,2.0,1.0,0.0,0.0,12.0,90.0,1.0,0.0,0.0,0.0,3.0,3.0,5.0,237.0,47.4,0.0,4.0,4.0,7.0,7.0,0.0,14.0,0.0,27.0,29.0,31:59,22.0,3.0,17.0,2.0,63.0,389.0,6.2,2.0,24.0,83.0,3.5,0.0,38.0,22.0,306.0,2.0,2.0,8.1,13.9,57.9,79.5,13.0,8.0,61.5,1.0,0.0,0.0,3.0,1.0,0.0,0.0,5.0,54.0,3.0,2.0,1.0,3.0,0.0,6.0,2.0,91.0,45.5,4.0,0.0,-4.0,50.0,0.0,33.3,0.0,2.0,2.0,0.0,2.0,0.0,0.0,0.0,3.0,2.0,1.0,1.0,0.0,2.0,1.0,0.0,0.0,2.0,2.0,31.0,32.0,1.0,3.0,4.0,3.0,2.0,39.0,26.0,0.0,0.0,2.0,1.0,0.0,Monday,993005272.0,15,16,19124.0,3.0,1,4.0,0.286,0.0,,-0.0290397786254402,0.4545454545454545,0.2209694952976284,-0.0981236696650739,-0.112518378420315,0.4683544303797468,0.0021391407203777,-0.1589570569390755,23.3,20.7,2.7,338.6666666666667,336.6666666666667,2.333,0.338,0.75,96.0,72.0,3.0,-0.0254523616856486,0.4450975269940787,0.0633179967184881,-0.06367678582432,-0.0840284780256306,0.4511717757104367,-0.054673943159388,-0.1262368414759491,0.0102931979061264,-0.0901182456058331,202510515.0,2025-10-06T20:15:00,1,2025,5,KC,JAX,AWAY,28.0,31.0,59.0,EverBank Stadium,7.0,7.0,0.0,14.0,0.0,34.0,45.0,31:59,24.0,8.0,15.0,1.0,70.0,382.0,5.5,4.0,32.0,118.0,3.7,0.0,37.0,25.0,264.0,4.0,0.0,7.1,10.6,67.6,124.16,15.0,5.0,33.3,4.0,4.0,100.0,6.0,4.0,0.0,0.0,5.0,40.0,0.0,0.0,1.0,6.0,8.0,3.0,1.0,37.0,37.0,0.0,2.0,2.0,0.0,7.0,14.0,10.0,0.0,25.0,15.0,28:01,18.0,7.0,10.0,1.0,53.0,360.0,6.8,2.0,17.0,166.0,9.8,1.0,33.0,23.0,194.0,1.0,1.0,5.9,8.4,69.7,82.13,10.0,3.0,30.0,4.0,1.0,25.0,2.0,1.0,0.0,0.0,6.0,56.0,1.0,1.0,3.0,5.0,3.0,2.0,1.0,50.0,50.0,2.0,0.0,-2.0,66.7,0.0,50.0,0.0,4.0,4.0,0.0,0.0,0.0,0.0,0.0,4.0,3.0,2.0,2.0,0.0,0.0,0.0,0.0,0.0,2.0,2.0,37.0,11.0,3.0,5.0,4.0,0.0,1.0,37.0,30.0,1.0,6.0,2.0,0.0,0.0,Monday,993005271.0,16,15,19125.0,-3.0,0,2.0,0.333,0.0,,0.1844871809128274,0.4712643678160919,0.3385510152839096,0.0129863725970998,-0.0428570985337274,0.4929577464788732,-0.2255224719749625,0.4076846438200356,25.3,16.3,9.0,327.3333333333333,285.6666666666667,1.0,0.4,0.5,97.0,76.0,2.0,0.0770467671973674,0.4671040208565563,0.190056909029468,-0.0920510598293996,-0.043446566496653,0.4506440351510773,-0.2274296412773443,0.2173709012581309,0.0905983671073493,0.020843495259036,-6.3,11.7,0.25,1.25,11.333333333333371,666.0,51.0,622.3333333333334,-1.0,193.0,-4.0,148.0,1.0,5.0,-0.102499128883016,-0.040581911528977596
202510623.0,2025-10-09T20:15:00,1,2025,6,NYG,PHI,HOME,34.0,17.0,51.0,MetLife Stadium,13.0,7.0,7.0,7.0,0.0,31.0,50.0,30:59,23.0,11.0,10.0,2.0,70.0,335.0,4.8,2.0,29.0,136.0,4.7,0.0,40.0,26.0,199.0,2.0,2.0,5.0,7.7,65.0,72.81,10.0,3.0,30.0,5.0,3.0,60.0,4.0,2.0,0.0,0.0,8.0,95.0,3.0,3.0,1.0,3.0,1.0,7.0,2.0,75.0,37.5,5.0,0.0,-5.0,10.0,7.0,0.0,0.0,0.0,28.0,10.0,29:01,18.0,5.0,10.0,3.0,62.0,332.0,5.4,2.0,30.0,88.0,2.9,0.0,32.0,22.0,244.0,1.0,0.0,7.6,11.1,68.8,101.56,15.0,7.0,46.7,1.0,1.0,100.0,3.0,0.0,0.0,0.0,7.0,43.0,0.0,0.0,0.0,0.0,5.0,2.0,2.0,83.0,41.5,0.0,5.0,5.0,50.0,0.0,0.0,0.0,2.0,2.0,0.0,0.0,0.0,0.0,0.0,0.0,0.0,2.0,2.0,0.0,0.0,0.0,0.0,0.0,6.0,4.0,40.0,19.0,0.0,0.0,3.0,0.0,0.0,41.0,25.0,1.0,3.0,7.0,2.0,3.0,Thursday,993005274.0,23,26,19134.0,17.0,1,-5.0,0.3,0.0,,-0.2104796095884201,0.4831460674157303,-0.2499871376858209,-0.3072910059854621,-0.043219339434457,0.4691358024691358,0.4089778490415843,-0.2388704775957775,14.7,22.0,-7.3,288.6666666666667,325.3333333333333,-1.667,0.289,0.2,87.0,127.0,1.0,-0.1181042904662039,0.4614946200192902,-0.1767247270949864,-0.1223405932872099,-0.0090879895109909,0.4713610040407425,0.1161438635057804,0.085303491129965,-0.0562406570696824,0.0359280477117997,202510623.0,2025-10-09T20:15:00,1,2025,6,PHI,NYG,AWAY,17.0,34.0,51.0,MetLife Stadium,10.0,7.0,0.0,0.0,0.0,25.0,43.0,29:01,16.0,2.0,11.0,3.0,55.0,302.0,5.5,2.0,11.0,45.0,4.1,0.0,38.0,23.0,257.0,2.0,0.0,6.8,11.2,60.5,98.25,11.0,2.0,18.2,0.0,0.0,0.0,2.0,1.0,0.0,0.0,9.0,55.0,0.0,0.0,6.0,23.0,8.0,5.0,7.0,359.0,51.3,0.0,0.0,0.0,13.0,7.0,7.0,7.0,0.0,34.0,17.0,30:59,23.0,8.0,12.0,3.0,70.0,358.0,5.1,2.0,29.0,130.0,4.5,1.0,39.0,24.0,228.0,1.0,0.0,5.8,9.5,61.5,86.27,16.0,5.0,31.2,0.0,0.0,0.0,3.0,2.0,0.0,0.0,12.0,121.0,0.0,0.0,2.0,14.0,8.0,5.0,7.0,328.0,46.9,0.0,0.0,0.0,50.0,0.0,66.7,0.0,2.0,2.0,0.0,0.0,0.0,0.0,0.0,1.0,1.0,1.0,1.0,0.0,2.0,1.0,0.0,0.0,2.0,2.0,40.0,28.0,2.0,14.0,2.0,0.0,0.0,29.0,16.0,6.0,23.0,9.0,0.0,0.0,Thursday,993005273.0,26,23,19136.0,-17.0,0,0.0,0.182,0.0,,-0.0046091481370427,0.4177215189873418,0.0516048223411441,-0.1346869834291283,0.0626411254453467,0.4842105263157895,0.1181180865267979,-0.071390279478302,27.0,24.0,3.0,263.3333333333333,363.3333333333333,0.667,0.299,0.8,125.0,109.0,4.0,-0.0347882810241333,0.4231679609882759,0.0368571964453844,-0.1090038407903121,-0.0637645347295136,0.4709339988579755,0.0301961760855044,-0.1161755388555324,0.0193956891477579,-0.0176805709047245,-10.3,-4.3,-0.6000000000000001,1.0,25.33333333333337,552.0,-38.0,688.6666666666666,-38.0,212.0,18.0,236.0,-3.0,5.0,-0.0833160094420706,0.0546765452185227
202510624.0,2025-10-12T09:30:00,1,2025,6,NYJ,DEN,HOME,11.0,13.0,24.0,Tottenham Hotspur Stadium,6.0,0.0,5.0,0.0,0.0,34.0,36.0,28:52,25.0,9.0,14.0,2.0,73.0,378.0,5.2,2.0,22.0,144.0,6.5,0.0,46.0,32.0,234.0,2.0,0.0,5.1,7.3,69.6,95.74,16.0,7.0,43.8,3.0,1.0,33.3,3.0,2.0,0.0,0.0,10.0,61.0,1.0,1.0,5.0,49.0,3.0,3.0,4.0,176.0,44.0,1.0,0.0,-1.0,10.0,0.0,0.0,3.0,0.0,25.0,24.0,31:08,22.0,9.0,12.0,1.0,59.0,416.0,7.1,5.0,29.0,180.0,6.2,1.0,29.0,18.0,236.0,4.0,0.0,8.1,13.1,62.1,127.3,13.0,6.0,46.2,0.0,0.0,0.0,4.0,3.0,0.0,0.0,11.0,91.0,0.0,0.0,1.0,1.0,14.0,6.0,5.0,228.0,45.6,0.0,1.0,1.0,66.7,0.0,75.0,0.0,0.0,0.0,0.0,4.0,2.0,0.0,0.0,2.0,2.0,5.0,4.0,0.0,0.0,0.0,0.0,0.0,1.0,1.0,32.0,17.0,1.0,1.0,4.0,0.0,0.0,38.0,35.0,5.0,49.0,3.0,1.0,1.0,Sunday,993005276.0,24,10,19135.0,-2.0,0,-1.0,0.438,0.0,,0.0254496630900135,0.5,0.0677144862947942,-0.1822860084480214,0.2611283721245896,0.4814814814814814,0.4061622803491834,0.2607546872398719,23.3,31.0,-7.7,349.6666666666667,354.3333333333333,-2.0,0.385,0.0,112.0,157.0,0.0,0.0103926019339657,0.5269607843137255,0.0895702150009376,-0.2289791455038988,0.1279448357546327,0.4515168525175325,0.3901052915688729,-0.1120433877314074,0.0038206972208545,0.1543604149420016,202510624.0,2025-10-12T09:30:00,1,2025,6,DEN,NYJ,AWAY,13.0,11.0,24.0,Tottenham Hotspur Stadium,10.0,0.0,0.0,3.0,0.0,34.0,17.0,31:08,23.0,8.0,12.0,3.0,70.0,358.0,5.1,2.0,29.0,130.0,4.5,1.0,39.0,24.0,228.0,1.0,0.0,5.8,9.5,61.5,86.27,16.0,5.0,31.2,0.0,0.0,0.0,3.0,2.0,0.0,0.0,12.0,121.0,0.0,0.0,2.0,14.0,8.0,5.0,7.0,328.0,46.9,0.0,0.0,0.0,6.0,0.0,5.0,0.0,0.0,25.0,43.0,28:52,16.0,2.0,11.0,3.0,55.0,302.0,5.5,2.0,11.0,45.0,4.1,0.0,38.0,23.0,257.0,2.0,0.0,6.8,11.2,60.5,98.25,11.0,2.0,18.2,0.0,0.0,0.0,2.0,1.0,0.0,0.0,9.0,55.0,0.0,0.0,6.0,23.0,8.0,5.0,7.0,359.0,51.3,0.0,0.0,0.0,66.7,0.0,50.0,0.0,1.0,1.0,0.0,2.0,1.0,0.0,0.0,2.0,2.0,2.0,2.0,0.0,0.0,0.0,0.0,0.0,1.0,1.0,29.0,16.0,6.0,23.0,9.0,0.0,0.0,40.0,28.0,2.0,14.0,2.0,0.0,0.0,Sunday,993005275.0,10,24,19136.0,2.0,1,0.0,0.312,0.0,,0.0626411254453467,0.4842105263157895,0.1181180865267979,-0.071390279478302,-0.0046091481370427,0.4177215189873418,0.0516048223411441,-0.1346869834291283,23.0,14.3,8.7,378.3333333333333,279.0,0.333,0.346,0.6,117.0,84.0,3.0,0.0460454111129587,0.436142483370652,0.1142710802595024,-0.055066129616672,-0.0735170115805951,0.4090863087277432,-0.0807855584170251,-0.0438925261503744,0.0389590562849073,-0.05679244558224,-16.4,0.9999999999999991,-0.6,0.6,-28.66666666666663,728.0,75.33333333333331,633.3333333333333,-5.0,229.0,73.0,241.0,-3.0,3.0,-0.035652809178993,0.20146184733522782
202510628.0,2025-10-12T13:00:00,1,2025,6,PIT,CLE,HOME,23.0,9.0,32.0,Acrisure Stadium,3.0,6.0,7.0,7.0,0.0,26.0,26.0,31:52,19.0,11.0,6.0,2.0,53.0,313.0,5.9,3.0,29.0,131.0,4.5,2.0,22.0,18.0,182.0,1.0,0.0,8.3,10.1,81.8,116.29,10.0,4.0,40.0,1.0,0.0,0.0,5.0,2.0,0.0,0.0,5.0,35.0,1.0,0.0,2.0,18.0,14.0,0.0,3.0,146.0,48.7,0.0,2.0,2.0,0.0,3.0,3.0,3.0,0.0,33.0,34.0,28:08,23.0,6.0,15.0,2.0,72.0,372.0,5.2,2.0,20.0,70.0,3.5,0.0,46.0,30.0,302.0,2.0,2.0,6.6,10.1,65.2,80.16,14.0,4.0,28.6,3.0,2.0,66.7,4.0,2.0,0.0,0.0,8.0,82.0,2.0,0.0,6.0,48.0,3.0,0.0,3.0,136.0,45.3,2.0,0.0,-2.0,40.0,0.0,50.0,0.0,3.0,3.0,0.0,0.0,0.0,0.0,0.0,2.0,1.0,1.0,1.0,0.0,2.0,1.0,0.0,0.0,2.0,2.0,42.0,24.0,6.0,48.0,8.0,2.0,0.0,31.0,28.0,2.0,18.0,0.0,1.0,0.0,Sunday,993005288.0,28,8,19047.0,14.0,1,2.0,0.4,0.0,,0.140713001168502,0.5882352941176471,0.2394406827681792,0.1595662673621868,0.0556900117704383,0.4725274725274725,0.0757345928444671,-0.0912810043260429,20.7,22.0,-1.3,261.0,378.6666666666667,2.0,0.393,0.75,96.0,98.0,3.0,-0.0107434637797502,0.4946522290508242,0.0827461225378912,-0.0349858265101914,0.0003211859742117,0.4765903603693788,0.0993799918253503,-0.2345448776837125,0.0440997122553859,0.0397035788280825,202510628.0,2025-10-12T13:00:00,1,2025,6,CLE,PIT,AWAY,9.0,23.0,32.0,Acrisure Stadium,0.0,3.0,3.0,3.0,0.0,30.0,29.0,28:08,17.0,8.0,9.0,0.0,67.0,322.0,4.8,2.0,32.0,140.0,4.4,0.0,33.0,19.0,182.0,2.0,0.0,5.5,9.6,57.6,93.24,15.0,3.0,20.0,3.0,3.0,100.0,3.0,2.0,0.0,0.0,10.0,78.0,0.0,0.0,2.0,8.0,3.0,6.0,8.0,360.0,45.0,0.0,2.0,2.0,3.0,6.0,7.0,7.0,0.0,29.0,31.0,31:52,20.0,4.0,14.0,2.0,61.0,349.0,5.7,3.0,23.0,97.0,4.2,1.0,35.0,26.0,252.0,2.0,0.0,7.2,9.7,74.3,113.04,9.0,3.0,33.3,0.0,0.0,0.0,2.0,2.0,0.0,0.0,7.0,50.0,2.0,2.0,3.0,16.0,3.0,5.0,5.0,286.0,57.2,2.0,0.0,-2.0,66.7,0.0,100.0,0.0,2.0,2.0,0.0,0.0,0.0,0.0,0.0,1.0,1.0,3.0,3.0,0.0,0.0,0.0,0.0,0.0,1.0,0.0,35.0,27.0,3.0,16.0,3.0,2.0,2.0,33.0,37.0,2.0,8.0,5.0,0.0,0.0,Sunday,993005287.0,8,28,19045.0,-14.0,0,2.0,0.2,0.0,,-0.0081321479333313,0.4157303370786517,-0.0745642582586618,-0.0164313136586262,0.0435270003079789,0.4683544303797468,0.2976772291517132,-0.4291213035834708,13.3,21.7,-8.3,264.0,285.3333333333333,0.0,0.241,0.2,73.0,123.0,1.0,-0.1609791889510889,0.3743730698710803,-0.2509464090390864,-0.0614379492516426,-0.0447597417202907,0.4321081795536576,0.0943741248012317,-0.2684078746467802,-0.1595867199926243,-0.0199747942129824,7.000000000000001,-9.600000000000001,0.55,0.95,-3.0,525.0,93.33333333333337,664.0,23.0,169.0,-25.0,221.0,2.0,4.0,0.1502357251713387,0.0450809276945024
202510605.0,2025-10-12T13:00:00,1,2025,6,CAR,DAL,HOME,30.0,27.0,57.0,Bank of America Stadium,3.0,10.0,7.0,10.0,0.0,31.0,14.0,32:02,26.0,8.0,12.0,6.0,65.0,418.0,6.4,3.0,32.0,239.0,7.5,1.0,30.0,19.0,179.0,2.0,1.0,6.0,9.4,63.3,88.06,11.0,5.0,45.5,2.0,2.0,100.0,5.0,3.0,0.0,0.0,8.0,46.0,1.0,1.0,3.0,19.0,3.0,9.0,3.0,161.0,53.7,2.0,0.0,-2.0,3.0,14.0,7.0,3.0,0.0,28.0,46.0,27:58,15.0,2.0,13.0,0.0,53.0,248.0,4.7,3.0,14.0,19.0,1.4,0.0,36.0,27.0,229.0,3.0,0.0,6.4,8.5,75.0,118.87,13.0,5.0,38.5,1.0,1.0,100.0,3.0,2.0,0.0,0.0,9.0,64.0,0.0,0.0,3.0,27.0,8.0,3.0,6.0,312.0,52.0,0.0,2.0,2.0,60.0,0.0,66.7,0.0,3.0,3.0,0.0,0.0,0.0,0.0,0.0,2.0,2.0,3.0,3.0,0.0,0.0,0.0,0.0,0.0,1.0,1.0,34.0,16.0,3.0,27.0,1.0,0.0,0.0,34.0,33.0,3.0,19.0,2.0,1.0,1.0,Sunday,993005280.0,5,9,19132.0,3.0,1,-2.0,0.455,0.0,,0.1150917078708962,0.4606741573033708,0.0024580424598198,0.3627317512000445,0.121187983799672,0.4444444444444444,0.2507762378062504,-0.4410553489086361,23.3,22.0,1.3,322.6666666666667,295.6666666666667,0.0,0.361,0.4,102.0,119.0,2.0,0.0011205926408122,0.4865721009657468,0.0249639568173292,0.0599518777779026,-0.0024661375448863,0.4042378917378917,0.1791005138041674,-0.1703615693343736,-0.0221980220695691,0.0302977562342261,202510605.0,2025-10-12T13:00:00,1,2025,6,DAL,CAR,AWAY,27.0,30.0,57.0,Bank of America Stadium,3.0,14.0,7.0,3.0,0.0,25.0,24.0,27:58,22.0,9.0,12.0,1.0,59.0,416.0,7.1,5.0,29.0,180.0,6.2,1.0,29.0,18.0,236.0,4.0,0.0,8.1,13.1,62.1,127.3,13.0,6.0,46.2,0.0,0.0,0.0,4.0,3.0,0.0,0.0,11.0,91.0,0.0,0.0,1.0,1.0,14.0,6.0,5.0,228.0,45.6,0.0,1.0,1.0,3.0,10.0,7.0,10.0,0.0,34.0,36.0,32:02,25.0,9.0,14.0,2.0,73.0,378.0,5.2,2.0,22.0,144.0,6.5,0.0,46.0,32.0,234.0,2.0,0.0,5.1,7.3,69.6,95.74,16.0,7.0,43.8,3.0,1.0,33.3,3.0,2.0,0.0,0.0,10.0,61.0,1.0,1.0,5.0,49.0,3.0,3.0,4.0,176.0,44.0,1.0,0.0,-1.0,75.0,0.0,66.7,0.0,5.0,4.0,0.0,0.0,0.0,0.0,0.0,1.0,1.0,0.0,0.0,0.0,4.0,2.0,0.0,0.0,2.0,2.0,38.0,35.0,5.0,49.0,3.0,1.0,1.0,32.0,17.0,1.0,1.0,4.0,0.0,0.0,Sunday,993005279.0,9,5,19135.0,-3.0,0,1.0,0.462,0.0,,0.2611283721245896,0.4814814814814814,0.4061622803491834,0.2607546872398719,0.0254496630900135,0.5,0.0677144862947942,-0.1822860084480214,30.3,31.0,-0.7,416.0,417.3333333333333,-0.667,0.366,0.4,151.0,154.0,2.0,0.1625273359821817,0.4974433299371954,0.3079751916349426,0.0817732178192582,0.1575826883021648,0.5033068783068783,0.3761249606667569,-0.0464451302627509,0.1522141545159597,0.1660348753312205,2.0,0.6000000000000001,0.0,0.8,-93.33333333333331,738.6666666666667,-121.66666666666663,713.0,-49.0,253.0,-35.0,273.0,0.0,4.0,-0.16140674334136948,-0.1600488258470511
202510603.0,2025-10-12T13:00:00,1,2025,6,BAL,LAR,HOME,3.0,17.0,20.0,M&T Bank Stadium,3.0,0.0,0.0,0.0,0.0,23.0,27.0,37:55,12.0,4.0,7.0,1.0,40.0,207.0,5.2,1.0,19.0,44.0,2.3,1.0,20.0,14.0,163.0,0.0,3.0,8.2,11.6,70.0,54.79,8.0,3.0,37.5,0.0,0.0,0.0,2.0,1.0,0.0,0.0,9.0,49.0,0.0,0.0,1.0,16.0,4.0,5.0,4.0,182.0,45.5,3.0,0.0,-3.0,0.0,3.0,14.0,0.0,0.0,36.0,33.0,22:05,27.0,8.0,15.0,4.0,66.0,417.0,6.3,5.0,33.0,167.0,5.1,1.0,31.0,25.0,250.0,4.0,0.0,8.1,10.0,80.6,139.85,12.0,7.0,58.3,1.0,1.0,100.0,5.0,4.0,0.0,0.0,4.0,26.0,0.0,0.0,2.0,17.0,2.0,3.0,1.0,59.0,59.0,0.0,3.0,3.0,50.0,0.0,80.0,0.0,1.0,1.0,0.0,0.0,0.0,0.0,0.0,2.0,1.0,5.0,5.0,0.0,0.0,0.0,0.0,0.0,3.0,3.0,34.0,41.0,2.0,17.0,0.0,0.0,0.0,23.0,21.0,1.0,16.0,4.0,0.0,0.0,Sunday,993005286.0,3,32,19131.0,-14.0,0,-3.0,0.375,0.0,,-0.2504813458722078,0.4354838709677419,-0.2982104521689065,-0.3199990633118432,0.3162618902825078,0.6190476190476191,0.5772167755644185,0.0482265221727361,20.0,39.7,-19.7,295.0,408.3333333333333,-2.0,0.407,0.2,141.0,177.0,1.0,-0.0450703945525173,0.4941652238335564,-0.0782293974966737,-0.103713340769583,0.2624993289653665,0.5611117475592216,0.4678090713143801,0.1069340946309758,0.0611973714039304,0.1528727744295823,202510603.0,2025-10-12T13:00:00,1,2025,6,LAR,BAL,AWAY,17.0,3.0,20.0,M&T Bank Stadium,0.0,3.0,14.0,0.0,0.0,26.0,20.0,22:05,27.0,5.0,18.0,4.0,64.0,456.0,7.1,3.0,16.0,78.0,4.9,0.0,47.0,30.0,378.0,3.0,0.0,8.0,12.6,63.8,110.06,10.0,4.0,40.0,3.0,2.0,66.7,5.0,3.0,0.0,0.0,5.0,36.0,2.0,2.0,1.0,11.0,10.0,3.0,2.0,110.0,55.0,2.0,0.0,-2.0,3.0,0.0,0.0,0.0,0.0,40.0,4.0,37:55,27.0,6.0,19.0,2.0,83.0,407.0,4.9,2.0,33.0,74.0,2.2,0.0,49.0,33.0,333.0,2.0,0.0,6.8,10.1,67.3,100.13,18.0,7.0,38.9,3.0,3.0,100.0,5.0,2.0,0.0,0.0,8.0,44.0,0.0,0.0,1.0,9.0,2.0,1.0,4.0,168.0,42.0,0.0,2.0,2.0,60.0,0.0,40.0,0.0,3.0,2.0,1.0,0.0,0.0,0.0,0.0,2.0,1.0,2.0,2.0,0.0,0.0,0.0,0.0,0.0,4.0,4.0,48.0,34.0,1.0,9.0,5.0,0.0,0.0,30.0,26.0,1.0,11.0,4.0,1.0,2.0,Sunday,993005285.0,32,3,19130.0,14.0,1,-2.0,0.4,0.0,,0.071828772230203,0.6097560975609756,0.3445385078723593,-0.6267532466513598,0.1167992623443627,0.5094339622641509,0.2793350613013293,-0.1137764051896884,25.3,26.3,-1.0,424.6666666666667,342.6666666666667,0.0,0.344,0.6,123.0,107.0,3.0,-0.0112024153153542,0.5562367275774297,0.1952581733995527,-0.3492267316084718,0.0014735989999718,0.4560107650276406,0.0311752375482221,-0.0461726887063995,0.018611237873373,-0.0282642915062096,-18.7,-20.7,-0.39999999999999997,0.8,-129.66666666666669,719.6666666666667,65.66666666666663,751.0,18.0,264.0,70.0,284.0,-2.0,4.0,-0.0338679792371631,0.2610257299653947
202510622.0,2025-10-12T13:00:00,1,2025,6,NO,NE,HOME,19.0,25.0,44.0,Caesars Superdome,6.0,10.0,0.0,3.0,0.0,28.0,10.0,28:16,18.0,5.0,10.0,3.0,62.0,332.0,5.4,2.0,30.0,88.0,2.9,0.0,32.0,22.0,244.0,1.0,0.0,7.6,11.1,68.8,101.56,15.0,7.0,46.7,1.0,1.0,100.0,3.0,0.0,0.0,0.0,7.0,43.0,0.0,0.0,0.0,0.0,5.0,2.0,2.0,83.0,41.5,0.0,5.0,5.0,14.0,8.0,3.0,0.0,0.0,31.0,50.0,31:44,23.0,11.0,10.0,2.0,70.0,335.0,4.8,2.0,29.0,136.0,4.7,0.0,40.0,26.0,199.0,2.0,2.0,5.0,7.7,65.0,72.81,10.0,3.0,30.0,5.0,3.0,60.0,4.0,2.0,0.0,0.0,8.0,95.0,3.0,3.0,1.0,3.0,1.0,7.0,2.0,75.0,37.5,5.0,0.0,-5.0,0.0,0.0,50.0,0.0,2.0,2.0,0.0,0.0,0.0,0.0,0.0,6.0,4.0,2.0,2.0,0.0,0.0,0.0,0.0,0.0,0.0,0.0,41.0,25.0,1.0,3.0,7.0,2.0,3.0,40.0,19.0,0.0,0.0,3.0,0.0,0.0,Sunday,993005282.0,22,21,19134.0,-6.0,0,5.0,0.467,0.0,,-0.043219339434457,0.4691358024691358,0.4089778490415843,-0.2388704775957775,-0.2104796095884201,0.4831460674157303,-0.2499871376858209,-0.3072910059854621,19.3,29.7,-10.3,304.6666666666667,337.0,1.667,0.395,0.2,92.0,135.0,1.0,-0.1034996551338414,0.4602927422371867,0.0711899863680484,-0.1740845712268743,0.02598121104346,0.4948693519066078,0.2554226679174712,-0.1728805375493485,-0.0966227223267534,0.0242600448234866,202510622.0,2025-10-12T13:00:00,1,2025,6,NE,NO,AWAY,25.0,19.0,44.0,Caesars Superdome,14.0,8.0,3.0,0.0,0.0,25.0,29.0,31:44,21.0,5.0,13.0,3.0,56.0,338.0,6.0,2.0,22.0,71.0,3.2,2.0,30.0,22.0,267.0,0.0,0.0,8.9,12.1,73.3,100.28,9.0,3.0,33.3,0.0,0.0,0.0,4.0,2.0,0.0,0.0,8.0,93.0,2.0,1.0,4.0,6.0,5.0,2.0,4.0,191.0,47.8,1.0,3.0,2.0,6.0,10.0,0.0,3.0,0.0,34.0,31.0,28:16,25.0,5.0,16.0,4.0,61.0,363.0,6.0,2.0,29.0,118.0,4.1,0.0,31.0,22.0,245.0,2.0,1.0,7.9,11.1,71.0,102.22,9.0,5.0,55.6,0.0,0.0,0.0,4.0,2.0,0.0,0.0,11.0,90.0,2.0,2.0,1.0,8.0,8.0,6.0,2.0,70.0,35.0,3.0,1.0,-2.0,50.0,0.0,50.0,0.0,2.0,2.0,0.0,0.0,0.0,0.0,0.0,3.0,3.0,2.0,2.0,0.0,0.0,0.0,0.0,0.0,2.0,2.0,37.0,25.0,1.0,8.0,3.0,1.0,2.0,39.0,11.0,4.0,6.0,1.0,1.0,1.0,Sunday,993005281.0,21,22,19141.0,6.0,1,2.0,0.333,0.0,,0.0688105593840034,0.5194805194805194,0.1734146269089846,-0.150852276518708,0.0196428380235194,0.5121951219512195,0.2119478542421375,-0.358263194989413,26.3,18.0,8.3,338.0,297.3333333333333,-0.667,0.376,0.6,125.0,101.0,3.0,0.0787472760759375,0.4854246155450974,0.3744302592265294,-0.3020214869268744,-0.040610319705544,0.501949183156268,0.1508453219790829,-0.2058305284330581,0.0744306111485333,0.0064952022619505,-18.6,-2.0,-0.39999999999999997,0.8,-33.333333333333314,642.6666666666667,39.666666666666686,634.3333333333333,-33.0,217.0,34.0,236.0,-2.0,4.0,-0.18224693120977892,0.066591530749004
202510614.0,2025-10-12T13:00:00,1,2025,6,IND,ARI,HOME,31.0,27.0,58.0,Lucas Oil Stadium,7.0,7.0,3.0,14.0,0.0,26.0,35.0,27:55,24.0,9.0,12.0,3.0,57.0,317.0,5.6,6.0,25.0,96.0,3.8,4.0,32.0,21.0,221.0,2.0,0.0,6.9,10.5,65.6,106.38,10.0,8.0,80.0,0.0,0.0,0.0,6.0,6.0,0.0,0.0,9.0,77.0,1.0,0.0,0.0,0.0,5.0,6.0,2.0,101.0,50.5,0.0,2.0,2.0,7.0,3.0,14.0,3.0,0.0,33.0,25.0,32:05,22.0,6.0,12.0,4.0,65.0,296.0,4.6,0.0,25.0,106.0,4.2,0.0,36.0,25.0,190.0,0.0,2.0,5.3,7.6,69.4,58.8,14.0,8.0,57.1,2.0,1.0,50.0,4.0,0.0,0.0,0.0,6.0,65.0,0.0,0.0,4.0,38.0,3.0,2.0,1.0,30.0,30.0,2.0,0.0,-2.0,100.0,0.0,0.0,0.0,2.0,2.0,0.0,6.0,0.0,1.0,1.0,0.0,0.0,0.0,0.0,0.0,0.0,0.0,0.0,0.0,3.0,2.0,37.0,35.0,4.0,38.0,8.0,0.0,0.0,32.0,18.0,0.0,0.0,3.0,0.0,0.0,Sunday,993005284.0,14,1,19133.0,4.0,1,2.0,0.8,0.0,,0.2424103822343506,0.5066666666666667,0.3622980369695425,0.1960136685442495,-0.22581754351052,0.5061728395061729,-0.1848829652320579,-0.2157811054820194,33.7,17.7,16.0,338.3333333333333,346.6666666666667,0.333,0.461,0.8,163.0,89.0,4.0,0.1482539575826773,0.526884966621105,0.2531021420731681,0.1260384063024773,-0.1016359869029723,0.5038451514731165,-0.0395445202106209,-0.2126687298532882,0.1702882416722609,-0.0595288901662917,202510614.0,2025-10-12T13:00:00,1,2025,6,ARI,IND,AWAY,27.0,31.0,58.0,Lucas Oil Stadium,7.0,3.0,14.0,3.0,0.0,32.0,40.0,32:05,16.0,7.0,8.0,1.0,64.0,360.0,5.6,3.0,29.0,168.0,5.8,3.0,32.0,23.0,192.0,0.0,0.0,6.0,8.3,71.9,86.98,16.0,7.0,43.8,0.0,0.0,0.0,4.0,3.0,0.0,0.0,8.0,47.0,3.0,3.0,3.0,28.0,4.0,4.0,7.0,367.0,52.4,3.0,2.0,-1.0,7.0,7.0,3.0,14.0,0.0,27.0,20.0,27:55,20.0,6.0,12.0,2.0,65.0,327.0,5.0,2.0,24.0,78.0,3.2,1.0,39.0,21.0,249.0,0.0,1.0,6.4,11.9,53.8,62.87,15.0,5.0,33.3,1.0,0.0,0.0,2.0,1.0,0.0,0.0,6.0,35.0,1.0,1.0,2.0,16.0,6.0,4.0,5.0,271.0,54.2,2.0,3.0,1.0,75.0,0.0,50.0,0.0,3.0,3.0,0.0,0.0,0.0,0.0,0.0,0.0,0.0,2.0,1.0,0.0,0.0,0.0,0.0,0.0,3.0,3.0,30.0,18.0,2.0,16.0,8.0,1.0,1.0,38.0,27.0,3.0,28.0,2.0,0.0,2.0,Sunday,993005283.0,1,14,19137.0,-4.0,0,-1.0,0.438,0.0,,-0.0634532246697084,0.3908045977011494,0.1294280747839366,-0.32890925938513,-0.025630914282313,0.4512195121951219,0.0465389659870248,-0.1927477387852329,18.7,20.3,-1.7,291.0,355.3333333333333,-0.333,0.39,0.4,103.0,96.0,2.0,-0.0240264991633508,0.4257357838579276,0.0831167210947465,-0.2175536556133826,0.0042095078709772,0.4910252349276739,0.1642571428516628,-0.2273357600869439,-0.0029394299410008,-0.0168566258628213,17.7,14.3,0.4,1.2000000000000002,47.333333333333314,629.3333333333333,-8.666666666666629,702.0,60.0,266.0,-7.0,185.0,2.0,6.0,0.1722804567460281,-0.1058454947739495
202510619.0,2025-10-12T13:00:00,1,2025,6,MIA,LAC,HOME,27.0,29.0,56.0,Hard Rock Stadium,7.0,6.0,0.0,14.0,0.0,28.0,46.0,25:41,15.0,2.0,13.0,0.0,53.0,248.0,4.7,3.0,14.0,19.0,1.4,0.0,36.0,27.0,229.0,3.0,0.0,6.4,8.5,75.0,118.87,13.0,5.0,38.5,1.0,1.0,100.0,3.0,2.0,0.0,0.0,9.0,64.0,0.0,0.0,3.0,27.0,8.0,3.0,6.0,312.0,52.0,0.0,2.0,2.0,6.0,3.0,14.0,6.0,0.0,31.0,14.0,34:19,26.0,8.0,12.0,6.0,65.0,418.0,6.4,3.0,32.0,239.0,7.5,1.0,30.0,19.0,179.0,2.0,1.0,6.0,9.4,63.3,88.06,11.0,5.0,45.5,2.0,2.0,100.0,5.0,3.0,0.0,0.0,8.0,46.0,1.0,1.0,3.0,19.0,3.0,9.0,3.0,161.0,53.7,2.0,0.0,-2.0,66.7,0.0,60.0,0.0,3.0,3.0,0.0,0.0,0.0,0.0,0.0,1.0,1.0,3.0,3.0,0.0,0.0,0.0,0.0,0.0,2.0,2.0,34.0,33.0,3.0,19.0,2.0,1.0,1.0,34.0,16.0,3.0,27.0,1.0,0.0,0.0,Sunday,993005278.0,19,29,19132.0,-2.0,0,2.0,0.385,0.0,,0.121187983799672,0.4444444444444444,0.2507762378062504,-0.4410553489086361,0.1150917078708962,0.4606741573033708,0.0024580424598198,0.3627317512000445,24.0,26.3,-2.3,274.6666666666667,394.0,1.333,0.462,0.2,107.0,145.0,1.0,0.1216772380738283,0.4590766108574327,0.2320981878944936,-0.187651141043995,0.1368010775894143,0.5254048992813037,0.2082525991689152,0.1098377070850449,0.0557437392269924,0.1694344017257542,202510619.0,2025-10-12T13:00:00,1,2025,6,LAC,MIA,AWAY,29.0,27.0,56.0,Hard Rock Stadium,6.0,3.0,14.0,6.0,0.0,34.0,19.0,34:19,18.0,6.0,11.0,1.0,65.0,336.0,5.2,1.0,27.0,155.0,5.7,0.0,33.0,25.0,181.0,1.0,1.0,5.5,7.2,75.8,85.54,16.0,9.0,56.2,2.0,1.0,50.0,2.0,1.0,0.0,0.0,10.0,85.0,1.0,1.0,5.0,29.0,1.0,6.0,2.0,96.0,48.0,2.0,1.0,-1.0,7.0,6.0,0.0,14.0,0.0,25.0,41.0,25:41,22.0,9.0,9.0,4.0,55.0,389.0,7.1,3.0,28.0,163.0,5.8,2.0,26.0,15.0,226.0,1.0,0.0,8.7,15.1,57.7,99.2,7.0,2.0,28.6,1.0,1.0,100.0,5.0,3.0,0.0,0.0,7.0,48.0,1.0,1.0,1.0,5.0,9.0,6.0,2.0,101.0,50.5,1.0,2.0,1.0,50.0,0.0,60.0,0.0,1.0,1.0,0.0,0.0,0.0,0.0,0.0,1.0,1.0,3.0,3.0,0.0,0.0,0.0,0.0,0.0,2.0,2.0,32.0,21.0,1.0,5.0,2.0,1.0,1.0,42.0,26.0,5.0,29.0,4.0,1.0,1.0,Sunday,993005277.0,29,19,19140.0,2.0,1,-1.0,0.562,0.0,,-0.0826575077055849,0.3975903614457831,-0.265600064317142,0.0277561307981765,0.1851016847060448,0.5675675675675675,0.5071617422500679,-0.1128213073388906,17.0,22.7,-5.7,350.0,301.3333333333333,-1.667,0.455,0.6,98.0,98.0,3.0,-0.0700245035748563,0.4330446006080582,-0.1815951850294468,0.1412380705537421,0.0209421312491896,0.4548896722809766,0.1113103551845606,-0.106057317726618,-0.0168916644156109,-0.0112500921790196,3.4000000000000004,-8.0,-0.39999999999999997,0.8,-75.33333333333331,624.6666666666667,92.66666666666669,695.3333333333333,9.0,205.0,47.0,243.0,-2.0,4.0,0.1917017416486846,0.11585894634022469
202510615.0,2025-10-12T13:00:00,1,2025,6,JAX,SEA,HOME,12.0,20.0,32.0,EverBank Stadium,6.0,0.0,0.0,6.0,0.0,28.0,1.0,33:21,21.0,9.0,8.0,4.0,54.0,319.0,5.9,4.0,26.0,109.0,4.2,2.0,25.0,18.0,210.0,1.0,1.0,8.4,11.7,72.0,93.75,9.0,5.0,55.6,1.0,0.0,0.0,4.0,3.0,0.0,0.0,4.0,25.0,1.0,1.0,3.0,11.0,4.0,1.0,2.0,105.0,52.5,2.0,1.0,-1.0,0.0,13.0,7.0,0.0,0.0,31.0,59.0,26:39,26.0,11.0,15.0,0.0,63.0,476.0,7.6,4.0,22.0,158.0,7.2,3.0,41.0,29.0,318.0,1.0,1.0,7.8,11.0,70.7,91.31,9.0,5.0,55.6,0.0,0.0,0.0,5.0,4.0,0.0,0.0,13.0,109.0,0.0,0.0,0.0,0.0,8.0,5.0,4.0,164.0,41.0,1.0,2.0,1.0,75.0,0.0,80.0,0.0,4.0,4.0,0.0,0.0,0.0,0.0,0.0,1.0,1.0,4.0,4.0,0.0,0.0,0.0,0.0,0.0,0.0,0.0,33.0,24.0,0.0,0.0,6.0,0.0,0.0,30.0,27.0,3.0,11.0,5.0,1.0,1.0,Sunday,993005290.0,15,30,19142.0,-8.0,0,-1.0,0.556,0.0,,0.1618882712935491,0.5616438356164384,0.2693429611963032,-0.1892770075202478,0.1291640345488915,0.6172839506172839,0.1182990169390509,0.3199486672367331,24.7,19.7,5.0,311.6666666666667,378.6666666666667,1.667,0.369,0.8,127.0,100.0,4.0,0.0031072553083022,0.4637297633872976,0.123659228678724,-0.1591690159855548,-0.0684112327897259,0.4842423295306557,-0.0206935246664668,-0.0268017687544194,0.0406122125836109,-0.0462617895748882,202510615.0,2025-10-12T13:00:00,1,2025,6,SEA,JAX,AWAY,20.0,12.0,32.0,EverBank Stadium,0.0,13.0,7.0,0.0,0.0,26.0,48.0,26:39,27.0,6.0,18.0,3.0,54.0,463.0,8.6,5.0,20.0,122.0,6.1,1.0,34.0,28.0,341.0,4.0,1.0,10.0,12.2,82.4,135.42,9.0,6.0,66.7,1.0,1.0,100.0,4.0,4.0,0.0,0.0,7.0,56.0,1.0,1.0,0.0,0.0,2.0,6.0,1.0,38.0,38.0,2.0,0.0,-2.0,6.0,0.0,0.0,6.0,0.0,33.0,12.0,33:21,25.0,6.0,17.0,2.0,58.0,426.0,7.3,4.0,24.0,56.0,2.3,2.0,33.0,29.0,370.0,2.0,0.0,11.2,12.8,87.9,133.59,11.0,7.0,63.6,0.0,0.0,0.0,6.0,4.0,0.0,0.0,4.0,37.0,0.0,0.0,1.0,9.0,2.0,1.0,2.0,91.0,45.5,0.0,2.0,2.0,100.0,0.0,66.7,0.0,5.0,5.0,0.0,0.0,0.0,0.0,0.0,1.0,0.0,3.0,3.0,0.0,2.0,1.0,0.0,0.0,3.0,3.0,39.0,23.0,1.0,9.0,2.0,0.0,0.0,27.0,26.0,0.0,0.0,6.0,0.0,1.0,Sunday,993005289.0,30,15,19138.0,8.0,1,-2.0,0.667,0.0,,0.2467000268453295,0.5789473684210527,0.5996958114061396,-0.1296136274329564,0.3388434113363507,0.5394736842105263,0.6550936198711708,-0.1478501078626753,34.0,23.7,10.3,389.0,321.0,-0.333,0.487,0.6,146.0,105.0,3.0,0.1572231177956134,0.523379926781724,0.6101150203430783,-0.2136008359765439,0.0311317945168535,0.4738491445847184,0.2100868159193672,-0.2242713606131514,0.0835052838427724,-0.0210662587174031,-5.300000000000001,15.3,0.20000000000000007,1.4,-77.33333333333331,700.6666666666667,57.666666666666686,699.6666666666667,-19.0,273.0,-5.0,205.0,1.0,7.0,-0.1541158624873112,-0.09954302730657939
202510625.0,2025-10-12T16:05:00,1,2025,6,LV,TEN,HOME,20.0,10.0,30.0,Allegiant Stadium,3.0,7.0,7.0,3.0,0.0,33.0,25.0,32:26,22.0,6.0,12.0,4.0,65.0,296.0,4.6,0.0,25.0,106.0,4.2,0.0,36.0,25.0,190.0,0.0,2.0,5.3,7.6,69.4,58.8,14.0,8.0,57.1,2.0,1.0,50.0,4.0,0.0,0.0,0.0,6.0,65.0,0.0,0.0,4.0,38.0,3.0,2.0,1.0,30.0,30.0,2.0,0.0,-2.0,0.0,0.0,3.0,7.0,0.0,26.0,35.0,27:34,24.0,9.0,12.0,3.0,57.0,317.0,5.6,6.0,25.0,96.0,3.8,4.0,32.0,21.0,221.0,2.0,0.0,6.9,10.5,65.6,106.38,10.0,8.0,80.0,0.0,0.0,0.0,6.0,6.0,0.0,0.0,9.0,77.0,1.0,0.0,0.0,0.0,5.0,6.0,2.0,101.0,50.5,0.0,2.0,2.0,0.0,0.0,100.0,0.0,0.0,0.0,0.0,0.0,0.0,0.0,0.0,3.0,2.0,2.0,2.0,0.0,6.0,0.0,1.0,1.0,0.0,0.0,32.0,18.0,0.0,0.0,3.0,0.0,0.0,37.0,35.0,4.0,38.0,8.0,0.0,0.0,Sunday,993005292.0,25,34,19133.0,10.0,1,-2.0,0.571,0.0,,-0.22581754351052,0.5061728395061729,-0.1848829652320579,-0.2157811054820194,0.2424103822343506,0.5066666666666667,0.3622980369695425,0.1960136685442495,18.0,35.3,-17.3,335.6666666666667,329.3333333333333,-1.333,0.345,0.2,83.0,139.0,1.0,-0.139696029531969,0.4830725821355005,-0.0676299935118663,-0.2119957976816689,0.1305473040878673,0.499876240990072,0.2611413286827567,-0.0312751799726851,-0.1175463532097342,0.0508145000376387,202510625.0,2025-10-12T16:05:00,1,2025,6,TEN,LV,AWAY,10.0,20.0,30.0,Allegiant Stadium,0.0,0.0,3.0,7.0,0.0,27.0,20.0,27:34,20.0,6.0,12.0,2.0,65.0,327.0,5.0,2.0,24.0,78.0,3.2,1.0,39.0,21.0,249.0,0.0,1.0,6.4,11.9,53.8,62.87,15.0,5.0,33.3,1.0,0.0,0.0,2.0,1.0,0.0,0.0,6.0,35.0,1.0,1.0,2.0,16.0,6.0,4.0,5.0,271.0,54.2,2.0,3.0,1.0,3.0,7.0,7.0,3.0,0.0,32.0,40.0,32:26,16.0,7.0,8.0,1.0,64.0,360.0,5.6,3.0,29.0,168.0,5.8,3.0,32.0,23.0,192.0,0.0,0.0,6.0,8.3,71.9,86.98,16.0,7.0,43.8,0.0,0.0,0.0,4.0,3.0,0.0,0.0,8.0,47.0,3.0,3.0,3.0,28.0,4.0,4.0,7.0,367.0,52.4,3.0,2.0,-1.0,50.0,0.0,75.0,0.0,2.0,1.0,0.0,0.0,0.0,0.0,0.0,3.0,3.0,3.0,3.0,0.0,0.0,0.0,0.0,0.0,0.0,0.0,38.0,27.0,3.0,28.0,2.0,0.0,2.0,30.0,18.0,2.0,16.0,8.0,1.0,1.0,Sunday,993005291.0,34,25,19137.0,-10.0,0,1.0,0.333,0.0,,-0.025630914282313,0.4512195121951219,0.0465389659870248,-0.1927477387852329,-0.0634532246697084,0.3908045977011494,0.1294280747839366,-0.32890925938513,14.0,29.3,-15.3,261.3333333333333,359.3333333333333,-0.333,0.291,0.2,73.0,141.0,1.0,-0.1698342854087139,0.4258995295580661,-0.1974170786962998,-0.0863690169450352,0.0907549527714168,0.470357515619838,0.3052406662083199,-0.0338080832264059,-0.1505283322408243,0.0727980742226318,-2.0,-32.6,0.0,0.4,74.33333333333337,597.0,-30.0,688.6666666666666,10.0,156.0,-2.0,280.0,0.0,2.0,0.0301382558767449,0.039792351316450494
202510612.0,2025-10-12T16:25:00,1,2025,6,GB,CIN,HOME,27.0,18.0,45.0,Lambeau Field,0.0,10.0,0.0,17.0,0.0,35.0,33.0,32:44,32.0,11.0,16.0,5.0,79.0,489.0,6.2,5.0,35.0,164.0,4.7,2.0,43.0,31.0,325.0,3.0,0.0,7.6,10.5,72.1,116.91,14.0,10.0,71.4,1.0,1.0,100.0,6.0,5.0,0.0,0.0,7.0,53.0,1.0,1.0,1.0,12.0,4.0,1.0,2.0,83.0,41.5,1.0,0.0,-1.0,0.0,0.0,7.0,11.0,0.0,34.0,27.0,27:16,26.0,8.0,17.0,1.0,67.0,436.0,6.5,5.0,26.0,117.0,4.5,2.0,40.0,31.0,319.0,3.0,0.0,8.0,10.3,77.5,124.9,11.0,4.0,36.4,1.0,1.0,100.0,5.0,4.0,0.0,0.0,11.0,95.0,0.0,0.0,1.0,0.0,4.0,5.0,4.0,190.0,47.5,0.0,1.0,1.0,83.3,0.0,80.0,0.0,5.0,4.0,1.0,0.0,0.0,0.0,0.0,2.0,2.0,5.0,5.0,0.0,0.0,0.0,0.0,0.0,1.0,1.0,35.0,33.0,1.0,0.0,4.0,0.0,0.0,49.0,29.0,1.0,12.0,1.0,1.0,1.0,Sunday,993005294.0,12,7,19127.0,9.0,1,-1.0,0.714,0.0,,0.2440639852374451,0.5238095238095238,0.5416845955361371,0.0768219894289359,0.2310242143183795,0.5280898876404494,0.5140425792897079,0.0579579237124158,25.7,23.7,2.0,374.3333333333333,295.6666666666667,-0.333,0.562,0.5,104.0,84.0,2.0,0.0653365704275611,0.4718391774380435,0.2731159508778082,-0.0339409323742361,0.022890088457892,0.4583378812986563,0.0766532129732201,-0.0318150566166452,0.0951991986088212,0.0036849787308061,202510612.0,2025-10-12T16:25:00,1,2025,6,CIN,GB,AWAY,18.0,27.0,45.0,Lambeau Field,0.0,0.0,7.0,11.0,0.0,25.0,39.0,27:16,21.0,4.0,12.0,5.0,58.0,322.0,5.6,3.0,16.0,85.0,5.3,0.0,40.0,26.0,237.0,3.0,3.0,5.9,9.1,65.0,74.69,11.0,4.0,36.4,0.0,0.0,0.0,2.0,2.0,0.0,0.0,6.0,30.0,2.0,0.0,2.0,14.0,7.0,6.0,4.0,220.0,55.0,3.0,1.0,-2.0,0.0,10.0,0.0,17.0,0.0,34.0,21.0,32:44,23.0,7.0,15.0,1.0,61.0,365.0,6.0,5.0,33.0,118.0,3.6,1.0,24.0,20.0,247.0,4.0,0.0,10.3,12.4,83.3,149.13,8.0,2.0,25.0,0.0,0.0,0.0,6.0,5.0,0.0,0.0,8.0,56.0,1.0,1.0,4.0,14.0,9.0,5.0,5.0,224.0,44.8,1.0,3.0,2.0,100.0,0.0,83.3,0.0,3.0,3.0,0.0,0.0,0.0,0.0,0.0,1.0,1.0,5.0,5.0,0.0,0.0,0.0,0.0,0.0,0.0,0.0,29.0,45.0,4.0,14.0,1.0,1.0,1.0,29.0,25.0,2.0,14.0,11.0,2.0,0.0,Sunday,993005293.0,7,12,19139.0,-9.0,0,-2.0,0.364,0.0,,-0.0191119425054948,0.4875,0.0100643861909453,-0.1301782654795366,0.1880626404845077,0.5443037974683544,0.4647463083799396,-0.0280801225671893,12.3,37.7,-25.3,217.33333333333337,409.6666666666667,-2.0,0.273,0.4,85.0,156.0,2.0,-0.2291247971344691,0.4010620915032679,-0.4192745806004397,-0.1116845822733986,0.1339469875557329,0.5186176603535162,0.3035275563686669,0.0250286958593432,-0.1343123968891446,0.0779897973678676,27.3,-23.3,0.09999999999999998,0.9,156.99999999999994,591.6666666666667,-114.0,705.3333333333334,19.0,189.0,-72.0,240.0,0.0,4.0,0.2944613675620302,-0.11105689909784089
202510633.0,2025-10-12T16:25:00,1,2025,6,TB,SF,HOME,30.0,19.0,49.0,Raymond James Stadium,7.0,13.0,7.0,3.0,0.0,33.0,12.0,27:25,25.0,6.0,17.0,2.0,58.0,426.0,7.3,4.0,24.0,56.0,2.3,2.0,33.0,29.0,370.0,2.0,0.0,11.2,12.8,87.9,133.59,11.0,7.0,63.6,0.0,0.0,0.0,6.0,4.0,0.0,0.0,4.0,37.0,0.0,0.0,1.0,9.0,2.0,1.0,2.0,91.0,45.5,0.0,2.0,2.0,3.0,13.0,3.0,0.0,0.0,26.0,48.0,32:35,27.0,6.0,18.0,3.0,54.0,463.0,8.6,5.0,20.0,122.0,6.1,1.0,34.0,28.0,341.0,4.0,1.0,10.0,12.2,82.4,135.42,9.0,6.0,66.7,1.0,1.0,100.0,4.0,4.0,0.0,0.0,7.0,56.0,1.0,1.0,0.0,0.0,2.0,6.0,1.0,38.0,38.0,2.0,0.0,-2.0,66.7,0.0,100.0,0.0,3.0,3.0,0.0,2.0,1.0,0.0,0.0,3.0,3.0,5.0,5.0,0.0,0.0,0.0,0.0,0.0,1.0,0.0,27.0,26.0,0.0,0.0,6.0,0.0,1.0,39.0,23.0,1.0,9.0,2.0,0.0,0.0,Sunday,993005296.0,33,31,19138.0,11.0,1,2.0,0.636,0.0,,0.3388434113363507,0.5394736842105263,0.6550936198711708,-0.1478501078626753,0.2467000268453295,0.5789473684210527,0.5996958114061396,-0.1296136274329564,30.7,31.0,-0.3,383.0,310.0,0.667,0.392,0.8,135.0,132.0,4.0,0.0459122922383531,0.4436059927381315,0.3215335537715252,-0.281919415927095,0.0421779393028471,0.5154560609668969,0.2057851406306773,-0.2399887986440029,0.0439663997940171,0.0274999487925052,202510633.0,2025-10-12T16:25:00,1,2025,6,SF,TB,AWAY,19.0,30.0,49.0,Raymond James Stadium,3.0,13.0,3.0,0.0,0.0,40.0,4.0,32:35,27.0,6.0,19.0,2.0,83.0,407.0,4.9,2.0,33.0,74.0,2.2,0.0,49.0,33.0,333.0,2.0,0.0,6.8,10.1,67.3,100.13,18.0,7.0,38.9,3.0,3.0,100.0,5.0,2.0,0.0,0.0,8.0,44.0,0.0,0.0,1.0,9.0,2.0,1.0,4.0,168.0,42.0,0.0,2.0,2.0,7.0,13.0,7.0,3.0,0.0,26.0,20.0,27:25,27.0,5.0,18.0,4.0,64.0,456.0,7.1,3.0,16.0,78.0,4.9,0.0,47.0,30.0,378.0,3.0,0.0,8.0,12.6,63.8,110.06,10.0,4.0,40.0,3.0,2.0,66.7,5.0,3.0,0.0,0.0,5.0,36.0,2.0,2.0,1.0,11.0,10.0,3.0,2.0,110.0,55.0,2.0,0.0,-2.0,40.0,0.0,60.0,0.0,2.0,2.0,0.0,0.0,0.0,0.0,0.0,4.0,4.0,3.0,2.0,1.0,0.0,0.0,0.0,0.0,2.0,1.0,30.0,26.0,1.0,11.0,4.0,1.0,2.0,48.0,34.0,1.0,9.0,5.0,0.0,0.0,Sunday,993005295.0,31,33,19130.0,-11.0,0,2.0,0.389,0.0,,0.1167992623443627,0.5094339622641509,0.2793350613013293,-0.1137764051896884,0.071828772230203,0.6097560975609756,0.3445385078723593,-0.6267532466513598,21.0,21.3,-0.3,383.6666666666667,347.0,-1.0,0.401,0.8,106.0,98.0,4.0,-0.0060282847388229,0.5120766503618187,0.0874955240275128,-0.1769405652496866,0.0133570959506798,0.4976243268926195,0.2369759990090045,-0.2813581280611619,0.0041863011489537,-0.0247544598432417,0.0,-0.6,0.0,1.6,-0.6666666666666856,766.6666666666667,-37.0,657.0,29.0,241.0,34.0,230.0,0.0,8.0,0.051940576977176,0.0288208433521673
202510616.0,2025-10-12T20:20:00,1,2025,6,KC,DET,HOME,30.0,17.0,47.0,Arrowhead Stadium,6.0,7.0,7.0,10.0,0.0,31.0,59.0,30:37,26.0,11.0,15.0,0.0,63.0,476.0,7.6,4.0,22.0,158.0,7.2,3.0,41.0,29.0,318.0,1.0,1.0,7.8,11.0,70.7,91.31,9.0,5.0,55.6,0.0,0.0,0.0,5.0,4.0,0.0,0.0,13.0,109.0,0.0,0.0,0.0,0.0,8.0,5.0,4.0,164.0,41.0,1.0,2.0,1.0,3.0,7.0,0.0,7.0,0.0,28.0,1.0,29:23,21.0,9.0,8.0,4.0,54.0,319.0,5.9,4.0,26.0,109.0,4.2,2.0,25.0,18.0,210.0,1.0,1.0,8.4,11.7,72.0,93.75,9.0,5.0,55.6,1.0,0.0,0.0,4.0,3.0,0.0,0.0,4.0,25.0,1.0,1.0,3.0,11.0,4.0,1.0,2.0,105.0,52.5,2.0,1.0,-1.0,80.0,0.0,75.0,0.0,4.0,4.0,0.0,0.0,0.0,0.0,0.0,0.0,0.0,4.0,4.0,0.0,0.0,0.0,0.0,0.0,1.0,1.0,30.0,27.0,3.0,11.0,5.0,1.0,1.0,33.0,24.0,0.0,0.0,6.0,0.0,0.0,Sunday,993005298.0,16,11,19142.0,13.0,1,1.0,0.556,0.0,,0.1291640345488915,0.6172839506172839,0.1182990169390509,0.3199486672367331,0.1618882712935491,0.5616438356164384,0.2693429611963032,-0.1892770075202478,29.0,20.0,9.0,388.0,320.0,1.667,0.474,0.4,125.0,107.0,2.0,0.1320793673373349,0.5197121845758311,0.2250386135365821,0.1368291996626504,0.0004345010069671,0.4925595017240782,-0.0638813430999318,0.084812391781947,0.0983115005956577,0.0490524504659386,202510616.0,2025-10-12T20:20:00,1,2025,6,DET,KC,AWAY,17.0,30.0,47.0,Arrowhead Stadium,3.0,7.0,0.0,7.0,0.0,34.0,21.0,29:23,23.0,7.0,15.0,1.0,61.0,365.0,6.0,5.0,33.0,118.0,3.6,1.0,24.0,20.0,247.0,4.0,0.0,10.3,12.4,83.3,149.13,8.0,2.0,25.0,0.0,0.0,0.0,6.0,5.0,0.0,0.0,8.0,56.0,1.0,1.0,4.0,14.0,9.0,5.0,5.0,224.0,44.8,1.0,3.0,2.0,6.0,7.0,7.0,10.0,0.0,25.0,39.0,30:37,21.0,4.0,12.0,5.0,58.0,322.0,5.6,3.0,16.0,85.0,5.3,0.0,40.0,26.0,237.0,3.0,3.0,5.9,9.1,65.0,74.69,11.0,4.0,36.4,0.0,0.0,0.0,2.0,2.0,0.0,0.0,6.0,30.0,2.0,0.0,2.0,14.0,7.0,6.0,4.0,220.0,55.0,3.0,1.0,-2.0,83.3,0.0,100.0,0.0,5.0,5.0,0.0,0.0,0.0,0.0,0.0,0.0,0.0,3.0,3.0,0.0,0.0,0.0,0.0,0.0,1.0,1.0,29.0,25.0,2.0,14.0,11.0,2.0,0.0,29.0,45.0,4.0,14.0,1.0,1.0,1.0,Sunday,993005297.0,11,16,19139.0,-13.0,0,2.0,0.25,0.0,,0.1880626404845077,0.5443037974683544,0.4647463083799396,-0.0280801225671893,-0.0191119425054948,0.4875,0.0100643861909453,-0.1301782654795366,36.3,21.3,15.0,356.0,296.3333333333333,1.667,0.393,0.8,174.0,112.0,4.0,0.1304946947563529,0.5225689333725837,0.2999666043748241,-0.004928865256358,-0.0810063612791656,0.4479598784831342,-0.0686787222963086,-0.2029298751300442,0.1283238346332353,-0.0361386335063753,-6.0,24.0,-0.4,1.2000000000000002,32.0,744.0,23.666666666666686,616.3333333333333,-49.0,299.0,-5.0,219.0,-2.0,6.0,0.0015846725809820217,0.0814408622861327
202510602.0,2025-10-13T19:15:00,1,2025,6,ATL,BUF,HOME,24.0,14.0,38.0,Mercedes-Benz Stadium,14.0,7.0,0.0,3.0,0.0,34.0,15.0,31:39,24.0,9.0,14.0,1.0,64.0,435.0,6.8,4.0,37.0,128.0,3.5,2.0,26.0,20.0,307.0,2.0,1.0,11.8,15.4,76.9,125.0,12.0,6.0,50.0,1.0,1.0,100.0,6.0,4.0,0.0,0.0,5.0,45.0,2.0,0.0,1.0,6.0,6.0,4.0,2.0,92.0,46.0,1.0,1.0,0.0,7.0,0.0,7.0,0.0,0.0,25.0,45.0,28:21,17.0,7.0,8.0,2.0,51.0,294.0,5.8,2.0,22.0,147.0,6.7,0.0,27.0,16.0,147.0,2.0,1.0,5.4,9.2,59.3,83.41,8.0,1.0,12.5,2.0,2.0,100.0,1.0,1.0,0.0,0.0,6.0,50.0,4.0,0.0,2.0,9.0,2.0,7.0,2.0,89.0,44.5,1.0,1.0,0.0,66.7,0.0,100.0,0.0,4.0,4.0,0.0,0.0,0.0,0.0,0.0,2.0,2.0,1.0,1.0,0.0,2.0,1.0,0.0,0.0,4.0,4.0,30.0,26.0,2.0,9.0,3.0,2.0,0.0,34.0,40.0,1.0,6.0,1.0,1.0,0.0,Monday,993005300.0,2,4,19116.0,10.0,1,0.0,0.5,0.0,,0.2091764837060362,0.5421686746987951,0.6952851087395392,-0.0886446929659744,0.1680928117305812,0.5405405405405406,0.1866315746055142,0.0653710442074086,18.7,21.0,-2.3,364.3333333333333,238.66666666666663,0.333,0.428,0.5,76.0,86.0,2.0,-0.0525511050282567,0.4517594769321187,-0.0508815939436393,0.0309888667262175,-0.0445291735294264,0.4843112343112343,-0.1321488262197948,-0.0558412004338895,-0.0366929222627185,-0.0143748906276199,202510602.0,2025-10-13T19:15:00,1,2025,6,BUF,ATL,AWAY,14.0,24.0,38.0,Mercedes-Benz Stadium,7.0,0.0,7.0,0.0,0.0,34.0,31.0,28:21,25.0,5.0,16.0,4.0,61.0,363.0,6.0,2.0,29.0,118.0,4.1,0.0,31.0,22.0,245.0,2.0,1.0,7.9,11.1,71.0,102.22,9.0,5.0,55.6,0.0,0.0,0.0,4.0,2.0,0.0,0.0,11.0,90.0,2.0,2.0,1.0,8.0,8.0,6.0,2.0,70.0,35.0,3.0,1.0,-2.0,14.0,7.0,0.0,3.0,0.0,25.0,29.0,31:39,21.0,5.0,13.0,3.0,56.0,338.0,6.0,2.0,22.0,71.0,3.2,2.0,30.0,22.0,267.0,0.0,0.0,8.9,12.1,73.3,100.28,9.0,3.0,33.3,0.0,0.0,0.0,4.0,2.0,0.0,0.0,8.0,93.0,2.0,1.0,4.0,6.0,5.0,2.0,4.0,191.0,47.8,1.0,3.0,2.0,50.0,0.0,50.0,0.0,2.0,2.0,0.0,0.0,0.0,0.0,0.0,2.0,2.0,2.0,2.0,0.0,0.0,0.0,0.0,0.0,3.0,3.0,39.0,11.0,4.0,6.0,1.0,1.0,1.0,37.0,25.0,1.0,8.0,3.0,1.0,2.0,Monday,993005299.0,4,2,19141.0,-10.0,0,-2.0,0.556,0.0,,0.0196428380235194,0.5121951219512195,0.2119478542421375,-0.358263194989413,0.0688105593840034,0.5194805194805194,0.1734146269089846,-0.150852276518708,27.3,21.0,6.3,359.6666666666667,304.0,-0.333,0.467,0.8,153.0,113.0,4.0,0.121469213553187,0.5088066243393586,0.2763993070047466,-0.0555037165982041,0.0363259693576669,0.4867712842712842,-0.0021590758960773,-0.0175587315266842,0.1495012979933973,0.0558691451366865,-8.6,4.0,-0.30000000000000004,1.3,4.666666666666629,724.0,-65.33333333333337,542.6666666666666,-77.0,229.0,-27.0,199.0,-2.0,6.0,-0.1740203185814437,-0.0808551428870933
202510635.0,2025-10-13T20:15:00,1,2025,6,WAS,CHI,HOME,24.0,25.0,49.0,Northwest Stadium,0.0,7.0,10.0,7.0,0.0,25.0,41.0,31:34,22.0,9.0,9.0,4.0,55.0,389.0,7.1,3.0,28.0,163.0,5.8,2.0,26.0,15.0,226.0,1.0,0.0,8.7,15.1,57.7,99.2,7.0,2.0,28.6,1.0,1.0,100.0,5.0,3.0,0.0,0.0,7.0,48.0,1.0,1.0,1.0,5.0,9.0,6.0,2.0,101.0,50.5,1.0,2.0,1.0,6.0,7.0,3.0,9.0,0.0,34.0,19.0,28:26,18.0,6.0,11.0,1.0,65.0,336.0,5.2,1.0,27.0,155.0,5.7,0.0,33.0,25.0,181.0,1.0,1.0,5.5,7.2,75.8,85.54,16.0,9.0,56.2,2.0,1.0,50.0,2.0,1.0,0.0,0.0,10.0,85.0,1.0,1.0,5.0,29.0,1.0,6.0,2.0,96.0,48.0,2.0,1.0,-1.0,60.0,0.0,50.0,0.0,3.0,3.0,0.0,0.0,0.0,0.0,0.0,2.0,2.0,1.0,1.0,0.0,0.0,0.0,0.0,0.0,1.0,1.0,42.0,26.0,5.0,29.0,4.0,1.0,1.0,32.0,21.0,1.0,5.0,2.0,1.0,1.0,Monday,993005302.0,35,6,19140.0,-1.0,0,1.0,0.286,0.0,,0.1851016847060448,0.5675675675675675,0.5071617422500679,-0.1128213073388906,-0.0826575077055849,0.3975903614457831,-0.265600064317142,0.0277561307981765,31.7,22.7,9.0,361.0,375.0,0.0,0.304,0.6,134.0,101.0,3.0,0.1916660889833808,0.5491939307728781,0.3813283150043767,-0.0026888603687721,0.0350884695590029,0.4457831325301204,0.25060138750332,-0.1316175714501144,0.1155310585679272,0.0076942765207955,202510635.0,2025-10-13T20:15:00,1,2025,6,CHI,WAS,AWAY,25.0,24.0,49.0,Northwest Stadium,6.0,7.0,3.0,9.0,0.0,33.0,10.0,28:26,16.0,5.0,10.0,1.0,64.0,271.0,4.2,2.0,26.0,69.0,2.7,1.0,37.0,22.0,202.0,1.0,1.0,5.5,9.2,59.5,72.13,16.0,7.0,43.8,1.0,1.0,100.0,4.0,1.0,0.0,0.0,8.0,60.0,2.0,0.0,1.0,10.0,1.0,5.0,3.0,148.0,49.3,1.0,4.0,3.0,0.0,7.0,10.0,7.0,0.0,26.0,50.0,31:34,17.0,10.0,6.0,1.0,52.0,357.0,6.9,3.0,31.0,240.0,7.7,1.0,21.0,14.0,117.0,2.0,3.0,5.6,8.4,66.7,73.02,8.0,2.0,25.0,1.0,0.0,0.0,3.0,2.0,0.0,0.0,5.0,36.0,1.0,1.0,0.0,0.0,2.0,8.0,1.0,60.0,60.0,4.0,1.0,-3.0,25.0,0.0,66.7,0.0,1.0,1.0,0.0,2.0,0.0,0.0,0.0,4.0,4.0,3.0,3.0,0.0,0.0,0.0,0.0,0.0,2.0,1.0,35.0,22.0,0.0,0.0,4.0,1.0,1.0,37.0,24.0,1.0,10.0,6.0,1.0,0.0,Monday,993005301.0,6,35,19126.0,1.0,1,3.0,0.438,0.0,,-0.0725722404842652,0.4534883720930232,-0.0290656790788203,-0.3292228904874707,-0.1720169777619444,0.5454545454545454,-0.3401261333911041,-0.086242135380442,25.7,30.0,-4.3,331.6666666666667,421.3333333333333,1.667,0.516,0.5,101.0,117.0,2.0,0.0027336697492631,0.4488587424633936,0.1584184140932769,-0.2749323400819337,0.0424926276964002,0.5332139125242573,0.1498492965689072,-0.0512538105127337,-0.0256035549272493,0.0157953103504712,13.3,4.7,0.09999999999999998,1.1,29.333333333333314,692.6666666666667,-46.333333333333314,796.3333333333333,33.0,235.0,-16.0,218.0,1.0,5.0,0.18893241923411772,-0.007404158137397303
202510707.0,2025-10-16T20:15:00,1,2025,7,CIN,PIT,HOME,33.0,31.0,64.0,Paycor Stadium,0.0,17.0,3.0,13.0,0.0,27.0,16.0,34:32,20.0,5.0,12.0,3.0,62.0,268.0,4.3,2.0,16.0,55.0,3.4,0.0,45.0,29.0,213.0,2.0,0.0,4.7,7.3,64.4,90.32,15.0,6.0,40.0,2.0,2.0,100.0,2.0,2.0,0.0,0.0,3.0,17.0,0.0,0.0,1.0,6.0,4.0,4.0,4.0,211.0,52.8,0.0,1.0,1.0,7.0,3.0,7.0,14.0,0.0,32.0,44.0,25:28,24.0,12.0,11.0,1.0,60.0,409.0,6.8,3.0,33.0,153.0,4.6,2.0,26.0,19.0,256.0,1.0,1.0,9.8,13.5,73.1,100.8,11.0,5.0,45.5,1.0,1.0,100.0,4.0,3.0,0.0,0.0,5.0,40.0,0.0,0.0,1.0,3.0,5.0,5.0,2.0,91.0,45.5,1.0,0.0,-1.0,100.0,0.0,75.0,0.0,1.0,1.0,0.0,2.0,1.0,0.0,0.0,3.0,1.0,3.0,3.0,0.0,0.0,0.0,0.0,0.0,2.0,2.0,38.0,22.0,1.0,3.0,6.0,0.0,0.0,27.0,32.0,1.0,6.0,3.0,0.0,0.0,Thursday,993005304.0,7,28,19152.0,2.0,1,1.0,0.4,0.0,,0.096469006857219,0.5308641975308642,0.1626770348726709,-0.0524034646696236,0.2191490634705385,0.5945945945945946,0.2994460379021404,0.1082957065362414,15.0,30.7,-15.7,249.66666666666663,428.6666666666667,0.0,0.315,0.2,103.0,183.0,2.0,-0.0259334449609454,0.4669057129024449,-0.0402822175561445,-0.0527673380675502,0.1929588369119266,0.5480915787163235,0.3724652173840578,0.0319992691720267,-0.1017186171410022,0.1394398892898868,202510707.0,2025-10-16T20:15:00,1,2025,7,PIT,CIN,AWAY,31.0,33.0,64.0,Paycor Stadium,7.0,3.0,7.0,14.0,0.0,31.0,52.0,25:28,19.0,7.0,11.0,1.0,58.0,335.0,5.8,2.0,28.0,100.0,3.6,0.0,30.0,21.0,235.0,2.0,0.0,7.8,11.2,70.0,115.28,13.0,5.0,38.5,0.0,0.0,0.0,1.0,1.0,0.0,0.0,10.0,59.0,1.0,0.0,0.0,0.0,17.0,6.0,2.0,84.0,42.0,0.0,0.0,0.0,0.0,17.0,3.0,13.0,0.0,28.0,8.0,34:32,20.0,6.0,10.0,4.0,75.0,248.0,3.3,0.0,17.0,65.0,3.8,0.0,52.0,29.0,183.0,0.0,0.0,3.5,6.3,55.8,63.22,17.0,6.0,35.3,4.0,2.0,50.0,3.0,0.0,0.0,0.0,6.0,44.0,0.0,0.0,6.0,38.0,3.0,6.0,4.0,198.0,49.5,0.0,0.0,0.0,100.0,0.0,0.0,0.0,2.0,2.0,0.0,0.0,0.0,0.0,0.0,4.0,3.0,0.0,0.0,0.0,0.0,0.0,0.0,0.0,3.0,3.0,32.0,40.0,6.0,38.0,8.0,0.0,0.0,33.0,26.0,0.0,0.0,3.0,1.0,0.0,Thursday,993005303.0,28,7,19149.0,-2.0,0,0.0,0.385,0.0,,0.1152141477171054,0.4324324324324324,0.2961687767858729,-0.1208232169435802,-0.0803353393494785,0.4329896907216495,-0.1488614159514869,-0.0014433157869943,22.7,14.7,8.0,283.6666666666667,329.6666666666667,2.0,0.41,0.8,119.0,107.0,4.0,0.0977984110501085,0.5143519287505239,0.2422885554623416,-0.0244770020168582,-0.0358017003643557,0.4705137532115547,0.0298127075616482,-0.2568459841658927,0.0583225993477298,0.0156957951925703,-23.7,-7.699999999999999,-0.6000000000000001,1.0,-34.00000000000006,533.3333333333333,99.0,758.3333333333334,-16.0,222.0,76.0,290.0,-2.0,6.0,-0.12373185601105391,0.22876053727628232
202510715.0,2025-10-19T09:30:00,1,2025,7,JAX,LAR,HOME,7.0,35.0,42.0,Wembley Stadium,0.0,0.0,0.0,7.0,0.0,33.0,21.0,28:14,17.0,3.0,13.0,1.0,68.0,273.0,4.0,2.0,19.0,59.0,3.1,0.0,42.0,27.0,214.0,2.0,0.0,5.1,7.9,64.3,92.76,16.0,4.0,25.0,3.0,3.0,100.0,0.0,0.0,0.0,0.0,10.0,76.0,1.0,0.0,7.0,44.0,4.0,7.0,8.0,393.0,49.1,0.0,0.0,0.0,14.0,7.0,0.0,14.0,0.0,26.0,39.0,31:46,13.0,2.0,10.0,1.0,54.0,346.0,6.4,2.0,26.0,60.0,2.3,0.0,27.0,16.0,286.0,2.0,0.0,10.6,17.9,59.3,120.29,12.0,1.0,8.3,0.0,0.0,0.0,3.0,1.0,0.0,0.0,7.0,56.0,0.0,0.0,1.0,9.0,17.0,7.0,7.0,360.0,51.4,0.0,0.0,0.0,0.0,0.0,33.3,0.0,1.0,0.0,0.0,1.0,0.0,0.0,0.0,1.0,0.0,2.0,2.0,0.0,0.0,0.0,0.0,0.0,2.0,2.0,24.0,25.0,1.0,9.0,3.0,0.0,0.0,34.0,32.0,7.0,44.0,2.0,0.0,0.0,Sunday,993005306.0,15,32,19147.0,-28.0,0,0.0,0.25,0.0,,-0.0871678975031721,0.3723404255319149,-0.0488372769836276,-0.13212399906551,0.0397777510507831,0.4366197183098591,0.3763852451761698,-0.4272563084324106,23.0,23.0,0.0,305.6666666666667,403.6666666666667,1.0,0.364,0.6,139.0,120.0,4.0,0.0152268650549789,0.4628432385646026,0.1471583931701013,-0.1398415587502772,0.0188078023931198,0.5074193664356299,0.1656078009451994,-0.0887548993782509,-0.0003273422533137,-0.0166287296954434,202510715.0,2025-10-19T09:30:00,1,2025,7,LAR,JAX,AWAY,35.0,7.0,42.0,Wembley Stadium,14.0,7.0,0.0,14.0,0.0,22.0,5.0,31:46,15.0,4.0,10.0,1.0,51.0,241.0,4.7,2.0,23.0,74.0,3.2,1.0,26.0,17.0,167.0,1.0,0.0,6.4,9.8,65.4,96.15,10.0,4.0,40.0,2.0,1.0,50.0,5.0,2.0,0.0,0.0,6.0,40.0,2.0,1.0,2.0,14.0,11.0,7.0,2.0,113.0,56.5,1.0,3.0,2.0,0.0,0.0,0.0,7.0,0.0,37.0,55.0,28:14,19.0,11.0,6.0,2.0,75.0,296.0,3.9,0.0,37.0,179.0,4.8,0.0,34.0,21.0,117.0,0.0,1.0,3.4,5.6,61.8,55.64,17.0,7.0,41.2,6.0,2.0,33.3,3.0,0.0,0.0,0.0,7.0,80.0,3.0,2.0,4.0,23.0,3.0,4.0,1.0,53.0,53.0,3.0,1.0,-2.0,40.0,0.0,0.0,0.0,2.0,2.0,0.0,0.0,0.0,0.0,0.0,2.0,1.0,0.0,0.0,0.0,0.0,0.0,0.0,0.0,1.0,1.0,42.0,40.0,4.0,23.0,4.0,2.0,2.0,26.0,24.0,2.0,14.0,2.0,1.0,1.0,Sunday,993005305.0,32,15,19144.0,28.0,1,2.0,0.4,0.0,,-0.0850709485807616,0.46875,0.1251473838291109,-0.1658381412631743,-0.2630402502313445,0.4044943820224719,-0.3831132931097999,-0.3307505020590421,22.3,16.3,6.0,386.3333333333333,345.3333333333333,0.667,0.378,0.6,140.0,110.0,4.0,-0.004206639389873,0.5355319950671417,0.2377141555591258,-0.4068176487809489,-0.0700440984901292,0.4607609248887899,-0.0920050743617246,-0.172983026277577,0.0165170849099184,-0.0566108715153153,-6.0,6.0,0.0,1.2,-80.66666666666663,692.0,58.33333333333337,749.0,-1.0,279.0,10.0,230.0,0.0,8.0,0.019433504444851903,0.088851900883249
202510720.0,2025-10-19T13:00:00,1,2025,7,MIN,PHI,HOME,22.0,28.0,50.0,U.S. Bank Stadium,3.0,3.0,10.0,6.0,0.0,29.0,31.0,34:02,20.0,4.0,14.0,2.0,61.0,349.0,5.7,3.0,23.0,97.0,4.2,1.0,35.0,26.0,252.0,2.0,0.0,7.2,9.7,74.3,113.04,9.0,3.0,33.3,0.0,0.0,0.0,2.0,2.0,0.0,0.0,7.0,50.0,2.0,2.0,3.0,16.0,3.0,5.0,5.0,286.0,57.2,2.0,0.0,-2.0,7.0,7.0,7.0,7.0,0.0,30.0,29.0,25:58,17.0,8.0,9.0,0.0,67.0,322.0,4.8,2.0,32.0,140.0,4.4,0.0,33.0,19.0,182.0,2.0,0.0,5.5,9.6,57.6,93.24,15.0,3.0,20.0,3.0,3.0,100.0,3.0,2.0,0.0,0.0,10.0,78.0,0.0,0.0,2.0,8.0,3.0,6.0,8.0,360.0,45.0,0.0,2.0,2.0,100.0,0.0,66.7,0.0,3.0,3.0,0.0,0.0,0.0,0.0,0.0,1.0,0.0,2.0,2.0,0.0,0.0,0.0,0.0,0.0,1.0,1.0,33.0,37.0,2.0,8.0,5.0,0.0,0.0,35.0,27.0,3.0,16.0,3.0,2.0,2.0,Sunday,993005308.0,20,26,19045.0,-6.0,0,-2.0,0.333,0.0,,0.0435270003079789,0.4683544303797468,0.2976772291517132,-0.4291213035834708,-0.0081321479333313,0.4157303370786517,-0.0745642582586618,-0.0164313136586262,30.0,17.0,13.0,357.6666666666667,268.6666666666667,0.333,0.317,0.6,123.0,97.0,3.0,0.0471101758267915,0.482351580804464,0.1553482922840494,-0.1443394404371075,-0.1268413988093938,0.4457663215098773,-0.2698078765835656,-0.0286734145278694,-0.0583716795964422,-0.0958383570767215,202510720.0,2025-10-19T13:00:00,1,2025,7,PHI,MIN,AWAY,28.0,22.0,50.0,U.S. Bank Stadium,7.0,7.0,7.0,7.0,0.0,29.0,1.0,25:58,20.0,5.0,14.0,1.0,56.0,339.0,6.1,2.0,20.0,73.0,3.6,1.0,33.0,24.0,266.0,1.0,1.0,8.1,11.1,72.7,93.75,9.0,1.0,11.1,2.0,2.0,100.0,3.0,2.0,0.0,0.0,4.0,46.0,1.0,1.0,3.0,17.0,3.0,1.0,4.0,214.0,53.5,2.0,0.0,-2.0,3.0,3.0,10.0,6.0,0.0,30.0,59.0,34:02,25.0,14.0,8.0,3.0,67.0,366.0,5.5,5.0,39.0,172.0,4.4,4.0,26.0,17.0,194.0,1.0,0.0,7.5,11.4,65.4,100.48,16.0,11.0,68.8,0.0,0.0,0.0,3.0,3.0,0.0,0.0,6.0,55.0,0.0,0.0,2.0,1.0,3.0,7.0,4.0,171.0,42.8,0.0,2.0,2.0,66.7,0.0,100.0,0.0,2.0,2.0,0.0,0.0,0.0,0.0,0.0,1.0,1.0,5.0,4.0,0.0,0.0,0.0,0.0,0.0,0.0,0.0,32.0,36.0,2.0,1.0,4.0,0.0,0.0,30.0,29.0,3.0,17.0,4.0,1.0,1.0,Sunday,993005307.0,26,20,19143.0,6.0,1,-2.0,0.111,0.0,,-0.0323451455476589,0.5070422535211268,-0.0562175164703394,-0.0877290709823784,0.1724573525600106,0.4767441860465116,0.4029246861880113,0.1751873365438152,21.7,26.7,-5.0,280.3333333333333,366.6666666666667,0.0,0.217,0.6,142.0,143.0,4.0,-0.0294076102863391,0.46210074468231,0.0226421434152578,-0.1548070346692683,0.0290740082428916,0.4528939950298579,0.165244592364711,-0.060091296759013,-0.021292983967474,-0.0109540034999082,18.0,8.0,0.0,1.2,77.33333333333337,638.0,-98.0,635.3333333333334,-19.0,265.0,-46.0,240.0,-1.0,7.0,0.07651778611313059,-0.1559154070522854
202510706.0,2025-10-19T13:00:00,1,2025,7,CHI,NO,HOME,26.0,14.0,40.0,Soldier Field,3.0,17.0,3.0,3.0,0.0,28.0,26.0,36:19,19.0,8.0,10.0,1.0,59.0,381.0,6.5,2.0,27.0,145.0,5.4,1.0,29.0,17.0,236.0,1.0,0.0,8.1,13.9,58.6,96.34,10.0,3.0,30.0,1.0,0.0,0.0,3.0,1.0,0.0,0.0,9.0,84.0,1.0,0.0,3.0,16.0,3.0,3.0,2.0,106.0,53.0,0.0,3.0,3.0,0.0,7.0,7.0,0.0,0.0,31.0,34.0,23:41,22.0,7.0,11.0,4.0,60.0,329.0,5.5,3.0,31.0,124.0,4.0,0.0,26.0,19.0,205.0,3.0,1.0,7.9,10.8,73.1,118.27,8.0,3.0,37.5,1.0,1.0,100.0,1.0,1.0,0.0,0.0,5.0,40.0,3.0,2.0,3.0,6.0,5.0,4.0,1.0,30.0,30.0,3.0,0.0,-3.0,33.3,0.0,100.0,0.0,1.0,1.0,0.0,2.0,0.0,0.0,0.0,5.0,4.0,3.0,3.0,0.0,0.0,0.0,0.0,0.0,2.0,1.0,32.0,34.0,3.0,6.0,3.0,1.0,2.0,28.0,33.0,3.0,16.0,5.0,0.0,0.0,Sunday,993005310.0,6,22,19156.0,12.0,1,3.0,0.3,0.0,,0.0930196413349684,0.5063291139240507,0.0678805828103644,0.2187537875600873,0.0363657663717178,0.5,0.3834588931606765,-0.5620152616659956,27.0,20.7,6.3,345.6666666666667,360.6666666666667,3.333,0.436,0.6,126.0,141.0,3.0,0.074560605809913,0.4819761990427283,0.1859302346336278,-0.0481134915655168,-0.0467405966288835,0.5094043887147336,0.015684491678503,-0.2405501181803169,-0.0018789156748057,0.0199094015547205,202510706.0,2025-10-19T13:00:00,1,2025,7,NO,CHI,AWAY,14.0,26.0,40.0,Soldier Field,0.0,7.0,7.0,0.0,0.0,28.0,16.0,23:41,17.0,7.0,7.0,3.0,51.0,296.0,5.8,1.0,23.0,73.0,3.2,1.0,26.0,20.0,223.0,0.0,0.0,8.6,11.2,76.9,101.92,9.0,3.0,33.3,0.0,0.0,0.0,2.0,1.0,0.0,0.0,8.0,67.0,1.0,1.0,2.0,4.0,4.0,7.0,2.0,70.0,35.0,1.0,0.0,-1.0,3.0,17.0,3.0,3.0,0.0,31.0,44.0,36:19,19.0,5.0,12.0,2.0,58.0,333.0,5.7,3.0,31.0,73.0,2.4,0.0,26.0,18.0,260.0,3.0,0.0,10.0,14.4,69.2,139.9,13.0,6.0,46.2,2.0,1.0,50.0,1.0,0.0,0.0,0.0,11.0,65.0,1.0,0.0,1.0,1.0,4.0,4.0,3.0,144.0,48.0,0.0,1.0,1.0,50.0,0.0,0.0,0.0,1.0,1.0,0.0,0.0,0.0,0.0,0.0,4.0,4.0,2.0,2.0,0.0,0.0,0.0,1.0,1.0,1.0,1.0,37.0,13.0,1.0,1.0,2.0,1.0,0.0,27.0,36.0,2.0,4.0,5.0,0.0,1.0,Sunday,993005309.0,22,6,19153.0,-12.0,0,-1.0,0.333,0.0,,0.0066098958855891,0.4929577464788732,-0.060692377356802,-0.0595552092667536,0.0925806380232243,0.4875,0.5512003261765788,-0.3814519624983569,21.3,23.3,-2.0,308.6666666666667,341.3333333333333,1.333,0.395,0.2,111.0,160.0,1.0,-0.0214498695992553,0.4831978496493363,0.0507376161678964,-0.0871330628528544,0.0020600402159516,0.4814434259806819,0.1840130576043431,-0.2066920008350099,-0.0771112805489962,0.0395711662959894,8.3,4.3,0.39999999999999997,0.8,37.0,654.3333333333334,19.33333333333337,702.0,15.0,237.0,-19.0,301.0,2.0,4.0,0.0960104754091683,-0.048800636844835106
202510716.0,2025-10-19T13:00:00,1,2025,7,KC,LV,HOME,31.0,0.0,31.0,Arrowhead Stadium,7.0,14.0,10.0,0.0,0.0,30.0,37.0,42:08,26.0,8.0,16.0,2.0,62.0,355.0,5.7,4.0,29.0,112.0,3.9,1.0,30.0,22.0,243.0,3.0,0.0,8.1,11.0,73.3,130.28,10.0,4.0,40.0,3.0,2.0,66.7,6.0,4.0,0.0,0.0,0.0,0.0,1.0,0.0,3.0,14.0,4.0,3.0,1.0,46.0,46.0,0.0,0.0,0.0,0.0,0.0,0.0,0.0,0.0,29.0,23.0,17:52,18.0,5.0,13.0,0.0,53.0,297.0,5.6,2.0,23.0,98.0,4.3,0.0,29.0,23.0,199.0,2.0,0.0,6.9,8.7,79.3,118.25,11.0,5.0,45.5,2.0,0.0,0.0,2.0,1.0,0.0,0.0,4.0,38.0,1.0,0.0,1.0,4.0,3.0,2.0,3.0,138.0,46.0,0.0,0.0,0.0,66.7,0.0,50.0,0.0,4.0,3.0,0.0,0.0,0.0,0.0,0.0,1.0,1.0,2.0,2.0,0.0,0.0,0.0,0.0,0.0,1.0,1.0,33.0,22.0,1.0,4.0,0.0,1.0,0.0,30.0,30.0,3.0,14.0,1.0,1.0,0.0,Sunday,993005316.0,16,25,19154.0,31.0,1,0.0,0.4,0.0,,0.2296754398267073,0.5675675675675675,0.4462629631666879,0.0397403715876862,0.0669397687631564,0.5652173913043478,0.2007851601319998,-0.0876602690206544,31.7,22.7,9.0,404.3333333333333,325.3333333333333,1.0,0.43,0.6,155.0,124.0,3.0,0.181108885096142,0.5520386286669812,0.3010376651298828,0.1242251371405063,0.0619903138409927,0.5399396577998864,0.0815352164511134,0.0435824557597111,0.1179959551935402,0.0196976681133492,202510716.0,2025-10-19T13:00:00,1,2025,7,LV,KC,AWAY,0.0,31.0,31.0,Arrowhead Stadium,0.0,0.0,0.0,0.0,0.0,32.0,26.0,17:52,16.0,4.0,9.0,3.0,57.0,226.0,4.0,2.0,32.0,68.0,2.1,1.0,23.0,17.0,158.0,1.0,1.0,6.9,9.3,73.9,88.68,13.0,6.0,46.2,1.0,1.0,100.0,4.0,2.0,0.0,0.0,6.0,27.0,0.0,0.0,2.0,16.0,8.0,7.0,4.0,167.0,41.8,1.0,3.0,2.0,7.0,14.0,10.0,0.0,0.0,27.0,34.0,42:08,15.0,3.0,11.0,1.0,59.0,225.0,3.8,1.0,15.0,65.0,4.3,0.0,38.0,26.0,160.0,1.0,1.0,4.2,6.2,68.4,74.45,13.0,3.0,23.1,2.0,2.0,100.0,2.0,1.0,0.0,0.0,7.0,34.0,2.0,2.0,6.0,62.0,7.0,8.0,5.0,220.0,44.0,3.0,1.0,-2.0,50.0,0.0,50.0,0.0,2.0,2.0,0.0,0.0,0.0,0.0,0.0,2.0,2.0,1.0,1.0,0.0,0.0,0.0,0.0,0.0,1.0,1.0,33.0,23.0,6.0,62.0,2.0,1.0,2.0,30.0,35.0,2.0,16.0,4.0,0.0,0.0,Sunday,993005315.0,25,16,19151.0,-31.0,0,2.0,0.462,0.0,,-0.0689924685782904,0.4415584415584415,0.2044263435106178,-0.3545091478639449,-0.21562425894461,0.4078947368421052,-0.2424090182447495,-0.2137622892041128,16.7,25.0,-8.3,293.0,271.0,-1.0,0.428,0.2,103.0,149.0,2.0,-0.1556089966169183,0.4977286088397199,-0.106860918370848,-0.2188441295754687,-0.0152620390648415,0.456016591867265,0.0302744465486575,-0.1156571703824446,-0.1476821157308319,0.0175838322878805,17.3,0.6999999999999993,0.39999999999999997,0.8,111.33333333333331,697.3333333333333,54.333333333333314,596.3333333333333,52.0,258.0,-25.0,273.0,1.0,5.0,0.3367178817130603,0.0772523529058342
202510708.0,2025-10-19T13:00:00,1,2025,7,CLE,MIA,HOME,31.0,6.0,37.0,Huntington Bank Field,3.0,14.0,7.0,7.0,0.0,28.0,8.0,31:45,20.0,6.0,10.0,4.0,75.0,248.0,3.3,0.0,17.0,65.0,3.8,0.0,52.0,29.0,183.0,0.0,0.0,3.5,6.3,55.8,63.22,17.0,6.0,35.3,4.0,2.0,50.0,3.0,0.0,0.0,0.0,6.0,44.0,0.0,0.0,6.0,38.0,3.0,6.0,4.0,198.0,49.5,0.0,0.0,0.0,0.0,6.0,0.0,0.0,0.0,31.0,52.0,28:15,19.0,7.0,11.0,1.0,58.0,335.0,5.8,2.0,28.0,100.0,3.6,0.0,30.0,21.0,235.0,2.0,0.0,7.8,11.2,70.0,115.28,13.0,5.0,38.5,0.0,0.0,0.0,1.0,1.0,0.0,0.0,10.0,59.0,1.0,0.0,0.0,0.0,17.0,6.0,2.0,84.0,42.0,0.0,0.0,0.0,0.0,0.0,100.0,0.0,0.0,0.0,0.0,0.0,0.0,0.0,0.0,3.0,3.0,2.0,2.0,0.0,0.0,0.0,0.0,0.0,4.0,3.0,33.0,26.0,0.0,0.0,3.0,1.0,0.0,32.0,40.0,6.0,38.0,8.0,0.0,0.0,Sunday,993005318.0,8,19,19149.0,25.0,1,0.0,0.353,0.0,,-0.0803353393494785,0.4329896907216495,-0.1488614159514869,-0.0014433157869943,0.1152141477171054,0.4324324324324324,0.2961687767858729,-0.1208232169435802,12.0,26.0,-14.0,273.0,320.3333333333333,0.0,0.256,0.2,82.0,146.0,1.0,-0.1568339631210649,0.3836818697318833,-0.2428569863146226,-0.0325534621797583,0.0251378920362904,0.4437222032158741,0.1804466958624354,-0.2654134609506758,-0.1580335086346086,0.0163680137071372,202510708.0,2025-10-19T13:00:00,1,2025,7,MIA,CLE,AWAY,6.0,31.0,37.0,Huntington Bank Field,0.0,6.0,0.0,0.0,0.0,25.0,41.0,28:15,19.0,7.0,10.0,2.0,56.0,341.0,6.1,3.0,21.0,137.0,6.5,2.0,33.0,22.0,204.0,1.0,3.0,6.2,9.3,66.7,55.62,11.0,5.0,45.5,0.0,0.0,0.0,3.0,2.0,0.0,0.0,4.0,45.0,0.0,0.0,2.0,9.0,7.0,1.0,2.0,111.0,55.5,3.0,1.0,-2.0,3.0,14.0,7.0,7.0,0.0,34.0,19.0,31:45,20.0,7.0,12.0,1.0,64.0,403.0,6.3,2.0,25.0,140.0,5.6,0.0,38.0,29.0,263.0,2.0,0.0,6.9,9.1,76.3,112.06,15.0,6.0,40.0,1.0,1.0,100.0,7.0,2.0,0.0,0.0,7.0,45.0,2.0,1.0,1.0,1.0,4.0,4.0,2.0,94.0,47.0,1.0,3.0,2.0,66.7,0.0,28.6,0.0,3.0,3.0,0.0,0.0,0.0,0.0,0.0,3.0,2.0,2.0,2.0,0.0,0.0,0.0,0.0,0.0,5.0,5.0,44.0,20.0,1.0,1.0,2.0,2.0,1.0,31.0,22.0,2.0,9.0,5.0,0.0,0.0,Sunday,993005317.0,19,8,19148.0,-25.0,0,-2.0,0.455,0.0,,0.0615568358673205,0.4935064935064935,-0.1071961584768124,0.2951203353266464,0.1284466838901518,0.5,0.1778541241679205,-0.0112353783452666,26.0,25.7,0.3,296.3333333333333,408.3333333333333,1.0,0.391,0.2,134.0,174.0,1.0,0.1195603453836366,0.4724676642484861,0.1909725455409309,-0.1096608904800087,0.1060547354118012,0.5118913857677903,0.1453959464082785,0.0650642212312855,0.0998418352975984,0.1448464128738135,-14.3,-13.7,0.0,0.4,-23.333333333333314,569.3333333333333,-88.0,728.6666666666666,-52.0,216.0,-28.0,320.0,0.0,2.0,-0.2763943085047015,-0.0809168433755108
202510724.0,2025-10-19T13:00:00,1,2025,7,NYJ,CAR,HOME,6.0,13.0,19.0,MetLife Stadium,0.0,3.0,0.0,3.0,0.0,28.0,52.0,24:55,8.0,6.0,2.0,0.0,57.0,82.0,1.4,0.0,31.0,92.0,3.0,0.0,17.0,9.0,-10.0,0.0,0.0,-0.6,-1.1,52.9,58.7,15.0,2.0,13.3,2.0,1.0,50.0,0.0,0.0,0.0,0.0,2.0,15.0,1.0,0.0,9.0,55.0,3.0,3.0,7.0,355.0,50.7,0.0,1.0,1.0,3.0,7.0,3.0,0.0,0.0,31.0,8.0,35:05,12.0,3.0,9.0,0.0,57.0,246.0,4.3,1.0,26.0,78.0,3.0,0.0,30.0,19.0,168.0,1.0,0.0,5.6,8.8,63.3,89.31,15.0,5.0,33.3,1.0,1.0,100.0,2.0,1.0,0.0,0.0,6.0,37.0,2.0,1.0,1.0,6.0,15.0,7.0,6.0,291.0,48.5,1.0,0.0,-1.0,0.0,0.0,50.0,0.0,0.0,0.0,0.0,0.0,0.0,0.0,0.0,3.0,3.0,1.0,1.0,0.0,0.0,0.0,0.0,0.0,2.0,2.0,29.0,31.0,1.0,6.0,2.0,2.0,1.0,36.0,27.0,9.0,55.0,4.0,0.0,0.0,Sunday,993005312.0,24,5,19048.0,-7.0,0,1.0,0.133,0.0,,-0.1443510336263754,0.3815789473684211,-0.7312626404955126,-0.0989673960741908,-0.1095799302055507,0.3466666666666667,-0.0829489557157599,-0.253347636811668,18.0,25.7,-7.7,288.0,320.6666666666667,-1.0,0.338,0.0,123.0,170.0,0.0,-0.0147585186873353,0.4855263157894736,-0.1358908272012076,-0.1458523712277111,0.1091615528009855,0.4358667343142228,0.2508502939755927,-0.0585468691432775,-0.0566196609823595,0.0907185808287325,202510724.0,2025-10-19T13:00:00,1,2025,7,CAR,NYJ,AWAY,13.0,6.0,19.0,MetLife Stadium,3.0,7.0,3.0,0.0,0.0,32.0,2.0,35:05,27.0,14.0,11.0,2.0,64.0,410.0,6.4,3.0,38.0,216.0,5.7,0.0,25.0,17.0,194.0,3.0,1.0,7.8,11.4,68.0,114.0,8.0,3.0,37.5,1.0,1.0,100.0,4.0,2.0,0.0,0.0,6.0,57.0,2.0,0.0,1.0,5.0,2.0,5.0,2.0,98.0,49.0,1.0,0.0,-1.0,0.0,3.0,0.0,3.0,0.0,27.0,58.0,24:55,15.0,1.0,12.0,2.0,53.0,292.0,5.5,3.0,19.0,31.0,1.6,0.0,34.0,25.0,261.0,3.0,0.0,7.7,10.4,73.5,124.75,12.0,5.0,41.7,2.0,2.0,100.0,4.0,2.0,0.0,0.0,6.0,37.0,2.0,0.0,0.0,0.0,5.0,2.0,3.0,143.0,47.7,0.0,1.0,1.0,50.0,0.0,50.0,0.0,3.0,3.0,0.0,0.0,0.0,0.0,0.0,3.0,3.0,3.0,3.0,0.0,0.0,0.0,0.0,0.0,2.0,2.0,32.0,17.0,0.0,0.0,4.0,0.0,0.0,39.0,24.0,1.0,5.0,1.0,2.0,0.0,Sunday,993005311.0,5,24,19145.0,7.0,1,-1.0,0.375,0.0,,0.1545272330925893,0.5714285714285714,0.1838705469080637,0.2012668368682039,0.1765672880205567,0.4520547945205479,0.6153851636584773,-0.4669741526886355,23.3,31.0,-7.7,384.6666666666667,282.3333333333333,-1.0,0.396,0.6,132.0,146.0,3.0,0.0302256865195386,0.5011223655160114,0.0785534980766741,0.1389814180758894,0.1826487713926883,0.4424228232447411,0.5511575354811223,-0.3284760178248486,0.0303849342182368,0.0421052385020471,0.0,-15.4,-0.6,0.6,-96.66666666666669,672.6666666666667,38.33333333333337,603.0,-9.0,255.0,24.0,316.0,-3.0,3.0,-0.0449842052068739,-0.07348721859170282
202510734.0,2025-10-19T13:00:00,1,2025,7,TEN,NE,HOME,13.0,31.0,44.0,Nissan Stadium,10.0,3.0,0.0,0.0,0.0,27.0,34.0,22:48,15.0,3.0,11.0,1.0,59.0,225.0,3.8,1.0,15.0,65.0,4.3,0.0,38.0,26.0,160.0,1.0,1.0,4.2,6.2,68.4,74.45,13.0,3.0,23.1,2.0,2.0,100.0,2.0,1.0,0.0,0.0,7.0,34.0,2.0,2.0,6.0,62.0,7.0,8.0,5.0,220.0,44.0,3.0,1.0,-2.0,3.0,14.0,14.0,0.0,0.0,32.0,26.0,37:12,16.0,4.0,9.0,3.0,57.0,226.0,4.0,2.0,32.0,68.0,2.1,1.0,23.0,17.0,158.0,1.0,1.0,6.9,9.3,73.9,88.68,13.0,6.0,46.2,1.0,1.0,100.0,4.0,2.0,0.0,0.0,6.0,27.0,0.0,0.0,2.0,16.0,8.0,7.0,4.0,167.0,41.8,1.0,3.0,2.0,50.0,0.0,50.0,0.0,1.0,1.0,0.0,0.0,0.0,0.0,0.0,1.0,1.0,2.0,2.0,0.0,0.0,0.0,0.0,0.0,2.0,2.0,30.0,35.0,2.0,16.0,4.0,0.0,0.0,33.0,23.0,6.0,62.0,2.0,1.0,2.0,Sunday,993005314.0,34,21,19151.0,-18.0,0,-2.0,0.231,0.0,,-0.21562425894461,0.4078947368421052,-0.2424090182447495,-0.2137622892041128,-0.0689924685782904,0.4415584415584415,0.2044263435106178,-0.3545091478639449,10.7,22.3,-11.7,242.33333333333337,313.0,-0.667,0.249,0.2,83.0,161.0,1.0,-0.2151381465971384,0.4027735327478587,-0.2191510279859788,-0.1595019381298953,-0.0209901361203756,0.4156657285336847,0.1836343205363041,-0.2374857064967818,-0.1499124039031799,0.0809072017624753,202510734.0,2025-10-19T13:00:00,1,2025,7,NE,TEN,AWAY,31.0,13.0,44.0,Nissan Stadium,3.0,14.0,14.0,0.0,0.0,31.0,44.0,37:12,19.0,5.0,12.0,2.0,58.0,333.0,5.7,3.0,31.0,73.0,2.4,0.0,26.0,18.0,260.0,3.0,0.0,10.0,14.4,69.2,139.9,13.0,6.0,46.2,2.0,1.0,50.0,1.0,0.0,0.0,0.0,11.0,65.0,1.0,0.0,1.0,1.0,4.0,4.0,3.0,144.0,48.0,0.0,1.0,1.0,10.0,3.0,0.0,0.0,0.0,28.0,16.0,22:48,17.0,7.0,7.0,3.0,51.0,296.0,5.8,1.0,23.0,73.0,3.2,1.0,26.0,20.0,223.0,0.0,0.0,8.6,11.2,76.9,101.92,9.0,3.0,33.3,0.0,0.0,0.0,2.0,1.0,0.0,0.0,8.0,67.0,1.0,1.0,2.0,4.0,4.0,7.0,2.0,70.0,35.0,1.0,0.0,-1.0,0.0,0.0,50.0,0.0,2.0,2.0,0.0,0.0,0.0,1.0,1.0,1.0,1.0,1.0,1.0,0.0,0.0,0.0,0.0,0.0,4.0,4.0,27.0,36.0,2.0,4.0,5.0,0.0,1.0,37.0,13.0,1.0,1.0,2.0,1.0,0.0,Sunday,993005313.0,21,34,19153.0,18.0,1,1.0,0.462,0.0,,0.0925806380232243,0.4875,0.5512003261765788,-0.3814519624983569,0.0066098958855891,0.4929577464788732,-0.060692377356802,-0.0595552092667536,30.0,17.3,12.7,326.0,328.3333333333333,1.0,0.376,0.8,150.0,120.0,4.0,0.137194079921688,0.4792499167499167,0.5039753860214008,-0.2032342636314463,-0.050896382498587,0.4921390787487281,0.0668624605824914,-0.1882909126989155,0.1028409227923419,-0.0085200873663712,-24.4,1.0,-0.6000000000000001,1.0,-83.66666666666663,568.3333333333334,-15.333333333333314,641.3333333333333,-67.0,233.0,41.0,281.0,-3.0,5.0,-0.3523322265188264,0.0299062463782114
202510729.0,2025-10-19T16:05:00,1,2025,7,LAC,IND,HOME,24.0,38.0,62.0,SoFi Stadium,3.0,0.0,14.0,7.0,0.0,34.0,19.0,34:27,20.0,7.0,12.0,1.0,64.0,403.0,6.3,2.0,25.0,140.0,5.6,0.0,38.0,29.0,263.0,2.0,0.0,6.9,9.1,76.3,112.06,15.0,6.0,40.0,1.0,1.0,100.0,7.0,2.0,0.0,0.0,7.0,45.0,2.0,1.0,1.0,1.0,4.0,4.0,2.0,94.0,47.0,1.0,3.0,2.0,6.0,17.0,15.0,0.0,0.0,25.0,41.0,25:33,19.0,7.0,10.0,2.0,56.0,341.0,6.1,3.0,21.0,137.0,6.5,2.0,33.0,22.0,204.0,1.0,3.0,6.2,9.3,66.7,55.62,11.0,5.0,45.5,0.0,0.0,0.0,3.0,2.0,0.0,0.0,4.0,45.0,0.0,0.0,2.0,9.0,7.0,1.0,2.0,111.0,55.5,3.0,1.0,-2.0,28.6,0.0,66.7,0.0,2.0,2.0,0.0,0.0,0.0,0.0,0.0,5.0,5.0,3.0,3.0,0.0,0.0,0.0,0.0,0.0,3.0,2.0,31.0,22.0,2.0,9.0,5.0,0.0,0.0,44.0,20.0,1.0,1.0,2.0,2.0,1.0,Sunday,993005320.0,29,14,19148.0,-14.0,0,2.0,0.4,0.0,,0.1284466838901518,0.5,0.1778541241679205,-0.0112353783452666,0.0615568358673205,0.4935064935064935,-0.1071961584768124,0.2951203353266464,19.0,25.0,-6.0,359.0,326.6666666666667,-0.333,0.432,0.6,127.0,125.0,4.0,-0.0069474464880782,0.4573164452682524,-0.1221860023534168,0.1445830480948214,0.0735176428340312,0.5131116435464261,0.1184143528984178,0.0288462383551781,-0.0339450637428012,-0.0251893583730145,202510729.0,2025-10-19T16:05:00,1,2025,7,IND,LAC,AWAY,38.0,24.0,62.0,SoFi Stadium,6.0,17.0,15.0,0.0,0.0,27.0,55.0,25:33,25.0,11.0,13.0,1.0,58.0,355.0,6.1,4.0,27.0,150.0,5.6,2.0,30.0,22.0,205.0,2.0,1.0,6.8,9.3,73.3,100.0,8.0,4.0,50.0,0.0,0.0,0.0,4.0,4.0,0.0,0.0,5.0,40.0,0.0,0.0,1.0,7.0,12.0,6.0,3.0,165.0,55.0,1.0,1.0,0.0,3.0,0.0,14.0,7.0,0.0,32.0,5.0,34:27,25.0,7.0,17.0,1.0,70.0,400.0,5.7,3.0,24.0,88.0,3.7,1.0,44.0,27.0,312.0,2.0,1.0,7.1,11.6,61.4,88.45,14.0,9.0,64.3,1.0,0.0,0.0,6.0,3.0,0.0,0.0,7.0,65.0,0.0,0.0,2.0,8.0,6.0,3.0,2.0,92.0,46.0,1.0,1.0,0.0,100.0,0.0,50.0,0.0,4.0,4.0,0.0,0.0,0.0,0.0,0.0,1.0,1.0,3.0,3.0,0.0,0.0,0.0,0.0,0.0,2.0,2.0,43.0,16.0,2.0,8.0,3.0,0.0,0.0,31.0,27.0,1.0,7.0,4.0,0.0,0.0,Sunday,993005319.0,14,29,19146.0,14.0,1,0.0,0.5,0.0,,0.1665656401693675,0.5733333333333334,0.1545624092855856,0.1790181493937173,0.1173949707569916,0.5111111111111111,0.1263885898974253,-0.0298251178452198,30.3,20.0,10.3,335.0,386.0,0.0,0.544,0.8,194.0,116.0,5.0,0.1150282382734374,0.5161181434599156,0.1148744849928082,0.1002032154513221,-0.035933438190863,0.5151246127525777,0.0616540665470915,-0.2244892605851839,0.1533240440761634,-0.0042631671177514,-16.3,4.300000000000001,-0.20000000000000007,1.4,24.0,694.0,-59.333333333333314,712.6666666666667,-67.0,321.0,9.0,241.0,-1.0,9.0,-0.1219756847615156,0.1094510810248942
202510710.0,2025-10-19T16:05:00,1,2025,7,DEN,NYG,HOME,33.0,32.0,65.0,Empower Field at Mile High,0.0,0.0,0.0,33.0,0.0,31.0,8.0,29:49,12.0,3.0,9.0,0.0,57.0,246.0,4.3,1.0,26.0,78.0,3.0,0.0,30.0,19.0,168.0,1.0,0.0,5.6,8.8,63.3,89.31,15.0,5.0,33.3,1.0,1.0,100.0,2.0,1.0,0.0,0.0,6.0,37.0,2.0,1.0,1.0,6.0,15.0,7.0,6.0,291.0,48.5,1.0,0.0,-1.0,7.0,6.0,6.0,13.0,0.0,28.0,52.0,30:11,8.0,6.0,2.0,0.0,57.0,82.0,1.4,0.0,31.0,92.0,3.0,0.0,17.0,9.0,-10.0,0.0,0.0,-0.6,-1.1,52.9,58.7,15.0,2.0,13.3,2.0,1.0,50.0,0.0,0.0,0.0,0.0,2.0,15.0,1.0,0.0,9.0,55.0,3.0,3.0,7.0,355.0,50.7,0.0,1.0,1.0,50.0,0.0,0.0,0.0,1.0,1.0,0.0,0.0,0.0,0.0,0.0,2.0,2.0,0.0,0.0,0.0,0.0,0.0,0.0,0.0,3.0,3.0,36.0,27.0,9.0,55.0,4.0,0.0,0.0,29.0,31.0,1.0,6.0,2.0,2.0,1.0,Sunday,993005322.0,10,23,19048.0,1.0,1,-1.0,0.333,0.0,,-0.1095799302055507,0.3466666666666667,-0.0829489557157599,-0.253347636811668,-0.1443510336263754,0.3815789473684211,-0.7312626404955126,-0.0989673960741908,20.7,10.3,10.3,372.0,181.0,-0.667,0.406,0.6,130.0,95.0,4.0,0.0415753340068432,0.4454178456894925,0.1294574788937104,-0.1029852309143139,-0.1013725269993262,0.3938844691774111,-0.3244152972954728,-0.0697915545189365,0.0389506914992987,-0.0419218721809486,202510710.0,2025-10-19T16:05:00,1,2025,7,NYG,DEN,AWAY,32.0,33.0,65.0,Empower Field at Mile High,7.0,6.0,6.0,13.0,0.0,30.0,59.0,30:11,25.0,14.0,8.0,3.0,67.0,366.0,5.5,5.0,39.0,172.0,4.4,4.0,26.0,17.0,194.0,1.0,0.0,7.5,11.4,65.4,100.48,16.0,11.0,68.8,0.0,0.0,0.0,3.0,3.0,0.0,0.0,6.0,55.0,0.0,0.0,2.0,1.0,3.0,7.0,4.0,171.0,42.8,0.0,2.0,2.0,0.0,0.0,0.0,33.0,0.0,29.0,1.0,29:49,20.0,5.0,14.0,1.0,56.0,339.0,6.1,2.0,20.0,73.0,3.6,1.0,33.0,24.0,266.0,1.0,1.0,8.1,11.1,72.7,93.75,9.0,1.0,11.1,2.0,2.0,100.0,3.0,2.0,0.0,0.0,4.0,46.0,1.0,1.0,3.0,17.0,3.0,1.0,4.0,214.0,53.5,2.0,0.0,-2.0,100.0,0.0,66.7,0.0,5.0,4.0,0.0,0.0,0.0,0.0,0.0,0.0,0.0,2.0,2.0,0.0,0.0,0.0,0.0,0.0,1.0,1.0,30.0,29.0,3.0,17.0,4.0,1.0,1.0,32.0,36.0,2.0,1.0,4.0,0.0,0.0,Sunday,993005321.0,23,10,19143.0,-1.0,0,2.0,0.688,0.0,,0.1724573525600106,0.4767441860465116,0.4029246861880113,0.1751873365438152,-0.0323451455476589,0.5070422535211268,-0.0562175164703394,-0.0877290709823784,23.0,20.3,2.7,317.0,336.3333333333333,-0.333,0.485,0.4,121.0,144.0,2.0,-0.0213759496998936,0.4793837076758198,0.0360716744747294,-0.075954660787956,-0.0473986668769725,0.4835123434497455,0.0246494218867386,0.0302096144177995,0.0008945145765011,0.0150110270033386,7.6000000000000005,13.0,0.19999999999999996,1.0,55.0,689.0,-155.33333333333331,517.3333333333333,9.0,251.0,-49.0,239.0,2.0,6.0,0.0629512837067368,-0.053973860122353695
202510709.0,2025-10-19T16:25:00,1,2025,7,DAL,WAS,HOME,44.0,22.0,66.0,AT&T Stadium,17.0,10.0,14.0,3.0,0.0,27.0,58.0,31:21,15.0,1.0,12.0,2.0,53.0,292.0,5.5,3.0,19.0,31.0,1.6,0.0,34.0,25.0,261.0,3.0,0.0,7.7,10.4,73.5,124.75,12.0,5.0,41.7,2.0,2.0,100.0,4.0,2.0,0.0,0.0,6.0,37.0,2.0,0.0,0.0,0.0,5.0,2.0,3.0,143.0,47.7,0.0,1.0,1.0,8.0,7.0,7.0,0.0,0.0,32.0,2.0,28:39,27.0,14.0,11.0,2.0,64.0,410.0,6.4,3.0,38.0,216.0,5.7,0.0,25.0,17.0,194.0,3.0,1.0,7.8,11.4,68.0,114.0,8.0,3.0,37.5,1.0,1.0,100.0,4.0,2.0,0.0,0.0,6.0,57.0,2.0,0.0,1.0,5.0,2.0,5.0,2.0,98.0,49.0,1.0,0.0,-1.0,50.0,0.0,50.0,0.0,3.0,3.0,0.0,0.0,0.0,0.0,0.0,2.0,2.0,3.0,3.0,0.0,0.0,0.0,0.0,0.0,3.0,3.0,39.0,24.0,1.0,5.0,1.0,2.0,0.0,32.0,17.0,0.0,0.0,4.0,0.0,0.0,Sunday,993005324.0,9,35,19145.0,22.0,1,1.0,0.417,0.0,,0.1765672880205567,0.4520547945205479,0.6153851636584773,-0.4669741526886355,0.1545272330925893,0.5714285714285714,0.1838705469080637,0.2012668368682039,34.7,30.7,4.0,381.3333333333333,425.6666666666667,1.0,0.414,0.4,178.0,184.0,2.0,0.2229066248211753,0.4872087212141596,0.5118633410991228,-0.0494205139121159,0.1413469604733493,0.5317460317460317,0.264423209579665,0.0319342726163728,0.1597627090128853,0.1627206779440381,202510709.0,2025-10-19T16:25:00,1,2025,7,WAS,DAL,AWAY,22.0,44.0,66.0,AT&T Stadium,8.0,7.0,7.0,0.0,0.0,31.0,34.0,28:39,22.0,7.0,11.0,4.0,60.0,329.0,5.5,3.0,31.0,124.0,4.0,0.0,26.0,19.0,205.0,3.0,1.0,7.9,10.8,73.1,118.27,8.0,3.0,37.5,1.0,1.0,100.0,1.0,1.0,0.0,0.0,5.0,40.0,3.0,2.0,3.0,6.0,5.0,4.0,1.0,30.0,30.0,3.0,0.0,-3.0,17.0,10.0,14.0,3.0,0.0,28.0,26.0,31:21,19.0,8.0,10.0,1.0,59.0,381.0,6.5,2.0,27.0,145.0,5.4,1.0,29.0,17.0,236.0,1.0,0.0,8.1,13.9,58.6,96.34,10.0,3.0,30.0,1.0,0.0,0.0,3.0,1.0,0.0,0.0,9.0,84.0,1.0,0.0,3.0,16.0,3.0,3.0,2.0,106.0,53.0,0.0,3.0,3.0,100.0,0.0,33.3,0.0,3.0,3.0,0.0,0.0,0.0,0.0,0.0,2.0,1.0,1.0,1.0,0.0,2.0,0.0,0.0,0.0,5.0,4.0,28.0,33.0,3.0,16.0,5.0,0.0,0.0,32.0,34.0,3.0,6.0,3.0,1.0,2.0,Sunday,993005323.0,35,9,19156.0,-22.0,0,-3.0,0.375,0.0,,0.0363657663717178,0.5,0.3834588931606765,-0.5620152616659956,0.0930196413349684,0.5063291139240507,0.0678805828103644,0.2187537875600873,26.0,23.0,3.0,337.3333333333333,384.0,-0.667,0.262,0.4,158.0,126.0,3.0,0.1298534209361146,0.536036036036036,0.3590840700054196,-0.2031551749324925,0.0731795391118065,0.4820293833562096,0.1658552090775872,0.0526217417974298,0.1083562202433414,0.0489419059219707,1.0,7.0,0.0,0.8,44.0,718.6666666666666,41.666666666666686,809.6666666666667,20.0,336.0,58.0,310.0,-1.0,5.0,0.09305320388506069,0.0681674213615428
202510701.0,2025-10-19T16:25:00,1,2025,7,ARI,GB,HOME,23.0,27.0,50.0,State Farm Stadium,3.0,10.0,7.0,3.0,0.0,32.0,5.0,34:10,25.0,7.0,17.0,1.0,70.0,400.0,5.7,3.0,24.0,88.0,3.7,1.0,44.0,27.0,312.0,2.0,1.0,7.1,11.6,61.4,88.45,14.0,9.0,64.3,1.0,0.0,0.0,6.0,3.0,0.0,0.0,7.0,65.0,0.0,0.0,2.0,8.0,6.0,3.0,2.0,92.0,46.0,1.0,1.0,0.0,0.0,6.0,7.0,14.0,0.0,27.0,55.0,25:50,25.0,11.0,13.0,1.0,58.0,355.0,6.1,4.0,27.0,150.0,5.6,2.0,30.0,22.0,205.0,2.0,1.0,6.8,9.3,73.3,100.0,8.0,4.0,50.0,0.0,0.0,0.0,4.0,4.0,0.0,0.0,5.0,40.0,0.0,0.0,1.0,7.0,12.0,6.0,3.0,165.0,55.0,1.0,1.0,0.0,50.0,0.0,100.0,0.0,3.0,3.0,0.0,0.0,0.0,0.0,0.0,2.0,2.0,4.0,4.0,0.0,0.0,0.0,0.0,0.0,1.0,1.0,31.0,27.0,1.0,7.0,4.0,0.0,0.0,43.0,16.0,2.0,8.0,3.0,0.0,0.0,Sunday,993005326.0,1,12,19146.0,-4.0,0,0.0,0.643,0.0,,0.1173949707569916,0.5111111111111111,0.1263885898974253,-0.0298251178452198,0.1665656401693675,0.5733333333333334,0.1545624092855856,0.1790181493937173,22.7,25.3,-2.7,337.6666666666667,355.3333333333333,-0.667,0.493,0.2,130.0,127.0,2.0,0.0160110596732207,0.4532490113711551,0.0767729197748797,-0.1877628722727718,0.0671866339742718,0.4959891598915989,0.2221071559265809,-0.0816336324156061,0.0173345580782554,0.0346459647716914,202510701.0,2025-10-19T16:25:00,1,2025,7,GB,ARI,AWAY,27.0,23.0,50.0,State Farm Stadium,0.0,6.0,7.0,14.0,0.0,32.0,44.0,25:50,24.0,12.0,11.0,1.0,60.0,409.0,6.8,3.0,33.0,153.0,4.6,2.0,26.0,19.0,256.0,1.0,1.0,9.8,13.5,73.1,100.8,11.0,5.0,45.5,1.0,1.0,100.0,4.0,3.0,0.0,0.0,5.0,40.0,0.0,0.0,1.0,3.0,5.0,5.0,2.0,91.0,45.5,1.0,0.0,-1.0,3.0,10.0,7.0,3.0,0.0,27.0,16.0,34:10,20.0,5.0,12.0,3.0,62.0,268.0,4.3,2.0,16.0,55.0,3.4,0.0,45.0,29.0,213.0,2.0,0.0,4.7,7.3,64.4,90.32,15.0,6.0,40.0,2.0,2.0,100.0,2.0,2.0,0.0,0.0,3.0,17.0,0.0,0.0,1.0,6.0,4.0,4.0,4.0,211.0,52.8,0.0,1.0,1.0,75.0,0.0,100.0,0.0,3.0,3.0,0.0,0.0,0.0,0.0,0.0,2.0,2.0,1.0,1.0,0.0,2.0,1.0,0.0,0.0,3.0,1.0,27.0,32.0,1.0,6.0,3.0,0.0,0.0,38.0,22.0,1.0,3.0,6.0,0.0,0.0,Sunday,993005325.0,12,1,19152.0,4.0,1,-1.0,0.455,0.0,,0.2191490634705385,0.5945945945945946,0.2994460379021404,0.1082957065362414,0.096469006857219,0.5308641975308642,0.1626770348726709,-0.0524034646696236,25.7,23.7,2.0,376.0,308.3333333333333,-0.667,0.575,0.6,131.0,102.0,3.0,0.1229114317184485,0.5053314932833005,0.2930272323468464,0.0184370793110946,0.0782407347786827,0.4880057921035179,0.1678633100125002,-0.0275141059866183,0.1199891715811646,0.0222417843560886,-4.7,-0.7000000000000002,-0.39999999999999997,0.8,-38.333333333333314,713.6666666666667,47.0,663.6666666666666,-1.0,261.0,25.0,229.0,-1.0,5.0,-0.1069003720452278,-0.011054100804410896
202510731.0,2025-10-19T20:20:00,1,2025,7,SF,ATL,HOME,20.0,10.0,30.0,Levi's Stadium,0.0,10.0,3.0,7.0,0.0,32.0,35.0,32:10,17.0,6.0,10.0,1.0,67.0,363.0,5.4,1.0,22.0,67.0,3.0,1.0,39.0,27.0,296.0,0.0,2.0,7.6,11.0,69.2,70.03,16.0,7.0,43.8,2.0,0.0,0.0,2.0,1.0,0.0,0.0,9.0,65.0,1.0,0.0,6.0,51.0,1.0,4.0,2.0,89.0,44.5,2.0,0.0,-2.0,0.0,3.0,7.0,0.0,0.0,27.0,25.0,27:50,19.0,9.0,9.0,1.0,50.0,352.0,7.0,4.0,26.0,104.0,4.0,2.0,23.0,17.0,248.0,2.0,0.0,10.8,14.6,73.9,137.59,8.0,3.0,37.5,0.0,0.0,0.0,2.0,2.0,0.0,0.0,5.0,31.0,1.0,0.0,1.0,8.0,10.0,5.0,3.0,166.0,55.3,0.0,2.0,2.0,50.0,0.0,100.0,0.0,1.0,1.0,0.0,0.0,0.0,0.0,0.0,4.0,4.0,3.0,3.0,0.0,1.0,0.0,0.0,0.0,2.0,1.0,29.0,17.0,1.0,8.0,2.0,0.0,0.0,40.0,26.0,6.0,51.0,5.0,1.0,0.0,Sunday,993005328.0,31,2,19150.0,10.0,1,-2.0,0.438,0.0,,0.0155734617353427,0.5,-0.1219909618241067,-0.0151695511414713,0.1591133282187147,0.5441176470588235,0.5705307035591072,-0.0376483593443856,22.0,26.3,-4.3,386.3333333333333,377.6666666666667,-1.333,0.481,0.6,125.0,128.0,4.0,0.0066181152197968,0.4925961308812992,0.0531610800658667,-0.0959676710900784,0.0673007739411591,0.5361397330550846,0.3786795689096983,-0.2541750918869397,0.0049640335690433,0.0235034565683415,202510731.0,2025-10-19T20:20:00,1,2025,7,ATL,SF,AWAY,10.0,20.0,30.0,Levi's Stadium,0.0,3.0,7.0,0.0,0.0,31.0,39.0,27:50,22.0,9.0,10.0,3.0,66.0,443.0,6.7,3.0,32.0,210.0,6.6,2.0,32.0,20.0,233.0,1.0,0.0,7.3,11.6,62.5,94.92,12.0,5.0,41.7,1.0,0.0,0.0,3.0,1.0,0.0,0.0,6.0,35.0,0.0,0.0,2.0,17.0,6.0,3.0,4.0,180.0,45.0,0.0,2.0,2.0,0.0,10.0,3.0,7.0,0.0,28.0,21.0,32:10,17.0,7.0,8.0,2.0,54.0,291.0,5.4,2.0,24.0,134.0,5.6,0.0,26.0,15.0,157.0,2.0,2.0,6.0,10.5,57.7,68.91,9.0,2.0,22.2,1.0,0.0,0.0,3.0,2.0,0.0,0.0,8.0,64.0,2.0,0.0,4.0,23.0,4.0,9.0,6.0,273.0,45.5,2.0,0.0,-2.0,33.3,0.0,66.7,0.0,3.0,3.0,0.0,0.0,0.0,0.0,0.0,2.0,1.0,2.0,2.0,0.0,0.0,0.0,0.0,0.0,0.0,0.0,27.0,27.0,4.0,23.0,9.0,1.0,0.0,37.0,27.0,2.0,17.0,5.0,0.0,0.0,Sunday,993005327.0,2,31,19155.0,-10.0,0,2.0,0.417,0.0,,0.053390144775485,0.5057471264367817,0.1152183070956097,0.1669488642679639,-0.0876187842512173,0.4929577464788732,-0.1245367657998891,-0.0664671124337474,19.3,23.7,-4.3,403.3333333333333,269.6666666666667,0.0,0.434,0.6,100.0,100.0,3.0,-0.0387369367702153,0.4618052670451922,0.103239171487587,0.0285577880282596,0.049228659645258,0.5204253549323973,0.028398910645218,-0.0123059507506984,-0.0186763088550778,-0.0290236693523394,0.0,-8.6,0.0,1.2,-17.0,789.6666666666666,108.0,647.3333333333334,25.0,225.0,28.0,228.0,1.0,7.0,0.0453550519900121,0.018072114295901102
202510711.0,2025-10-20T19:00:00,1,2025,7,DET,TB,HOME,24.0,9.0,33.0,Ford Field,7.0,7.0,7.0,3.0,0.0,29.0,23.0,31:39,18.0,5.0,13.0,0.0,53.0,297.0,5.6,2.0,23.0,98.0,4.3,0.0,29.0,23.0,199.0,2.0,0.0,6.9,8.7,79.3,118.25,11.0,5.0,45.5,2.0,0.0,0.0,2.0,1.0,0.0,0.0,4.0,38.0,1.0,0.0,1.0,4.0,3.0,2.0,3.0,138.0,46.0,0.0,0.0,0.0,0.0,3.0,6.0,0.0,0.0,30.0,37.0,28:21,26.0,8.0,16.0,2.0,62.0,355.0,5.7,4.0,29.0,112.0,3.9,1.0,30.0,22.0,243.0,3.0,0.0,8.1,11.0,73.3,130.28,10.0,4.0,40.0,3.0,2.0,66.7,6.0,4.0,0.0,0.0,0.0,0.0,1.0,0.0,3.0,14.0,4.0,3.0,1.0,46.0,46.0,0.0,0.0,0.0,50.0,0.0,66.7,0.0,2.0,2.0,0.0,0.0,0.0,0.0,0.0,1.0,1.0,4.0,3.0,0.0,0.0,0.0,0.0,0.0,1.0,1.0,30.0,30.0,3.0,14.0,1.0,1.0,0.0,33.0,22.0,1.0,4.0,0.0,1.0,0.0,Monday,993005330.0,11,33,19154.0,15.0,1,0.0,0.455,0.0,,0.0669397687631564,0.5652173913043478,0.2007851601319998,-0.0876602690206544,0.2296754398267073,0.5675675675675675,0.4462629631666879,0.0397403715876862,29.3,21.3,8.0,313.0,308.6666666666667,1.333,0.378,0.8,191.0,142.0,4.0,0.0572249791104836,0.5133003118693817,0.2043418500538865,-0.1206787513042734,-0.0571569682530575,0.4524643829876387,-0.016272645125362,-0.0567412169951682,0.1524978584759569,-0.0271609621715542,202510711.0,2025-10-20T19:00:00,1,2025,7,TB,DET,AWAY,9.0,24.0,33.0,Ford Field,0.0,3.0,6.0,0.0,0.0,27.0,25.0,28:21,19.0,9.0,9.0,1.0,50.0,352.0,7.0,4.0,26.0,104.0,4.0,2.0,23.0,17.0,248.0,2.0,0.0,10.8,14.6,73.9,137.59,8.0,3.0,37.5,0.0,0.0,0.0,2.0,2.0,0.0,0.0,5.0,31.0,1.0,0.0,1.0,8.0,10.0,5.0,3.0,166.0,55.3,0.0,2.0,2.0,7.0,7.0,7.0,3.0,0.0,32.0,35.0,31:39,17.0,6.0,10.0,1.0,67.0,363.0,5.4,1.0,22.0,67.0,3.0,1.0,39.0,27.0,296.0,0.0,2.0,7.6,11.0,69.2,70.03,16.0,7.0,43.8,2.0,0.0,0.0,2.0,1.0,0.0,0.0,9.0,65.0,1.0,0.0,6.0,51.0,1.0,4.0,2.0,89.0,44.5,2.0,0.0,-2.0,100.0,0.0,50.0,0.0,3.0,3.0,0.0,1.0,0.0,0.0,0.0,2.0,1.0,1.0,1.0,0.0,0.0,0.0,0.0,0.0,4.0,4.0,40.0,26.0,6.0,51.0,5.0,1.0,0.0,29.0,17.0,1.0,8.0,2.0,0.0,0.0,Monday,993005329.0,33,11,19150.0,-15.0,0,2.0,0.375,0.0,,0.1591133282187147,0.5441176470588235,0.5705307035591072,-0.0376483593443856,0.0155734617353427,0.5,-0.1219909618241067,-0.0151695511414713,31.0,28.3,2.7,384.6666666666667,342.0,0.667,0.414,0.8,165.0,151.0,5.0,0.116693428759461,0.4937728679988741,0.4001051092698673,-0.1565231381832043,0.0703349838021187,0.5134952766531714,0.1834146579856672,-0.128929409390242,0.0605714738222002,0.0284383159327946,5.3,10.7,0.0,1.6,-71.66666666666669,697.6666666666667,-33.333333333333314,650.6666666666667,26.0,356.0,-9.0,293.0,-1.0,9.0,-0.0594684496489774,-0.1274919520551762
202510730.0,2025-10-20T22:00:00,1,2025,7,SEA,HOU,HOME,27.0,19.0,46.0,Lumen Field,14.0,0.0,13.0,0.0,0.0,26.0,39.0,32:17,13.0,2.0,10.0,1.0,54.0,346.0,6.4,2.0,26.0,60.0,2.3,0.0,27.0,16.0,286.0,2.0,0.0,10.6,17.9,59.3,120.29,12.0,1.0,8.3,0.0,0.0,0.0,3.0,1.0,0.0,0.0,7.0,56.0,0.0,0.0,1.0,9.0,17.0,7.0,7.0,360.0,51.4,0.0,0.0,0.0,0.0,6.0,6.0,7.0,0.0,33.0,21.0,27:43,17.0,3.0,13.0,1.0,68.0,273.0,4.0,2.0,19.0,59.0,3.1,0.0,42.0,27.0,214.0,2.0,0.0,5.1,7.9,64.3,92.76,16.0,4.0,25.0,3.0,3.0,100.0,0.0,0.0,0.0,0.0,10.0,76.0,1.0,0.0,7.0,44.0,4.0,7.0,8.0,393.0,49.1,0.0,0.0,0.0,33.3,0.0,0.0,0.0,2.0,2.0,0.0,0.0,0.0,0.0,0.0,2.0,2.0,1.0,0.0,0.0,1.0,0.0,0.0,0.0,1.0,0.0,34.0,32.0,7.0,44.0,2.0,0.0,0.0,24.0,25.0,1.0,9.0,3.0,0.0,0.0,Monday,993005332.0,30,13,19147.0,8.0,1,0.0,0.083,0.0,,0.0397777510507831,0.4366197183098591,0.3763852451761698,-0.4272563084324106,-0.0871678975031721,0.3723404255319149,-0.0488372769836276,-0.13212399906551,26.0,23.3,2.7,397.6666666666667,317.3333333333333,-0.333,0.404,0.8,166.0,117.0,4.0,0.1157009846439578,0.4929939069590843,0.4804337163631472,-0.2626804145735566,0.0819223155885192,0.456548478347882,0.1935861458436068,-0.161509448838717,0.1078960848207694,-0.0408367981450164,202510730.0,2025-10-20T22:00:00,1,2025,7,HOU,SEA,AWAY,19.0,27.0,46.0,Lumen Field,0.0,6.0,6.0,7.0,0.0,36.0,33.0,27:43,27.0,8.0,15.0,4.0,66.0,417.0,6.3,5.0,33.0,167.0,5.1,1.0,31.0,25.0,250.0,4.0,0.0,8.1,10.0,80.6,139.85,12.0,7.0,58.3,1.0,1.0,100.0,5.0,4.0,0.0,0.0,4.0,26.0,0.0,0.0,2.0,17.0,2.0,3.0,1.0,59.0,59.0,0.0,3.0,3.0,14.0,0.0,13.0,0.0,0.0,23.0,27.0,32:17,12.0,4.0,7.0,1.0,40.0,207.0,5.2,1.0,19.0,44.0,2.3,1.0,20.0,14.0,163.0,0.0,3.0,8.2,11.6,70.0,54.79,8.0,3.0,37.5,0.0,0.0,0.0,2.0,1.0,0.0,0.0,9.0,49.0,0.0,0.0,1.0,16.0,4.0,5.0,4.0,182.0,45.5,3.0,0.0,-3.0,80.0,0.0,50.0,0.0,5.0,5.0,0.0,0.0,0.0,0.0,0.0,3.0,3.0,1.0,1.0,0.0,0.0,0.0,0.0,0.0,2.0,1.0,23.0,21.0,1.0,16.0,4.0,0.0,0.0,34.0,41.0,2.0,17.0,0.0,0.0,0.0,Monday,993005331.0,13,30,19131.0,-8.0,0,3.0,0.583,0.0,,0.3162618902825078,0.6190476190476191,0.5772167755644185,0.0482265221727361,-0.2504813458722078,0.4354838709677419,-0.2982104521689065,-0.3199990633118432,26.7,9.0,17.7,347.0,224.33333333333337,0.667,0.417,0.4,108.0,61.0,2.0,0.0546192735572084,0.4669234576613397,0.2039155290733158,-0.0740697022098168,-0.2593891130599675,0.386563406724697,-0.2930427514422926,-0.1940337401611754,0.0085269541011795,-0.1693520717532327,-15.0,20.4,0.4,1.2000000000000002,50.666666666666686,744.6666666666667,92.99999999999994,541.6666666666667,58.0,274.0,56.0,178.0,2.0,6.0,0.061081711086749396,0.3413114286484867
202510829.0,2025-10-23T20:15:00,1,2025,8,LAC,MIN,HOME,37.0,10.0,47.0,SoFi Stadium,7.0,14.0,3.0,13.0,0.0,34.0,27.0,39:04,25.0,4.0,19.0,2.0,74.0,445.0,6.0,3.0,16.0,54.0,3.4,0.0,55.0,37.0,391.0,3.0,2.0,7.1,10.6,67.3,90.8,16.0,8.0,50.0,4.0,3.0,75.0,4.0,3.0,0.0,0.0,6.0,35.0,0.0,0.0,3.0,29.0,5.0,3.0,1.0,53.0,53.0,2.0,0.0,-2.0,0.0,3.0,7.0,0.0,0.0,25.0,33.0,20:56,24.0,9.0,14.0,1.0,58.0,401.0,6.9,5.0,23.0,120.0,5.2,3.0,34.0,23.0,281.0,2.0,0.0,8.3,12.2,67.6,112.5,11.0,5.0,45.5,3.0,3.0,100.0,5.0,4.0,0.0,0.0,3.0,42.0,1.0,0.0,1.0,7.0,15.0,4.0,2.0,87.0,43.5,0.0,2.0,2.0,75.0,0.0,80.0,0.0,3.0,3.0,0.0,0.0,0.0,0.0,0.0,1.0,1.0,4.0,3.0,0.0,2.0,1.0,0.0,0.0,1.0,1.0,29.0,20.0,1.0,7.0,4.0,0.0,0.0,38.0,26.0,3.0,29.0,6.0,0.0,0.0,Thursday,993005334.0,29,20,19165.0,27.0,1,-2.0,0.5,0.0,,0.0897467031945239,0.4782608695652174,0.1637310080339045,-0.1084866417133106,0.3721989465115834,0.5616438356164384,0.4119862643496599,0.50375152064953,21.0,30.7,-9.7,394.6666666666667,377.0,-0.333,0.488,0.4,151.0,163.0,4.0,0.0451786264596969,0.4586170770036668,0.025328355961561,-0.0306552964201335,0.2062858223616495,0.5409059655634998,0.2706506160409718,0.2286835162124285,0.0016239752720213,0.0993164352252945,202510829.0,2025-10-23T20:15:00,1,2025,8,MIN,LAC,AWAY,10.0,37.0,47.0,SoFi Stadium,0.0,3.0,7.0,0.0,0.0,34.0,2.0,20:56,21.0,7.0,13.0,1.0,67.0,387.0,5.8,1.0,23.0,89.0,3.9,1.0,42.0,26.0,298.0,0.0,2.0,7.1,11.5,61.9,63.39,15.0,7.0,46.7,1.0,1.0,100.0,6.0,1.0,0.0,0.0,3.0,30.0,2.0,0.0,2.0,15.0,4.0,8.0,1.0,34.0,34.0,2.0,0.0,-2.0,7.0,14.0,3.0,13.0,0.0,25.0,58.0,39:04,13.0,4.0,9.0,0.0,49.0,361.0,7.4,4.0,23.0,45.0,2.0,0.0,23.0,19.0,316.0,3.0,0.0,13.7,16.6,82.6,158.33,10.0,3.0,30.0,3.0,2.0,66.7,1.0,0.0,0.0,0.0,8.0,64.0,0.0,0.0,3.0,10.0,8.0,6.0,3.0,146.0,48.7,0.0,2.0,2.0,16.7,0.0,0.0,0.0,1.0,1.0,0.0,0.0,0.0,0.0,0.0,5.0,5.0,4.0,4.0,0.0,0.0,0.0,0.0,0.0,1.0,0.0,30.0,25.0,3.0,10.0,1.0,0.0,0.0,39.0,18.0,2.0,15.0,3.0,0.0,0.0,Thursday,993005333.0,20,29,19161.0,-27.0,0,-2.0,0.467,0.0,,-0.0187351717471426,0.5487804878048781,0.0360790341834554,-0.3732364409703579,0.0645393771266098,0.4264705882352941,0.7271797762995658,-0.2798086772412816,21.3,23.0,-1.7,369.3333333333333,332.0,-2.0,0.362,0.4,145.0,125.0,3.0,0.0268272801104248,0.4965541302373658,0.1364969520598785,-0.2978795829599572,0.0657067434539268,0.4768120731438643,0.297352066936361,-0.045557907845907,-0.0492593856084076,-0.0608074358600422,-7.999999999999999,-11.399999999999999,0.0,0.8,25.33333333333337,764.0,45.0,709.0,6.0,296.0,38.0,288.0,1.0,7.0,0.0183513463492721,0.1405790789077227
202510813.0,2025-10-26T13:00:00,1,2025,8,HOU,SF,HOME,26.0,15.0,41.0,NRG Stadium,3.0,13.0,7.0,3.0,0.0,27.0,43.0,41:22,18.0,1.0,13.0,4.0,69.0,254.0,3.7,2.0,17.0,56.0,3.3,0.0,49.0,23.0,198.0,1.0,1.0,4.0,8.6,46.9,56.34,15.0,2.0,13.3,4.0,1.0,25.0,3.0,1.0,0.0,0.0,10.0,105.0,0.0,0.0,3.0,31.0,5.0,7.0,7.0,344.0,49.1,1.0,4.0,3.0,0.0,7.0,8.0,0.0,0.0,32.0,17.0,18:38,19.0,6.0,9.0,4.0,67.0,316.0,4.7,3.0,33.0,118.0,3.6,2.0,32.0,17.0,198.0,1.0,2.0,6.2,11.6,53.1,56.51,14.0,2.0,14.3,2.0,2.0,100.0,4.0,3.0,0.0,0.0,12.0,93.0,2.0,2.0,2.0,15.0,7.0,10.0,4.0,205.0,51.2,4.0,1.0,-3.0,33.3,0.0,75.0,0.0,1.0,1.0,0.0,2.0,0.0,0.0,0.0,2.0,2.0,3.0,3.0,0.0,0.0,0.0,0.0,0.0,3.0,2.0,36.0,25.0,2.0,15.0,5.0,2.0,2.0,34.0,20.0,3.0,31.0,12.0,0.0,0.0,Sunday,993005346.0,13,31,19170.0,11.0,1,3.0,0.133,0.0,,-0.2627055175066244,0.4,-0.191583019168109,-0.729635439174793,-0.1799499324511149,0.4222222222222222,-0.3473742994183291,-0.0637881759031867,29.7,12.3,17.3,341.3333333333333,232.66666666666663,2.333,0.372,0.4,127.0,88.0,2.0,0.0410105525542517,0.4778939217963608,0.2008940999035558,-0.2368158764144425,-0.2781968482959384,0.4023041474654378,-0.3690559277624824,-0.1519276752051233,-0.019752679362982,-0.190422021490758,202510813.0,2025-10-26T13:00:00,1,2025,8,SF,HOU,AWAY,15.0,26.0,41.0,NRG Stadium,0.0,7.0,8.0,0.0,0.0,32.0,10.0,18:38,23.0,12.0,10.0,1.0,66.0,324.0,4.9,2.0,39.0,174.0,4.5,2.0,26.0,17.0,150.0,0.0,1.0,5.8,8.8,65.4,64.58,15.0,9.0,60.0,0.0,0.0,0.0,2.0,2.0,0.0,0.0,3.0,25.0,0.0,0.0,1.0,2.0,5.0,4.0,3.0,143.0,47.7,1.0,1.0,0.0,3.0,13.0,7.0,3.0,0.0,27.0,50.0,41:22,19.0,3.0,13.0,3.0,60.0,292.0,4.9,1.0,20.0,62.0,3.1,0.0,38.0,21.0,230.0,1.0,0.0,6.1,11.0,55.3,82.13,11.0,5.0,45.5,2.0,0.0,0.0,2.0,1.0,0.0,0.0,6.0,43.0,1.0,1.0,2.0,11.0,4.0,7.0,3.0,152.0,50.7,1.0,1.0,0.0,100.0,0.0,50.0,0.0,2.0,2.0,0.0,0.0,0.0,0.0,0.0,2.0,2.0,1.0,1.0,0.0,0.0,0.0,0.0,0.0,1.0,1.0,29.0,24.0,2.0,11.0,2.0,1.0,1.0,36.0,36.0,1.0,2.0,2.0,0.0,0.0,Sunday,993005344.0,31,13,19168.0,-11.0,0,0.0,0.6,0.0,,0.0435824693872533,0.5256410256410257,0.0904031742388561,-0.0090448520293446,-0.0773963944764524,0.4415584415584415,-0.130955464274337,-0.0647360224166833,21.7,21.0,0.7,364.6666666666667,366.6666666666667,0.0,0.475,0.6,145.0,138.0,5.0,0.0586517311556529,0.5116916626350588,0.0825824245720262,-0.0459969361201681,0.0511819019908217,0.5318107287260802,0.2613712490523764,-0.2430458761374762,0.0082142153812254,0.0243576443188603,16.6,18.0,-0.19999999999999996,1.0,-23.33333333333337,706.0,-134.00000000000006,599.3333333333333,-18.0,272.0,-50.0,226.0,-3.0,7.0,-0.0176411786014012,-0.32937875028676006
202510807.0,2025-10-26T13:00:00,1,2025,8,CIN,NYJ,HOME,38.0,39.0,77.0,Paycor Stadium,10.0,14.0,7.0,7.0,0.0,34.0,32.0,26:20,27.0,8.0,16.0,3.0,72.0,470.0,6.5,3.0,23.0,142.0,6.2,0.0,47.0,31.0,328.0,3.0,0.0,7.0,10.6,66.0,107.4,14.0,7.0,50.0,1.0,1.0,100.0,5.0,2.0,0.0,0.0,4.0,35.0,0.0,0.0,2.0,14.0,2.0,2.0,3.0,135.0,45.0,0.0,2.0,2.0,0.0,13.0,3.0,23.0,0.0,25.0,28.0,33:40,19.0,7.0,12.0,0.0,54.0,396.0,7.3,4.0,20.0,147.0,7.4,0.0,34.0,23.0,249.0,4.0,2.0,7.3,10.8,67.6,103.68,10.0,7.0,70.0,0.0,0.0,0.0,4.0,3.0,0.0,0.0,7.0,59.0,0.0,0.0,0.0,0.0,6.0,3.0,2.0,84.0,42.0,2.0,0.0,-2.0,40.0,0.0,75.0,0.0,3.0,3.0,0.0,0.0,0.0,0.0,0.0,4.0,4.0,4.0,4.0,0.0,0.0,0.0,0.0,0.0,1.0,1.0,29.0,20.0,0.0,0.0,6.0,0.0,0.0,38.0,24.0,2.0,14.0,6.0,0.0,0.0,Sunday,993005336.0,7,24,19157.0,-1.0,0,2.0,0.5,0.0,,0.2190868506889872,0.5368421052631579,0.325931025412439,0.2887392489106527,0.265829838001799,0.5540540540540541,0.3518308529463546,0.2276142824848648,25.0,31.7,-6.7,353.3333333333333,390.0,0.333,0.421,0.2,136.0,214.0,3.0,0.0988146383469038,0.5184021009313406,0.1662241488253517,0.0353858395871641,0.2243471806522817,0.564317482039001,0.3720077330761449,0.1026099554846389,-0.0743637067714402,0.1773639728279072,202510807.0,2025-10-26T13:00:00,1,2025,8,NYJ,CIN,AWAY,39.0,38.0,77.0,Paycor Stadium,0.0,13.0,3.0,23.0,0.0,24.0,55.0,33:40,12.0,3.0,8.0,1.0,60.0,220.0,3.7,0.0,20.0,81.0,4.0,0.0,34.0,16.0,139.0,0.0,2.0,4.1,8.7,47.1,33.82,15.0,7.0,46.7,1.0,0.0,0.0,1.0,0.0,0.0,0.0,5.0,26.0,0.0,0.0,6.0,33.0,7.0,6.0,5.0,243.0,48.6,2.0,0.0,-2.0,10.0,14.0,7.0,7.0,0.0,35.0,5.0,26:20,17.0,7.0,10.0,0.0,70.0,302.0,4.3,1.0,36.0,125.0,3.5,0.0,32.0,19.0,177.0,1.0,0.0,5.5,9.3,59.4,85.03,17.0,5.0,29.4,4.0,3.0,75.0,3.0,1.0,0.0,0.0,6.0,45.0,1.0,0.0,2.0,21.0,11.0,3.0,6.0,276.0,46.0,0.0,2.0,2.0,0.0,0.0,33.3,0.0,0.0,0.0,0.0,0.0,0.0,0.0,0.0,2.0,2.0,1.0,1.0,0.0,0.0,0.0,0.0,0.0,2.0,2.0,40.0,29.0,2.0,21.0,7.0,0.0,0.0,28.0,25.0,6.0,33.0,9.0,0.0,0.0,Sunday,993005335.0,24,7,19162.0,1.0,1,-2.0,0.467,0.0,,-0.1951770449491419,0.3513513513513513,-0.3394655237686472,-0.0419601401845284,-0.0539638782366383,0.4044943820224719,-0.1090589206434776,-0.0323230908725236,13.0,21.0,-8.0,226.66666666666663,321.3333333333333,-0.667,0.346,0.0,129.0,183.0,0.0,-0.1046928051618346,0.4109767662399241,-0.3343378926564551,-0.1077378482355802,0.0325281878941335,0.4108808433902067,0.0713848013299819,-0.0083053468147732,-0.061670054554724,0.0440581397643418,1.2999999999999998,-14.7,0.2,0.2,126.66666666666669,580.0,68.66666666666669,711.3333333333333,7.0,265.0,31.0,397.0,3.0,3.0,0.2035074435087384,0.1918189927581482
202510805.0,2025-10-26T13:00:00,1,2025,8,CAR,BUF,HOME,9.0,40.0,49.0,Bank of America Stadium,0.0,3.0,0.0,6.0,0.0,35.0,5.0,26:28,17.0,7.0,10.0,0.0,70.0,302.0,4.3,1.0,36.0,125.0,3.5,0.0,32.0,19.0,177.0,1.0,0.0,5.5,9.3,59.4,85.03,17.0,5.0,29.4,4.0,3.0,75.0,3.0,1.0,0.0,0.0,6.0,45.0,1.0,0.0,2.0,21.0,11.0,3.0,6.0,276.0,46.0,0.0,2.0,2.0,3.0,16.0,21.0,0.0,0.0,24.0,55.0,33:32,12.0,3.0,8.0,1.0,60.0,220.0,3.7,0.0,20.0,81.0,4.0,0.0,34.0,16.0,139.0,0.0,2.0,4.1,8.7,47.1,33.82,15.0,7.0,46.7,1.0,0.0,0.0,1.0,0.0,0.0,0.0,5.0,26.0,0.0,0.0,6.0,33.0,7.0,6.0,5.0,243.0,48.6,2.0,0.0,-2.0,33.3,0.0,0.0,0.0,1.0,1.0,0.0,0.0,0.0,0.0,0.0,2.0,2.0,0.0,0.0,0.0,0.0,0.0,0.0,0.0,2.0,2.0,28.0,25.0,6.0,33.0,9.0,0.0,0.0,40.0,29.0,2.0,21.0,7.0,0.0,0.0,Sunday,993005340.0,5,4,19162.0,-31.0,0,2.0,0.294,0.0,,-0.0539638782366383,0.4044943820224719,-0.1090589206434776,-0.0323230908725236,-0.1951770449491419,0.3513513513513513,-0.3394655237686472,-0.0419601401845284,23.3,19.0,4.3,376.6666666666667,253.33333333333337,-0.333,0.375,0.8,145.0,152.0,4.0,0.071885020908949,0.4788657035848047,0.0257565562414686,0.1772251657319082,0.0341927422903622,0.4159501967721146,0.1755652925653602,-0.3166632139272666,0.0207850265556775,-0.0052016339126488,202510805.0,2025-10-26T13:00:00,1,2025,8,BUF,CAR,AWAY,40.0,9.0,49.0,Bank of America Stadium,3.0,16.0,21.0,0.0,0.0,28.0,21.0,33:32,17.0,7.0,8.0,2.0,54.0,291.0,5.4,2.0,24.0,134.0,5.6,0.0,26.0,15.0,157.0,2.0,2.0,6.0,10.5,57.7,68.91,9.0,2.0,22.2,1.0,0.0,0.0,3.0,2.0,0.0,0.0,8.0,64.0,2.0,0.0,4.0,23.0,4.0,9.0,6.0,273.0,45.5,2.0,0.0,-2.0,0.0,3.0,0.0,6.0,0.0,31.0,39.0,26:28,22.0,9.0,10.0,3.0,66.0,443.0,6.7,3.0,32.0,210.0,6.6,2.0,32.0,20.0,233.0,1.0,0.0,7.3,11.6,62.5,94.92,12.0,5.0,41.7,1.0,0.0,0.0,3.0,1.0,0.0,0.0,6.0,35.0,0.0,0.0,2.0,17.0,6.0,3.0,4.0,180.0,45.0,0.0,2.0,2.0,66.7,0.0,33.3,0.0,2.0,2.0,0.0,0.0,0.0,0.0,0.0,0.0,0.0,3.0,3.0,0.0,0.0,0.0,0.0,0.0,2.0,1.0,37.0,27.0,2.0,17.0,5.0,0.0,0.0,27.0,27.0,4.0,23.0,9.0,1.0,0.0,Sunday,993005339.0,4,5,19155.0,31.0,1,-2.0,0.222,0.0,,-0.0876187842512173,0.4929577464788732,-0.1245367657998891,-0.0664671124337474,0.053390144775485,0.5057471264367817,0.1152183070956097,0.1669488642679639,21.7,22.0,-0.3,336.6666666666667,359.6666666666667,-1.333,0.359,0.6,167.0,137.0,4.0,0.0187010486617843,0.4929456929854695,0.1127456909215066,-0.118687780481457,0.0314868463035301,0.5042425486391003,0.0308534369411671,0.0177076953510745,0.0912254366987317,-0.0015114048477667,4.6,4.0,0.20000000000000007,1.4,40.0,713.3333333333334,-106.33333333333331,613.0,-22.0,312.0,15.0,289.0,0.0,8.0,0.053183972247164694,0.002705895986832095
202510803.0,2025-10-26T13:00:00,1,2025,8,BAL,CHI,HOME,30.0,16.0,46.0,M&T Bank Stadium,0.0,10.0,6.0,14.0,0.0,37.0,55.0,30:30,19.0,11.0,6.0,2.0,75.0,296.0,3.9,0.0,37.0,179.0,4.8,0.0,34.0,21.0,117.0,0.0,1.0,3.4,5.6,61.8,55.64,17.0,7.0,41.2,6.0,2.0,33.3,3.0,0.0,0.0,0.0,7.0,80.0,3.0,2.0,4.0,23.0,3.0,4.0,1.0,53.0,53.0,3.0,1.0,-2.0,6.0,0.0,0.0,10.0,0.0,22.0,5.0,29:30,15.0,4.0,10.0,1.0,51.0,241.0,4.7,2.0,23.0,74.0,3.2,1.0,26.0,17.0,167.0,1.0,0.0,6.4,9.8,65.4,96.15,10.0,4.0,40.0,2.0,1.0,50.0,5.0,2.0,0.0,0.0,6.0,40.0,2.0,1.0,2.0,14.0,11.0,7.0,2.0,113.0,56.5,1.0,3.0,2.0,0.0,0.0,40.0,0.0,0.0,0.0,0.0,0.0,0.0,0.0,0.0,1.0,1.0,2.0,2.0,0.0,0.0,0.0,0.0,0.0,2.0,1.0,26.0,24.0,2.0,14.0,2.0,1.0,1.0,42.0,40.0,4.0,23.0,4.0,2.0,2.0,Sunday,993005338.0,3,6,19144.0,14.0,1,-2.0,0.412,0.0,,-0.2630402502313445,0.4044943820224719,-0.3831132931097999,-0.3307505020590421,-0.0850709485807616,0.46875,0.1251473838291109,-0.1658381412631743,11.0,32.7,-21.7,287.6666666666667,346.6666666666667,-2.333,0.362,0.2,144.0,194.0,1.0,-0.1854595648790932,0.444311999823029,-0.3022820724178897,-0.0810216405169498,0.1385593742048578,0.5196873289545704,0.3469717248924797,-0.0348750821644461,-0.0594692575818887,0.095106480269008,202510803.0,2025-10-26T13:00:00,1,2025,8,CHI,BAL,AWAY,16.0,30.0,46.0,M&T Bank Stadium,6.0,0.0,0.0,10.0,0.0,36.0,19.0,29:30,23.0,13.0,10.0,0.0,67.0,386.0,5.8,2.0,40.0,222.0,5.6,2.0,26.0,15.0,164.0,0.0,1.0,6.3,10.9,57.7,60.42,12.0,3.0,25.0,1.0,1.0,100.0,6.0,2.0,0.0,0.0,10.0,92.0,2.0,0.0,1.0,8.0,7.0,7.0,3.0,129.0,43.0,1.0,4.0,3.0,0.0,10.0,6.0,14.0,0.0,23.0,41.0,30:30,16.0,3.0,9.0,4.0,53.0,253.0,4.8,2.0,17.0,44.0,2.6,0.0,32.0,20.0,209.0,2.0,3.0,6.5,10.4,62.5,63.15,10.0,3.0,30.0,2.0,0.0,0.0,1.0,1.0,0.0,0.0,5.0,30.0,1.0,1.0,4.0,24.0,5.0,2.0,3.0,127.0,42.3,4.0,1.0,-3.0,33.3,0.0,100.0,0.0,2.0,2.0,0.0,0.0,0.0,0.0,0.0,4.0,4.0,2.0,2.0,0.0,0.0,0.0,0.0,0.0,1.0,0.0,33.0,11.0,4.0,24.0,9.0,1.0,1.0,35.0,32.0,1.0,8.0,5.0,0.0,0.0,Sunday,993005337.0,6,3,19158.0,-14.0,0,3.0,0.25,0.0,,-0.0100883762699308,0.4431818181818182,0.0372183318829856,0.1038717980574144,-0.2313426743806021,0.4285714285714285,-0.1993982881998154,-0.2418150232474812,25.3,20.7,4.7,346.0,313.0,3.0,0.329,0.8,152.0,155.0,4.0,0.0034530081935908,0.467666434732964,0.0253444118715098,-0.002199101623323,-0.1223312952569429,0.4913419913419912,-0.0520218428100809,-0.2966908067646396,0.0182264548625653,-0.0134998049839366,-26.4,-17.0,-0.6000000000000001,1.0,-58.333333333333314,633.6666666666667,33.666666666666686,659.6666666666667,-8.0,296.0,39.0,349.0,-3.0,5.0,-0.188912573072684,0.26089066946180073
202510826.0,2025-10-26T13:00:00,1,2025,8,PHI,NYG,HOME,38.0,20.0,58.0,Lincoln Financial Field,7.0,14.0,3.0,14.0,0.0,25.0,58.0,33:15,13.0,4.0,9.0,0.0,49.0,361.0,7.4,4.0,23.0,45.0,2.0,0.0,23.0,19.0,316.0,3.0,0.0,13.7,16.6,82.6,158.33,10.0,3.0,30.0,3.0,2.0,66.7,1.0,0.0,0.0,0.0,8.0,64.0,0.0,0.0,3.0,10.0,8.0,6.0,3.0,146.0,48.7,0.0,2.0,2.0,7.0,3.0,3.0,7.0,0.0,34.0,2.0,26:45,21.0,7.0,13.0,1.0,67.0,387.0,5.8,1.0,23.0,89.0,3.9,1.0,42.0,26.0,298.0,0.0,2.0,7.1,11.5,61.9,63.39,15.0,7.0,46.7,1.0,1.0,100.0,6.0,1.0,0.0,0.0,3.0,30.0,2.0,0.0,2.0,15.0,4.0,8.0,1.0,34.0,34.0,2.0,0.0,-2.0,0.0,0.0,16.7,0.0,4.0,4.0,0.0,0.0,0.0,0.0,0.0,1.0,0.0,1.0,1.0,0.0,0.0,0.0,0.0,0.0,5.0,5.0,39.0,18.0,2.0,15.0,3.0,0.0,0.0,30.0,25.0,3.0,10.0,1.0,0.0,0.0,Sunday,993005345.0,26,23,19161.0,18.0,1,2.0,0.3,0.0,,0.0645393771266098,0.4264705882352941,0.7271797762995658,-0.2798086772412816,-0.0187351717471426,0.5487804878048781,0.0360790341834554,-0.3732364409703579,20.7,25.7,-5.0,334.0,370.3333333333333,0.0,0.198,0.6,170.0,165.0,5.0,0.0091950278139694,0.4504114535812542,0.2408556940567901,-0.1674082438842627,0.0721211020860715,0.503245066722393,0.1857072689660881,-0.0898131279682815,-0.0144341222986898,-0.0075142846751345,202510826.0,2025-10-26T13:00:00,1,2025,8,NYG,PHI,AWAY,20.0,38.0,58.0,Lincoln Financial Field,7.0,3.0,3.0,7.0,0.0,30.0,11.0,26:45,26.0,7.0,12.0,7.0,69.0,387.0,5.6,5.0,32.0,119.0,3.7,2.0,33.0,15.0,268.0,3.0,1.0,8.1,17.9,45.5,91.48,15.0,6.0,40.0,2.0,2.0,100.0,2.0,2.0,0.0,0.0,8.0,36.0,0.0,0.0,4.0,15.0,5.0,5.0,6.0,263.0,43.8,1.0,0.0,-1.0,7.0,14.0,3.0,14.0,0.0,29.0,49.0,33:15,25.0,8.0,15.0,2.0,76.0,407.0,5.4,4.0,24.0,142.0,5.9,2.0,50.0,27.0,265.0,2.0,0.0,5.3,9.8,54.0,82.5,13.0,4.0,30.8,2.0,1.0,50.0,5.0,4.0,0.0,0.0,12.0,127.0,1.0,0.0,2.0,14.0,10.0,4.0,6.0,303.0,50.5,0.0,1.0,1.0,100.0,0.0,80.0,0.0,4.0,2.0,0.0,2.0,0.0,0.0,0.0,0.0,0.0,2.0,2.0,0.0,4.0,2.0,0.0,0.0,1.0,1.0,38.0,22.0,2.0,14.0,8.0,0.0,0.0,29.0,33.0,4.0,15.0,8.0,0.0,0.0,Sunday,993005343.0,23,26,19164.0,-18.0,0,-1.0,0.4,0.0,,0.1399168495692651,0.3854166666666667,0.3740013972971885,0.0234565646246527,0.1065753313934094,0.45,0.0176023787440029,0.312619711485003,26.7,25.3,1.3,362.6666666666667,359.3333333333333,-1.333,0.463,0.4,153.0,177.0,2.0,0.0339648641802851,0.4484356400429695,0.1756463152664596,-0.0362157016056647,0.0103369488037645,0.4753926853300875,0.1234542371050825,-0.0046599456977176,-0.0083877338538672,0.0093932434625555,-6.3,-3.7,0.19999999999999996,1.0,-28.666666666666686,696.6666666666667,11.0,729.6666666666666,17.0,323.0,-12.0,342.0,3.0,7.0,-0.024769836366315696,0.061784153282307006
202510802.0,2025-10-26T13:00:00,1,2025,8,ATL,MIA,HOME,10.0,34.0,44.0,Mercedes-Benz Stadium,0.0,3.0,0.0,7.0,0.0,27.0,50.0,22:02,19.0,3.0,13.0,3.0,60.0,292.0,4.9,1.0,20.0,62.0,3.1,0.0,38.0,21.0,230.0,1.0,0.0,6.1,11.0,55.3,82.13,11.0,5.0,45.5,2.0,0.0,0.0,2.0,1.0,0.0,0.0,6.0,43.0,1.0,1.0,2.0,11.0,4.0,7.0,3.0,152.0,50.7,1.0,1.0,0.0,7.0,10.0,7.0,10.0,0.0,32.0,10.0,37:58,23.0,12.0,10.0,1.0,66.0,324.0,4.9,2.0,39.0,174.0,4.5,2.0,26.0,17.0,150.0,0.0,1.0,5.8,8.8,65.4,64.58,15.0,9.0,60.0,0.0,0.0,0.0,2.0,2.0,0.0,0.0,3.0,25.0,0.0,0.0,1.0,2.0,5.0,4.0,3.0,143.0,47.7,1.0,1.0,0.0,50.0,0.0,100.0,0.0,1.0,1.0,0.0,0.0,0.0,0.0,0.0,1.0,1.0,2.0,2.0,0.0,0.0,0.0,0.0,0.0,2.0,2.0,36.0,36.0,1.0,2.0,2.0,0.0,0.0,29.0,24.0,2.0,11.0,2.0,1.0,1.0,Sunday,993005342.0,2,19,19168.0,-24.0,0,0.0,0.455,0.0,,-0.0773963944764524,0.4415584415584415,-0.130955464274337,-0.0647360224166833,0.0435824693872533,0.5256410256410257,0.0904031742388561,-0.0090448520293446,22.7,20.3,2.3,390.0,303.0,0.667,0.457,0.6,110.0,120.0,3.0,0.0617234113350229,0.4964914142313394,0.2265159838536039,0.004522716295102,0.0413521656222057,0.5197131042201465,0.050832661014827,-0.0033803067518944,-0.0363319129571475,-0.0355247670904486,202510802.0,2025-10-26T13:00:00,1,2025,8,MIA,ATL,AWAY,34.0,10.0,44.0,Mercedes-Benz Stadium,7.0,10.0,7.0,10.0,0.0,28.0,15.0,37:58,12.0,3.0,7.0,2.0,57.0,219.0,3.8,0.0,22.0,99.0,4.5,0.0,31.0,17.0,120.0,0.0,3.0,3.9,7.1,54.8,24.33,13.0,1.0,7.7,4.0,2.0,50.0,2.0,0.0,0.0,0.0,11.0,103.0,6.0,1.0,4.0,33.0,3.0,9.0,4.0,189.0,47.2,4.0,0.0,-4.0,0.0,3.0,0.0,7.0,0.0,31.0,45.0,22:02,15.0,5.0,6.0,4.0,53.0,206.0,3.9,4.0,33.0,104.0,3.2,3.0,18.0,13.0,102.0,0.0,0.0,5.7,7.8,72.2,85.88,11.0,4.0,36.4,0.0,0.0,0.0,3.0,2.0,0.0,0.0,5.0,37.0,1.0,0.0,2.0,14.0,6.0,11.0,6.0,258.0,43.0,0.0,4.0,4.0,0.0,0.0,66.7,0.0,0.0,0.0,0.0,0.0,0.0,0.0,0.0,2.0,2.0,4.0,4.0,0.0,0.0,0.0,0.0,0.0,1.0,1.0,36.0,16.0,2.0,14.0,2.0,0.0,0.0,33.0,18.0,4.0,33.0,6.0,1.0,1.0,Sunday,993005341.0,19,2,19159.0,24.0,1,-4.0,0.077,0.0,,-0.4167441480653667,0.3026315789473684,-0.675560254458078,-0.2403820517578251,-0.0545620018128038,0.3424657534246575,0.2279255168378932,-0.1905852372893908,19.0,29.0,-10.0,269.3333333333333,342.3333333333333,-1.333,0.305,0.2,140.0,205.0,1.0,-0.0779997761327914,0.4135275056327688,-0.1773267250428799,-0.1287723551132716,0.062992129982748,0.4343799702426761,0.1360792278218778,0.0536370451884623,0.0019688804046877,0.0968575829691182,12.3,-7.7,0.39999999999999997,0.8,120.66666666666669,659.3333333333333,-39.333333333333314,645.3333333333333,-30.0,250.0,-85.0,325.0,2.0,4.0,0.13972318746781429,-0.021639964360542302
202510821.0,2025-10-26T13:00:00,1,2025,8,NE,CLE,HOME,32.0,13.0,45.0,Gillette Stadium,3.0,6.0,21.0,2.0,0.0,37.0,12.0,36:12,22.0,9.0,13.0,0.0,64.0,387.0,6.0,4.0,36.0,175.0,4.9,1.0,24.0,22.0,212.0,2.0,0.0,8.8,9.6,91.7,131.25,12.0,5.0,41.7,2.0,2.0,100.0,3.0,2.0,0.0,0.0,5.0,36.0,0.0,0.0,4.0,22.0,5.0,6.0,4.0,150.0,37.5,0.0,2.0,2.0,7.0,0.0,0.0,6.0,0.0,22.0,48.0,23:48,16.0,1.0,14.0,1.0,51.0,255.0,5.0,1.0,12.0,39.0,3.2,0.0,34.0,25.0,216.0,1.0,1.0,6.4,8.6,73.5,87.38,10.0,3.0,30.0,2.0,0.0,0.0,0.0,0.0,0.0,0.0,3.0,15.0,1.0,1.0,5.0,39.0,4.0,6.0,3.0,122.0,40.7,2.0,0.0,-2.0,66.7,0.0,0.0,0.0,4.0,4.0,0.0,0.0,0.0,0.0,0.0,1.0,1.0,1.0,1.0,0.0,0.0,0.0,0.0,0.0,2.0,2.0,32.0,18.0,5.0,39.0,2.0,0.0,1.0,40.0,33.0,4.0,22.0,0.0,0.0,0.0,Sunday,993005348.0,21,8,19163.0,19.0,1,2.0,0.417,0.0,,0.1632467702543051,0.4691358024691358,0.4136999455574915,0.0650145132318497,-0.131070389138021,0.4776119402985074,-0.2839021644188866,-0.2674717542742236,26.3,17.3,9.0,352.6666666666667,304.6666666666667,1.667,0.404,0.8,181.0,133.0,5.0,0.1082126558871776,0.4920387739832184,0.379438299547685,-0.155763241928405,-0.0349392184096374,0.4942549362428667,-0.0442155625111836,-0.2284300528434633,0.0984138473010684,-0.0492582904738127,202510821.0,2025-10-26T13:00:00,1,2025,8,CLE,NE,AWAY,13.0,32.0,45.0,Gillette Stadium,7.0,0.0,0.0,6.0,0.0,31.0,45.0,23:48,15.0,5.0,6.0,4.0,53.0,206.0,3.9,4.0,33.0,104.0,3.2,3.0,18.0,13.0,102.0,0.0,0.0,5.7,7.8,72.2,85.88,11.0,4.0,36.4,0.0,0.0,0.0,3.0,2.0,0.0,0.0,5.0,37.0,1.0,0.0,2.0,14.0,6.0,11.0,6.0,258.0,43.0,0.0,4.0,4.0,3.0,6.0,21.0,2.0,0.0,28.0,15.0,36:12,12.0,3.0,7.0,2.0,57.0,219.0,3.8,0.0,22.0,99.0,4.5,0.0,31.0,17.0,120.0,0.0,3.0,3.9,7.1,54.8,24.33,13.0,1.0,7.7,4.0,2.0,50.0,2.0,0.0,0.0,0.0,11.0,103.0,6.0,1.0,4.0,33.0,3.0,9.0,4.0,189.0,47.2,4.0,0.0,-4.0,66.7,0.0,0.0,0.0,4.0,4.0,0.0,0.0,0.0,0.0,0.0,1.0,1.0,0.0,0.0,0.0,0.0,0.0,0.0,0.0,2.0,2.0,33.0,18.0,4.0,33.0,6.0,1.0,1.0,36.0,16.0,2.0,14.0,2.0,0.0,0.0,Sunday,993005347.0,8,21,19159.0,-19.0,0,4.0,0.364,0.0,,-0.0545620018128038,0.3424657534246575,0.2279255168378932,-0.1905852372893908,-0.4167441480653667,0.3026315789473684,-0.675560254458078,-0.2403820517578251,19.0,16.7,2.3,258.6666666666667,301.0,2.0,0.306,0.4,113.0,152.0,2.0,-0.0476764963652045,0.3970619270749862,0.0014999475425814,-0.0694866222450037,-0.0860010000134274,0.4011394805865159,-0.0272380828401639,-0.2634421907616254,-0.1235669816031098,-0.0871618451018267,6.7,11.3,0.4,1.2000000000000002,94.0,611.3333333333334,3.6666666666666856,605.6666666666667,68.0,294.0,-19.0,285.0,3.0,7.0,0.1558891522523821,0.051061781603790005
202510822.0,2025-10-26T16:05:00,1,2025,8,NO,TB,HOME,3.0,23.0,26.0,Caesars Superdome,0.0,3.0,0.0,0.0,0.0,23.0,41.0,27:04,16.0,3.0,9.0,4.0,53.0,253.0,4.8,2.0,17.0,44.0,2.6,0.0,32.0,20.0,209.0,2.0,3.0,6.5,10.4,62.5,63.15,10.0,3.0,30.0,2.0,0.0,0.0,1.0,1.0,0.0,0.0,5.0,30.0,1.0,1.0,4.0,24.0,5.0,2.0,3.0,127.0,42.3,4.0,1.0,-3.0,0.0,7.0,10.0,6.0,0.0,36.0,19.0,32:56,23.0,13.0,10.0,0.0,67.0,386.0,5.8,2.0,40.0,222.0,5.6,2.0,26.0,15.0,164.0,0.0,1.0,6.3,10.9,57.7,60.42,12.0,3.0,25.0,1.0,1.0,100.0,6.0,2.0,0.0,0.0,10.0,92.0,2.0,0.0,1.0,8.0,7.0,7.0,3.0,129.0,43.0,1.0,4.0,3.0,100.0,0.0,33.3,0.0,2.0,2.0,0.0,0.0,0.0,0.0,0.0,1.0,0.0,2.0,2.0,0.0,0.0,0.0,0.0,0.0,4.0,4.0,35.0,32.0,1.0,8.0,5.0,0.0,0.0,33.0,11.0,4.0,24.0,9.0,1.0,1.0,Sunday,993005350.0,22,33,19158.0,-20.0,0,-3.0,0.3,0.0,,-0.2313426743806021,0.4285714285714285,-0.1993982881998154,-0.2418150232474812,-0.0100883762699308,0.4431818181818182,0.0372183318829856,0.1038717980574144,19.7,21.7,-2.0,293.6666666666667,351.3333333333333,0.333,0.367,0.2,125.0,186.0,1.0,-0.0893173726431566,0.4635549925064792,0.0496290611616556,-0.1800802367033374,-0.0426624492783755,0.4712759618658495,0.1128105067912478,-0.1949570568088015,-0.1070463487793074,0.0320871789767347,202510822.0,2025-10-26T16:05:00,1,2025,8,TB,NO,AWAY,23.0,3.0,26.0,Caesars Superdome,0.0,7.0,10.0,6.0,0.0,28.0,21.0,32:56,15.0,2.0,11.0,2.0,66.0,251.0,3.8,1.0,12.0,41.0,3.4,0.0,50.0,28.0,210.0,1.0,1.0,4.2,7.5,56.0,64.58,16.0,4.0,25.0,5.0,2.0,40.0,1.0,0.0,0.0,0.0,6.0,35.0,2.0,1.0,4.0,18.0,9.0,7.0,6.0,263.0,43.8,2.0,2.0,0.0,0.0,3.0,0.0,0.0,0.0,31.0,39.0,27:04,17.0,6.0,9.0,2.0,65.0,379.0,5.8,3.0,32.0,164.0,5.1,2.0,29.0,20.0,215.0,1.0,1.0,7.4,10.8,69.0,87.57,13.0,3.0,23.1,2.0,1.0,50.0,2.0,1.0,0.0,0.0,6.0,50.0,1.0,1.0,4.0,26.0,8.0,4.0,5.0,256.0,51.2,2.0,2.0,0.0,0.0,0.0,50.0,0.0,0.0,0.0,0.0,2.0,0.0,0.0,0.0,1.0,1.0,3.0,3.0,0.0,0.0,0.0,0.0,0.0,2.0,1.0,36.0,38.0,4.0,26.0,2.0,1.0,1.0,31.0,22.0,4.0,18.0,12.0,2.0,1.0,Sunday,993005349.0,33,22,19169.0,20.0,1,0.0,0.25,0.0,,-0.2955938942511787,0.3452380952380952,-0.4365343539593214,0.142326591102491,-0.0918398574996776,0.3855421686746988,-0.1661573230888607,0.0210575583924148,25.7,26.0,-0.3,343.0,401.6666666666667,1.333,0.42,0.6,174.0,175.0,5.0,0.0674542817679622,0.4762764755024817,0.2630299898236521,-0.0143906253681899,0.0568112103603315,0.4881631790319171,0.103849175497724,-0.0412418733940043,0.000251262136519,0.0100534844288413,-1.7,-2.3,-0.39999999999999997,0.8,-49.333333333333314,636.6666666666667,-50.33333333333337,753.0,-49.0,299.0,11.0,361.0,-4.0,6.0,-0.1567716544111188,-0.099473659638707
202510814.0,2025-10-26T16:25:00,1,2025,8,IND,TEN,HOME,38.0,14.0,52.0,Lucas Oil Stadium,10.0,7.0,14.0,7.0,0.0,25.0,33.0,25:39,24.0,9.0,14.0,1.0,58.0,401.0,6.9,5.0,23.0,120.0,5.2,3.0,34.0,23.0,281.0,2.0,0.0,8.3,12.2,67.6,112.5,11.0,5.0,45.5,3.0,3.0,100.0,5.0,4.0,0.0,0.0,3.0,42.0,1.0,0.0,1.0,7.0,15.0,4.0,2.0,87.0,43.5,0.0,2.0,2.0,0.0,7.0,0.0,7.0,0.0,34.0,27.0,34:21,25.0,4.0,19.0,2.0,74.0,445.0,6.0,3.0,16.0,54.0,3.4,0.0,55.0,37.0,391.0,3.0,2.0,7.1,10.6,67.3,90.8,16.0,8.0,50.0,4.0,3.0,75.0,4.0,3.0,0.0,0.0,6.0,35.0,0.0,0.0,3.0,29.0,5.0,3.0,1.0,53.0,53.0,2.0,0.0,-2.0,80.0,0.0,75.0,0.0,4.0,3.0,0.0,2.0,1.0,0.0,0.0,1.0,1.0,3.0,3.0,0.0,0.0,0.0,0.0,0.0,1.0,1.0,38.0,26.0,3.0,29.0,6.0,0.0,0.0,29.0,20.0,1.0,7.0,4.0,0.0,0.0,Sunday,993005352.0,14,34,19165.0,24.0,1,2.0,0.455,0.0,,0.3721989465115834,0.5616438356164384,0.4119862643496599,0.50375152064953,0.0897467031945239,0.4782608695652174,0.1637310080339045,-0.1084866417133106,36.3,19.0,17.3,357.6666666666667,380.3333333333333,1.333,0.585,0.8,232.0,140.0,6.0,0.2603916563051005,0.5472146118721462,0.3096155702015959,0.2929277795291656,-0.0062252898530014,0.4985149400608338,0.0350788775664239,-0.1180309550135166,0.1967052918857965,-0.0195532573514802,202510814.0,2025-10-26T16:25:00,1,2025,8,TEN,IND,AWAY,14.0,38.0,52.0,Lucas Oil Stadium,0.0,7.0,0.0,7.0,0.0,22.0,48.0,34:21,16.0,1.0,14.0,1.0,51.0,255.0,5.0,1.0,12.0,39.0,3.2,0.0,34.0,25.0,216.0,1.0,1.0,6.4,8.6,73.5,87.38,10.0,3.0,30.0,2.0,0.0,0.0,0.0,0.0,0.0,0.0,3.0,15.0,1.0,1.0,5.0,39.0,4.0,6.0,3.0,122.0,40.7,2.0,0.0,-2.0,10.0,7.0,14.0,7.0,0.0,37.0,12.0,25:39,22.0,9.0,13.0,0.0,64.0,387.0,6.0,4.0,36.0,175.0,4.9,1.0,24.0,22.0,212.0,2.0,0.0,8.8,9.6,91.7,131.25,12.0,5.0,41.7,2.0,2.0,100.0,3.0,2.0,0.0,0.0,5.0,36.0,0.0,0.0,4.0,22.0,5.0,6.0,4.0,150.0,37.5,0.0,2.0,2.0,0.0,0.0,66.7,0.0,1.0,1.0,0.0,0.0,0.0,0.0,0.0,2.0,2.0,4.0,4.0,0.0,0.0,0.0,0.0,0.0,1.0,1.0,40.0,33.0,4.0,22.0,0.0,0.0,0.0,32.0,18.0,5.0,39.0,2.0,0.0,1.0,Sunday,993005351.0,34,14,19163.0,-24.0,0,-2.0,0.3,0.0,,-0.131070389138021,0.4776119402985074,-0.2839021644188866,-0.2674717542742236,0.1632467702543051,0.4691358024691358,0.4136999455574915,0.0650145132318497,15.0,24.0,-9.0,269.0,324.3333333333333,-1.0,0.288,0.2,96.0,192.0,1.0,-0.1241085207883146,0.4455753964452448,-0.1599240722255371,-0.2246605940878564,0.0102670256687687,0.4338329472429088,0.2491847879506819,-0.206134631339075,-0.1712395008617545,0.073303831998053,26.3,8.3,0.6000000000000001,1.0,88.66666666666669,626.6666666666667,56.0,704.6666666666666,136.0,328.0,-52.0,332.0,5.0,7.0,0.3845001770934151,-0.0164923155217701
202510810.0,2025-10-26T16:25:00,1,2025,8,DEN,DAL,HOME,44.0,24.0,68.0,Empower Field at Mile High,14.0,13.0,3.0,14.0,0.0,29.0,49.0,26:28,25.0,8.0,15.0,2.0,76.0,407.0,5.4,4.0,24.0,142.0,5.9,2.0,50.0,27.0,265.0,2.0,0.0,5.3,9.8,54.0,82.5,13.0,4.0,30.8,2.0,1.0,50.0,5.0,4.0,0.0,0.0,12.0,127.0,1.0,0.0,2.0,14.0,10.0,4.0,6.0,303.0,50.5,0.0,1.0,1.0,3.0,7.0,7.0,7.0,0.0,30.0,11.0,33:32,26.0,7.0,12.0,7.0,69.0,387.0,5.6,5.0,32.0,119.0,3.7,2.0,33.0,15.0,268.0,3.0,1.0,8.1,17.9,45.5,91.48,15.0,6.0,40.0,2.0,2.0,100.0,2.0,2.0,0.0,0.0,8.0,36.0,0.0,0.0,4.0,15.0,5.0,5.0,6.0,263.0,43.8,1.0,0.0,-1.0,80.0,0.0,100.0,0.0,2.0,2.0,0.0,4.0,2.0,0.0,0.0,1.0,1.0,4.0,2.0,0.0,2.0,0.0,0.0,0.0,0.0,0.0,29.0,33.0,4.0,15.0,8.0,0.0,0.0,38.0,22.0,2.0,14.0,8.0,0.0,0.0,Sunday,993005354.0,10,9,19164.0,20.0,1,1.0,0.308,0.0,,0.1065753313934094,0.45,0.0176023787440029,0.312619711485003,0.1399168495692651,0.3854166666666667,0.3740013972971885,0.0234565646246527,22.3,20.0,2.3,337.0,257.0,0.0,0.318,0.8,163.0,127.0,5.0,0.0198788422110684,0.4269590643274853,0.0175905031850136,-0.0040394016016556,-0.0030144440647176,0.3949057110074765,-0.10188547361906,-0.0700659382928888,0.0270263269053469,-0.0449970437597791,202510810.0,2025-10-26T16:25:00,1,2025,8,DAL,DEN,AWAY,24.0,44.0,68.0,Empower Field at Mile High,3.0,7.0,7.0,7.0,0.0,31.0,21.0,33:32,21.0,7.0,11.0,3.0,62.0,409.0,6.6,5.0,31.0,152.0,4.9,1.0,30.0,21.0,257.0,3.0,0.0,8.6,12.2,70.0,129.44,12.0,6.0,50.0,0.0,0.0,0.0,4.0,3.0,0.0,0.0,10.0,79.0,1.0,0.0,1.0,7.0,6.0,7.0,3.0,128.0,42.7,0.0,2.0,2.0,14.0,13.0,3.0,14.0,0.0,28.0,39.0,26:28,18.0,8.0,8.0,2.0,64.0,341.0,5.3,3.0,28.0,136.0,4.9,2.0,32.0,16.0,205.0,1.0,1.0,6.4,12.8,50.0,67.84,16.0,7.0,43.8,2.0,0.0,0.0,3.0,3.0,0.0,0.0,11.0,118.0,1.0,1.0,4.0,14.0,5.0,3.0,5.0,286.0,57.2,2.0,0.0,-2.0,75.0,0.0,100.0,0.0,5.0,5.0,0.0,0.0,0.0,0.0,0.0,3.0,3.0,2.0,2.0,0.0,1.0,0.0,0.0,0.0,0.0,0.0,34.0,20.0,4.0,14.0,5.0,1.0,1.0,28.0,37.0,1.0,7.0,7.0,0.0,0.0,Sunday,993005353.0,9,10,19167.0,-20.0,0,2.0,0.5,0.0,,0.1924612855004766,0.4705882352941176,0.3447453116810873,-0.090915875887731,-0.1057354250626773,0.4719101123595505,-0.3322898440847417,0.1419063166195022,36.0,24.7,11.3,372.3333333333333,376.3333333333333,1.333,0.459,0.4,222.0,206.0,3.0,0.2100523152152076,0.4680415037653824,0.4554309185629159,-0.0990451137788315,0.0247471570399751,0.514446227929374,-0.0269016036272946,0.0536290483465615,0.1713221162935156,0.1043079745872813,-9.0,13.600000000000001,0.4,1.2000000000000002,-35.333333333333314,709.3333333333333,-119.33333333333331,633.3333333333333,-59.0,385.0,-79.0,333.0,2.0,8.0,-0.1901734730041392,-0.0277616011046927
202510828.0,2025-10-26T20:20:00,1,2025,8,PIT,GB,HOME,25.0,35.0,60.0,Acrisure Stadium,3.0,13.0,3.0,6.0,0.0,25.0,28.0,28:12,19.0,7.0,12.0,0.0,54.0,396.0,7.3,4.0,20.0,147.0,7.4,0.0,34.0,23.0,249.0,4.0,2.0,7.3,10.8,67.6,103.68,10.0,7.0,70.0,0.0,0.0,0.0,4.0,3.0,0.0,0.0,7.0,59.0,0.0,0.0,0.0,0.0,6.0,3.0,2.0,84.0,42.0,2.0,0.0,-2.0,7.0,0.0,7.0,21.0,0.0,34.0,32.0,31:48,27.0,8.0,16.0,3.0,72.0,470.0,6.5,3.0,23.0,142.0,6.2,0.0,47.0,31.0,328.0,3.0,0.0,7.0,10.6,66.0,107.4,14.0,7.0,50.0,1.0,1.0,100.0,5.0,2.0,0.0,0.0,4.0,35.0,0.0,0.0,2.0,14.0,2.0,2.0,3.0,135.0,45.0,0.0,2.0,2.0,75.0,0.0,40.0,0.0,4.0,4.0,0.0,0.0,0.0,0.0,0.0,1.0,1.0,3.0,3.0,0.0,0.0,0.0,0.0,0.0,4.0,4.0,38.0,24.0,2.0,14.0,6.0,0.0,0.0,29.0,20.0,0.0,0.0,6.0,0.0,0.0,Sunday,993005356.0,28,12,19157.0,-10.0,0,-2.0,0.7,0.0,,0.265829838001799,0.5540540540540541,0.3518308529463546,0.2276142824848648,0.2190868506889872,0.5368421052631579,0.325931025412439,0.2887392489106527,26.0,21.0,5.0,348.0,363.3333333333333,0.0,0.495,0.6,150.0,140.0,4.0,0.1739189956291354,0.5249072602013779,0.2958134375001355,0.0887857776344904,0.064813841036649,0.4807864228374266,0.0842680674351397,0.0653383095992051,0.0697627188759307,0.0279430138524287,202510828.0,2025-10-26T20:20:00,1,2025,8,GB,PIT,AWAY,35.0,25.0,60.0,Acrisure Stadium,7.0,0.0,7.0,21.0,0.0,25.0,50.0,31:48,19.0,5.0,10.0,4.0,53.0,262.0,4.9,3.0,23.0,94.0,4.1,2.0,29.0,19.0,168.0,1.0,0.0,5.8,8.8,65.5,92.31,10.0,3.0,30.0,3.0,2.0,66.7,4.0,3.0,0.0,0.0,10.0,94.0,2.0,0.0,1.0,11.0,12.0,9.0,3.0,174.0,58.0,0.0,1.0,1.0,3.0,13.0,3.0,6.0,0.0,34.0,10.0,28:12,23.0,5.0,13.0,5.0,70.0,330.0,4.7,2.0,28.0,94.0,3.4,0.0,36.0,25.0,236.0,2.0,0.0,6.6,9.4,69.4,105.79,14.0,7.0,50.0,2.0,0.0,0.0,4.0,2.0,0.0,0.0,6.0,55.0,1.0,1.0,6.0,43.0,2.0,5.0,1.0,42.0,42.0,1.0,0.0,-1.0,75.0,0.0,50.0,0.0,3.0,3.0,0.0,0.0,0.0,0.0,0.0,2.0,2.0,2.0,2.0,0.0,0.0,0.0,0.0,0.0,3.0,3.0,37.0,40.0,6.0,43.0,4.0,1.0,1.0,28.0,22.0,1.0,11.0,3.0,1.0,0.0,Sunday,993005355.0,12,28,19166.0,10.0,1,1.0,0.3,0.0,,0.1245773609870843,0.5416666666666666,0.2605705381084791,-0.1125796245423292,0.0392488501630052,0.4886363636363636,0.1232142793439952,-0.2592352460790426,31.3,27.0,4.3,386.6666666666667,344.6666666666667,-0.333,0.49,0.6,158.0,125.0,4.0,0.1959301365650226,0.5533569283569284,0.3672337238489189,0.0241793571409493,0.1222473571128679,0.5158634829358925,0.2666446311687913,-0.0845602623454168,0.1079472271480612,0.04087762447878,0.7000000000000002,9.3,0.0,1.2,-38.666666666666686,734.6666666666667,18.66666666666663,708.0,-8.0,308.0,15.0,265.0,0.0,8.0,-0.022011140935887186,-0.057433516076218896
202510816.0,2025-10-27T20:15:00,1,2025,8,KC,WAS,HOME,28.0,7.0,35.0,Arrowhead Stadium,0.0,7.0,14.0,7.0,0.0,42.0,8.0,34:03,30.0,12.0,16.0,2.0,77.0,434.0,5.6,4.0,41.0,152.0,3.7,1.0,35.0,26.0,282.0,3.0,0.0,8.1,10.8,74.3,126.13,15.0,9.0,60.0,2.0,1.0,50.0,5.0,4.0,0.0,0.0,5.0,38.0,2.0,0.0,1.0,4.0,2.0,1.0,3.0,106.0,35.3,0.0,1.0,1.0,0.0,7.0,0.0,0.0,0.0,17.0,52.0,25:57,3.0,0.0,2.0,1.0,30.0,95.0,3.2,0.0,11.0,25.0,2.3,0.0,18.0,12.0,70.0,0.0,0.0,3.9,5.8,66.7,73.84,7.0,0.0,0.0,1.0,0.0,0.0,0.0,0.0,0.0,0.0,8.0,58.0,2.0,1.0,1.0,5.0,3.0,6.0,6.0,283.0,47.2,1.0,0.0,-1.0,80.0,0.0,0.0,0.0,4.0,4.0,0.0,0.0,0.0,0.0,0.0,1.0,1.0,0.0,0.0,0.0,0.0,0.0,0.0,0.0,0.0,0.0,14.0,17.0,1.0,5.0,1.0,0.0,1.0,43.0,42.0,1.0,4.0,2.0,1.0,0.0,Monday,993005358.0,16,35,19160.0,21.0,1,1.0,0.6,0.0,,0.1942831147379733,0.5,0.5527184534722976,-0.1549876735422431,-0.3390653628906721,0.3404255319148936,-0.5428014292543673,-0.7955576516178553,29.7,16.0,13.7,421.6666666666667,237.0,0.667,0.519,0.8,186.0,124.0,4.0,0.1843741963711906,0.5616171727282838,0.3724268111926789,0.068233788427392,-0.0367457742779888,0.4890955862785599,-0.0242244359753547,-0.3574983093862525,0.164039331315337,-0.0541644182213228,202510816.0,2025-10-27T20:15:00,1,2025,8,WAS,KC,AWAY,7.0,28.0,35.0,Arrowhead Stadium,0.0,7.0,0.0,0.0,0.0,28.0,39.0,25:57,18.0,8.0,8.0,2.0,64.0,341.0,5.3,3.0,28.0,136.0,4.9,2.0,32.0,16.0,205.0,1.0,1.0,6.4,12.8,50.0,67.84,16.0,7.0,43.8,2.0,0.0,0.0,3.0,3.0,0.0,0.0,11.0,118.0,1.0,1.0,4.0,14.0,5.0,3.0,5.0,286.0,57.2,2.0,0.0,-2.0,0.0,7.0,14.0,7.0,0.0,31.0,21.0,34:03,21.0,7.0,11.0,3.0,62.0,409.0,6.6,5.0,31.0,152.0,4.9,1.0,30.0,21.0,257.0,3.0,0.0,8.6,12.2,70.0,129.44,12.0,6.0,50.0,0.0,0.0,0.0,4.0,3.0,0.0,0.0,10.0,79.0,1.0,0.0,1.0,7.0,6.0,7.0,3.0,128.0,42.7,0.0,2.0,2.0,100.0,0.0,75.0,0.0,2.0,2.0,0.0,1.0,0.0,0.0,0.0,0.0,0.0,5.0,5.0,0.0,0.0,0.0,0.0,0.0,3.0,3.0,28.0,37.0,1.0,7.0,7.0,0.0,0.0,34.0,20.0,4.0,14.0,5.0,1.0,1.0,Monday,993005357.0,35,16,19167.0,-21.0,0,-2.0,0.438,0.0,,-0.1057354250626773,0.4719101123595505,-0.3322898440847417,0.1419063166195022,0.1924612855004766,0.4705882352941176,0.3447453116810873,-0.090915875887731,24.3,26.3,-2.0,353.0,375.3333333333333,-1.333,0.366,0.4,180.0,170.0,3.0,0.0385773420050284,0.5131592266423727,0.1861102637753342,-0.1776434174617946,0.06760780637662,0.4581692368879837,0.0490086100581032,0.0518646808235109,0.1011257216518366,0.0781492671024907,15.7,11.7,0.4,1.2000000000000002,68.66666666666669,774.6666666666667,-138.33333333333331,612.3333333333333,6.0,366.0,-46.0,294.0,1.0,7.0,0.1457968543661622,-0.10435358065460881
202510919.0,2025-10-30T20:15:00,1,2025,9,MIA,BAL,HOME,6.0,28.0,34.0,Hard Rock Stadium,3.0,3.0,0.0,0.0,0.0,37.0,58.0,28:17,24.0,11.0,10.0,3.0,65.0,338.0,5.2,4.0,37.0,141.0,3.8,0.0,27.0,21.0,197.0,4.0,0.0,7.3,9.4,77.8,136.65,13.0,6.0,46.2,2.0,1.0,50.0,5.0,3.0,0.0,0.0,4.0,54.0,0.0,0.0,1.0,8.0,4.0,4.0,3.0,148.0,49.3,0.0,1.0,1.0,7.0,7.0,14.0,0.0,0.0,22.0,2.0,31:43,11.0,3.0,7.0,1.0,49.0,213.0,4.3,1.0,17.0,45.0,2.6,1.0,31.0,21.0,168.0,0.0,0.0,5.4,8.0,67.7,81.12,11.0,2.0,18.2,4.0,2.0,50.0,2.0,1.0,0.0,0.0,8.0,76.0,1.0,1.0,1.0,5.0,2.0,5.0,4.0,185.0,46.2,1.0,0.0,-1.0,60.0,0.0,50.0,0.0,4.0,4.0,0.0,0.0,0.0,0.0,0.0,2.0,2.0,1.0,1.0,0.0,0.0,0.0,0.0,0.0,1.0,1.0,27.0,19.0,1.0,5.0,2.0,0.0,1.0,36.0,40.0,1.0,8.0,3.0,0.0,0.0,Thursday,993005360.0,19,3,19172.0,-22.0,0,1.0,0.462,0.0,,0.1757886911055131,0.5357142857142857,0.2720439811914371,0.1024632806813505,-0.2305224927385629,0.4242424242424242,-0.1050204620996461,-0.6563796498842851,22.3,23.3,-1.0,299.3333333333333,274.0,-1.667,0.331,0.4,174.0,215.0,2.0,-0.0597995403641776,0.4439507860560492,-0.1702374772478177,0.0524005214167239,-0.0522126035537383,0.4222360592223605,0.1002530596353892,-0.2860667551729808,0.0235451158382112,0.0066159423368074,202510919.0,2025-10-30T20:15:00,1,2025,9,BAL,MIA,AWAY,28.0,6.0,34.0,Hard Rock Stadium,7.0,7.0,14.0,0.0,0.0,30.0,30.0,31:43,24.0,13.0,8.0,3.0,59.0,355.0,6.0,3.0,35.0,177.0,5.1,2.0,22.0,17.0,178.0,1.0,0.0,8.1,10.5,77.3,115.34,10.0,4.0,40.0,1.0,1.0,100.0,6.0,3.0,0.0,0.0,6.0,45.0,1.0,0.0,2.0,8.0,4.0,6.0,2.0,95.0,47.5,0.0,1.0,1.0,3.0,3.0,0.0,0.0,0.0,29.0,30.0,28:17,19.0,5.0,13.0,1.0,62.0,372.0,6.0,1.0,23.0,96.0,4.2,1.0,38.0,25.0,276.0,0.0,1.0,7.3,11.0,65.8,76.21,13.0,6.0,46.2,1.0,0.0,0.0,3.0,1.0,0.0,0.0,11.0,79.0,1.0,0.0,1.0,9.0,3.0,4.0,2.0,108.0,54.0,1.0,0.0,-1.0,50.0,0.0,33.3,0.0,3.0,3.0,0.0,0.0,0.0,0.0,0.0,3.0,3.0,1.0,1.0,0.0,0.0,0.0,0.0,0.0,4.0,3.0,37.0,23.0,1.0,9.0,2.0,1.0,0.0,37.0,29.0,2.0,8.0,1.0,1.0,0.0,Thursday,993005359.0,3,19,19173.0,22.0,1,1.0,0.4,0.0,,0.2293938600800653,0.5569620253164557,0.2964548714173117,0.1604065940615588,0.041171662584004,0.4691358024691358,0.0933105395028539,-0.0465305985929998,14.3,25.7,-11.3,286.0,343.3333333333333,-1.333,0.396,0.2,174.0,210.0,2.0,-0.0947092453411623,0.4656467594355564,-0.1282896246204649,-0.1634476571031088,0.0907875347619167,0.5189778071722516,0.2652248996321277,-0.054714072561146,-0.0337715147617662,0.1487197401798684,10.3,-12.3,0.2,0.6000000000000001,13.333333333333314,585.3333333333333,-69.33333333333331,617.3333333333333,0.0,348.0,5.0,425.0,0.0,4.0,0.0349097049769847,-0.143000138315655
202510912.0,2025-11-02T13:00:00,1,2025,9,GB,CAR,HOME,13.0,16.0,29.0,Lambeau Field,0.0,6.0,0.0,7.0,0.0,31.0,48.0,30:10,22.0,5.0,16.0,1.0,63.0,454.0,7.2,4.0,26.0,94.0,3.6,1.0,37.0,29.0,360.0,3.0,0.0,9.7,12.4,78.4,134.23,12.0,5.0,41.7,1.0,1.0,100.0,5.0,3.0,0.0,0.0,5.0,47.0,2.0,0.0,0.0,0.0,5.0,5.0,3.0,152.0,50.7,0.0,1.0,1.0,0.0,7.0,6.0,3.0,0.0,28.0,12.0,29:50,16.0,4.0,10.0,2.0,57.0,295.0,5.2,2.0,18.0,93.0,5.2,0.0,36.0,24.0,202.0,2.0,0.0,5.6,8.4,66.7,99.54,10.0,1.0,10.0,1.0,1.0,100.0,1.0,1.0,0.0,0.0,6.0,65.0,1.0,1.0,3.0,17.0,5.0,1.0,4.0,194.0,48.5,1.0,0.0,-1.0,60.0,0.0,100.0,0.0,3.0,3.0,0.0,2.0,1.0,0.0,0.0,4.0,2.0,1.0,1.0,0.0,2.0,0.0,0.0,0.0,4.0,4.0,35.0,14.0,3.0,17.0,5.0,1.0,1.0,35.0,29.0,0.0,0.0,1.0,1.0,0.0,Sunday,993005368.0,12,5,19182.0,-3.0,0,1.0,0.417,0.0,,0.1712627053928644,0.4939759036144578,0.5882107241384066,-0.06375303639099,0.0168364177425327,0.4375,-0.1326863245363058,-0.069487453646919,29.7,22.0,7.7,375.0,297.6666666666667,0.333,0.39,0.6,193.0,150.0,5.0,0.1716630432834957,0.5434123882919063,0.3827424333830087,-0.0226789847990259,0.0508514249209189,0.4856668537224093,0.0510683298934534,-0.1270420547985284,0.1329148723070588,0.0581614944483172,202510912.0,2025-11-02T13:00:00,1,2025,9,CAR,GB,AWAY,16.0,13.0,29.0,Lambeau Field,0.0,7.0,6.0,3.0,0.0,26.0,28.0,29:50,19.0,5.0,11.0,3.0,59.0,244.0,4.1,1.0,28.0,114.0,4.1,1.0,24.0,16.0,130.0,0.0,1.0,5.4,8.1,66.7,62.85,11.0,4.0,36.4,1.0,1.0,100.0,2.0,1.0,0.0,0.0,4.0,20.0,3.0,2.0,7.0,45.0,3.0,4.0,4.0,211.0,52.8,3.0,0.0,-3.0,0.0,6.0,0.0,7.0,0.0,33.0,32.0,30:10,23.0,12.0,10.0,1.0,60.0,410.0,6.8,5.0,35.0,245.0,7.0,4.0,23.0,14.0,165.0,1.0,0.0,7.2,11.8,60.9,97.19,12.0,7.0,58.3,0.0,0.0,0.0,3.0,2.0,0.0,0.0,7.0,60.0,0.0,0.0,2.0,20.0,9.0,7.0,3.0,146.0,48.7,0.0,3.0,3.0,50.0,0.0,66.7,0.0,1.0,0.0,0.0,0.0,0.0,0.0,0.0,2.0,1.0,5.0,4.0,0.0,0.0,0.0,0.0,0.0,2.0,2.0,33.0,31.0,2.0,20.0,4.0,0.0,0.0,34.0,28.0,7.0,45.0,1.0,2.0,2.0,Sunday,993005367.0,5,12,19174.0,3.0,1,-3.0,0.364,0.0,,-0.2131317405605713,0.4805194805194805,-0.4678587090782378,-0.1181302640168858,0.2825220283911432,0.5189873417721519,0.3890936568456556,0.283490599266008,17.3,24.3,-7.0,318.6666666666667,307.3333333333333,-0.667,0.344,0.6,154.0,192.0,4.0,-0.0375227952348734,0.4854808113235079,-0.1310156942712172,0.0169378273262648,0.087970757154186,0.4407978292146837,0.2216710989118286,-0.0751478978690519,-0.0352837118477187,0.1270582595240132,14.7,0.7000000000000002,0.0,1.2,56.333333333333314,693.6666666666667,-9.666666666666629,605.0,39.0,347.0,-42.0,342.0,1.0,9.0,0.20918583851836908,-0.03711933223326709
202510928.0,2025-11-02T13:00:00,1,2025,9,PIT,IND,HOME,27.0,20.0,47.0,Acrisure Stadium,0.0,17.0,0.0,10.0,0.0,28.0,12.0,28:05,16.0,4.0,10.0,2.0,57.0,295.0,5.2,2.0,18.0,93.0,5.2,0.0,36.0,24.0,202.0,2.0,0.0,5.6,8.4,66.7,99.54,10.0,1.0,10.0,1.0,1.0,100.0,1.0,1.0,0.0,0.0,6.0,65.0,1.0,1.0,3.0,17.0,5.0,1.0,4.0,194.0,48.5,1.0,0.0,-1.0,7.0,0.0,0.0,13.0,0.0,31.0,48.0,31:55,22.0,5.0,16.0,1.0,63.0,454.0,7.2,4.0,26.0,94.0,3.6,1.0,37.0,29.0,360.0,3.0,0.0,9.7,12.4,78.4,134.23,12.0,5.0,41.7,1.0,1.0,100.0,5.0,3.0,0.0,0.0,5.0,47.0,2.0,0.0,0.0,0.0,5.0,5.0,3.0,152.0,50.7,0.0,1.0,1.0,100.0,0.0,60.0,0.0,1.0,1.0,0.0,2.0,0.0,0.0,0.0,4.0,4.0,3.0,3.0,0.0,2.0,1.0,0.0,0.0,4.0,2.0,35.0,29.0,0.0,0.0,1.0,1.0,0.0,35.0,14.0,3.0,17.0,5.0,1.0,1.0,Sunday,993005364.0,28,14,19182.0,7.0,1,-1.0,0.1,0.0,,0.0168364177425327,0.4375,-0.1326863245363058,-0.069487453646919,0.1712627053928644,0.4939759036144578,0.5882107241384066,-0.06375303639099,26.3,25.7,0.7,342.0,390.6666666666667,-1.0,0.395,0.6,175.0,175.0,4.0,0.1326268011538123,0.4746621621621621,0.1717711017319738,0.0124345372981218,0.1033380722441243,0.4879358998664218,0.2550934445331196,0.0745142989108894,0.1152122977789314,0.0565888909977568,202510928.0,2025-11-02T13:00:00,1,2025,9,IND,PIT,AWAY,20.0,27.0,47.0,Acrisure Stadium,7.0,0.0,0.0,13.0,0.0,25.0,39.0,31:55,21.0,7.0,14.0,0.0,52.0,420.0,8.1,5.0,18.0,164.0,9.1,2.0,31.0,21.0,256.0,3.0,0.0,8.3,12.2,67.7,125.2,9.0,3.0,33.3,1.0,1.0,100.0,4.0,3.0,0.0,0.0,3.0,32.0,0.0,0.0,3.0,16.0,7.0,8.0,4.0,189.0,47.2,0.0,1.0,1.0,0.0,17.0,0.0,10.0,0.0,34.0,21.0,28:05,20.0,5.0,13.0,2.0,67.0,341.0,5.1,2.0,25.0,113.0,4.5,1.0,38.0,22.0,228.0,1.0,1.0,6.0,10.4,57.9,73.14,15.0,6.0,40.0,3.0,1.0,33.3,3.0,2.0,0.0,0.0,3.0,34.0,0.0,0.0,4.0,31.0,5.0,5.0,5.0,215.0,43.0,1.0,0.0,-1.0,75.0,0.0,66.7,0.0,5.0,5.0,0.0,0.0,0.0,0.0,0.0,1.0,1.0,2.0,2.0,0.0,0.0,0.0,0.0,0.0,1.0,0.0,38.0,23.0,4.0,31.0,4.0,0.0,0.0,32.0,10.0,3.0,16.0,4.0,0.0,0.0,Sunday,993005363.0,14,28,19181.0,-7.0,0,1.0,0.333,0.0,,0.2969749257769736,0.4776119402985074,0.3266254990734064,0.3825675314809713,-0.0900289972495998,0.4367816091954023,-0.1006642106525681,0.0883502530778059,35.7,21.7,14.0,392.0,395.3333333333333,1.0,0.429,0.8,270.0,154.0,7.0,0.2785798374859748,0.5375297030827597,0.2977247242362173,0.3551124005080728,0.0390375589006385,0.4753845299572436,0.0631517957595872,-0.0166538354935748,0.2028517174217738,-0.0216165217255329,-13.3,14.7,-0.20000000000000007,1.4,-50.0,734.0,-4.666666666666629,786.0,-95.0,445.0,21.0,329.0,-3.0,11.0,-0.1459530363321625,0.0643005133434858
202510913.0,2025-11-02T13:00:00,1,2025,9,HOU,DEN,HOME,15.0,18.0,33.0,NRG Stadium,3.0,9.0,3.0,0.0,0.0,41.0,22.0,34:36,23.0,6.0,16.0,1.0,75.0,475.0,6.3,2.0,36.0,157.0,4.4,0.0,39.0,30.0,318.0,2.0,1.0,8.2,10.6,76.9,106.57,16.0,9.0,56.2,1.0,1.0,100.0,5.0,1.0,0.0,0.0,8.0,55.0,0.0,0.0,0.0,0.0,6.0,4.0,2.0,96.0,48.0,1.0,1.0,0.0,0.0,7.0,0.0,11.0,0.0,18.0,38.0,25:24,12.0,2.0,10.0,0.0,44.0,223.0,5.1,2.0,10.0,48.0,4.8,0.0,32.0,19.0,175.0,2.0,1.0,5.5,9.2,59.4,82.16,9.0,3.0,33.3,1.0,0.0,0.0,2.0,2.0,0.0,0.0,4.0,30.0,1.0,0.0,2.0,18.0,2.0,3.0,5.0,238.0,47.6,1.0,1.0,0.0,20.0,0.0,100.0,0.0,2.0,2.0,0.0,0.0,0.0,0.0,0.0,4.0,4.0,1.0,1.0,0.0,2.0,1.0,0.0,0.0,0.0,0.0,21.0,17.0,2.0,18.0,5.0,1.0,0.0,42.0,41.0,0.0,0.0,2.0,0.0,0.0,Sunday,993005366.0,13,10,19176.0,-3.0,0,0.0,0.562,0.0,,0.1894933225072596,0.4946236559139785,0.5050829163756364,-0.1856223794876002,0.0363948160791443,0.4516129032258064,-0.0102932301604948,-0.074342749454081,29.7,17.3,12.3,382.0,248.66666666666663,2.0,0.426,0.6,153.0,103.0,3.0,0.0810165650943809,0.5045570916538659,0.2969055575906486,-0.289010432163219,-0.1313454874147261,0.4364396654719235,-0.2186259939159101,-0.1527099962230369,0.018129125134452,-0.1843444911103746,202510913.0,2025-11-02T13:00:00,1,2025,9,DEN,HOU,AWAY,18.0,15.0,33.0,NRG Stadium,0.0,7.0,0.0,11.0,0.0,26.0,28.0,25:24,25.0,8.0,15.0,2.0,57.0,426.0,7.5,6.0,28.0,179.0,6.4,2.0,29.0,19.0,247.0,4.0,1.0,8.5,13.0,65.5,117.39,8.0,5.0,62.5,0.0,0.0,0.0,5.0,4.0,0.0,0.0,7.0,42.0,0.0,0.0,0.0,0.0,8.0,3.0,2.0,80.0,40.0,1.0,2.0,1.0,3.0,9.0,3.0,0.0,0.0,33.0,32.0,34:36,24.0,8.0,12.0,4.0,68.0,339.0,5.0,3.0,31.0,108.0,3.5,2.0,35.0,22.0,231.0,1.0,2.0,6.6,10.5,62.9,67.68,11.0,4.0,36.4,1.0,1.0,100.0,4.0,2.0,0.0,0.0,9.0,80.0,1.0,0.0,2.0,15.0,1.0,3.0,5.0,252.0,50.4,2.0,1.0,-1.0,80.0,0.0,50.0,0.0,5.0,5.0,0.0,2.0,0.0,0.0,0.0,1.0,1.0,3.0,3.0,0.0,0.0,0.0,0.0,0.0,1.0,1.0,29.0,46.0,2.0,15.0,12.0,1.0,0.0,28.0,23.0,0.0,0.0,2.0,0.0,0.0,Sunday,993005365.0,10,13,19180.0,3.0,1,1.0,0.625,0.0,,0.3347581481850221,0.6025641025641025,0.5171175939901604,0.1928454997509511,0.0634604812981644,0.5531914893617021,0.1239327782697783,-0.0003512759846801,30.0,22.3,7.7,359.6666666666667,269.3333333333333,0.333,0.422,1.0,207.0,151.0,6.0,0.1105845164576269,0.4664102564102564,0.1505903390061344,0.084039191474762,0.0196754324136846,0.4400623677989299,-0.0777761549761819,-0.0252873691447394,0.1132118963197922,-0.0201480500261098,4.6000000000000005,20.0,-0.4,1.6,22.333333333333314,741.6666666666667,-20.666666666666686,518.0,-54.0,360.0,-48.0,254.0,-3.0,9.0,-0.029567951363245998,-0.1510209198284107
202510923.0,2025-11-02T13:00:00,1,2025,9,NYG,SF,HOME,24.0,34.0,58.0,MetLife Stadium,7.0,0.0,3.0,14.0,0.0,26.0,45.0,26:49,13.0,4.0,9.0,0.0,50.0,246.0,4.9,2.0,21.0,68.0,3.2,1.0,24.0,14.0,178.0,1.0,0.0,7.4,12.7,58.3,95.49,12.0,5.0,41.7,1.0,1.0,100.0,3.0,2.0,0.0,0.0,7.0,54.0,0.0,0.0,5.0,15.0,5.0,3.0,4.0,194.0,48.5,0.0,0.0,0.0,7.0,10.0,3.0,14.0,0.0,33.0,15.0,33:11,23.0,12.0,10.0,1.0,57.0,427.0,7.5,5.0,33.0,276.0,8.4,1.0,20.0,15.0,151.0,4.0,0.0,7.6,10.1,75.0,135.62,8.0,2.0,25.0,2.0,2.0,100.0,3.0,3.0,0.0,0.0,5.0,30.0,0.0,0.0,4.0,28.0,6.0,7.0,1.0,57.0,57.0,0.0,0.0,0.0,66.7,0.0,100.0,0.0,2.0,2.0,0.0,0.0,0.0,0.0,0.0,2.0,2.0,5.0,5.0,0.0,0.0,0.0,0.0,0.0,2.0,1.0,30.0,26.0,4.0,28.0,4.0,0.0,0.0,31.0,12.0,5.0,15.0,4.0,0.0,0.0,Sunday,993005362.0,23,31,19178.0,-10.0,0,0.0,0.417,0.0,,0.0965009235257402,0.4857142857142857,0.1297579110707705,-0.0543189522056644,0.3111869008987752,0.5897435897435898,0.4499495851135195,0.4947651662816362,28.7,29.3,-0.7,333.0,391.0,0.333,0.501,0.4,173.0,215.0,2.0,0.1362917085516719,0.4492917128091546,0.3022279981853235,0.0481083163209345,0.1284723622481752,0.5155952810882388,0.1371114824623943,0.2398852689280869,0.0344579847990648,0.0551132463322534,202510923.0,2025-11-02T13:00:00,1,2025,9,SF,NYG,AWAY,34.0,24.0,58.0,MetLife Stadium,7.0,10.0,3.0,14.0,0.0,18.0,38.0,33:11,12.0,2.0,10.0,0.0,44.0,223.0,5.1,2.0,10.0,48.0,4.8,0.0,32.0,19.0,175.0,2.0,1.0,5.5,9.2,59.4,82.16,9.0,3.0,33.3,1.0,0.0,0.0,2.0,2.0,0.0,0.0,4.0,30.0,1.0,0.0,2.0,18.0,2.0,3.0,5.0,238.0,47.6,1.0,1.0,0.0,7.0,0.0,3.0,14.0,0.0,41.0,22.0,26:49,23.0,6.0,16.0,1.0,75.0,475.0,6.3,2.0,36.0,157.0,4.4,0.0,39.0,30.0,318.0,2.0,1.0,8.2,10.6,76.9,106.57,16.0,9.0,56.2,1.0,1.0,100.0,5.0,1.0,0.0,0.0,8.0,55.0,0.0,0.0,0.0,0.0,6.0,4.0,2.0,96.0,48.0,1.0,1.0,0.0,100.0,0.0,20.0,0.0,1.0,1.0,0.0,2.0,1.0,0.0,0.0,0.0,0.0,2.0,2.0,0.0,0.0,0.0,0.0,0.0,4.0,4.0,42.0,41.0,0.0,0.0,2.0,0.0,0.0,21.0,17.0,2.0,18.0,5.0,1.0,0.0,Sunday,993005361.0,31,23,19176.0,10.0,1,0.0,0.333,0.0,,0.0363948160791443,0.4516129032258064,-0.0102932301604948,-0.074342749454081,0.1894933225072596,0.4946236559139785,0.5050829163756364,-0.1856223794876002,18.0,22.0,-4.0,303.3333333333333,373.0,-0.667,0.457,0.4,160.0,164.0,5.0,0.0318502490672467,0.492417976288944,-0.0139603392485817,-0.0328523842082989,0.0904034187498406,0.4934332481770811,0.3148860518868022,-0.0960022537495563,0.0199663262251576,0.0627998499708569,3.3,-4.7,0.0,0.8,29.666666666666686,636.3333333333333,18.0,764.0,13.0,333.0,51.0,379.0,-3.0,7.0,0.10444145948442518,0.038068943498334604
202510907.0,2025-11-02T13:00:00,1,2025,9,CIN,CHI,HOME,42.0,47.0,89.0,Paycor Stadium,10.0,10.0,7.0,15.0,0.0,26.0,20.0,25:30,24.0,12.0,11.0,1.0,58.0,398.0,6.9,5.0,23.0,181.0,7.9,3.0,34.0,21.0,217.0,2.0,0.0,6.4,10.3,61.8,99.75,9.0,4.0,44.4,1.0,0.0,0.0,4.0,3.0,0.0,0.0,2.0,15.0,0.0,0.0,1.0,6.0,1.0,3.0,3.0,174.0,58.0,0.0,0.0,0.0,7.0,10.0,14.0,16.0,0.0,33.0,40.0,34:30,25.0,11.0,13.0,1.0,70.0,502.0,7.2,4.0,37.0,254.0,6.9,2.0,33.0,22.0,248.0,2.0,0.0,7.5,11.3,66.7,109.15,15.0,7.0,46.7,3.0,2.0,66.7,5.0,3.0,0.0,0.0,4.0,25.0,0.0,0.0,0.0,0.0,2.0,3.0,2.0,81.0,40.5,0.0,0.0,0.0,75.0,0.0,60.0,0.0,5.0,5.0,0.0,0.0,0.0,0.0,0.0,1.0,1.0,2.0,2.0,0.0,2.0,1.0,1.0,1.0,3.0,3.0,38.0,33.0,0.0,0.0,4.0,0.0,0.0,27.0,26.0,1.0,6.0,7.0,0.0,0.0,Sunday,993005370.0,7,6,19175.0,-5.0,0,0.0,0.444,0.0,,0.2493226297633188,0.6578947368421053,0.1324423700064585,0.4372069912920283,0.2458023950444782,0.5666666666666667,0.4028359741280194,0.2681027381106882,29.7,32.3,-2.7,378.6666666666667,435.6666666666667,1.0,0.448,0.2,174.0,253.0,3.0,0.188292829103175,0.5752003465453758,0.2070168100971895,0.2245142585110191,0.2435937655056052,0.5717717717717719,0.3513709549921714,0.2013375757105981,0.0781218291138939,0.2181017487564114,202510907.0,2025-11-02T13:00:00,1,2025,9,CHI,CIN,AWAY,47.0,42.0,89.0,Paycor Stadium,7.0,10.0,14.0,16.0,0.0,29.0,30.0,34:30,19.0,5.0,13.0,1.0,62.0,372.0,6.0,1.0,23.0,96.0,4.2,1.0,38.0,25.0,276.0,0.0,1.0,7.3,11.0,65.8,76.21,13.0,6.0,46.2,1.0,0.0,0.0,3.0,1.0,0.0,0.0,11.0,79.0,1.0,0.0,1.0,9.0,3.0,4.0,2.0,108.0,54.0,1.0,0.0,-1.0,10.0,10.0,7.0,15.0,0.0,30.0,30.0,25:30,24.0,13.0,8.0,3.0,59.0,355.0,6.0,3.0,35.0,177.0,5.1,2.0,22.0,17.0,178.0,1.0,0.0,8.1,10.5,77.3,115.34,10.0,4.0,40.0,1.0,1.0,100.0,6.0,3.0,0.0,0.0,6.0,45.0,1.0,0.0,2.0,8.0,4.0,6.0,2.0,95.0,47.5,0.0,1.0,1.0,33.3,0.0,50.0,0.0,1.0,1.0,0.0,0.0,0.0,0.0,0.0,4.0,3.0,3.0,3.0,0.0,0.0,0.0,0.0,0.0,3.0,3.0,37.0,29.0,2.0,8.0,1.0,1.0,0.0,37.0,23.0,1.0,9.0,2.0,1.0,0.0,Sunday,993005369.0,6,7,19173.0,5.0,1,-1.0,0.462,0.0,,0.041171662584004,0.4691358024691358,0.0933105395028539,-0.0465305985929998,0.2293938600800653,0.5569620253164557,0.2964548714173117,0.1604065940615588,22.3,22.7,-0.3,379.6666666666667,312.3333333333333,1.667,0.337,0.8,168.0,185.0,4.0,0.0413676425496805,0.4728822448583348,0.0661364847320679,0.0920316623415006,0.0114723173570603,0.495177817962628,0.1601718254593909,-0.214474563617306,0.0509530207487624,-0.0284341208374374,-2.4000000000000004,-3.0,-0.6000000000000001,1.0,-1.0,758.3333333333334,123.33333333333337,748.0,6.0,342.0,68.0,438.0,-1.0,7.0,0.14692518655349449,0.23212144814854488
202510911.0,2025-11-02T13:00:00,1,2025,9,DET,MIN,HOME,24.0,27.0,51.0,Ford Field,7.0,7.0,3.0,7.0,0.0,31.0,39.0,31:08,17.0,6.0,9.0,2.0,65.0,379.0,5.8,3.0,32.0,164.0,5.1,2.0,29.0,20.0,215.0,1.0,1.0,7.4,10.8,69.0,87.57,13.0,3.0,23.1,2.0,1.0,50.0,2.0,1.0,0.0,0.0,6.0,50.0,1.0,1.0,4.0,26.0,8.0,4.0,5.0,256.0,51.2,2.0,2.0,0.0,14.0,3.0,7.0,3.0,0.0,28.0,21.0,28:52,15.0,2.0,11.0,2.0,66.0,251.0,3.8,1.0,12.0,41.0,3.4,0.0,50.0,28.0,210.0,1.0,1.0,4.2,7.5,56.0,64.58,16.0,4.0,25.0,5.0,2.0,40.0,1.0,0.0,0.0,0.0,6.0,35.0,2.0,1.0,4.0,18.0,9.0,7.0,6.0,263.0,43.8,2.0,2.0,0.0,50.0,0.0,0.0,0.0,3.0,3.0,0.0,0.0,0.0,0.0,0.0,2.0,1.0,0.0,0.0,0.0,2.0,0.0,0.0,0.0,1.0,1.0,31.0,22.0,4.0,18.0,12.0,2.0,1.0,36.0,38.0,4.0,26.0,2.0,1.0,1.0,Sunday,993005376.0,11,20,19169.0,-3.0,0,0.0,0.231,0.0,,-0.0918398574996776,0.3855421686746988,-0.1661573230888607,0.0210575583924148,-0.2955938942511787,0.3452380952380952,-0.4365343539593214,0.142326591102491,26.0,21.0,5.0,347.0,309.3333333333333,0.667,0.312,0.8,215.0,151.0,5.0,0.0543875172493288,0.498354452482467,0.1664580484743595,-0.0315609443984763,-0.028343465643322,0.4667685542685542,0.0065976651327706,0.0172962324035468,0.0733167991065075,-0.0617875076523936,202510911.0,2025-11-02T13:00:00,1,2025,9,MIN,DET,AWAY,27.0,24.0,51.0,Ford Field,14.0,3.0,7.0,3.0,0.0,20.0,56.0,28:52,12.0,1.0,9.0,2.0,47.0,164.0,3.5,1.0,11.0,34.0,3.1,0.0,31.0,18.0,130.0,1.0,1.0,4.2,7.2,58.1,65.26,11.0,3.0,27.3,1.0,0.0,0.0,1.0,1.0,0.0,0.0,8.0,66.0,1.0,0.0,5.0,27.0,8.0,10.0,4.0,184.0,46.0,1.0,1.0,0.0,7.0,7.0,3.0,7.0,0.0,39.0,4.0,31:08,29.0,14.0,13.0,2.0,70.0,419.0,6.0,4.0,43.0,207.0,4.8,1.0,25.0,18.0,212.0,3.0,1.0,8.5,11.8,72.0,120.33,13.0,9.0,69.2,0.0,0.0,0.0,4.0,3.0,0.0,0.0,8.0,46.0,0.0,0.0,2.0,15.0,8.0,7.0,0.0,0.0,0.0,1.0,1.0,0.0,100.0,0.0,75.0,0.0,1.0,1.0,0.0,0.0,0.0,0.0,0.0,2.0,1.0,4.0,4.0,0.0,0.0,0.0,0.0,0.0,4.0,3.0,44.0,29.0,2.0,15.0,2.0,0.0,0.0,27.0,13.0,5.0,27.0,7.0,1.0,0.0,Sunday,993005375.0,20,11,19171.0,3.0,1,0.0,0.273,0.0,,-0.2587679615870142,0.3787878787878788,-0.2575910481575916,-0.6795445200065539,0.1704312400193104,0.5454545454545454,0.4575897119443613,0.0208127999627286,17.7,27.3,-9.7,300.0,367.3333333333333,-1.333,0.358,0.4,155.0,162.0,3.0,-0.0779920443420593,0.4653075989908345,0.0253884050591923,-0.4939674215201275,0.0756128230708629,0.462551823589497,0.3700684099950884,-0.0918090636457264,-0.0272345211707564,-0.0291107158564522,14.7,-4.699999999999999,0.4,1.2000000000000002,47.0,647.0,-58.0,676.6666666666666,60.0,370.0,-11.0,313.0,2.0,8.0,0.13237956159138808,-0.1039562887141849
202510934.0,2025-11-02T13:00:00,1,2025,9,TEN,LAC,HOME,20.0,27.0,47.0,Nissan Stadium,14.0,3.0,0.0,3.0,0.0,34.0,21.0,25:40,20.0,5.0,13.0,2.0,67.0,341.0,5.1,2.0,25.0,113.0,4.5,1.0,38.0,22.0,228.0,1.0,1.0,6.0,10.4,57.9,73.14,15.0,6.0,40.0,3.0,1.0,33.3,3.0,2.0,0.0,0.0,3.0,34.0,0.0,0.0,4.0,31.0,5.0,5.0,5.0,215.0,43.0,1.0,0.0,-1.0,7.0,13.0,0.0,7.0,0.0,25.0,39.0,34:20,21.0,7.0,14.0,0.0,52.0,420.0,8.1,5.0,18.0,164.0,9.1,2.0,31.0,21.0,256.0,3.0,0.0,8.3,12.2,67.7,125.2,9.0,3.0,33.3,1.0,1.0,100.0,4.0,3.0,0.0,0.0,3.0,32.0,0.0,0.0,3.0,16.0,7.0,8.0,4.0,189.0,47.2,0.0,1.0,1.0,66.7,0.0,75.0,0.0,2.0,2.0,0.0,0.0,0.0,0.0,0.0,1.0,0.0,5.0,5.0,0.0,0.0,0.0,0.0,0.0,1.0,1.0,32.0,10.0,3.0,16.0,4.0,0.0,0.0,38.0,23.0,4.0,31.0,4.0,0.0,0.0,Sunday,993005372.0,34,29,19181.0,-7.0,0,-1.0,0.4,0.0,,-0.0900289972495998,0.4367816091954023,-0.1006642106525681,0.0883502530778059,0.2969749257769736,0.4776119402985074,0.3266254990734064,0.3825675314809713,12.3,29.7,-17.3,273.6666666666667,344.3333333333333,-1.667,0.31,0.2,110.0,230.0,1.0,-0.1455745484440769,0.4407627621120049,-0.208991797772068,-0.1309612634668434,0.1304097424843294,0.4627687281086949,0.3149172627138386,0.0310242989496253,-0.1733027652358072,0.0794502575340303,202510934.0,2025-11-02T13:00:00,1,2025,9,LAC,TEN,AWAY,27.0,20.0,47.0,Nissan Stadium,7.0,13.0,0.0,7.0,0.0,39.0,4.0,34:20,29.0,14.0,13.0,2.0,70.0,419.0,6.0,4.0,43.0,207.0,4.8,1.0,25.0,18.0,212.0,3.0,1.0,8.5,11.8,72.0,120.33,13.0,9.0,69.2,0.0,0.0,0.0,4.0,3.0,0.0,0.0,8.0,46.0,0.0,0.0,2.0,15.0,8.0,7.0,0.0,0.0,0.0,1.0,1.0,0.0,14.0,3.0,0.0,3.0,0.0,20.0,56.0,25:40,12.0,1.0,9.0,2.0,47.0,164.0,3.5,1.0,11.0,34.0,3.1,0.0,31.0,18.0,130.0,1.0,1.0,4.2,7.2,58.1,65.26,11.0,3.0,27.3,1.0,0.0,0.0,1.0,1.0,0.0,0.0,8.0,66.0,1.0,0.0,5.0,27.0,8.0,10.0,4.0,184.0,46.0,1.0,1.0,0.0,75.0,0.0,100.0,0.0,4.0,4.0,0.0,0.0,0.0,0.0,0.0,4.0,3.0,1.0,1.0,0.0,0.0,0.0,0.0,0.0,2.0,1.0,27.0,13.0,5.0,27.0,7.0,1.0,0.0,44.0,29.0,2.0,15.0,2.0,0.0,0.0,Sunday,993005371.0,29,34,19171.0,7.0,1,0.0,0.692,0.0,,0.1704312400193104,0.5454545454545454,0.4575897119443613,0.0208127999627286,-0.2587679615870142,0.3787878787878788,-0.2575910481575916,-0.6795445200065539,30.0,25.0,5.0,422.3333333333333,302.0,0.0,0.531,0.4,188.0,173.0,5.0,0.1295415423679953,0.5079051383399209,0.2663916147153954,-0.0329697400319495,0.0583292735972965,0.4779794026369369,0.0157330192384186,0.0397757786565408,0.0478671207499198,0.0667967826853326,-22.3,-12.3,-0.2,0.6000000000000001,-148.66666666666663,696.0,42.333333333333314,646.3333333333333,-78.0,298.0,57.0,403.0,-4.0,6.0,-0.2751160908120722,0.0720804688870329
202510921.0,2025-11-02T13:00:00,1,2025,9,NE,ATL,HOME,24.0,23.0,47.0,Gillette Stadium,7.0,14.0,3.0,0.0,0.0,36.0,12.0,34:05,23.0,10.0,11.0,2.0,65.0,422.0,6.5,3.0,35.0,177.0,5.1,0.0,24.0,18.0,245.0,3.0,1.0,10.2,13.6,75.0,129.34,11.0,3.0,27.3,0.0,0.0,0.0,6.0,2.0,0.0,0.0,7.0,54.0,2.0,1.0,6.0,37.0,2.0,7.0,3.0,124.0,41.3,2.0,2.0,0.0,7.0,7.0,0.0,9.0,0.0,23.0,48.0,25:55,12.0,4.0,7.0,1.0,52.0,213.0,4.1,2.0,16.0,68.0,4.2,0.0,35.0,21.0,145.0,2.0,2.0,4.1,6.9,60.0,64.58,11.0,2.0,18.2,3.0,1.0,33.3,3.0,2.0,0.0,0.0,5.0,31.0,0.0,0.0,1.0,11.0,8.0,11.0,4.0,161.0,40.2,2.0,2.0,0.0,33.3,0.0,66.7,0.0,3.0,3.0,0.0,0.0,0.0,0.0,0.0,3.0,3.0,1.0,1.0,0.0,2.0,0.0,0.0,0.0,1.0,0.0,22.0,29.0,1.0,11.0,8.0,0.0,0.0,39.0,26.0,6.0,37.0,3.0,2.0,1.0,Sunday,993005374.0,21,2,19177.0,1.0,1,0.0,0.273,0.0,,-0.0085623855250239,0.4880952380952381,0.3050323029383666,-0.1862410835144276,-0.3062783590160892,0.3382352941176471,-0.4600360090634426,0.1002923640854922,29.3,15.0,14.3,380.6666666666667,254.66666666666663,1.0,0.384,1.0,213.0,146.0,6.0,0.0824216742508351,0.4815770135214579,0.4233108582241456,-0.1675595109269782,-0.1435796174228403,0.4362683269650091,-0.2682101836130437,-0.075578199818495,0.113253324898869,-0.1180075791299742,202510921.0,2025-11-02T13:00:00,1,2025,9,ATL,NE,AWAY,23.0,24.0,47.0,Gillette Stadium,7.0,7.0,0.0,9.0,0.0,22.0,2.0,25:55,11.0,3.0,7.0,1.0,49.0,213.0,4.3,1.0,17.0,45.0,2.6,1.0,31.0,21.0,168.0,0.0,0.0,5.4,8.0,67.7,81.12,11.0,2.0,18.2,4.0,2.0,50.0,2.0,1.0,0.0,0.0,8.0,76.0,1.0,1.0,1.0,5.0,2.0,5.0,4.0,185.0,46.2,1.0,0.0,-1.0,7.0,14.0,3.0,0.0,0.0,37.0,58.0,34:05,24.0,11.0,10.0,3.0,65.0,338.0,5.2,4.0,37.0,141.0,3.8,0.0,27.0,21.0,197.0,4.0,0.0,7.3,9.4,77.8,136.65,13.0,6.0,46.2,2.0,1.0,50.0,5.0,3.0,0.0,0.0,4.0,54.0,0.0,0.0,1.0,8.0,4.0,4.0,3.0,148.0,49.3,0.0,1.0,1.0,50.0,0.0,60.0,0.0,1.0,1.0,0.0,0.0,0.0,0.0,0.0,1.0,1.0,4.0,4.0,0.0,0.0,0.0,0.0,0.0,2.0,2.0,36.0,40.0,1.0,8.0,3.0,0.0,0.0,27.0,19.0,1.0,5.0,2.0,0.0,1.0,Sunday,993005373.0,2,21,19172.0,-1.0,0,-1.0,0.182,0.0,,-0.2305224927385629,0.4242424242424242,-0.1050204620996461,-0.6563796498842851,0.1757886911055131,0.5357142857142857,0.2720439811914371,0.1024632806813505,14.7,22.7,-8.0,316.0,317.6666666666667,0.333,0.351,0.4,120.0,154.0,3.0,-0.08484291414651,0.4571826640792157,-0.0402525397594577,-0.1847222693443348,0.043917458747183,0.5181043526113949,0.0793034632101346,0.0089837720727528,-0.0848259395051322,0.073411427885708,22.3,6.300000000000001,0.6,1.4,64.66666666666669,696.6666666666667,-63.00000000000006,572.3333333333333,93.0,333.0,-8.0,300.0,3.0,9.0,0.1672645883973451,-0.1874970761700233
202510932.0,2025-11-02T16:05:00,1,2025,9,LAR,NO,HOME,34.0,10.0,44.0,SoFi Stadium,7.0,13.0,7.0,7.0,0.0,31.0,46.0,43:53,26.0,4.0,14.0,8.0,62.0,271.0,4.4,5.0,29.0,89.0,3.1,0.0,33.0,21.0,182.0,5.0,0.0,5.5,8.7,63.6,117.68,10.0,2.0,20.0,2.0,2.0,100.0,4.0,4.0,0.0,0.0,5.0,45.0,0.0,0.0,0.0,0.0,11.0,5.0,5.0,242.0,48.4,0.0,0.0,0.0,0.0,10.0,0.0,0.0,0.0,28.0,14.0,16:07,21.0,5.0,13.0,3.0,74.0,358.0,4.8,1.0,19.0,94.0,4.9,0.0,48.0,23.0,264.0,1.0,0.0,5.5,11.5,47.9,71.88,15.0,3.0,20.0,6.0,2.0,33.3,2.0,0.0,0.0,0.0,13.0,119.0,1.0,0.0,7.0,32.0,4.0,1.0,5.0,207.0,41.4,0.0,0.0,0.0,100.0,0.0,0.0,0.0,5.0,5.0,0.0,0.0,0.0,0.0,0.0,0.0,0.0,1.0,1.0,0.0,0.0,0.0,0.0,0.0,1.0,0.0,39.0,18.0,7.0,32.0,10.0,1.0,0.0,33.0,18.0,0.0,0.0,4.0,0.0,0.0,Sunday,993005378.0,32,22,19049.0,24.0,1,0.0,0.2,0.0,,0.2480457365182525,0.5232558139534884,0.4154692063928537,-0.059161491090587,-0.1144166523225246,0.4565217391304347,-0.2279444746991215,0.1487010953003644,25.0,12.0,13.0,322.6666666666667,353.6666666666667,0.0,0.333,0.6,175.0,117.0,5.0,0.0782678533892313,0.5339206371714881,0.2950516993647746,-0.2839176263350403,-0.0868858800698354,0.4568166944723525,-0.1105742355025307,-0.0986086039827887,0.0258735083982856,-0.0746072211107907,202510932.0,2025-11-02T16:05:00,1,2025,9,NO,LAR,AWAY,10.0,34.0,44.0,SoFi Stadium,0.0,10.0,0.0,0.0,0.0,27.0,4.0,16:07,17.0,4.0,13.0,0.0,71.0,275.0,3.9,0.0,15.0,48.0,3.2,0.0,51.0,32.0,227.0,0.0,2.0,4.5,7.1,62.7,56.58,16.0,8.0,50.0,4.0,2.0,50.0,1.0,0.0,0.0,0.0,8.0,40.0,2.0,2.0,5.0,37.0,4.0,2.0,3.0,121.0,40.3,4.0,1.0,-3.0,7.0,13.0,7.0,7.0,0.0,32.0,56.0,43:53,14.0,5.0,8.0,1.0,56.0,212.0,3.8,2.0,29.0,88.0,3.0,1.0,24.0,15.0,124.0,0.0,0.0,5.2,8.3,62.5,75.69,13.0,3.0,23.1,2.0,1.0,50.0,2.0,1.0,0.0,0.0,4.0,25.0,2.0,1.0,3.0,28.0,8.0,5.0,3.0,151.0,50.3,1.0,4.0,3.0,0.0,0.0,50.0,0.0,0.0,0.0,0.0,0.0,0.0,0.0,0.0,1.0,1.0,2.0,2.0,0.0,0.0,0.0,0.0,0.0,3.0,3.0,30.0,32.0,3.0,28.0,4.0,2.0,1.0,34.0,30.0,5.0,37.0,7.0,2.0,2.0,Sunday,993005377.0,22,32,19179.0,-24.0,0,-3.0,0.5,0.0,,-0.3981356865137487,0.388235294117647,-0.5213890787718188,-0.2417235082713887,-0.0778750956679107,0.3561643835616438,-0.0655689801463158,-0.2495474269169408,12.0,24.7,-12.7,274.6666666666667,310.3333333333333,-2.333,0.378,0.2,128.0,209.0,1.0,-0.2076228216695872,0.4365881563893163,-0.2604932481094787,-0.1810312469285411,0.0015390553617942,0.4289487339144873,0.1742832259710828,-0.1757091971192944,-0.1387655939384233,-0.0163566702579973,25.7,0.3000000000000007,0.39999999999999997,0.8,48.0,597.3333333333334,43.33333333333337,664.0,47.0,303.0,-92.0,326.0,4.0,6.0,0.2858906750588185,-0.0884249354316296
202510925.0,2025-11-02T16:05:00,1,2025,9,LV,JAX,HOME,29.0,30.0,59.0,Allegiant Stadium,0.0,6.0,3.0,14.0,6.0,17.0,52.0,26:47,3.0,0.0,2.0,1.0,30.0,95.0,3.2,0.0,11.0,25.0,2.3,0.0,18.0,12.0,70.0,0.0,0.0,3.9,5.8,66.7,73.84,7.0,0.0,0.0,1.0,0.0,0.0,0.0,0.0,0.0,0.0,8.0,58.0,2.0,1.0,1.0,5.0,3.0,6.0,6.0,283.0,47.2,1.0,0.0,-1.0,0.0,3.0,3.0,17.0,7.0,42.0,8.0,42:57,30.0,12.0,16.0,2.0,77.0,434.0,5.6,4.0,41.0,152.0,3.7,1.0,35.0,26.0,282.0,3.0,0.0,8.1,10.8,74.3,126.13,15.0,9.0,60.0,2.0,1.0,50.0,5.0,4.0,0.0,0.0,5.0,38.0,2.0,0.0,1.0,4.0,2.0,1.0,3.0,106.0,35.3,0.0,1.0,1.0,0.0,0.0,80.0,0.0,0.0,0.0,0.0,0.0,0.0,0.0,0.0,0.0,0.0,4.0,4.0,0.0,0.0,0.0,0.0,0.0,1.0,1.0,43.0,42.0,1.0,4.0,2.0,1.0,0.0,14.0,17.0,1.0,5.0,1.0,0.0,1.0,Sunday,993005380.0,25,15,19160.0,-1.0,0,-1.0,0.0,0.0,,-0.3390653628906721,0.3404255319148936,-0.5428014292543673,-0.7955576516178553,0.1942831147379733,0.5,0.5527184534722976,-0.1549876735422431,8.7,27.0,-18.3,205.66666666666663,325.3333333333333,-0.333,0.344,0.2,103.0,180.0,2.0,-0.2112917916598275,0.4293856043265027,-0.1744193503252691,-0.4552826349879398,0.0736897460092379,0.4715204678362573,0.2242024907323635,-0.0575787647340354,-0.1654291840129738,0.074060153611393,202510925.0,2025-11-02T16:05:00,1,2025,9,JAX,LV,AWAY,30.0,29.0,59.0,Allegiant Stadium,0.0,3.0,3.0,17.0,7.0,28.0,14.0,42:57,21.0,5.0,13.0,3.0,74.0,358.0,4.8,1.0,19.0,94.0,4.9,0.0,48.0,23.0,264.0,1.0,0.0,5.5,11.5,47.9,71.88,15.0,3.0,20.0,6.0,2.0,33.3,2.0,0.0,0.0,0.0,13.0,119.0,1.0,0.0,7.0,32.0,4.0,1.0,5.0,207.0,41.4,0.0,0.0,0.0,0.0,6.0,3.0,14.0,6.0,31.0,46.0,26:47,26.0,4.0,14.0,8.0,62.0,271.0,4.4,5.0,29.0,89.0,3.1,0.0,33.0,21.0,182.0,5.0,0.0,5.5,8.7,63.6,117.68,10.0,2.0,20.0,2.0,2.0,100.0,4.0,4.0,0.0,0.0,5.0,45.0,0.0,0.0,0.0,0.0,11.0,5.0,5.0,242.0,48.4,0.0,0.0,0.0,0.0,0.0,100.0,0.0,1.0,1.0,0.0,0.0,0.0,0.0,0.0,1.0,0.0,5.0,5.0,0.0,0.0,0.0,0.0,0.0,0.0,0.0,33.0,18.0,0.0,0.0,4.0,0.0,0.0,39.0,18.0,7.0,32.0,10.0,1.0,0.0,Sunday,993005379.0,15,25,19049.0,1.0,1,0.0,0.2,0.0,,-0.1144166523225246,0.4565217391304347,-0.2279444746991215,0.1487010953003644,0.2480457365182525,0.5232558139534884,0.4154692063928537,-0.059161491090587,16.7,27.7,-11.0,316.6666666666667,364.3333333333333,-0.333,0.335,0.6,146.0,155.0,4.0,-0.0132320928440491,0.4635020000929293,-0.0024795968288153,-0.0575666370951311,0.1389958407059757,0.5257198276268771,0.3033844895026914,-0.0554897107620881,-0.038452556780158,0.0165179578399715,-7.300000000000001,-29.3,-0.39999999999999997,0.8,-111.00000000000006,522.3333333333333,-39.0,689.6666666666666,-43.0,249.0,25.0,335.0,-2.0,6.0,-0.1980596988157784,-0.0653060946967378
202510904.0,2025-11-02T16:25:00,1,2025,9,BUF,KC,HOME,28.0,21.0,49.0,Highmark Stadium,7.0,14.0,7.0,0.0,0.0,33.0,32.0,34:45,23.0,12.0,10.0,1.0,60.0,410.0,6.8,5.0,35.0,245.0,7.0,4.0,23.0,14.0,165.0,1.0,0.0,7.2,11.8,60.9,97.19,12.0,7.0,58.3,0.0,0.0,0.0,3.0,2.0,0.0,0.0,7.0,60.0,0.0,0.0,2.0,20.0,9.0,7.0,3.0,146.0,48.7,0.0,3.0,3.0,0.0,13.0,0.0,8.0,0.0,26.0,28.0,25:15,19.0,5.0,11.0,3.0,59.0,244.0,4.1,1.0,28.0,114.0,4.1,1.0,24.0,16.0,130.0,0.0,1.0,5.4,8.1,66.7,62.85,11.0,4.0,36.4,1.0,1.0,100.0,2.0,1.0,0.0,0.0,4.0,20.0,3.0,2.0,7.0,45.0,3.0,4.0,4.0,211.0,52.8,3.0,0.0,-3.0,66.7,0.0,50.0,0.0,5.0,4.0,0.0,0.0,0.0,0.0,0.0,2.0,2.0,1.0,0.0,0.0,0.0,0.0,0.0,0.0,2.0,1.0,34.0,28.0,7.0,45.0,1.0,2.0,2.0,33.0,31.0,2.0,20.0,4.0,0.0,0.0,Sunday,993005382.0,4,16,19174.0,7.0,1,3.0,0.583,0.0,,0.2825220283911432,0.5189873417721519,0.3890936568456556,0.283490599266008,-0.2131317405605713,0.4805194805194805,-0.4678587090782378,-0.1181302640168858,24.7,18.7,6.0,354.6666666666667,341.6666666666667,-0.333,0.454,0.6,207.0,146.0,5.0,0.0715153607211484,0.5080467367340815,0.158834915095968,-0.0470799027190508,-0.0303103454670276,0.5019157088122606,-0.0597419250245478,-0.0340112254225433,0.1118621769598973,-0.010152737542417,202510904.0,2025-11-02T16:25:00,1,2025,9,KC,BUF,AWAY,21.0,28.0,49.0,Highmark Stadium,0.0,13.0,0.0,8.0,0.0,34.0,3.0,25:15,26.0,8.0,16.0,2.0,67.0,432.0,6.4,4.0,30.0,148.0,4.9,1.0,34.0,25.0,284.0,3.0,2.0,8.4,11.4,73.5,103.06,10.0,4.0,40.0,2.0,2.0,100.0,4.0,4.0,0.0,0.0,9.0,95.0,2.0,0.0,3.0,15.0,4.0,3.0,1.0,56.0,56.0,2.0,2.0,0.0,7.0,14.0,7.0,0.0,0.0,25.0,57.0,34:45,14.0,4.0,9.0,1.0,52.0,260.0,5.0,1.0,20.0,60.0,3.0,0.0,30.0,21.0,200.0,1.0,2.0,6.7,9.5,70.0,71.53,12.0,7.0,58.3,2.0,0.0,0.0,2.0,1.0,0.0,0.0,3.0,35.0,1.0,0.0,2.0,13.0,7.0,4.0,3.0,142.0,47.3,2.0,2.0,0.0,100.0,0.0,50.0,0.0,4.0,4.0,0.0,0.0,0.0,0.0,0.0,0.0,0.0,1.0,1.0,0.0,0.0,0.0,0.0,0.0,0.0,0.0,26.0,32.0,2.0,13.0,3.0,1.0,0.0,43.0,21.0,3.0,15.0,3.0,2.0,0.0,Sunday,993005381.0,16,4,19183.0,-7.0,0,0.0,0.4,0.0,,0.2184265889295702,0.5064935064935064,0.360584944205281,0.1026849406659424,-0.1084238324440237,0.46875,-0.2029044083917849,-0.0684242068331086,29.7,8.0,21.7,407.0,217.33333333333337,0.333,0.467,0.8,214.0,131.0,5.0,0.2141283811647502,0.5246870246870247,0.4531887869480888,-0.0041874537628715,-0.1268498088571798,0.4581309744064137,-0.1816402258380508,-0.3172140424905394,0.1912072717911939,-0.0523036507623435,-15.7,27.7,-0.20000000000000007,1.4,-52.333333333333314,761.6666666666667,124.33333333333331,559.0,-7.0,421.0,15.0,277.0,0.0,10.0,-0.1426130204436018,0.09653946339015221
202510935.0,2025-11-02T20:20:00,1,2025,9,WAS,SEA,HOME,14.0,38.0,52.0,Northwest Stadium,0.0,7.0,0.0,7.0,0.0,25.0,57.0,32:42,14.0,4.0,9.0,1.0,52.0,260.0,5.0,1.0,20.0,60.0,3.0,0.0,30.0,21.0,200.0,1.0,2.0,6.7,9.5,70.0,71.53,12.0,7.0,58.3,2.0,0.0,0.0,2.0,1.0,0.0,0.0,3.0,35.0,1.0,0.0,2.0,13.0,7.0,4.0,3.0,142.0,47.3,2.0,2.0,0.0,7.0,24.0,7.0,0.0,0.0,34.0,3.0,27:18,26.0,8.0,16.0,2.0,67.0,432.0,6.4,4.0,30.0,148.0,4.9,1.0,34.0,25.0,284.0,3.0,2.0,8.4,11.4,73.5,103.06,10.0,4.0,40.0,2.0,2.0,100.0,4.0,4.0,0.0,0.0,9.0,95.0,2.0,0.0,3.0,15.0,4.0,3.0,1.0,56.0,56.0,2.0,2.0,0.0,50.0,0.0,100.0,0.0,1.0,1.0,0.0,0.0,0.0,0.0,0.0,0.0,0.0,4.0,4.0,0.0,0.0,0.0,0.0,0.0,0.0,0.0,43.0,21.0,3.0,15.0,3.0,2.0,0.0,26.0,32.0,2.0,13.0,3.0,1.0,0.0,Sunday,993005384.0,35,30,19183.0,-24.0,0,0.0,0.583,0.0,,-0.1084238324440237,0.46875,-0.2029044083917849,-0.0684242068331086,0.2184265889295702,0.5064935064935064,0.360584944205281,0.1026849406659424,17.7,32.3,-14.7,310.0,407.3333333333333,-1.667,0.465,0.2,187.0,198.0,3.0,-0.0592644970449943,0.4802200374531835,-0.0505784531052833,-0.1628443839598673,0.1679691719216717,0.4944702852372248,0.2577369462322442,0.0768409507794329,0.0350802010603285,0.1260852983530933,202510935.0,2025-11-02T20:20:00,1,2025,9,SEA,WAS,AWAY,38.0,14.0,52.0,Northwest Stadium,7.0,24.0,7.0,0.0,0.0,32.0,17.0,27:18,19.0,6.0,9.0,4.0,67.0,316.0,4.7,3.0,33.0,118.0,3.6,2.0,32.0,17.0,198.0,1.0,2.0,6.2,11.6,53.1,56.51,14.0,2.0,14.3,2.0,2.0,100.0,4.0,3.0,0.0,0.0,12.0,93.0,2.0,2.0,2.0,15.0,7.0,10.0,4.0,205.0,51.2,4.0,1.0,-3.0,0.0,7.0,0.0,7.0,0.0,27.0,43.0,32:42,18.0,1.0,13.0,4.0,69.0,254.0,3.7,2.0,17.0,56.0,3.3,0.0,49.0,23.0,198.0,1.0,1.0,4.0,8.6,46.9,56.34,15.0,2.0,13.3,4.0,1.0,25.0,3.0,1.0,0.0,0.0,10.0,105.0,0.0,0.0,3.0,31.0,5.0,7.0,7.0,344.0,49.1,1.0,4.0,3.0,75.0,0.0,33.3,0.0,3.0,3.0,0.0,0.0,0.0,0.0,0.0,3.0,2.0,1.0,1.0,0.0,2.0,0.0,0.0,0.0,2.0,2.0,34.0,20.0,3.0,31.0,12.0,0.0,0.0,36.0,25.0,2.0,15.0,5.0,2.0,2.0,Sunday,993005383.0,30,35,19170.0,24.0,1,-3.0,0.143,0.0,,-0.1799499324511149,0.4222222222222222,-0.3473742994183291,-0.0637881759031867,-0.2627055175066244,0.4,-0.191583019168109,-0.729635439174793,27.3,23.0,4.3,375.0,317.6666666666667,-1.667,0.298,0.8,193.0,136.0,5.0,0.0355092818149992,0.4792631029843779,0.20956891905466,-0.2068860372561845,-0.0036766678911486,0.4372713699141471,0.1382244412398114,-0.3365365153676594,0.0662994343973016,-0.0512956062918471,-19.0,-10.399999999999999,-0.6000000000000001,1.0,-65.0,685.0,89.66666666666663,725.0,-6.0,380.0,62.0,334.0,-2.0,8.0,-0.0947737788599935,0.1716458398128203
202510909.0,2025-11-03T20:15:00,1,2025,9,DAL,ARI,HOME,17.0,27.0,44.0,AT&T Stadium,0.0,7.0,3.0,7.0,0.0,33.0,32.0,26:40,24.0,8.0,12.0,4.0,68.0,339.0,5.0,3.0,31.0,108.0,3.5,2.0,35.0,22.0,231.0,1.0,2.0,6.6,10.5,62.9,67.68,11.0,4.0,36.4,1.0,1.0,100.0,4.0,2.0,0.0,0.0,9.0,80.0,1.0,0.0,2.0,15.0,1.0,3.0,5.0,252.0,50.4,2.0,1.0,-1.0,3.0,14.0,10.0,0.0,0.0,26.0,28.0,33:20,25.0,8.0,15.0,2.0,57.0,426.0,7.5,6.0,28.0,179.0,6.4,2.0,29.0,19.0,247.0,4.0,1.0,8.5,13.0,65.5,117.39,8.0,5.0,62.5,0.0,0.0,0.0,5.0,4.0,0.0,0.0,7.0,42.0,0.0,0.0,0.0,0.0,8.0,3.0,2.0,80.0,40.0,1.0,2.0,1.0,50.0,0.0,80.0,0.0,3.0,3.0,0.0,0.0,0.0,0.0,0.0,1.0,1.0,5.0,5.0,0.0,2.0,0.0,0.0,0.0,1.0,1.0,28.0,23.0,0.0,0.0,2.0,0.0,0.0,29.0,46.0,2.0,15.0,12.0,1.0,0.0,Monday,993005386.0,9,1,19180.0,-10.0,0,-1.0,0.364,0.0,,0.0634604812981644,0.5531914893617021,0.1239327782697783,-0.0003512759846801,0.3347581481850221,0.6025641025641025,0.5171175939901604,0.1928454997509511,31.7,32.0,-0.3,346.6666666666667,392.3333333333333,0.667,0.427,0.4,246.0,250.0,3.0,0.1441630182730659,0.4919448397254559,0.3613544178697809,-0.1860804348536822,0.127849985404978,0.5486342621174082,0.1228994322711608,0.1786728844128857,0.1849283282524333,0.1306127209084785,202510909.0,2025-11-03T20:15:00,1,2025,9,ARI,DAL,AWAY,27.0,17.0,44.0,AT&T Stadium,3.0,14.0,10.0,0.0,0.0,34.0,10.0,33:20,23.0,5.0,13.0,5.0,70.0,330.0,4.7,2.0,28.0,94.0,3.4,0.0,36.0,25.0,236.0,2.0,0.0,6.6,9.4,69.4,105.79,14.0,7.0,50.0,2.0,0.0,0.0,4.0,2.0,0.0,0.0,6.0,55.0,1.0,1.0,6.0,43.0,2.0,5.0,1.0,42.0,42.0,1.0,0.0,-1.0,0.0,7.0,3.0,7.0,0.0,25.0,50.0,26:40,19.0,5.0,10.0,4.0,53.0,262.0,4.9,3.0,23.0,94.0,4.1,2.0,29.0,19.0,168.0,1.0,0.0,5.8,8.8,65.5,92.31,10.0,3.0,30.0,3.0,2.0,66.7,4.0,3.0,0.0,0.0,10.0,94.0,2.0,0.0,1.0,11.0,12.0,9.0,3.0,174.0,58.0,0.0,1.0,1.0,50.0,0.0,75.0,0.0,2.0,2.0,0.0,0.0,0.0,0.0,0.0,3.0,3.0,3.0,3.0,0.0,0.0,0.0,0.0,0.0,2.0,2.0,28.0,22.0,1.0,11.0,3.0,1.0,0.0,37.0,40.0,6.0,43.0,4.0,1.0,1.0,Monday,993005385.0,1,9,19166.0,10.0,1,-1.0,0.5,0.0,,0.0392488501630052,0.4886363636363636,0.1232142793439952,-0.2592352460790426,0.1245773609870843,0.5416666666666666,0.2605705381084791,-0.1125796245423292,23.7,26.7,-3.0,363.3333333333333,314.6666666666667,-0.667,0.527,0.0,153.0,154.0,2.0,0.0310635320834294,0.4635173574828746,0.1263436480084523,-0.2059898744364641,0.0885040289580462,0.5220731707317073,0.1538906377936965,-0.0421030713112816,0.0169128646859888,0.0607543049538766,2.7,-3.3,0.4,0.4,-16.66666666666663,710.0,77.66666666666663,707.0,93.0,399.0,96.0,404.0,1.0,5.0,0.1130994861896365,0.0393459564469318
202511010.0,2025-11-06T20:15:00,1,2025,10,DEN,LV,HOME,10.0,7.0,17.0,Empower Field at Mile High,0.0,7.0,3.0,0.0,0.0,25.0,24.0,30:46,15.0,6.0,9.0,0.0,61.0,271.0,4.4,2.0,23.0,100.0,4.3,0.0,37.0,18.0,171.0,2.0,1.0,4.6,9.5,48.6,68.64,15.0,6.0,40.0,0.0,0.0,0.0,1.0,0.0,0.0,0.0,4.0,41.0,1.0,1.0,1.0,2.0,7.0,4.0,8.0,428.0,53.5,2.0,0.0,-2.0,7.0,0.0,0.0,0.0,0.0,34.0,36.0,29:14,15.0,2.0,11.0,2.0,72.0,268.0,3.7,0.0,28.0,77.0,2.8,0.0,40.0,23.0,191.0,0.0,0.0,4.8,8.3,57.5,69.9,17.0,3.0,17.6,1.0,1.0,100.0,3.0,0.0,0.0,0.0,4.0,29.0,0.0,0.0,4.0,25.0,4.0,4.0,8.0,420.0,52.5,0.0,2.0,2.0,0.0,0.0,0.0,0.0,1.0,1.0,0.0,2.0,1.0,0.0,0.0,2.0,1.0,0.0,0.0,0.0,0.0,0.0,0.0,0.0,6.0,5.0,37.0,32.0,4.0,25.0,7.0,0.0,0.0,26.0,28.0,1.0,2.0,7.0,0.0,1.0,Thursday,993005388.0,10,25,19073.0,3.0,1,-2.0,0.4,0.0,,-0.1553451522656184,0.345679012345679,-0.0399359924271205,-0.179323157338513,-0.1561870096433583,0.3478260869565217,-0.0651702874339862,-0.3678579148021527,31.7,23.7,8.0,368.0,331.3333333333333,0.0,0.444,1.0,225.0,166.0,7.0,0.0953294424376043,0.4660810383032605,0.1649279934356809,0.1087140179658137,0.0157301070746903,0.4288114143282968,0.1442546293776601,-0.11491754205406,0.0478099045105218,-0.0203539721078693,202511010.0,2025-11-06T20:15:00,1,2025,10,LV,DEN,AWAY,7.0,10.0,17.0,Empower Field at Mile High,7.0,0.0,0.0,0.0,0.0,26.0,47.0,29:14,26.0,5.0,17.0,4.0,60.0,331.0,5.5,4.0,19.0,57.0,3.0,0.0,39.0,29.0,274.0,4.0,1.0,7.0,9.4,74.4,116.83,10.0,7.0,70.0,1.0,0.0,0.0,4.0,3.0,0.0,0.0,7.0,55.0,0.0,0.0,2.0,10.0,2.0,7.0,1.0,56.0,56.0,1.0,1.0,0.0,0.0,7.0,3.0,0.0,0.0,42.0,57.0,30:46,26.0,15.0,9.0,2.0,77.0,367.0,4.8,3.0,42.0,151.0,3.6,3.0,34.0,23.0,216.0,0.0,1.0,6.4,9.4,67.6,72.67,16.0,9.0,56.2,3.0,3.0,100.0,5.0,3.0,0.0,0.0,9.0,80.0,1.0,0.0,1.0,4.0,4.0,5.0,2.0,73.0,36.5,1.0,1.0,0.0,75.0,0.0,60.0,0.0,3.0,2.0,0.0,2.0,0.0,0.0,0.0,1.0,1.0,3.0,3.0,0.0,0.0,0.0,0.0,0.0,3.0,3.0,51.0,27.0,1.0,4.0,4.0,0.0,0.0,32.0,31.0,2.0,10.0,5.0,0.0,0.0,Thursday,993005387.0,25,10,19079.0,-3.0,0,0.0,0.7,0.0,,0.1670880292064334,0.5641025641025641,0.2908423742277525,-0.1683447165479366,0.1559627286312734,0.5463917525773195,-0.1098474386274568,0.3770469339720684,16.3,23.7,-7.3,217.33333333333337,342.0,0.333,0.387,0.2,132.0,210.0,2.0,-0.080323267420843,0.4486955125252997,-0.0158442371719989,-0.4394705053432456,0.0448738614748789,0.4847621631398082,0.0668206655333637,0.0027656570752375,-0.1277608647069986,0.0608919452349444,15.3,0.7000000000000002,0.8,1.2,150.66666666666663,585.3333333333334,-10.666666666666686,673.3333333333333,93.0,357.0,-44.0,376.0,5.0,9.0,0.1756527098584473,-0.029143754400188602
202511014.0,2025-11-09T09:30:00,1,2025,10,IND,ATL,HOME,31.0,25.0,56.0,Olympiastadion,13.0,0.0,0.0,12.0,6.0,31.0,55.0,40:20,26.0,6.0,17.0,3.0,74.0,368.0,5.0,2.0,19.0,55.0,2.9,1.0,50.0,31.0,313.0,1.0,3.0,6.3,10.1,62.0,61.5,14.0,6.0,42.9,5.0,5.0,100.0,2.0,2.0,0.0,0.0,5.0,53.0,4.0,3.0,5.0,29.0,4.0,6.0,2.0,110.0,55.0,6.0,1.0,-5.0,7.0,7.0,3.0,8.0,0.0,28.0,5.0,26:09,17.0,5.0,10.0,2.0,61.0,225.0,3.7,3.0,23.0,38.0,1.7,2.0,35.0,25.0,187.0,1.0,0.0,5.3,7.5,71.4,93.39,12.0,4.0,33.3,2.0,1.0,50.0,6.0,3.0,0.0,0.0,8.0,46.0,1.0,1.0,3.0,16.0,6.0,5.0,5.0,252.0,50.4,1.0,6.0,5.0,100.0,0.0,50.0,0.0,2.0,2.0,0.0,0.0,0.0,0.0,0.0,2.0,2.0,3.0,3.0,0.0,0.0,0.0,0.0,0.0,2.0,2.0,30.0,32.0,3.0,16.0,3.0,1.0,1.0,38.0,28.0,5.0,29.0,13.0,3.0,3.0,Sunday,993005390.0,14,2,19076.0,6.0,1,-5.0,0.429,0.0,,-0.0415730919722356,0.5217391304347826,-0.2684752293316421,0.4264721365858956,0.0470289413375412,0.4625,-0.079139979229999,-0.1330767430744821,32.0,21.7,10.3,396.3333333333333,337.0,-0.667,0.405,0.8,290.0,181.0,7.0,0.2092002601054404,0.5203316354499096,0.1567121780304747,0.4375970629054657,0.0155822157608217,0.4591808262535399,-0.0053577272828875,-0.0510710439033289,0.2073153605440079,-0.0123351850942126,202511014.0,2025-11-09T09:30:00,1,2025,10,ATL,IND,AWAY,25.0,31.0,56.0,Olympiastadion,7.0,7.0,3.0,8.0,0.0,25.0,55.0,26:09,17.0,3.0,13.0,1.0,54.0,288.0,5.3,3.0,16.0,71.0,4.4,0.0,37.0,22.0,217.0,3.0,0.0,5.9,9.9,59.5,103.1,10.0,1.0,10.0,3.0,2.0,66.7,3.0,3.0,0.0,0.0,5.0,40.0,1.0,0.0,1.0,4.0,6.0,7.0,5.0,217.0,43.4,0.0,2.0,2.0,13.0,0.0,0.0,12.0,6.0,34.0,5.0,40:20,23.0,9.0,14.0,0.0,68.0,331.0,4.9,3.0,33.0,110.0,3.3,1.0,29.0,19.0,221.0,2.0,1.0,7.6,11.6,65.5,97.05,12.0,8.0,66.7,0.0,0.0,0.0,4.0,3.0,0.0,0.0,2.0,15.0,2.0,1.0,6.0,38.0,4.0,2.0,3.0,150.0,50.0,2.0,0.0,-2.0,100.0,0.0,75.0,0.0,3.0,2.0,0.0,0.0,0.0,0.0,0.0,1.0,1.0,3.0,3.0,0.0,0.0,0.0,0.0,0.0,1.0,1.0,43.0,18.0,6.0,38.0,3.0,2.0,1.0,25.0,16.0,1.0,4.0,5.0,1.0,0.0,Sunday,993005389.0,2,14,19074.0,-6.0,0,2.0,0.1,0.0,,0.0161182568618076,0.4383561643835616,0.1182759937291829,-0.1243160724531792,0.0221800265033038,0.4567901234567901,0.0188292858972058,0.0047635696432553,14.3,26.0,-11.7,264.3333333333333,331.0,0.333,0.245,0.4,143.0,178.0,3.0,-0.0972668767844025,0.4347190100614757,-0.0392333108816,-0.2818105815847159,0.0805170623320234,0.5060484782707004,0.1270921471091663,0.032727332765087,-0.0058468003743373,0.0644050428950868,22.0,-1.3999999999999986,0.4,1.2000000000000002,132.0,660.6666666666666,6.0,668.0,147.0,433.0,3.0,359.0,4.0,10.0,0.3064671368898429,-0.06493484657120169
202511013.0,2025-11-09T13:00:00,1,2025,10,HOU,JAX,HOME,36.0,29.0,65.0,NRG Stadium,0.0,10.0,0.0,26.0,0.0,34.0,36.0,31:00,15.0,2.0,11.0,2.0,72.0,268.0,3.7,0.0,28.0,77.0,2.8,0.0,40.0,23.0,191.0,0.0,0.0,4.8,8.3,57.5,69.9,17.0,3.0,17.6,1.0,1.0,100.0,3.0,0.0,0.0,0.0,4.0,29.0,0.0,0.0,4.0,25.0,4.0,4.0,8.0,420.0,52.5,0.0,2.0,2.0,10.0,10.0,9.0,0.0,0.0,25.0,24.0,29:00,15.0,6.0,9.0,0.0,61.0,271.0,4.4,2.0,23.0,100.0,4.3,0.0,37.0,18.0,171.0,2.0,1.0,4.6,9.5,48.6,68.64,15.0,6.0,40.0,0.0,0.0,0.0,1.0,0.0,0.0,0.0,4.0,41.0,1.0,1.0,1.0,2.0,7.0,4.0,8.0,428.0,53.5,2.0,0.0,-2.0,0.0,0.0,0.0,0.0,0.0,0.0,0.0,0.0,0.0,0.0,0.0,6.0,5.0,1.0,1.0,0.0,2.0,1.0,0.0,0.0,2.0,1.0,26.0,28.0,1.0,2.0,7.0,0.0,1.0,37.0,32.0,4.0,25.0,7.0,0.0,0.0,Sunday,993005396.0,13,15,19073.0,7.0,1,2.0,0.176,0.0,,-0.1561870096433583,0.3478260869565217,-0.0651702874339862,-0.3678579148021527,-0.1553451522656184,0.345679012345679,-0.0399359924271205,-0.179323157338513,20.0,20.0,0.0,332.3333333333333,270.0,1.667,0.291,0.6,168.0,121.0,3.0,-0.0764664015475743,0.4141499142901667,0.0827765365911803,-0.427705244488182,-0.0996334228791963,0.4065047125979025,-0.1325345073353148,-0.1058180275652602,0.0312675941053313,-0.1907081762148578,202511013.0,2025-11-09T13:00:00,1,2025,10,JAX,HOU,AWAY,29.0,36.0,65.0,NRG Stadium,10.0,10.0,9.0,0.0,0.0,42.0,57.0,29:00,26.0,15.0,9.0,2.0,77.0,367.0,4.8,3.0,42.0,151.0,3.6,3.0,34.0,23.0,216.0,0.0,1.0,6.4,9.4,67.6,72.67,16.0,9.0,56.2,3.0,3.0,100.0,5.0,3.0,0.0,0.0,9.0,80.0,1.0,0.0,1.0,4.0,4.0,5.0,2.0,73.0,36.5,1.0,1.0,0.0,0.0,10.0,0.0,26.0,0.0,26.0,47.0,31:00,26.0,5.0,17.0,4.0,60.0,331.0,5.5,4.0,19.0,57.0,3.0,0.0,39.0,29.0,274.0,4.0,1.0,7.0,9.4,74.4,116.83,10.0,7.0,70.0,1.0,0.0,0.0,4.0,3.0,0.0,0.0,7.0,55.0,0.0,0.0,2.0,10.0,2.0,7.0,1.0,56.0,56.0,1.0,1.0,0.0,60.0,0.0,75.0,0.0,3.0,3.0,0.0,0.0,0.0,0.0,0.0,3.0,3.0,3.0,2.0,0.0,2.0,0.0,0.0,0.0,1.0,1.0,32.0,31.0,2.0,10.0,5.0,0.0,0.0,51.0,27.0,1.0,4.0,4.0,0.0,0.0,Sunday,993005395.0,15,13,19079.0,-7.0,0,0.0,0.562,0.0,,0.1559627286312734,0.5463917525773195,-0.1098474386274568,0.3770469339720684,0.1670880292064334,0.5641025641025641,0.2908423742277525,-0.1683447165479366,16.3,28.0,-11.7,332.6666666666667,316.0,0.0,0.337,0.6,176.0,184.0,5.0,-0.0152072737314744,0.4584179724132231,-0.1288763967700686,0.1312080100689742,0.1516371722584896,0.5079926987886372,0.3608989419322586,-0.2182541720236447,0.0174453342947371,0.0943114345808091,11.7,-11.7,0.0,1.2,-0.33333333333337123,665.0,-46.0,586.0,-8.0,344.0,-63.0,305.0,-2.0,8.0,-0.06125912781609989,-0.2512705951376859
202511005.0,2025-11-09T13:00:00,1,2025,10,CAR,NO,HOME,7.0,17.0,24.0,Bank of America Stadium,7.0,0.0,0.0,0.0,0.0,29.0,50.0,26:39,19.0,11.0,6.0,2.0,54.0,265.0,4.9,2.0,33.0,163.0,4.9,2.0,20.0,11.0,102.0,0.0,1.0,5.1,9.3,55.0,48.33,10.0,4.0,40.0,2.0,2.0,100.0,3.0,2.0,0.0,0.0,5.0,39.0,1.0,0.0,1.0,0.0,6.0,4.0,3.0,134.0,44.7,1.0,2.0,1.0,3.0,7.0,0.0,7.0,0.0,30.0,10.0,33:21,20.0,7.0,13.0,0.0,63.0,369.0,5.9,1.0,25.0,104.0,4.2,1.0,37.0,26.0,265.0,0.0,1.0,7.2,10.2,70.3,79.22,13.0,7.0,53.8,3.0,2.0,66.7,5.0,1.0,0.0,0.0,7.0,42.0,1.0,1.0,1.0,8.0,2.0,1.0,0.0,0.0,0.0,2.0,1.0,-1.0,66.7,0.0,20.0,0.0,2.0,1.0,0.0,0.0,0.0,0.0,0.0,1.0,1.0,1.0,1.0,0.0,0.0,0.0,0.0,0.0,3.0,2.0,34.0,35.0,1.0,8.0,4.0,1.0,1.0,22.0,45.0,1.0,0.0,1.0,1.0,0.0,Sunday,993005398.0,5,22,19072.0,-10.0,0,1.0,0.4,0.0,,0.0663770337115715,0.4929577464788732,0.1037787184794433,0.0917594171071732,-0.0004518630217767,0.5066666666666667,0.1552631176842358,-0.1944976947475138,12.7,19.7,-7.0,270.3333333333333,333.0,0.0,0.353,0.8,170.0,205.0,5.0,-0.066906195028546,0.4593238696736085,-0.1577129704140907,-0.019564645927412,0.0289643734734082,0.4590017865967233,0.0682970835870814,0.0156775881113219,0.0137800711755694,0.0769296784480906,202511005.0,2025-11-09T13:00:00,1,2025,10,NO,CAR,AWAY,17.0,7.0,24.0,Bank of America Stadium,3.0,7.0,0.0,7.0,0.0,16.0,7.0,33:21,10.0,1.0,8.0,1.0,40.0,224.0,5.6,1.0,14.0,57.0,4.1,0.0,25.0,15.0,167.0,1.0,1.0,6.7,11.1,60.0,76.58,9.0,2.0,22.2,2.0,0.0,0.0,3.0,1.0,0.0,0.0,5.0,33.0,1.0,1.0,1.0,9.0,4.0,4.0,4.0,184.0,46.0,2.0,0.0,-2.0,7.0,0.0,0.0,0.0,0.0,43.0,53.0,26:39,30.0,13.0,14.0,3.0,77.0,438.0,5.7,5.0,43.0,171.0,4.0,1.0,32.0,24.0,267.0,4.0,0.0,8.3,11.1,75.0,138.93,14.0,7.0,50.0,2.0,2.0,100.0,5.0,4.0,0.0,0.0,3.0,32.0,0.0,0.0,2.0,14.0,2.0,2.0,2.0,100.0,50.0,0.0,2.0,2.0,33.3,0.0,80.0,0.0,1.0,1.0,0.0,0.0,0.0,0.0,0.0,1.0,1.0,5.0,4.0,0.0,0.0,0.0,0.0,0.0,1.0,0.0,34.0,53.0,2.0,14.0,4.0,0.0,0.0,19.0,19.0,1.0,9.0,5.0,1.0,1.0,Sunday,993005397.0,22,5,19078.0,10.0,1,-2.0,0.222,0.0,,-0.2108981998774926,0.4074074074074074,-0.0017115295385547,-0.8474132314191333,0.1735083761586555,0.5368421052631579,0.4095770441875879,0.2211705734473071,9.0,27.7,-18.7,250.66666666666663,345.3333333333333,-2.667,0.341,0.2,138.0,243.0,1.0,-0.2801255202572811,0.4080713766988276,-0.2408329655033963,-0.443650587646001,0.0285149680736046,0.4453961023355399,0.1270754653080859,0.0251649815292602,-0.1753972008641423,-0.0064708134688763,11.7,-25.7,0.6000000000000001,1.0,19.666666666666686,521.0,-12.333333333333314,678.3333333333333,32.0,308.0,-38.0,448.0,4.0,6.0,0.2132193252287351,0.0004494053998035999
202511020.0,2025-11-09T13:00:00,1,2025,10,MIN,BAL,HOME,19.0,27.0,46.0,U.S. Bank Stadium,7.0,3.0,3.0,6.0,0.0,28.0,52.0,27:25,20.0,7.0,8.0,5.0,59.0,258.0,4.4,3.0,29.0,142.0,4.9,1.0,25.0,14.0,116.0,2.0,1.0,4.6,8.3,56.0,78.08,12.0,4.0,33.3,0.0,0.0,0.0,5.0,3.0,0.0,0.0,7.0,56.0,1.0,0.0,5.0,27.0,11.0,10.0,4.0,176.0,44.0,1.0,1.0,0.0,3.0,6.0,10.0,8.0,0.0,31.0,8.0,32:35,15.0,3.0,11.0,1.0,62.0,305.0,4.9,3.0,20.0,65.0,3.2,1.0,37.0,25.0,240.0,2.0,0.0,6.5,9.6,67.6,103.43,17.0,5.0,29.4,3.0,3.0,100.0,3.0,1.0,0.0,0.0,10.0,76.0,1.0,1.0,5.0,44.0,9.0,7.0,5.0,238.0,47.6,1.0,1.0,0.0,60.0,0.0,33.3,0.0,3.0,3.0,0.0,0.0,0.0,0.0,0.0,2.0,2.0,3.0,3.0,0.0,0.0,0.0,0.0,0.0,2.0,1.0,28.0,41.0,5.0,44.0,1.0,1.0,1.0,32.0,19.0,5.0,27.0,3.0,0.0,0.0,Sunday,993005402.0,20,3,19071.0,-8.0,0,0.0,0.333,0.0,,0.0168699479386137,0.425,-0.1223347864436308,0.1591323875403031,-0.0623770957726034,0.4404761904761904,0.075612346353807,-0.2804340197139287,19.7,29.7,-10.0,269.6666666666667,361.6666666666667,-0.667,0.358,0.4,182.0,186.0,4.0,-0.086877728465181,0.4508561221975856,-0.1146156001392556,-0.2978828578122028,0.0575311737911056,0.4708004413886766,0.4201272781992447,-0.1798099656641605,-0.0322832346634251,0.0610348749216975,202511020.0,2025-11-09T13:00:00,1,2025,10,BAL,MIN,AWAY,27.0,19.0,46.0,U.S. Bank Stadium,3.0,6.0,10.0,8.0,0.0,31.0,43.0,32:35,18.0,7.0,11.0,0.0,56.0,338.0,6.0,4.0,31.0,150.0,4.8,0.0,23.0,18.0,188.0,4.0,0.0,8.2,10.4,78.3,140.31,13.0,5.0,38.5,1.0,1.0,100.0,3.0,3.0,0.0,0.0,5.0,56.0,0.0,0.0,2.0,16.0,5.0,3.0,6.0,336.0,56.0,0.0,3.0,3.0,7.0,3.0,3.0,6.0,0.0,28.0,17.0,27:25,17.0,4.0,12.0,1.0,62.0,332.0,5.4,0.0,20.0,87.0,4.4,0.0,40.0,25.0,245.0,0.0,1.0,6.1,9.8,62.5,69.27,12.0,2.0,16.7,3.0,2.0,66.7,3.0,0.0,0.0,0.0,5.0,45.0,2.0,2.0,2.0,16.0,4.0,5.0,3.0,128.0,42.7,3.0,0.0,-3.0,100.0,0.0,0.0,0.0,4.0,4.0,0.0,0.0,0.0,0.0,0.0,0.0,0.0,0.0,0.0,0.0,0.0,0.0,0.0,0.0,3.0,2.0,35.0,25.0,2.0,16.0,4.0,2.0,2.0,31.0,32.0,2.0,16.0,1.0,0.0,0.0,Sunday,993005401.0,3,20,19069.0,8.0,1,3.0,0.385,0.0,,0.1389864531013355,0.5285714285714286,0.454146064326374,-0.029445971627461,-0.1953064665483394,0.4230769230769231,-0.1173563978506876,-0.428304644931706,20.3,13.0,7.3,329.6666666666667,315.0,0.667,0.399,0.4,202.0,216.0,3.0,0.0351133543166854,0.496675945303452,0.1224958808779619,-0.0665966265416481,-0.0797352508483656,0.4536542418486862,0.033700508493759,-0.2135577949292934,-0.0375996762911757,0.0523086637300476,-17.3,-2.7,0.0,0.8,-60.0,599.3333333333334,46.666666666666686,676.6666666666667,-20.0,384.0,-30.0,402.0,1.0,7.0,-0.1219910827818664,0.1372664246394712
202511006.0,2025-11-09T13:00:00,1,2025,10,CHI,NYG,HOME,24.0,20.0,44.0,Soldier Field,7.0,0.0,3.0,14.0,0.0,34.0,30.0,28:42,30.0,11.0,17.0,2.0,76.0,576.0,7.6,6.0,37.0,283.0,7.6,2.0,37.0,22.0,293.0,4.0,0.0,7.9,13.3,59.5,120.66,15.0,8.0,53.3,2.0,2.0,100.0,6.0,4.0,0.0,0.0,7.0,43.0,0.0,0.0,2.0,9.0,5.0,4.0,2.0,117.0,58.5,0.0,3.0,3.0,0.0,10.0,7.0,3.0,0.0,25.0,30.0,31:18,26.0,3.0,22.0,1.0,65.0,495.0,7.6,5.0,15.0,46.0,3.1,0.0,47.0,31.0,449.0,4.0,2.0,9.6,14.5,66.0,107.49,10.0,5.0,50.0,1.0,1.0,100.0,4.0,2.0,0.0,0.0,7.0,49.0,1.0,1.0,3.0,21.0,7.0,2.0,1.0,53.0,53.0,3.0,0.0,-3.0,66.7,0.0,50.0,0.0,5.0,5.0,0.0,2.0,0.0,0.0,0.0,3.0,2.0,4.0,4.0,0.0,2.0,1.0,0.0,0.0,3.0,2.0,34.0,19.0,3.0,21.0,7.0,1.0,1.0,32.0,44.0,2.0,9.0,6.0,0.0,0.0,Sunday,993005404.0,6,23,19070.0,4.0,1,3.0,0.533,0.0,,0.3064062330365915,0.5588235294117647,0.4724986915565669,0.3957646292242729,0.2499683460335695,0.5632183908045977,0.3129390940825771,-0.1232319830492737,29.7,28.7,1.0,444.6666666666667,367.6666666666667,1.667,0.415,0.8,215.0,227.0,5.0,0.1124965064502215,0.4903803833542395,0.2010091876474687,0.1510352762295625,0.0826731772443442,0.516250614897494,0.1366652257666911,-0.0682134707450653,0.0715873840402735,0.0224736640685612,202511006.0,2025-11-09T13:00:00,1,2025,10,NYG,CHI,AWAY,20.0,24.0,44.0,Soldier Field,0.0,10.0,7.0,3.0,0.0,26.0,49.0,31:18,19.0,10.0,7.0,2.0,56.0,296.0,5.3,3.0,21.0,117.0,5.6,1.0,33.0,24.0,179.0,2.0,0.0,5.4,7.5,72.7,105.49,12.0,5.0,41.7,0.0,0.0,0.0,3.0,2.0,0.0,0.0,5.0,23.0,0.0,0.0,2.0,12.0,3.0,7.0,5.0,233.0,46.6,0.0,1.0,1.0,7.0,0.0,3.0,14.0,0.0,33.0,11.0,28:42,25.0,10.0,13.0,2.0,65.0,380.0,5.8,4.0,39.0,159.0,4.1,2.0,24.0,19.0,221.0,2.0,0.0,9.2,11.6,79.2,132.81,11.0,6.0,54.5,1.0,1.0,100.0,5.0,4.0,0.0,0.0,6.0,34.0,1.0,1.0,2.0,14.0,3.0,3.0,2.0,87.0,43.5,1.0,0.0,-1.0,66.7,0.0,80.0,0.0,3.0,3.0,0.0,0.0,0.0,0.0,0.0,2.0,1.0,4.0,4.0,0.0,0.0,0.0,0.0,0.0,2.0,2.0,35.0,43.0,2.0,14.0,2.0,1.0,1.0,30.0,29.0,2.0,12.0,4.0,0.0,0.0,Sunday,993005403.0,23,6,19075.0,-4.0,0,1.0,0.417,0.0,,0.1090795566419169,0.5454545454545454,0.1812899405974083,0.1532443708468539,0.2828018255382979,0.5365853658536586,0.4363366328558085,0.2114438846862564,25.3,35.0,-9.7,309.6666666666667,404.6666666666667,0.0,0.411,0.2,197.0,249.0,2.0,0.115165776578974,0.4721951659451659,0.2283497496551224,0.0407939944219474,0.2335213526101608,0.5254429851990827,0.3012961989044436,0.3396095874842985,0.0614950145417025,0.1249999145696733,10.7,-8.7,0.6000000000000001,1.0,135.0,754.3333333333334,-37.0,772.3333333333334,18.0,412.0,-22.0,476.0,3.0,7.0,-0.00266927012875251,-0.1508481753658166
202511033.0,2025-11-09T13:00:00,1,2025,10,TB,NE,HOME,23.0,28.0,51.0,Raymond James Stadium,7.0,3.0,6.0,7.0,0.0,32.0,56.0,32:25,14.0,5.0,8.0,1.0,56.0,212.0,3.8,2.0,29.0,88.0,3.0,1.0,24.0,15.0,124.0,0.0,0.0,5.2,8.3,62.5,75.69,13.0,3.0,23.1,2.0,1.0,50.0,2.0,1.0,0.0,0.0,4.0,25.0,2.0,1.0,3.0,28.0,8.0,5.0,3.0,151.0,50.3,1.0,4.0,3.0,7.0,7.0,7.0,7.0,0.0,27.0,4.0,27:35,17.0,4.0,13.0,0.0,71.0,275.0,3.9,0.0,15.0,48.0,3.2,0.0,51.0,32.0,227.0,0.0,2.0,4.5,7.1,62.7,56.58,16.0,8.0,50.0,4.0,2.0,50.0,1.0,0.0,0.0,0.0,8.0,40.0,2.0,2.0,5.0,37.0,4.0,2.0,3.0,121.0,40.3,4.0,1.0,-3.0,50.0,0.0,0.0,0.0,2.0,2.0,0.0,0.0,0.0,0.0,0.0,3.0,3.0,0.0,0.0,0.0,0.0,0.0,0.0,0.0,1.0,1.0,34.0,30.0,5.0,37.0,7.0,2.0,2.0,30.0,32.0,3.0,28.0,4.0,2.0,1.0,Sunday,993005400.0,33,21,19179.0,-5.0,0,3.0,0.231,0.0,,-0.0778750956679107,0.3561643835616438,-0.0655689801463158,-0.2495474269169408,-0.3981356865137487,0.388235294117647,-0.5213890787718188,-0.2417235082713887,20.7,15.3,5.3,271.6666666666667,339.0,1.667,0.285,0.6,197.0,178.0,6.0,-0.0714518872334582,0.4151733752861875,0.0228091231511566,-0.0482897317196117,-0.1581340274260278,0.4245924875974485,-0.2698457878949287,-0.0786118336734817,-0.0046777407281412,-0.0557941185214139,202511033.0,2025-11-09T13:00:00,1,2025,10,NE,TB,AWAY,28.0,23.0,51.0,Raymond James Stadium,7.0,7.0,7.0,7.0,0.0,34.0,5.0,27:35,23.0,9.0,14.0,0.0,68.0,331.0,4.9,3.0,33.0,110.0,3.3,1.0,29.0,19.0,221.0,2.0,1.0,7.6,11.6,65.5,97.05,12.0,8.0,66.7,0.0,0.0,0.0,4.0,3.0,0.0,0.0,2.0,15.0,2.0,1.0,6.0,38.0,4.0,2.0,3.0,150.0,50.0,2.0,0.0,-2.0,7.0,3.0,6.0,7.0,0.0,25.0,55.0,32:25,17.0,3.0,13.0,1.0,54.0,288.0,5.3,3.0,16.0,71.0,4.4,0.0,37.0,22.0,217.0,3.0,0.0,5.9,9.9,59.5,103.1,10.0,1.0,10.0,3.0,2.0,66.7,3.0,3.0,0.0,0.0,5.0,40.0,1.0,0.0,1.0,4.0,6.0,7.0,5.0,217.0,43.4,0.0,2.0,2.0,75.0,0.0,100.0,0.0,3.0,3.0,0.0,0.0,0.0,0.0,0.0,1.0,1.0,3.0,2.0,0.0,0.0,0.0,0.0,0.0,1.0,1.0,25.0,16.0,1.0,4.0,5.0,1.0,0.0,43.0,18.0,6.0,38.0,3.0,2.0,1.0,Sunday,993005399.0,21,33,19074.0,5.0,1,-2.0,0.667,0.0,,0.0221800265033038,0.4567901234567901,0.0188292858972058,0.0047635696432553,0.0161182568618076,0.4383561643835616,0.1182759937291829,-0.1243160724531792,29.0,16.3,12.7,380.0,252.0,0.0,0.452,1.0,237.0,169.0,7.0,0.058954803744195,0.4713403880070546,0.245853844797688,-0.0388210002131075,-0.1404101637641008,0.4180677995999053,-0.2085540599177154,-0.0971651542139702,0.0676511217279625,-0.0789955514766388,-7.3999999999999995,18.0,-0.4,1.6,-108.33333333333331,651.6666666666667,87.0,591.0,-40.0,434.0,9.0,347.0,-1.0,13.0,-0.1304066909776532,-0.01772386366192702
202511019.0,2025-11-09T13:00:00,1,2025,10,MIA,BUF,HOME,30.0,13.0,43.0,Hard Rock Stadium,7.0,9.0,0.0,14.0,0.0,28.0,17.0,28:37,17.0,4.0,12.0,1.0,62.0,332.0,5.4,0.0,20.0,87.0,4.4,0.0,40.0,25.0,245.0,0.0,1.0,6.1,9.8,62.5,69.27,12.0,2.0,16.7,3.0,2.0,66.7,3.0,0.0,0.0,0.0,5.0,45.0,2.0,2.0,2.0,16.0,4.0,5.0,3.0,128.0,42.7,3.0,0.0,-3.0,0.0,0.0,0.0,13.0,0.0,31.0,43.0,31:23,18.0,7.0,11.0,0.0,56.0,338.0,6.0,4.0,31.0,150.0,4.8,0.0,23.0,18.0,188.0,4.0,0.0,8.2,10.4,78.3,140.31,13.0,5.0,38.5,1.0,1.0,100.0,3.0,3.0,0.0,0.0,5.0,56.0,0.0,0.0,2.0,16.0,5.0,3.0,6.0,336.0,56.0,0.0,3.0,3.0,0.0,0.0,100.0,0.0,0.0,0.0,0.0,0.0,0.0,0.0,0.0,3.0,2.0,4.0,4.0,0.0,0.0,0.0,0.0,0.0,0.0,0.0,31.0,32.0,2.0,16.0,1.0,0.0,0.0,35.0,25.0,2.0,16.0,4.0,2.0,2.0,Sunday,993005392.0,19,4,19069.0,17.0,1,-3.0,0.167,0.0,,-0.1953064665483394,0.4230769230769231,-0.1173563978506876,-0.428304644931706,0.1389864531013355,0.5285714285714286,0.454146064326374,-0.029445971627461,15.3,23.0,-7.7,296.3333333333333,252.33333333333337,-2.0,0.235,0.2,180.0,243.0,2.0,-0.1454206411693976,0.4204742625795257,-0.1736242237057762,-0.1887411386693935,-0.0486993471500104,0.4317598687461701,0.1923503730215403,-0.2921369529337123,-0.0507034207682401,0.0194880700622033,202511019.0,2025-11-09T13:00:00,1,2025,10,BUF,MIA,AWAY,13.0,30.0,43.0,Hard Rock Stadium,0.0,0.0,0.0,13.0,0.0,34.0,45.0,31:23,23.0,9.0,13.0,1.0,64.0,404.0,6.3,4.0,35.0,141.0,4.0,3.0,26.0,23.0,263.0,1.0,0.0,10.1,11.4,88.5,121.63,12.0,7.0,58.3,1.0,0.0,0.0,3.0,3.0,0.0,0.0,4.0,40.0,0.0,0.0,3.0,10.0,15.0,5.0,3.0,126.0,42.0,0.0,1.0,1.0,7.0,9.0,0.0,14.0,0.0,25.0,15.0,28:37,16.0,5.0,10.0,1.0,57.0,305.0,5.4,2.0,20.0,79.0,4.0,2.0,34.0,15.0,226.0,0.0,1.0,6.6,15.1,44.1,54.29,13.0,3.0,23.1,3.0,2.0,66.7,3.0,2.0,0.0,0.0,3.0,25.0,0.0,0.0,3.0,24.0,6.0,3.0,3.0,146.0,48.7,1.0,0.0,-1.0,100.0,0.0,66.7,0.0,4.0,4.0,0.0,0.0,0.0,0.0,0.0,1.0,0.0,1.0,1.0,0.0,2.0,1.0,0.0,0.0,2.0,2.0,24.0,22.0,3.0,24.0,5.0,0.0,0.0,35.0,42.0,3.0,10.0,1.0,0.0,0.0,Sunday,993005391.0,4,19,19080.0,-17.0,0,1.0,0.583,0.0,,0.1505106248579234,0.5822784810126582,0.3481503208102132,0.1025156462338291,0.0666541161054789,0.4794520547945205,-0.0195848005646713,0.0847231768886558,27.3,18.0,9.3,368.3333333333333,330.6666666666667,0.667,0.463,0.6,235.0,167.0,6.0,0.1151379563326164,0.5314078564212278,0.2042357372853266,0.1065130443553632,-0.0310291598932024,0.4885728872502609,-0.1240750675157664,0.0445139257132446,0.0978271598468839,-0.0104034171089003,-17.0,1.6000000000000005,-0.39999999999999997,0.8,-72.0,664.6666666666666,-78.33333333333331,583.0,-55.0,415.0,76.0,410.0,-4.0,8.0,-0.260558597502014,-0.017670187256807995
202511024.0,2025-11-09T13:00:00,1,2025,10,NYJ,CLE,HOME,27.0,20.0,47.0,MetLife Stadium,14.0,3.0,0.0,10.0,0.0,33.0,40.0,25:56,25.0,11.0,13.0,1.0,70.0,502.0,7.2,4.0,37.0,254.0,6.9,2.0,33.0,22.0,248.0,2.0,0.0,7.5,11.3,66.7,109.15,15.0,7.0,46.7,3.0,2.0,66.7,5.0,3.0,0.0,0.0,4.0,25.0,0.0,0.0,0.0,0.0,2.0,3.0,2.0,81.0,40.5,0.0,0.0,0.0,7.0,10.0,0.0,3.0,0.0,26.0,20.0,34:04,24.0,12.0,11.0,1.0,58.0,398.0,6.9,5.0,23.0,181.0,7.9,3.0,34.0,21.0,217.0,2.0,0.0,6.4,10.3,61.8,99.75,9.0,4.0,44.4,1.0,0.0,0.0,4.0,3.0,0.0,0.0,2.0,15.0,0.0,0.0,1.0,6.0,1.0,3.0,3.0,174.0,58.0,0.0,0.0,0.0,60.0,0.0,75.0,0.0,2.0,2.0,0.0,2.0,1.0,1.0,1.0,3.0,3.0,5.0,5.0,0.0,0.0,0.0,0.0,0.0,1.0,1.0,27.0,26.0,1.0,6.0,7.0,0.0,0.0,38.0,33.0,0.0,0.0,4.0,0.0,0.0,Sunday,993005394.0,24,8,19175.0,7.0,1,0.0,0.467,0.0,,0.2458023950444782,0.5666666666666667,0.4028359741280194,0.2681027381106882,0.2493226297633188,0.6578947368421053,0.1324423700064585,0.4372069912920283,18.7,21.3,-2.7,268.0,315.3333333333333,-0.333,0.356,0.2,168.0,221.0,1.0,-0.0312418945103463,0.4331989884621463,-0.2226307300453801,0.0423917339506563,0.0285929404403765,0.469685261843748,-0.0198551687842596,0.0505120878692789,0.001269958806666,0.1045686819859274,202511024.0,2025-11-09T13:00:00,1,2025,10,CLE,NYJ,AWAY,20.0,27.0,47.0,MetLife Stadium,7.0,10.0,0.0,3.0,0.0,23.0,48.0,34:04,12.0,4.0,7.0,1.0,52.0,213.0,4.1,2.0,16.0,68.0,4.2,0.0,35.0,21.0,145.0,2.0,2.0,4.1,6.9,60.0,64.58,11.0,2.0,18.2,3.0,1.0,33.3,3.0,2.0,0.0,0.0,5.0,31.0,0.0,0.0,1.0,11.0,8.0,11.0,4.0,161.0,40.2,2.0,2.0,0.0,14.0,3.0,0.0,10.0,0.0,36.0,12.0,25:56,23.0,10.0,11.0,2.0,65.0,422.0,6.5,3.0,35.0,177.0,5.1,0.0,24.0,18.0,245.0,3.0,1.0,10.2,13.6,75.0,129.34,11.0,3.0,27.3,0.0,0.0,0.0,6.0,2.0,0.0,0.0,7.0,54.0,2.0,1.0,6.0,37.0,2.0,7.0,3.0,124.0,41.3,2.0,2.0,0.0,66.7,0.0,33.3,0.0,1.0,1.0,0.0,2.0,0.0,0.0,0.0,1.0,0.0,3.0,3.0,0.0,0.0,0.0,0.0,0.0,3.0,3.0,39.0,26.0,6.0,37.0,3.0,2.0,1.0,22.0,29.0,1.0,11.0,8.0,0.0,0.0,Sunday,993005393.0,8,24,19177.0,-7.0,0,0.0,0.182,0.0,,-0.3062783590160892,0.3382352941176471,-0.4600360090634426,0.1002923640854922,-0.0085623855250239,0.4880952380952381,0.3050323029383666,-0.1862410835144276,17.7,20.3,-2.7,222.33333333333337,325.3333333333333,1.333,0.299,0.2,126.0,184.0,2.0,-0.1470585667261238,0.3712302460879846,-0.1269906360590121,-0.0305787296636309,-0.1033641286244284,0.4077197498250129,-0.0247863915779461,-0.1824821174052776,-0.1662684500384176,-0.0699785714963038,0.0,-5.4,0.0,0.4,45.66666666666663,490.33333333333337,-10.0,640.6666666666666,42.0,294.0,37.0,405.0,-1.0,3.0,0.1158166722157775,0.1319570690648049
202511030.0,2025-11-09T16:05:00,1,2025,10,SEA,ARI,HOME,44.0,22.0,66.0,Lumen Field,21.0,17.0,0.0,6.0,0.0,27.0,18.0,33:40,21.0,5.0,13.0,3.0,48.0,418.0,8.7,5.0,24.0,88.0,3.7,1.0,24.0,21.0,330.0,4.0,1.0,13.8,15.7,87.5,140.97,11.0,7.0,63.6,0.0,0.0,0.0,2.0,2.0,0.0,0.0,5.0,44.0,2.0,0.0,0.0,0.0,7.0,5.0,3.0,155.0,51.7,1.0,2.0,1.0,0.0,7.0,8.0,7.0,0.0,32.0,42.0,26:20,19.0,9.0,8.0,2.0,62.0,290.0,4.7,2.0,36.0,157.0,4.4,2.0,22.0,16.0,133.0,0.0,1.0,6.0,8.3,72.7,68.94,13.0,6.0,46.2,2.0,1.0,50.0,2.0,2.0,0.0,0.0,8.0,87.0,1.0,1.0,4.0,20.0,1.0,2.0,4.0,191.0,47.8,2.0,1.0,-1.0,100.0,0.0,100.0,0.0,5.0,5.0,0.0,0.0,0.0,0.0,0.0,1.0,1.0,2.0,2.0,0.0,0.0,0.0,0.0,0.0,0.0,0.0,29.0,50.0,4.0,20.0,3.0,1.0,1.0,24.0,34.0,0.0,0.0,3.0,1.0,0.0,Sunday,993005406.0,30,1,19081.0,22.0,1,1.0,0.636,0.0,,0.3334855144528205,0.6,0.8929350269929207,-0.0384993335440716,-0.0987259976347966,0.4938271604938271,-0.1027478301196089,0.0117842217161389,28.3,15.0,13.3,360.0,272.3333333333333,-0.667,0.288,0.8,231.0,150.0,6.0,0.0644377776841629,0.486280646844027,0.3073153242502538,-0.1765146059598896,-0.1495331375481977,0.4220558620085806,-0.1143893754237818,-0.2833250721747214,0.1001277071867158,-0.0231329136751726,202511030.0,2025-11-09T16:05:00,1,2025,10,ARI,SEA,AWAY,22.0,44.0,66.0,Lumen Field,0.0,7.0,8.0,7.0,0.0,33.0,20.0,26:20,23.0,8.0,14.0,1.0,65.0,340.0,5.2,3.0,29.0,119.0,4.1,1.0,31.0,21.0,221.0,2.0,0.0,7.1,10.5,67.7,109.74,13.0,7.0,53.8,1.0,0.0,0.0,4.0,3.0,0.0,0.0,2.0,10.0,1.0,0.0,5.0,40.0,9.0,6.0,2.0,87.0,43.5,0.0,3.0,3.0,21.0,17.0,0.0,6.0,0.0,26.0,40.0,33:40,22.0,8.0,14.0,0.0,65.0,333.0,5.1,2.0,21.0,123.0,5.9,0.0,39.0,24.0,210.0,1.0,1.0,5.4,8.8,61.5,73.66,12.0,5.0,41.7,3.0,0.0,0.0,3.0,1.0,0.0,0.0,6.0,55.0,4.0,2.0,5.0,40.0,11.0,8.0,1.0,41.0,41.0,3.0,0.0,-3.0,75.0,0.0,33.3,0.0,3.0,3.0,0.0,0.0,0.0,0.0,0.0,2.0,2.0,2.0,2.0,0.0,0.0,0.0,0.0,0.0,2.0,1.0,38.0,23.0,5.0,40.0,6.0,4.0,2.0,35.0,29.0,5.0,40.0,2.0,0.0,0.0,Sunday,993005405.0,1,30,19082.0,-22.0,0,3.0,0.538,0.0,,0.0536534415900154,0.5061728395061729,0.2150341036592095,-0.0060162995834145,-0.1224644237058159,0.4625,-0.2303815209693483,0.0955951503505382,25.7,25.0,0.7,356.6666666666667,316.6666666666667,0.667,0.56,0.2,180.0,171.0,3.0,0.0700990875033373,0.5019734380845492,0.1548789909668766,-0.0983588878358922,0.0562261924835453,0.5258333333333334,0.0615838088082388,0.0540112250673087,0.0281870941545365,0.0407345678408168,12.600000000000001,14.0,0.6000000000000001,1.0,3.3333333333333144,716.6666666666667,-44.33333333333337,589.0,51.0,411.0,-21.0,321.0,3.0,9.0,-0.005661309819174412,-0.205759330031743
202511031.0,2025-11-09T16:25:00,1,2025,10,SF,LAR,HOME,26.0,42.0,68.0,Levi's Stadium,0.0,7.0,7.0,12.0,0.0,33.0,11.0,27:28,25.0,10.0,13.0,2.0,65.0,380.0,5.8,4.0,39.0,159.0,4.1,2.0,24.0,19.0,221.0,2.0,0.0,9.2,11.6,79.2,132.81,11.0,6.0,54.5,1.0,1.0,100.0,5.0,4.0,0.0,0.0,6.0,34.0,1.0,1.0,2.0,14.0,3.0,3.0,2.0,87.0,43.5,1.0,0.0,-1.0,14.0,7.0,7.0,14.0,0.0,26.0,49.0,32:32,19.0,10.0,7.0,2.0,56.0,296.0,5.3,3.0,21.0,117.0,5.6,1.0,33.0,24.0,179.0,2.0,0.0,5.4,7.5,72.7,105.49,12.0,5.0,41.7,0.0,0.0,0.0,3.0,2.0,0.0,0.0,5.0,23.0,0.0,0.0,2.0,12.0,3.0,7.0,5.0,233.0,46.6,0.0,1.0,1.0,80.0,0.0,66.7,0.0,4.0,4.0,0.0,0.0,0.0,0.0,0.0,2.0,2.0,3.0,3.0,0.0,0.0,0.0,0.0,0.0,2.0,1.0,30.0,29.0,2.0,12.0,4.0,0.0,0.0,35.0,43.0,2.0,14.0,2.0,1.0,1.0,Sunday,993005408.0,31,32,19075.0,-16.0,0,-1.0,0.545,0.0,,0.2828018255382979,0.5365853658536586,0.4363366328558085,0.2114438846862564,0.1090795566419169,0.5454545454545454,0.1812899405974083,0.1532443708468539,23.0,20.0,3.0,309.0,354.3333333333333,-0.333,0.493,0.6,194.0,188.0,6.0,0.1209263703348985,0.5046130982401635,0.1721488589780565,0.0426854277342769,0.073725494890908,0.4938788809756551,0.1851391308995692,-0.0323713436858098,0.0990303670168801,0.0904237170243283,202511031.0,2025-11-09T16:25:00,1,2025,10,LAR,SF,AWAY,42.0,26.0,68.0,Levi's Stadium,14.0,7.0,7.0,14.0,0.0,43.0,53.0,32:32,30.0,13.0,14.0,3.0,77.0,438.0,5.7,5.0,43.0,171.0,4.0,1.0,32.0,24.0,267.0,4.0,0.0,8.3,11.1,75.0,138.93,14.0,7.0,50.0,2.0,2.0,100.0,5.0,4.0,0.0,0.0,3.0,32.0,0.0,0.0,2.0,14.0,2.0,2.0,2.0,100.0,50.0,0.0,2.0,2.0,0.0,7.0,7.0,12.0,0.0,16.0,7.0,27:28,10.0,1.0,8.0,1.0,40.0,224.0,5.6,1.0,14.0,57.0,4.1,0.0,25.0,15.0,167.0,1.0,1.0,6.7,11.1,60.0,76.58,9.0,2.0,22.2,2.0,0.0,0.0,3.0,1.0,0.0,0.0,5.0,33.0,1.0,1.0,1.0,9.0,4.0,4.0,4.0,184.0,46.0,2.0,0.0,-2.0,80.0,0.0,33.3,0.0,5.0,4.0,0.0,0.0,0.0,0.0,0.0,1.0,0.0,1.0,1.0,0.0,0.0,0.0,0.0,0.0,1.0,1.0,19.0,19.0,1.0,9.0,5.0,1.0,1.0,34.0,53.0,2.0,14.0,4.0,0.0,0.0,Sunday,993005407.0,32,31,19078.0,16.0,1,2.0,0.5,0.0,,0.1735083761586555,0.5368421052631579,0.4095770441875879,0.2211705734473071,-0.2108981998774926,0.4074074074074074,-0.0017115295385547,-0.8474132314191333,28.7,6.7,22.0,316.6666666666667,292.6666666666667,1.333,0.367,0.8,209.0,127.0,6.0,0.1121610546987154,0.5096159730722154,0.3167312114698508,-0.001276352968818,-0.1961183674771205,0.422807842853438,-0.2042564324491587,-0.343154212725937,0.0817868389014577,-0.1070894295340809,-19.0,25.0,-0.20000000000000007,1.4,-7.666666666666686,625.6666666666667,61.66666666666663,647.0,-15.0,403.0,61.0,315.0,0.0,12.0,0.008765315636183102,0.2698438623680285
202511035.0,2025-11-09T16:25:00,1,2025,10,WAS,DET,HOME,22.0,44.0,66.0,Northwest Stadium,3.0,7.0,6.0,6.0,0.0,32.0,42.0,27:24,19.0,9.0,8.0,2.0,62.0,290.0,4.7,2.0,36.0,157.0,4.4,2.0,22.0,16.0,133.0,0.0,1.0,6.0,8.3,72.7,68.94,13.0,6.0,46.2,2.0,1.0,50.0,2.0,2.0,0.0,0.0,8.0,87.0,1.0,1.0,4.0,20.0,1.0,2.0,4.0,191.0,47.8,2.0,1.0,-1.0,14.0,11.0,10.0,9.0,0.0,27.0,18.0,32:36,21.0,5.0,13.0,3.0,48.0,418.0,8.7,5.0,24.0,88.0,3.7,1.0,24.0,21.0,330.0,4.0,1.0,13.8,15.7,87.5,140.97,11.0,7.0,63.6,0.0,0.0,0.0,2.0,2.0,0.0,0.0,5.0,44.0,2.0,0.0,0.0,0.0,7.0,5.0,3.0,155.0,51.7,1.0,2.0,1.0,100.0,0.0,100.0,0.0,2.0,2.0,0.0,0.0,0.0,0.0,0.0,0.0,0.0,5.0,5.0,0.0,0.0,0.0,0.0,0.0,1.0,1.0,24.0,34.0,0.0,0.0,3.0,1.0,0.0,29.0,50.0,4.0,20.0,3.0,1.0,1.0,Sunday,993005410.0,35,11,19081.0,-22.0,0,-1.0,0.462,0.0,,-0.0987259976347966,0.4938271604938271,-0.1027478301196089,0.0117842217161389,0.3334855144528205,0.6,0.8929350269929207,-0.0384993335440716,14.3,36.7,-22.3,297.0,419.6666666666667,-1.0,0.494,0.2,201.0,236.0,3.0,-0.1042950850471658,0.4781624242844591,-0.2126473608653785,0.0284221105008441,0.2481244629609557,0.525693913929208,0.5327550942930963,-0.00891008958862,-0.0182835608127469,0.1509471045024501,202511035.0,2025-11-09T16:25:00,1,2025,10,DET,WAS,AWAY,44.0,22.0,66.0,Northwest Stadium,14.0,11.0,10.0,9.0,0.0,31.0,8.0,32:36,15.0,3.0,11.0,1.0,62.0,305.0,4.9,3.0,20.0,65.0,3.2,1.0,37.0,25.0,240.0,2.0,0.0,6.5,9.6,67.6,103.43,17.0,5.0,29.4,3.0,3.0,100.0,3.0,1.0,0.0,0.0,10.0,76.0,1.0,1.0,5.0,44.0,9.0,7.0,5.0,238.0,47.6,1.0,1.0,0.0,3.0,7.0,6.0,6.0,0.0,28.0,52.0,27:24,20.0,7.0,8.0,5.0,59.0,258.0,4.4,3.0,29.0,142.0,4.9,1.0,25.0,14.0,116.0,2.0,1.0,4.6,8.3,56.0,78.08,12.0,4.0,33.3,0.0,0.0,0.0,5.0,3.0,0.0,0.0,7.0,56.0,1.0,0.0,5.0,27.0,11.0,10.0,4.0,176.0,44.0,1.0,1.0,0.0,33.3,0.0,60.0,0.0,3.0,3.0,0.0,0.0,0.0,0.0,0.0,2.0,1.0,3.0,3.0,0.0,0.0,0.0,0.0,0.0,2.0,2.0,32.0,19.0,5.0,27.0,3.0,0.0,0.0,28.0,41.0,5.0,44.0,1.0,1.0,1.0,Sunday,993005409.0,11,35,19071.0,22.0,1,0.0,0.294,0.0,,-0.0623770957726034,0.4404761904761904,0.075612346353807,-0.2804340197139287,0.0168699479386137,0.425,-0.1223347864436308,0.1591323875403031,21.7,22.0,-0.3,327.0,288.0,0.0,0.326,0.6,239.0,178.0,5.0,-0.0290923948363748,0.4637452501517456,0.036746727798982,-0.1156789101140561,-0.0163495021619525,0.4459352209352209,-0.037535392412088,0.1137331167434934,0.0034915968118339,-0.0900389702143475,-22.0,-22.6,-0.39999999999999997,0.8,-30.0,624.0,131.66666666666669,707.6666666666667,-38.0,440.0,58.0,414.0,-2.0,8.0,-0.075202690210791,0.2644739651229082
202511029.0,2025-11-09T20:20:00,1,2025,10,LAC,PIT,HOME,25.0,10.0,35.0,SoFi Stadium,2.0,10.0,3.0,10.0,0.0,34.0,20.0,37:35,21.0,8.0,12.0,1.0,65.0,343.0,5.3,3.0,30.0,131.0,4.4,1.0,29.0,19.0,212.0,2.0,1.0,7.3,11.2,65.5,95.76,13.0,7.0,53.8,0.0,0.0,0.0,4.0,3.0,0.0,0.0,3.0,20.0,1.0,0.0,6.0,38.0,5.0,4.0,4.0,209.0,52.2,1.0,0.0,-1.0,3.0,0.0,0.0,7.0,0.0,25.0,40.0,22:25,10.0,3.0,7.0,0.0,44.0,206.0,4.7,2.0,19.0,88.0,4.6,0.0,21.0,12.0,118.0,0.0,0.0,5.6,9.8,57.1,73.12,9.0,1.0,11.1,1.0,0.0,0.0,2.0,0.0,0.0,0.0,7.0,60.0,2.0,0.0,4.0,27.0,11.0,6.0,5.0,187.0,37.4,0.0,1.0,1.0,75.0,0.0,0.0,0.0,3.0,3.0,0.0,0.0,0.0,0.0,0.0,2.0,2.0,2.0,2.0,0.0,0.0,0.0,0.0,0.0,2.0,2.0,23.0,22.0,4.0,27.0,3.0,1.0,0.0,38.0,27.0,6.0,38.0,4.0,1.0,0.0,Sunday,993005412.0,29,28,19077.0,15.0,1,-1.0,0.538,0.0,,-0.0017488569000799,0.5487804878048781,0.1395445491769957,-0.0018807330832351,-0.1505557272089224,0.375,-0.1039541448688531,-0.408115548985744,29.3,22.7,6.7,402.3333333333333,257.0,-1.0,0.577,0.6,215.0,193.0,6.0,0.0861430287712514,0.5241653009415469,0.2536217563850871,-0.0298515249446057,-0.0123749140947844,0.4384772381347724,0.0168136904410717,-0.1946361827809226,0.0608436524996642,0.0419067556578024,202511029.0,2025-11-09T20:20:00,1,2025,10,PIT,LAC,AWAY,10.0,25.0,35.0,SoFi Stadium,3.0,0.0,0.0,7.0,0.0,28.0,5.0,22:25,17.0,5.0,10.0,2.0,61.0,225.0,3.7,3.0,23.0,38.0,1.7,2.0,35.0,25.0,187.0,1.0,0.0,5.3,7.5,71.4,93.39,12.0,4.0,33.3,2.0,1.0,50.0,6.0,3.0,0.0,0.0,8.0,46.0,1.0,1.0,3.0,16.0,6.0,5.0,5.0,252.0,50.4,1.0,6.0,5.0,2.0,10.0,3.0,10.0,0.0,31.0,55.0,37:35,26.0,6.0,17.0,3.0,74.0,368.0,5.0,2.0,19.0,55.0,2.9,1.0,50.0,31.0,313.0,1.0,3.0,6.3,10.1,62.0,61.5,14.0,6.0,42.9,5.0,5.0,100.0,2.0,2.0,0.0,0.0,5.0,53.0,4.0,3.0,5.0,29.0,4.0,6.0,2.0,110.0,55.0,6.0,1.0,-5.0,50.0,0.0,100.0,0.0,3.0,3.0,0.0,0.0,0.0,0.0,0.0,2.0,2.0,2.0,2.0,0.0,0.0,0.0,0.0,0.0,2.0,2.0,38.0,28.0,5.0,29.0,13.0,3.0,3.0,30.0,32.0,3.0,16.0,3.0,1.0,1.0,Sunday,993005411.0,28,29,19076.0,-15.0,0,5.0,0.333,0.0,,0.0470289413375412,0.4625,-0.079139979229999,-0.1330767430744821,-0.0415730919722356,0.5217391304347826,-0.2684752293316421,0.4264721365858956,27.7,29.3,-1.7,305.3333333333333,430.6666666666667,0.667,0.378,0.6,202.0,195.0,5.0,0.1098983990272909,0.4846846846846847,0.0466681830600166,0.0083500285878212,0.1162588213698719,0.517519046437466,0.2152221734064011,0.2171527830351861,0.117124469193496,0.0648262273061151,8.4,5.0,0.0,1.2,97.0,707.6666666666666,-173.66666666666669,687.6666666666667,13.0,417.0,-2.0,388.0,1.0,11.0,-0.023755370256039493,-0.12863373546465628
202511012.0,2025-11-10T20:15:00,1,2025,10,GB,PHI,HOME,7.0,10.0,17.0,Lambeau Field,0.0,0.0,0.0,7.0,0.0,30.0,10.0,27:55,20.0,7.0,13.0,0.0,63.0,369.0,5.9,1.0,25.0,104.0,4.2,1.0,37.0,26.0,265.0,0.0,1.0,7.2,10.2,70.3,79.22,13.0,7.0,53.8,3.0,2.0,66.7,5.0,1.0,0.0,0.0,7.0,42.0,1.0,1.0,1.0,8.0,2.0,1.0,0.0,0.0,0.0,2.0,1.0,-1.0,0.0,0.0,3.0,7.0,0.0,29.0,50.0,32:05,19.0,11.0,6.0,2.0,54.0,265.0,4.9,2.0,33.0,163.0,4.9,2.0,20.0,11.0,102.0,0.0,1.0,5.1,9.3,55.0,48.33,10.0,4.0,40.0,2.0,2.0,100.0,3.0,2.0,0.0,0.0,5.0,39.0,1.0,0.0,1.0,0.0,6.0,4.0,3.0,134.0,44.7,1.0,2.0,1.0,20.0,0.0,66.7,0.0,1.0,1.0,0.0,0.0,0.0,0.0,0.0,3.0,2.0,2.0,1.0,0.0,0.0,0.0,0.0,0.0,1.0,1.0,22.0,45.0,1.0,0.0,1.0,1.0,0.0,34.0,35.0,1.0,8.0,4.0,1.0,1.0,Monday,993005414.0,12,26,19072.0,-3.0,0,-1.0,0.538,0.0,,-0.0004518630217767,0.5066666666666667,0.1552631176842358,-0.1944976947475138,0.0663770337115715,0.4929577464788732,0.1037787184794433,0.0917594171071732,25.0,21.3,3.7,361.6666666666667,296.6666666666667,0.333,0.418,0.6,206.0,166.0,5.0,0.0984627344527239,0.514103078982597,0.3346814599770404,-0.1236101185602776,0.0408207672057031,0.4730313700384123,0.0314355577623775,-0.0789877608729294,0.1517202504132311,0.0899911045585415,202511012.0,2025-11-10T20:15:00,1,2025,10,PHI,GB,AWAY,10.0,7.0,17.0,Lambeau Field,0.0,0.0,3.0,7.0,0.0,33.0,15.0,32:05,23.0,12.0,10.0,1.0,57.0,427.0,7.5,5.0,33.0,276.0,8.4,1.0,20.0,15.0,151.0,4.0,0.0,7.6,10.1,75.0,135.62,8.0,2.0,25.0,2.0,2.0,100.0,3.0,3.0,0.0,0.0,5.0,30.0,0.0,0.0,4.0,28.0,6.0,7.0,1.0,57.0,57.0,0.0,0.0,0.0,0.0,0.0,0.0,7.0,0.0,26.0,45.0,27:55,13.0,4.0,9.0,0.0,50.0,246.0,4.9,2.0,21.0,68.0,3.2,1.0,24.0,14.0,178.0,1.0,0.0,7.4,12.7,58.3,95.49,12.0,5.0,41.7,1.0,1.0,100.0,3.0,2.0,0.0,0.0,7.0,54.0,0.0,0.0,5.0,15.0,5.0,3.0,4.0,194.0,48.5,0.0,0.0,0.0,100.0,0.0,66.7,0.0,5.0,5.0,0.0,0.0,0.0,0.0,0.0,2.0,1.0,2.0,2.0,0.0,0.0,0.0,0.0,0.0,2.0,2.0,31.0,12.0,5.0,15.0,4.0,0.0,0.0,30.0,26.0,4.0,28.0,4.0,0.0,0.0,Monday,993005413.0,26,12,19178.0,3.0,1,0.0,0.25,0.0,,0.3111869008987752,0.5897435897435898,0.4499495851135195,0.4947651662816362,0.0965009235257402,0.4857142857142857,0.1297579110707705,-0.0543189522056644,27.7,25.3,2.3,375.6666666666667,333.0,0.0,0.22,0.6,208.0,185.0,6.0,0.1144603774925753,0.5077521438333369,0.373637281647582,0.0424091393526587,0.0834077014462027,0.5037463198552251,0.1895872104807457,-0.084122685544069,0.0575006894332735,0.0329975553014545,1.4000000000000004,6.0,0.0,1.2,-14.0,737.3333333333334,-36.333333333333314,629.6666666666667,-2.0,414.0,-19.0,351.0,-1.0,11.0,-0.015997643039851406,-0.0425869342404996
202511121.0,2025-11-13T20:15:00,1,2025,11,NE,NYJ,HOME,27.0,14.0,41.0,Gillette Stadium,0.0,14.0,7.0,6.0,0.0,27.0,35.0,31:56,16.0,5.0,9.0,2.0,59.0,435.0,7.4,4.0,27.0,166.0,6.1,2.0,31.0,16.0,269.0,2.0,1.0,8.7,16.8,51.6,89.31,14.0,5.0,35.7,3.0,2.0,66.7,2.0,1.0,0.0,0.0,5.0,49.0,1.0,0.0,1.0,1.0,5.0,6.0,5.0,248.0,49.6,1.0,0.0,-1.0,7.0,0.0,7.0,0.0,0.0,32.0,25.0,28:04,24.0,9.0,14.0,1.0,66.0,371.0,5.6,3.0,21.0,113.0,5.4,0.0,43.0,28.0,258.0,3.0,0.0,6.0,9.2,65.1,104.6,13.0,5.0,38.5,1.0,0.0,0.0,3.0,2.0,0.0,0.0,6.0,40.0,0.0,0.0,2.0,15.0,6.0,3.0,6.0,258.0,43.0,0.0,1.0,1.0,50.0,0.0,66.7,0.0,4.0,4.0,0.0,0.0,0.0,0.0,0.0,0.0,0.0,2.0,2.0,0.0,1.0,0.0,0.0,0.0,1.0,1.0,28.0,41.0,2.0,15.0,5.0,0.0,0.0,31.0,17.0,1.0,1.0,5.0,0.0,0.0,Thursday,993005416.0,21,24,19191.0,13.0,1,-1.0,0.357,0.0,,0.1455195820180057,0.4155844155844156,0.1500890816096216,0.2688061755404554,0.0626263110297665,0.5176470588235295,0.0348037576124962,0.0910183184678369,28.0,19.7,8.3,396.0,290.6666666666667,-1.0,0.432,1.0,265.0,192.0,8.0,0.0530457409987618,0.4534899257121479,0.1579835568150646,0.029109553889761,-0.075844597041505,0.431412839108246,-0.1023187525739211,0.0223315367000499,0.0829929262547629,-0.0703988568753894,202511121.0,2025-11-13T20:15:00,1,2025,11,NYJ,NE,AWAY,14.0,27.0,41.0,Gillette Stadium,7.0,0.0,7.0,0.0,0.0,25.0,56.0,28:04,12.0,8.0,1.0,3.0,47.0,169.0,3.6,3.0,33.0,127.0,3.8,0.0,11.0,6.0,42.0,1.0,1.0,3.8,7.0,54.5,55.87,11.0,3.0,27.3,0.0,0.0,0.0,2.0,0.0,0.0,0.0,7.0,61.0,0.0,0.0,3.0,12.0,7.0,10.0,5.0,249.0,49.8,1.0,0.0,-1.0,0.0,14.0,7.0,6.0,0.0,34.0,4.0,31:56,23.0,10.0,8.0,5.0,70.0,278.0,4.0,2.0,32.0,158.0,4.9,0.0,32.0,17.0,120.0,2.0,0.0,3.8,7.1,53.1,82.81,16.0,6.0,37.5,1.0,0.0,0.0,2.0,1.0,0.0,0.0,10.0,78.0,0.0,0.0,6.0,47.0,8.0,10.0,7.0,351.0,50.1,0.0,1.0,1.0,0.0,0.0,50.0,0.0,3.0,3.0,0.0,0.0,0.0,0.0,0.0,2.0,2.0,2.0,2.0,0.0,0.0,0.0,0.0,0.0,2.0,2.0,43.0,22.0,6.0,47.0,3.0,0.0,0.0,29.0,23.0,3.0,12.0,5.0,0.0,0.0,Thursday,993005415.0,24,21,19190.0,-13.0,0,-1.0,0.273,0.0,,-0.0422605753790456,0.3880597014925373,-0.3960927222334944,-0.1579953987653497,-0.1041182860335038,0.3617021276595745,0.0020621379315111,-0.1207492371236353,24.0,23.7,0.3,297.0,326.0,-1.0,0.402,0.4,195.0,241.0,2.0,0.0027882582387635,0.4353592398368517,-0.1109074239580407,0.0227157330536033,0.0304134884977255,0.4746970821747172,0.0084818624314973,0.0947115544319564,-0.0221073191640142,0.0485577814824431,8.0,8.600000000000001,0.6,1.4,99.0,693.0,-35.333333333333314,616.6666666666667,70.0,460.0,-49.0,433.0,6.0,10.0,0.050257482759998306,-0.1062580855392305
202511119.0,2025-11-16T09:30:00,1,2025,11,MIA,WAS,HOME,16.0,13.0,29.0,Santiago Bernabéu Stadium,3.0,3.0,0.0,7.0,3.0,28.0,37.0,29:51,19.0,9.0,9.0,1.0,53.0,370.0,7.0,4.0,32.0,197.0,6.2,2.0,21.0,15.0,173.0,2.0,2.0,8.2,11.5,71.4,88.1,9.0,3.0,33.3,0.0,0.0,0.0,1.0,1.0,0.0,0.0,5.0,35.0,0.0,0.0,0.0,0.0,7.0,6.0,3.0,153.0,51.0,2.0,3.0,1.0,3.0,3.0,7.0,0.0,0.0,31.0,23.0,32:36,20.0,4.0,12.0,4.0,65.0,376.0,5.8,2.0,22.0,87.0,4.0,0.0,40.0,28.0,289.0,2.0,1.0,7.2,10.3,70.0,96.77,15.0,5.0,33.3,2.0,1.0,50.0,1.0,0.0,0.0,0.0,6.0,67.0,2.0,2.0,3.0,17.0,2.0,6.0,4.0,217.0,54.2,3.0,2.0,-1.0,100.0,0.0,0.0,0.0,4.0,3.0,0.0,0.0,0.0,0.0,0.0,1.0,1.0,1.0,1.0,0.0,2.0,0.0,0.0,0.0,0.0,0.0,40.0,24.0,3.0,17.0,4.0,2.0,2.0,30.0,23.0,0.0,0.0,4.0,0.0,0.0,Sunday,993005418.0,19,35,19188.0,3.0,1,1.0,0.333,0.0,,0.2728935942886664,0.4545454545454545,0.4289271493464531,0.2306887517230367,-0.0213937003393203,0.4814814814814814,0.0988767986949242,-0.5180066257191356,23.3,17.0,6.3,346.6666666666667,309.0,-0.333,0.321,0.4,210.0,256.0,3.0,0.0844586062819467,0.4711122211122211,0.1945382442290675,-0.0317175375091062,-0.0376432466588492,0.4780984447651114,0.1493341336405507,-0.4012774157436272,-0.0203622986704412,-0.0078090115798399,202511119.0,2025-11-16T09:30:00,1,2025,11,WAS,MIA,AWAY,13.0,16.0,29.0,Santiago Bernabéu Stadium,3.0,3.0,7.0,0.0,0.0,27.0,24.0,32:36,14.0,5.0,9.0,0.0,51.0,288.0,5.6,3.0,27.0,93.0,3.4,1.0,22.0,16.0,195.0,2.0,0.0,8.9,12.2,72.7,129.92,10.0,2.0,20.0,3.0,3.0,100.0,3.0,3.0,0.0,0.0,8.0,61.0,0.0,0.0,2.0,18.0,5.0,0.0,4.0,200.0,50.0,0.0,0.0,0.0,3.0,3.0,0.0,7.0,3.0,32.0,36.0,29:51,30.0,11.0,19.0,0.0,68.0,546.0,8.0,5.0,33.0,226.0,6.8,2.0,35.0,25.0,320.0,3.0,0.0,9.1,12.8,71.4,128.27,10.0,5.0,50.0,2.0,2.0,100.0,6.0,4.0,0.0,0.0,3.0,1.0,0.0,0.0,0.0,0.0,6.0,3.0,0.0,0.0,0.0,0.0,0.0,0.0,100.0,0.0,66.7,0.0,1.0,1.0,0.0,3.0,0.0,0.0,0.0,1.0,1.0,4.0,3.0,1.0,0.0,0.0,1.0,1.0,3.0,3.0,32.0,40.0,0.0,0.0,3.0,0.0,0.0,34.0,16.0,2.0,18.0,4.0,0.0,0.0,Sunday,993005417.0,35,19,19194.0,-3.0,0,0.0,0.2,0.0,,0.1537472294594425,0.4657534246575342,0.4400925535808478,-0.1327027048106491,0.4486282426225649,0.6144578313253012,0.6816430939412998,0.2839161540133822,14.3,36.7,-22.3,279.3333333333333,465.3333333333333,-0.333,0.415,0.0,223.0,280.0,3.0,-0.0178008668731259,0.4761101950504537,0.0448134383564846,-0.0631142299758729,0.3335134486683185,0.5736504459396025,0.6450543550465005,0.1160339203784176,-0.0245544518620674,0.2572042545680801,28.6,-16.0,0.4,0.4,67.33333333333337,626.0,-156.33333333333331,774.3333333333333,-13.0,433.0,-24.0,536.0,0.0,6.0,0.1022594731550726,-0.3711566953271677
202511128.0,2025-11-16T13:00:00,1,2025,11,PIT,CIN,HOME,34.0,12.0,46.0,Acrisure Stadium,7.0,3.0,10.0,14.0,0.0,22.0,25.0,30:05,11.0,4.0,6.0,1.0,50.0,221.0,4.4,1.0,16.0,73.0,4.6,0.0,31.0,16.0,148.0,1.0,2.0,4.8,9.2,51.6,48.86,11.0,2.0,18.2,1.0,0.0,0.0,1.0,0.0,0.0,0.0,4.0,29.0,2.0,1.0,3.0,13.0,9.0,11.0,4.0,183.0,45.8,3.0,0.0,-3.0,6.0,0.0,3.0,3.0,0.0,37.0,35.0,29:55,18.0,11.0,7.0,0.0,69.0,314.0,4.6,2.0,31.0,115.0,3.7,1.0,33.0,20.0,199.0,1.0,0.0,6.0,10.0,60.6,87.82,17.0,6.0,35.3,1.0,1.0,100.0,3.0,2.0,0.0,0.0,8.0,55.0,0.0,0.0,5.0,21.0,5.0,4.0,6.0,263.0,43.8,0.0,3.0,3.0,0.0,0.0,66.7,0.0,1.0,1.0,0.0,0.0,0.0,0.0,0.0,2.0,1.0,2.0,2.0,0.0,0.0,0.0,0.0,0.0,4.0,3.0,31.0,44.0,5.0,21.0,5.0,0.0,0.0,26.0,17.0,3.0,13.0,5.0,1.0,1.0,Sunday,993005424.0,28,7,19195.0,22.0,1,-3.0,0.182,0.0,,-0.2951439056683876,0.4117647058823529,-0.4990465421011276,-0.1133379830143359,-0.0525940219183007,0.4285714285714285,-0.1253872045458331,-0.0924135402761804,20.7,26.7,-6.0,247.0,378.6666666666667,0.333,0.205,0.4,212.0,220.0,5.0,-0.0770928488627712,0.4372549019607843,-0.2369576152891441,-0.1053007265785789,0.025698530500776,0.4814288208735562,0.0647827634203104,0.0901018533062417,0.0299530878261181,0.0431694205683673,202511128.0,2025-11-16T13:00:00,1,2025,11,CIN,PIT,AWAY,12.0,34.0,46.0,Acrisure Stadium,6.0,0.0,3.0,3.0,0.0,25.0,30.0,29:55,26.0,3.0,22.0,1.0,65.0,495.0,7.6,5.0,15.0,46.0,3.1,0.0,47.0,31.0,449.0,4.0,2.0,9.6,14.5,66.0,107.49,10.0,5.0,50.0,1.0,1.0,100.0,4.0,2.0,0.0,0.0,7.0,49.0,1.0,1.0,3.0,21.0,7.0,2.0,1.0,53.0,53.0,3.0,0.0,-3.0,7.0,3.0,10.0,14.0,0.0,34.0,30.0,30:05,30.0,11.0,17.0,2.0,76.0,576.0,7.6,6.0,37.0,283.0,7.6,2.0,37.0,22.0,293.0,4.0,0.0,7.9,13.3,59.5,120.66,15.0,8.0,53.3,2.0,2.0,100.0,6.0,4.0,0.0,0.0,7.0,43.0,0.0,0.0,2.0,9.0,5.0,4.0,2.0,117.0,58.5,0.0,3.0,3.0,50.0,0.0,66.7,0.0,4.0,4.0,0.0,2.0,1.0,0.0,0.0,3.0,2.0,5.0,5.0,0.0,2.0,0.0,0.0,0.0,3.0,2.0,32.0,44.0,2.0,9.0,6.0,0.0,0.0,34.0,19.0,3.0,21.0,7.0,1.0,1.0,Sunday,993005423.0,7,28,19070.0,-22.0,0,-3.0,0.5,0.0,,0.2499683460335695,0.5632183908045977,0.3129390940825771,-0.1232319830492737,0.3064062330365915,0.5588235294117647,0.4724986915565669,0.3957646292242729,37.7,39.0,-1.3,454.3333333333333,491.3333333333333,-0.333,0.481,0.2,216.0,300.0,3.0,0.2394592754952918,0.5859850776366203,0.2571041631671582,0.2009047523844691,0.2726794886942896,0.5598480833774951,0.4090551728769802,0.2971605499399419,0.1591469781675199,0.2450500340075829,-4.7,-7.3,0.2,0.6000000000000001,-207.33333333333331,701.3333333333333,-112.66666666666663,870.0,-4.0,428.0,-80.0,520.0,2.0,8.0,-0.316552124358063,-0.2469809581935136
202511123.0,2025-11-16T13:00:00,1,2025,11,NYG,GB,HOME,20.0,27.0,47.0,MetLife Stadium,7.0,6.0,0.0,7.0,0.0,31.0,18.0,35:56,21.0,8.0,11.0,2.0,70.0,431.0,6.2,2.0,30.0,169.0,5.6,2.0,36.0,22.0,262.0,0.0,0.0,7.3,11.9,61.1,83.33,14.0,5.0,35.7,4.0,1.0,25.0,4.0,1.0,0.0,0.0,10.0,69.0,1.0,1.0,4.0,25.0,3.0,2.0,3.0,110.0,36.7,1.0,0.0,-1.0,0.0,13.0,6.0,8.0,0.0,28.0,42.0,24:04,23.0,8.0,11.0,4.0,64.0,391.0,6.1,3.0,28.0,171.0,6.1,2.0,36.0,20.0,220.0,1.0,0.0,6.1,11.0,55.6,83.1,11.0,3.0,27.3,4.0,1.0,25.0,4.0,3.0,0.0,0.0,3.0,25.0,0.0,0.0,0.0,0.0,9.0,7.0,3.0,135.0,45.0,0.0,1.0,1.0,25.0,0.0,75.0,0.0,2.0,2.0,0.0,0.0,0.0,0.0,0.0,2.0,2.0,3.0,3.0,0.0,0.0,0.0,0.0,0.0,1.0,1.0,30.0,29.0,0.0,0.0,2.0,0.0,0.0,39.0,27.0,4.0,25.0,5.0,1.0,1.0,Sunday,993005426.0,23,12,19186.0,-7.0,0,-1.0,0.357,0.0,,-0.0004734667550961,0.4044943820224719,-0.0094800539413509,0.0010079835982261,0.0326648272204419,0.4938271604938271,0.106065317646874,0.0133983872226616,21.3,32.0,-10.7,324.3333333333333,399.3333333333333,0.0,0.397,0.2,217.0,273.0,2.0,0.0683690044708536,0.478554404397101,0.1005225992422759,0.0333111340798052,0.2088845178858383,0.5400520386970251,0.3307838452054006,0.239869146063518,0.1034962431083673,0.1401767479006531,202511123.0,2025-11-16T13:00:00,1,2025,11,GB,NYG,AWAY,27.0,20.0,47.0,MetLife Stadium,0.0,13.0,6.0,8.0,0.0,27.0,55.0,24:04,18.0,7.0,10.0,1.0,66.0,261.0,4.0,1.0,27.0,104.0,3.9,1.0,36.0,20.0,157.0,0.0,0.0,4.4,7.8,55.6,66.55,13.0,5.0,38.5,3.0,1.0,33.3,1.0,1.0,0.0,0.0,4.0,20.0,3.0,2.0,3.0,19.0,0.0,6.0,5.0,239.0,47.8,2.0,1.0,-1.0,7.0,6.0,0.0,7.0,0.0,32.0,5.0,35:56,13.0,4.0,8.0,1.0,60.0,294.0,4.9,1.0,34.0,111.0,3.3,0.0,26.0,15.0,183.0,1.0,0.0,7.0,12.2,57.7,92.31,16.0,7.0,43.8,2.0,0.0,0.0,1.0,0.0,0.0,0.0,7.0,61.0,1.0,1.0,0.0,0.0,8.0,5.0,5.0,238.0,47.6,1.0,2.0,1.0,100.0,0.0,0.0,0.0,1.0,1.0,0.0,0.0,0.0,0.0,0.0,1.0,0.0,1.0,1.0,0.0,0.0,0.0,0.0,0.0,1.0,1.0,34.0,25.0,0.0,0.0,2.0,1.0,1.0,38.0,20.0,3.0,19.0,5.0,2.0,2.0,Sunday,993005425.0,12,23,19044.0,7.0,1,-1.0,0.385,0.0,,-0.1562518792671566,0.3780487804878049,-0.1472750354400632,-0.1627710480606765,-0.0955391924818016,0.3376623376623376,0.2994316614970254,-0.4044941846257843,18.3,17.0,1.3,361.3333333333333,284.6666666666667,-0.333,0.447,0.6,213.0,176.0,5.0,0.0048529877013103,0.4595637835896431,0.1987329354608597,-0.1403405930663934,-0.0041085803425657,0.4227066947137369,0.0901746851467209,-0.1274074070551767,0.0716570775123107,0.0246784231985053,-12.0,-9.399999999999999,-0.39999999999999997,0.8,-37.0,685.6666666666666,114.66666666666663,684.0,4.0,430.0,97.0,449.0,-3.0,7.0,0.0635160167695433,0.212993098228404
202511120.0,2025-11-16T13:00:00,1,2025,11,MIN,CHI,HOME,17.0,19.0,36.0,U.S. Bank Stadium,3.0,0.0,0.0,14.0,0.0,27.0,25.0,23:01,18.0,6.0,9.0,3.0,61.0,365.0,6.0,2.0,18.0,120.0,6.7,1.0,42.0,20.0,245.0,1.0,2.0,5.8,12.2,47.6,54.17,14.0,3.0,21.4,5.0,2.0,40.0,3.0,2.0,0.0,0.0,13.0,102.0,2.0,1.0,1.0,3.0,4.0,3.0,2.0,102.0,51.0,3.0,0.0,-3.0,0.0,10.0,6.0,3.0,0.0,32.0,35.0,36:59,23.0,11.0,9.0,3.0,66.0,321.0,4.9,2.0,36.0,152.0,4.2,1.0,29.0,17.0,169.0,1.0,0.0,5.8,9.9,58.6,86.71,15.0,6.0,40.0,0.0,0.0,0.0,5.0,2.0,0.0,0.0,5.0,62.0,3.0,0.0,1.0,7.0,12.0,3.0,5.0,248.0,49.6,0.0,3.0,3.0,66.7,0.0,40.0,0.0,1.0,1.0,0.0,2.0,0.0,0.0,0.0,2.0,2.0,1.0,1.0,0.0,2.0,1.0,0.0,0.0,5.0,4.0,40.0,23.0,1.0,7.0,4.0,1.0,0.0,30.0,12.0,1.0,3.0,13.0,0.0,1.0,Sunday,993005430.0,20,6,19189.0,-2.0,0,-3.0,0.214,0.0,,-0.1621416492484989,0.388235294117647,-0.1034660408295312,-0.0145680818448974,-0.0262059171886923,0.5056179775280899,0.0344935332108432,0.014834623213293,18.7,29.3,-10.7,262.3333333333333,348.3333333333333,-1.0,0.273,0.4,201.0,213.0,4.0,-0.1346798876322998,0.3973410576351752,-0.1611306251435844,-0.178326738103716,0.0272827423526715,0.4971829044862752,0.1892318638363371,-0.0815955321793023,-0.0758495668672126,0.0276510912502586,202511120.0,2025-11-16T13:00:00,1,2025,11,CHI,MIN,AWAY,19.0,17.0,36.0,U.S. Bank Stadium,0.0,10.0,6.0,3.0,0.0,28.0,42.0,36:59,23.0,8.0,11.0,4.0,64.0,391.0,6.1,3.0,28.0,171.0,6.1,2.0,36.0,20.0,220.0,1.0,0.0,6.1,11.0,55.6,83.1,11.0,3.0,27.3,4.0,1.0,25.0,4.0,3.0,0.0,0.0,3.0,25.0,0.0,0.0,0.0,0.0,9.0,7.0,3.0,135.0,45.0,0.0,1.0,1.0,3.0,0.0,0.0,14.0,0.0,31.0,18.0,23:01,21.0,8.0,11.0,2.0,70.0,431.0,6.2,2.0,30.0,169.0,5.6,2.0,36.0,22.0,262.0,0.0,0.0,7.3,11.9,61.1,83.33,14.0,5.0,35.7,4.0,1.0,25.0,4.0,1.0,0.0,0.0,10.0,69.0,1.0,1.0,4.0,25.0,3.0,2.0,3.0,110.0,36.7,1.0,0.0,-1.0,75.0,0.0,25.0,0.0,3.0,3.0,0.0,0.0,0.0,0.0,0.0,1.0,1.0,2.0,2.0,0.0,0.0,0.0,0.0,0.0,2.0,2.0,39.0,27.0,4.0,25.0,5.0,1.0,1.0,30.0,29.0,0.0,0.0,2.0,0.0,0.0,Sunday,993005428.0,6,20,19186.0,2.0,1,1.0,0.273,0.0,,0.0326648272204419,0.4938271604938271,0.106065317646874,0.0133983872226616,-0.0004734667550961,0.4044943820224719,-0.0094800539413509,0.0010079835982261,29.0,30.7,-1.7,446.3333333333333,427.0,1.0,0.423,0.8,239.0,247.0,6.0,0.1267475742803458,0.5072621641249092,0.2239581829020982,0.1208774726179782,0.1596295797861795,0.5082249327145084,0.1999713038528459,0.012727531536837,0.092634797581215,0.0567823662699308,-9.0,-12.399999999999999,-0.4,1.2000000000000002,-184.0,708.6666666666666,-78.66666666666669,775.3333333333333,-38.0,440.0,-34.0,460.0,-2.0,10.0,-0.2614274619126456,-0.132346837433508
202511104.0,2025-11-16T13:00:00,1,2025,11,BUF,TB,HOME,44.0,32.0,76.0,Highmark Stadium,7.0,14.0,10.0,13.0,0.0,31.0,23.0,24:53,20.0,4.0,12.0,4.0,65.0,376.0,5.8,2.0,22.0,87.0,4.0,0.0,40.0,28.0,289.0,2.0,1.0,7.2,10.3,70.0,96.77,15.0,5.0,33.3,2.0,1.0,50.0,1.0,0.0,0.0,0.0,6.0,67.0,2.0,2.0,3.0,17.0,2.0,6.0,4.0,217.0,54.2,3.0,2.0,-1.0,3.0,17.0,6.0,6.0,0.0,28.0,37.0,35:07,19.0,9.0,9.0,1.0,53.0,370.0,7.0,4.0,32.0,197.0,6.2,2.0,21.0,15.0,173.0,2.0,2.0,8.2,11.5,71.4,88.1,9.0,3.0,33.3,0.0,0.0,0.0,1.0,1.0,0.0,0.0,5.0,35.0,0.0,0.0,0.0,0.0,7.0,6.0,3.0,153.0,51.0,2.0,3.0,1.0,0.0,0.0,100.0,0.0,1.0,1.0,0.0,2.0,0.0,0.0,0.0,0.0,0.0,4.0,3.0,0.0,0.0,0.0,0.0,0.0,1.0,1.0,30.0,23.0,0.0,0.0,4.0,0.0,0.0,40.0,24.0,3.0,17.0,4.0,2.0,2.0,Sunday,993005420.0,4,33,19188.0,12.0,1,-1.0,0.333,0.0,,-0.0213937003393203,0.4814814814814814,0.0988767986949242,-0.5180066257191356,0.2728935942886664,0.4545454545454545,0.4289271493464531,0.2306887517230367,27.0,20.0,7.0,396.6666666666667,306.3333333333333,1.0,0.5,0.4,248.0,197.0,6.0,0.1372129843032487,0.5275824347554304,0.2787069254502644,-0.0440001267397662,0.0421386566111913,0.4715056632864852,-0.0195054534321519,0.0657605548649355,0.0687326013364097,0.0497233347986124,202511104.0,2025-11-16T13:00:00,1,2025,11,TB,BUF,AWAY,32.0,44.0,76.0,Highmark Stadium,3.0,17.0,6.0,6.0,0.0,32.0,25.0,35:07,24.0,9.0,14.0,1.0,66.0,371.0,5.6,3.0,21.0,113.0,5.4,0.0,43.0,28.0,258.0,3.0,0.0,6.0,9.2,65.1,104.6,13.0,5.0,38.5,1.0,0.0,0.0,3.0,2.0,0.0,0.0,6.0,40.0,0.0,0.0,2.0,15.0,6.0,3.0,6.0,258.0,43.0,0.0,1.0,1.0,7.0,14.0,10.0,13.0,0.0,27.0,35.0,24:53,16.0,5.0,9.0,2.0,59.0,435.0,7.4,4.0,27.0,166.0,6.1,2.0,31.0,16.0,269.0,2.0,1.0,8.7,16.8,51.6,89.31,14.0,5.0,35.7,3.0,2.0,66.7,2.0,1.0,0.0,0.0,5.0,49.0,1.0,0.0,1.0,1.0,5.0,6.0,5.0,248.0,49.6,1.0,0.0,-1.0,66.7,0.0,50.0,0.0,2.0,2.0,0.0,1.0,0.0,0.0,0.0,1.0,1.0,4.0,4.0,0.0,0.0,0.0,0.0,0.0,0.0,0.0,31.0,17.0,1.0,1.0,5.0,0.0,0.0,28.0,41.0,2.0,15.0,5.0,0.0,0.0,Sunday,993005419.0,33,4,19191.0,-12.0,0,1.0,0.385,0.0,,0.0626263110297665,0.5176470588235295,0.0348037576124962,0.0910183184678369,0.1455195820180057,0.4155844155844156,0.1500890816096216,0.2688061755404554,18.3,18.3,0.0,278.0,363.0,1.333,0.288,0.6,220.0,206.0,6.0,-0.103614226296441,0.4063498458744228,-0.1557665254977136,-0.0054008391155376,-0.1148186539984735,0.3964539594589205,-0.179152440083686,0.0160467418871604,0.0374228121331485,-0.0164364946829496,7.0,7.0,-0.19999999999999996,1.0,118.66666666666669,674.6666666666667,-56.666666666666686,669.3333333333333,28.0,468.0,-9.0,403.0,0.0,12.0,0.2408272105996897,0.1569573106096648
202511134.0,2025-11-16T13:00:00,1,2025,11,TEN,HOU,HOME,13.0,16.0,29.0,Nissan Stadium,3.0,0.0,3.0,7.0,0.0,25.0,40.0,28:57,10.0,3.0,7.0,0.0,44.0,206.0,4.7,2.0,19.0,88.0,4.6,0.0,21.0,12.0,118.0,0.0,0.0,5.6,9.8,57.1,73.12,9.0,1.0,11.1,1.0,0.0,0.0,2.0,0.0,0.0,0.0,7.0,60.0,2.0,0.0,4.0,27.0,11.0,6.0,5.0,187.0,37.4,0.0,1.0,1.0,0.0,0.0,10.0,6.0,0.0,34.0,20.0,31:03,21.0,8.0,12.0,1.0,65.0,343.0,5.3,3.0,30.0,131.0,4.4,1.0,29.0,19.0,212.0,2.0,1.0,7.3,11.2,65.5,95.76,13.0,7.0,53.8,0.0,0.0,0.0,4.0,3.0,0.0,0.0,3.0,20.0,1.0,0.0,6.0,38.0,5.0,4.0,4.0,209.0,52.2,1.0,0.0,-1.0,0.0,0.0,75.0,0.0,2.0,2.0,0.0,0.0,0.0,0.0,0.0,2.0,2.0,3.0,3.0,0.0,0.0,0.0,0.0,0.0,2.0,2.0,38.0,27.0,6.0,38.0,4.0,1.0,0.0,23.0,22.0,4.0,27.0,3.0,1.0,0.0,Sunday,993005432.0,34,13,19077.0,-3.0,0,1.0,0.111,0.0,,-0.1505557272089224,0.375,-0.1039541448688531,-0.408115548985744,-0.0017488569000799,0.5487804878048781,0.1395445491769957,-0.0018807330832351,15.7,32.0,-16.3,267.3333333333333,383.3333333333333,-0.667,0.27,0.2,130.0,257.0,1.0,-0.1238850378655144,0.4297978498313032,-0.1628401733134359,-0.1957456833940538,0.1528242797103995,0.4985094101908404,0.2932899979359645,0.1485671038765286,-0.1225820573646932,0.06520542917664,202511134.0,2025-11-16T13:00:00,1,2025,11,HOU,TEN,AWAY,16.0,13.0,29.0,Nissan Stadium,0.0,0.0,10.0,6.0,0.0,31.0,0.0,31:03,27.0,8.0,17.0,2.0,69.0,412.0,6.0,5.0,22.0,130.0,5.9,2.0,45.0,27.0,282.0,2.0,1.0,6.3,10.4,60.0,83.75,15.0,10.0,66.7,2.0,1.0,50.0,5.0,4.0,0.0,0.0,11.0,80.0,2.0,1.0,2.0,10.0,6.0,8.0,2.0,108.0,54.0,2.0,2.0,0.0,3.0,0.0,3.0,7.0,0.0,29.0,0.0,28:57,19.0,6.0,7.0,6.0,55.0,213.0,3.9,3.0,27.0,94.0,3.5,1.0,23.0,13.0,119.0,1.0,1.0,5.2,9.2,56.5,67.12,11.0,4.0,36.4,0.0,0.0,0.0,4.0,2.0,0.0,0.0,9.0,90.0,2.0,1.0,5.0,39.0,3.0,5.0,3.0,137.0,45.7,2.0,2.0,0.0,80.0,0.0,50.0,0.0,1.0,1.0,0.0,5.0,1.0,0.0,0.0,1.0,1.0,2.0,2.0,0.0,2.0,0.0,0.0,0.0,3.0,3.0,32.0,22.0,5.0,39.0,9.0,2.0,1.0,26.0,39.0,2.0,10.0,8.0,0.0,1.0,Sunday,993005431.0,13,34,19187.0,3.0,1,0.0,0.667,0.0,,-0.026847785574877,0.5054945054945055,0.131601665267019,0.034994004843947,-0.0830464103140125,0.4567901234567901,-0.164987944073973,-0.2349058147639904,25.7,20.7,5.0,385.0,235.66666666666663,0.667,0.469,0.6,204.0,150.0,4.0,0.0021528424296747,0.4493147494550018,0.190504764736223,-0.1728287631486019,-0.0673322488334955,0.4180273463427584,-0.0717390555538627,-0.1628572405188614,0.0120029800129815,-0.1264856049647618,-21.3,-11.3,-0.39999999999999997,0.8,-117.66666666666669,652.3333333333333,147.66666666666669,619.0,-74.0,334.0,107.0,407.0,-3.0,5.0,-0.1260378802951891,0.220156528543895
202511115.0,2025-11-16T13:00:00,1,2025,11,JAX,LAC,HOME,35.0,6.0,41.0,EverBank Stadium,7.0,7.0,7.0,14.0,0.0,29.0,0.0,37:55,19.0,6.0,7.0,6.0,55.0,213.0,3.9,3.0,27.0,94.0,3.5,1.0,23.0,13.0,119.0,1.0,1.0,5.2,9.2,56.5,67.12,11.0,4.0,36.4,0.0,0.0,0.0,4.0,2.0,0.0,0.0,9.0,90.0,2.0,1.0,5.0,39.0,3.0,5.0,3.0,137.0,45.7,2.0,2.0,0.0,3.0,3.0,0.0,0.0,0.0,31.0,0.0,22:05,27.0,8.0,17.0,2.0,69.0,412.0,6.0,5.0,22.0,130.0,5.9,2.0,45.0,27.0,282.0,2.0,1.0,6.3,10.4,60.0,83.75,15.0,10.0,66.7,2.0,1.0,50.0,5.0,4.0,0.0,0.0,11.0,80.0,2.0,1.0,2.0,10.0,6.0,8.0,2.0,108.0,54.0,2.0,2.0,0.0,50.0,0.0,80.0,0.0,2.0,2.0,0.0,2.0,0.0,0.0,0.0,3.0,3.0,1.0,1.0,0.0,5.0,1.0,0.0,0.0,1.0,1.0,26.0,39.0,2.0,10.0,8.0,0.0,1.0,32.0,22.0,5.0,39.0,9.0,2.0,1.0,Sunday,993005422.0,15,29,19187.0,29.0,1,0.0,0.364,0.0,,-0.0830464103140125,0.4567901234567901,-0.164987944073973,-0.2349058147639904,-0.026847785574877,0.5054945054945055,0.131601665267019,0.034994004843947,22.0,33.3,-11.3,312.6666666666667,338.0,0.0,0.375,0.4,205.0,220.0,5.0,-0.0138334446684212,0.4865678717215148,-0.1675932858001837,0.0969474048361474,0.1294286600499362,0.5309509611835194,0.2793044152958751,-0.0641707342648588,0.0066440079570226,0.1114455531498967,202511115.0,2025-11-16T13:00:00,1,2025,11,LAC,JAX,AWAY,6.0,35.0,41.0,EverBank Stadium,3.0,3.0,0.0,0.0,0.0,37.0,35.0,22:05,18.0,11.0,7.0,0.0,69.0,314.0,4.6,2.0,31.0,115.0,3.7,1.0,33.0,20.0,199.0,1.0,0.0,6.0,10.0,60.6,87.82,17.0,6.0,35.3,1.0,1.0,100.0,3.0,2.0,0.0,0.0,8.0,55.0,0.0,0.0,5.0,21.0,5.0,4.0,6.0,263.0,43.8,0.0,3.0,3.0,7.0,7.0,7.0,14.0,0.0,22.0,25.0,37:55,11.0,4.0,6.0,1.0,50.0,221.0,4.4,1.0,16.0,73.0,4.6,0.0,31.0,16.0,148.0,1.0,2.0,4.8,9.2,51.6,48.86,11.0,2.0,18.2,1.0,0.0,0.0,1.0,0.0,0.0,0.0,4.0,29.0,2.0,1.0,3.0,13.0,9.0,11.0,4.0,183.0,45.8,3.0,0.0,-3.0,66.7,0.0,0.0,0.0,2.0,2.0,0.0,0.0,0.0,0.0,0.0,4.0,3.0,1.0,1.0,0.0,0.0,0.0,0.0,0.0,2.0,1.0,26.0,17.0,3.0,13.0,5.0,1.0,1.0,31.0,44.0,5.0,21.0,5.0,0.0,0.0,Sunday,993005421.0,29,15,19195.0,-29.0,0,3.0,0.353,0.0,,-0.0525940219183007,0.4285714285714285,-0.1253872045458331,-0.0924135402761804,-0.2951439056683876,0.4117647058823529,-0.4990465421011276,-0.1133379830143359,29.7,13.3,16.3,358.6666666666667,197.0,0.667,0.528,0.8,240.0,203.0,7.0,0.0386961204003099,0.5076021539436173,0.1572490188585079,-0.0244938244655622,-0.234822531488108,0.3885175282234105,-0.2868639117091907,-0.4003326840022112,0.0668563496571211,-0.054142362417084,-27.6,5.0,-0.4,1.2000000000000002,-46.0,671.3333333333334,141.0,535.0,-35.0,445.0,17.0,423.0,-2.0,12.0,-0.0525295650687311,0.3642511915380442
202511102.0,2025-11-16T13:00:00,1,2025,11,ATL,CAR,HOME,27.0,30.0,57.0,Mercedes-Benz Stadium,7.0,14.0,0.0,6.0,0.0,26.0,9.0,27:43,22.0,10.0,10.0,2.0,60.0,290.0,4.8,3.0,29.0,140.0,4.8,2.0,28.0,12.0,150.0,1.0,0.0,5.4,12.5,42.9,72.02,8.0,0.0,0.0,0.0,0.0,0.0,3.0,3.0,0.0,0.0,3.0,35.0,1.0,1.0,3.0,27.0,7.0,9.0,6.0,263.0,43.8,1.0,2.0,1.0,7.0,3.0,9.0,8.0,3.0,40.0,20.0,37:07,25.0,15.0,10.0,0.0,74.0,519.0,7.0,4.0,41.0,323.0,7.9,3.0,26.0,19.0,196.0,1.0,1.0,7.5,10.3,73.1,91.19,12.0,2.0,16.7,4.0,2.0,50.0,4.0,2.0,0.0,0.0,7.0,56.0,4.0,1.0,7.0,59.0,3.0,4.0,1.0,44.0,44.0,2.0,1.0,-1.0,100.0,0.0,50.0,0.0,2.0,2.0,0.0,2.0,1.0,0.0,0.0,1.0,1.0,2.0,1.0,0.0,2.0,0.0,0.0,0.0,3.0,2.0,42.0,43.0,7.0,59.0,5.0,4.0,1.0,27.0,27.0,3.0,27.0,3.0,1.0,1.0,Sunday,993005429.0,2,5,19050.0,-3.0,0,1.0,0.0,0.0,,0.0099136815835391,0.5,-0.1293830082385886,0.1444599057202659,0.1044442281305837,0.5384615384615384,-0.0069393471292284,0.3369884090987208,19.3,29.7,-10.3,263.6666666666667,396.0,0.667,0.094,0.2,168.0,209.0,3.0,-0.0681635180977387,0.4541995295419952,-0.0387091588696839,-0.2120786055390661,0.1008043152464668,0.5103219825442048,0.0946446399864714,0.1480717531411088,-0.0456993607988367,0.0516753261750873,202511102.0,2025-11-16T13:00:00,1,2025,11,CAR,ATL,AWAY,30.0,27.0,57.0,Mercedes-Benz Stadium,7.0,3.0,9.0,8.0,3.0,26.0,39.0,37:07,13.0,5.0,6.0,2.0,50.0,175.0,3.5,1.0,23.0,73.0,3.2,1.0,25.0,17.0,102.0,0.0,1.0,4.1,6.0,68.0,59.08,9.0,3.0,33.3,1.0,0.0,0.0,2.0,1.0,0.0,0.0,1.0,5.0,1.0,1.0,2.0,22.0,5.0,6.0,4.0,204.0,51.0,2.0,1.0,-1.0,7.0,14.0,0.0,6.0,0.0,33.0,21.0,27:43,17.0,8.0,9.0,0.0,67.0,388.0,5.8,2.0,37.0,122.0,3.3,0.0,28.0,19.0,266.0,2.0,0.0,9.5,14.0,67.9,122.02,17.0,8.0,47.1,3.0,2.0,66.7,2.0,0.0,0.0,0.0,6.0,60.0,1.0,1.0,2.0,16.0,3.0,4.0,4.0,177.0,44.2,1.0,2.0,1.0,50.0,0.0,0.0,0.0,1.0,1.0,0.0,0.0,0.0,0.0,0.0,1.0,0.0,2.0,2.0,0.0,0.0,0.0,0.0,0.0,1.0,1.0,39.0,31.0,2.0,16.0,1.0,0.0,1.0,25.0,29.0,2.0,22.0,4.0,0.0,1.0,Sunday,993005427.0,5,2,19185.0,3.0,1,-1.0,0.333,0.0,,-0.1488481199223686,0.46875,-0.2143314573194112,-0.4118823710925188,0.0522874476726562,0.4,0.3068806326431793,-0.0162291660901356,10.7,23.3,-12.7,228.0,389.0,-1.0,0.366,0.6,177.0,222.0,5.0,-0.0985342755904561,0.4807424089994512,-0.1928038159727352,-0.1460844060007438,0.1114525376806742,0.4752180028129396,0.2837458023910236,0.0242545794761195,-0.0390078943830834,0.0631495712226875,2.3999999999999986,-23.0,-0.39999999999999997,0.8,35.666666666666686,491.6666666666667,7.0,785.0,-9.0,345.0,-13.0,431.0,-2.0,8.0,0.030370757492717407,-0.010648222434207405
202511132.0,2025-11-16T16:05:00,1,2025,11,LAR,SEA,HOME,21.0,19.0,40.0,SoFi Stadium,14.0,0.0,0.0,7.0,0.0,32.0,32.0,22:11,31.0,9.0,20.0,2.0,67.0,401.0,6.0,6.0,30.0,126.0,4.2,2.0,36.0,24.0,275.0,4.0,0.0,7.6,11.5,66.7,126.5,9.0,5.0,55.6,1.0,1.0,100.0,6.0,5.0,0.0,0.0,0.0,0.0,0.0,0.0,1.0,5.0,1.0,2.0,2.0,73.0,36.5,0.0,2.0,2.0,3.0,6.0,3.0,7.0,0.0,27.0,28.0,37:49,24.0,8.0,16.0,0.0,60.0,393.0,6.6,4.0,21.0,74.0,3.5,1.0,39.0,33.0,319.0,3.0,1.0,8.2,9.7,84.6,115.71,8.0,3.0,37.5,3.0,1.0,33.3,5.0,4.0,0.0,0.0,7.0,45.0,1.0,1.0,0.0,0.0,8.0,3.0,2.0,87.0,43.5,2.0,0.0,-2.0,83.3,0.0,80.0,0.0,6.0,6.0,0.0,0.0,0.0,0.0,0.0,0.0,0.0,3.0,2.0,1.0,2.0,0.0,0.0,0.0,0.0,0.0,35.0,32.0,0.0,0.0,5.0,1.0,1.0,29.0,36.0,1.0,5.0,3.0,0.0,0.0,Sunday,993005436.0,32,30,19193.0,2.0,1,2.0,0.556,0.0,,0.3344826882381866,0.6428571428571429,0.6116259063057589,0.1531957626980979,0.1086804047779352,0.5769230769230769,0.2657242671256065,-0.1944258408343774,37.0,14.3,22.7,370.0,325.0,1.333,0.419,0.8,251.0,153.0,7.0,0.2520122669716982,0.5676516873579297,0.4788907189620668,0.1050682816849393,-0.0722114824740273,0.480284074486973,0.0120227542959767,-0.2977126589843821,0.1485589249129072,-0.0725750870618127,202511132.0,2025-11-16T16:05:00,1,2025,11,SEA,LAR,AWAY,19.0,21.0,40.0,SoFi Stadium,3.0,6.0,3.0,7.0,0.0,33.0,40.0,37:49,22.0,14.0,6.0,2.0,59.0,372.0,6.3,5.0,46.0,198.0,4.3,2.0,12.0,10.0,174.0,1.0,1.0,14.5,17.4,83.3,111.81,10.0,6.0,60.0,0.0,0.0,0.0,4.0,2.0,0.0,0.0,3.0,20.0,4.0,2.0,1.0,4.0,10.0,10.0,0.0,0.0,0.0,3.0,2.0,-1.0,14.0,0.0,0.0,7.0,0.0,26.0,20.0,22:11,21.0,7.0,13.0,1.0,73.0,335.0,4.6,3.0,23.0,129.0,5.6,1.0,45.0,22.0,206.0,2.0,0.0,4.6,9.4,48.9,76.71,16.0,6.0,37.5,5.0,2.0,40.0,6.0,3.0,0.0,0.0,5.0,37.0,2.0,2.0,5.0,52.0,1.0,5.0,4.0,163.0,40.8,2.0,3.0,1.0,50.0,0.0,50.0,0.0,5.0,5.0,0.0,0.0,0.0,0.0,0.0,3.0,3.0,2.0,2.0,0.0,2.0,1.0,0.0,0.0,0.0,0.0,34.0,28.0,5.0,52.0,10.0,2.0,2.0,36.0,25.0,1.0,4.0,2.0,2.0,2.0,Sunday,993005435.0,30,32,19192.0,-2.0,0,-1.0,0.6,0.0,,0.1146293733000116,0.5526315789473685,0.4225817461686935,-0.0318360153051346,-0.193092733717502,0.4086021505376344,-0.1897909272599458,-0.2678223378162855,36.3,18.3,18.0,368.6666666666667,293.0,-1.0,0.46,0.8,275.0,172.0,7.0,0.0893883184339057,0.5249512670565303,0.3227141579144283,-0.0447078415841309,-0.1848414162863076,0.4341431036771538,-0.1613739255158879,-0.3285578517583132,0.1109285466395659,-0.0605697470051488,4.699999999999999,40.7,0.0,1.6,1.3333333333333144,738.6666666666667,32.0,618.0,-24.0,526.0,-19.0,325.0,0.0,14.0,0.1626239485377925,0.1126299338122803
202511101.0,2025-11-16T16:05:00,1,2025,11,ARI,SF,HOME,22.0,41.0,63.0,State Farm Stadium,7.0,3.0,0.0,12.0,0.0,26.0,20.0,34:15,21.0,7.0,13.0,1.0,73.0,335.0,4.6,3.0,23.0,129.0,5.6,1.0,45.0,22.0,206.0,2.0,0.0,4.6,9.4,48.9,76.71,16.0,6.0,37.5,5.0,2.0,40.0,6.0,3.0,0.0,0.0,5.0,37.0,2.0,2.0,5.0,52.0,1.0,5.0,4.0,163.0,40.8,2.0,3.0,1.0,13.0,12.0,10.0,6.0,0.0,33.0,40.0,25:45,22.0,14.0,6.0,2.0,59.0,372.0,6.3,5.0,46.0,198.0,4.3,2.0,12.0,10.0,174.0,1.0,1.0,14.5,17.4,83.3,111.81,10.0,6.0,60.0,0.0,0.0,0.0,4.0,2.0,0.0,0.0,3.0,20.0,4.0,2.0,1.0,4.0,10.0,10.0,0.0,0.0,0.0,3.0,2.0,-1.0,50.0,0.0,50.0,0.0,2.0,2.0,0.0,2.0,1.0,0.0,0.0,0.0,0.0,5.0,5.0,0.0,0.0,0.0,0.0,0.0,3.0,3.0,36.0,25.0,1.0,4.0,2.0,2.0,2.0,34.0,28.0,5.0,52.0,10.0,2.0,2.0,Sunday,993005434.0,1,31,19192.0,-19.0,0,1.0,0.375,0.0,,-0.193092733717502,0.4086021505376344,-0.1897909272599458,-0.2678223378162855,0.1146293733000116,0.5526315789473685,0.4225817461686935,-0.0318360153051346,24.0,29.3,-5.3,335.0,322.3333333333333,1.0,0.471,0.2,202.0,215.0,3.0,-0.0333968139881604,0.4678037845600569,0.0494858185810863,-0.1776912944929141,0.0389141035270933,0.5189327485380116,0.1509235877692747,-0.0162734964989752,-0.0092497391754396,0.0515354072936669,202511101.0,2025-11-16T16:05:00,1,2025,11,SF,ARI,AWAY,41.0,22.0,63.0,State Farm Stadium,13.0,12.0,10.0,6.0,0.0,27.0,28.0,25:45,24.0,8.0,16.0,0.0,60.0,393.0,6.6,4.0,21.0,74.0,3.5,1.0,39.0,33.0,319.0,3.0,1.0,8.2,9.7,84.6,115.71,8.0,3.0,37.5,3.0,1.0,33.3,5.0,4.0,0.0,0.0,7.0,45.0,1.0,1.0,0.0,0.0,8.0,3.0,2.0,87.0,43.5,2.0,0.0,-2.0,7.0,3.0,0.0,12.0,0.0,32.0,32.0,34:15,31.0,9.0,20.0,2.0,67.0,401.0,6.0,6.0,30.0,126.0,4.2,2.0,36.0,24.0,275.0,4.0,0.0,7.6,11.5,66.7,126.5,9.0,5.0,55.6,1.0,1.0,100.0,6.0,5.0,0.0,0.0,0.0,0.0,0.0,0.0,1.0,5.0,1.0,2.0,2.0,73.0,36.5,0.0,2.0,2.0,80.0,0.0,83.3,0.0,3.0,2.0,1.0,2.0,0.0,0.0,0.0,0.0,0.0,6.0,6.0,0.0,0.0,0.0,0.0,0.0,0.0,0.0,29.0,36.0,1.0,5.0,3.0,0.0,0.0,35.0,32.0,0.0,0.0,5.0,1.0,1.0,Sunday,993005433.0,31,1,19193.0,19.0,1,-2.0,0.375,0.0,,0.1086804047779352,0.5769230769230769,0.2657242671256065,-0.1944258408343774,0.3344826882381866,0.6428571428571429,0.6116259063057589,0.1531957626980979,25.0,30.7,-5.7,332.0,390.6666666666667,-1.0,0.418,0.4,220.0,230.0,6.0,0.1426256821317924,0.5217071153341806,0.23058922327364,-0.0191082352007339,0.2110185224624543,0.5609784480752222,0.4326662544262678,0.0402725846857838,0.0974065955035946,0.1429545002259251,0.40000000000000036,-11.0,-0.2,0.6000000000000001,3.0,667.0,-68.33333333333337,713.0,-18.0,422.0,-15.0,445.0,-3.0,9.0,-0.1760224961199528,-0.17210441893536102
202511108.0,2025-11-16T16:25:00,1,2025,11,CLE,BAL,HOME,16.0,23.0,39.0,Huntington Bank Field,3.0,13.0,0.0,0.0,0.0,34.0,4.0,27:01,23.0,10.0,8.0,5.0,70.0,278.0,4.0,2.0,32.0,158.0,4.9,0.0,32.0,17.0,120.0,2.0,0.0,3.8,7.1,53.1,82.81,16.0,6.0,37.5,1.0,0.0,0.0,2.0,1.0,0.0,0.0,10.0,78.0,0.0,0.0,6.0,47.0,8.0,10.0,7.0,351.0,50.1,0.0,1.0,1.0,3.0,7.0,0.0,13.0,0.0,25.0,56.0,32:59,12.0,8.0,1.0,3.0,47.0,169.0,3.6,3.0,33.0,127.0,3.8,0.0,11.0,6.0,42.0,1.0,1.0,3.8,7.0,54.5,55.87,11.0,3.0,27.3,0.0,0.0,0.0,2.0,0.0,0.0,0.0,7.0,61.0,0.0,0.0,3.0,12.0,7.0,10.0,5.0,249.0,49.8,1.0,0.0,-1.0,50.0,0.0,0.0,0.0,2.0,2.0,0.0,0.0,0.0,0.0,0.0,2.0,2.0,3.0,3.0,0.0,0.0,0.0,0.0,0.0,2.0,2.0,29.0,23.0,3.0,12.0,5.0,0.0,0.0,43.0,22.0,6.0,47.0,3.0,0.0,0.0,Sunday,993005438.0,8,3,19190.0,-7.0,0,1.0,0.375,0.0,,-0.1041182860335038,0.3617021276595745,0.0020621379315111,-0.1207492371236353,-0.0422605753790456,0.3880597014925373,-0.3960927222334944,-0.1579953987653497,21.3,21.7,-0.3,232.33333333333337,270.0,1.667,0.307,0.2,146.0,211.0,2.0,-0.1549862156207989,0.347467725067293,-0.0766827847646794,-0.0703473701091779,-0.155855702989812,0.3929288395117146,-0.2555402245844019,-0.1948728446792008,-0.1106852268290413,-0.0617651921888703,202511108.0,2025-11-16T16:25:00,1,2025,11,BAL,CLE,AWAY,23.0,16.0,39.0,Huntington Bank Field,3.0,7.0,0.0,13.0,0.0,32.0,35.0,32:59,23.0,11.0,9.0,3.0,66.0,321.0,4.9,2.0,36.0,152.0,4.2,1.0,29.0,17.0,169.0,1.0,0.0,5.8,9.9,58.6,86.71,15.0,6.0,40.0,0.0,0.0,0.0,5.0,2.0,0.0,0.0,5.0,62.0,3.0,0.0,1.0,7.0,12.0,3.0,5.0,248.0,49.6,0.0,3.0,3.0,3.0,13.0,0.0,0.0,0.0,27.0,25.0,27:01,18.0,6.0,9.0,3.0,61.0,365.0,6.0,2.0,18.0,120.0,6.7,1.0,42.0,20.0,245.0,1.0,2.0,5.8,12.2,47.6,54.17,14.0,3.0,21.4,5.0,2.0,40.0,3.0,2.0,0.0,0.0,13.0,102.0,2.0,1.0,1.0,3.0,4.0,3.0,2.0,102.0,51.0,3.0,0.0,-3.0,40.0,0.0,66.7,0.0,1.0,1.0,0.0,2.0,1.0,0.0,0.0,5.0,4.0,1.0,1.0,0.0,2.0,0.0,0.0,0.0,2.0,2.0,30.0,12.0,1.0,3.0,13.0,0.0,1.0,40.0,23.0,1.0,7.0,4.0,1.0,0.0,Sunday,993005437.0,3,8,19189.0,7.0,1,3.0,0.4,0.0,,-0.0262059171886923,0.5056179775280899,0.0344935332108432,0.014834623213293,-0.1621416492484989,0.388235294117647,-0.1034660408295312,-0.0145680818448974,28.3,13.7,14.7,338.0,356.3333333333333,2.333,0.395,0.6,229.0,235.0,4.0,0.1140581319975694,0.5303838104719913,0.2616981563181763,0.0485984152157969,-0.1054254844042781,0.4268160065545686,-0.0425039663924549,-0.1631344417898677,-0.0342694400221687,-0.0170171023022176,-15.0,14.399999999999999,-0.39999999999999997,0.8,-105.66666666666663,570.3333333333334,-86.33333333333331,626.3333333333333,-83.0,375.0,-24.0,446.0,-2.0,6.0,-0.26904434761836826,-0.0504302185855339
202511110.0,2025-11-16T16:25:00,1,2025,11,DEN,KC,HOME,22.0,19.0,41.0,Empower Field at Mile High,6.0,0.0,7.0,9.0,0.0,30.0,46.0,29:29,10.0,5.0,5.0,0.0,57.0,220.0,3.9,1.0,27.0,84.0,3.1,0.0,28.0,16.0,136.0,1.0,2.0,4.9,8.5,57.1,52.08,15.0,5.0,33.3,0.0,0.0,0.0,3.0,1.0,0.0,0.0,11.0,78.0,0.0,0.0,2.0,14.0,11.0,5.0,7.0,293.0,41.9,2.0,1.0,-1.0,3.0,3.0,7.0,6.0,0.0,29.0,14.0,30:31,10.0,4.0,6.0,0.0,58.0,188.0,3.2,1.0,25.0,74.0,3.0,1.0,27.0,16.0,114.0,0.0,1.0,4.2,7.1,59.3,53.63,15.0,4.0,26.7,1.0,0.0,0.0,1.0,1.0,0.0,0.0,11.0,83.0,2.0,0.0,6.0,29.0,4.0,4.0,7.0,299.0,42.7,1.0,2.0,1.0,33.3,0.0,100.0,0.0,1.0,1.0,0.0,0.0,0.0,0.0,0.0,2.0,1.0,1.0,1.0,0.0,0.0,0.0,0.0,0.0,1.0,0.0,31.0,30.0,6.0,29.0,3.0,1.0,0.0,28.0,26.0,2.0,14.0,4.0,0.0,0.0,Sunday,993005440.0,10,16,19184.0,3.0,1,-1.0,0.333,0.0,,-0.3402247858766878,0.358974358974359,-0.4138960741239121,-0.1676634197759155,-0.3757963890707513,0.3506493506493506,-0.4869458834482619,-0.240902872227193,24.0,15.3,8.7,305.6666666666667,265.0,-0.667,0.453,1.0,235.0,173.0,8.0,-0.0536039299857613,0.4357391579613801,0.0210951758130426,-0.0513803591211591,-0.156174305805315,0.4172223089891915,-0.1427277975374899,-0.2030373543380086,-0.032763277753885,-0.0945914202946111,202511110.0,2025-11-16T16:25:00,1,2025,11,KC,DEN,AWAY,19.0,22.0,41.0,Empower Field at Mile High,3.0,3.0,7.0,6.0,0.0,25.0,15.0,30:31,16.0,5.0,10.0,1.0,57.0,305.0,5.4,2.0,20.0,79.0,4.0,2.0,34.0,15.0,226.0,0.0,1.0,6.6,15.1,44.1,54.29,13.0,3.0,23.1,3.0,2.0,66.7,3.0,2.0,0.0,0.0,3.0,25.0,0.0,0.0,3.0,24.0,6.0,3.0,3.0,146.0,48.7,1.0,0.0,-1.0,6.0,0.0,7.0,9.0,0.0,34.0,45.0,29:29,23.0,9.0,13.0,1.0,64.0,404.0,6.3,4.0,35.0,141.0,4.0,3.0,26.0,23.0,263.0,1.0,0.0,10.1,11.4,88.5,121.63,12.0,7.0,58.3,1.0,0.0,0.0,3.0,3.0,0.0,0.0,4.0,40.0,0.0,0.0,3.0,10.0,15.0,5.0,3.0,126.0,42.0,0.0,1.0,1.0,66.7,0.0,100.0,0.0,1.0,1.0,0.0,2.0,1.0,0.0,0.0,2.0,2.0,4.0,4.0,0.0,0.0,0.0,0.0,0.0,1.0,0.0,35.0,42.0,3.0,10.0,1.0,0.0,0.0,24.0,22.0,3.0,24.0,5.0,0.0,0.0,Sunday,993005439.0,16,10,19080.0,-3.0,0,-1.0,0.231,0.0,,0.0666541161054789,0.4794520547945205,-0.0195848005646713,0.0847231768886558,0.1505106248579234,0.5822784810126582,0.3481503208102132,0.1025156462338291,26.7,11.7,15.0,390.3333333333333,253.0,0.0,0.41,0.6,235.0,159.0,5.0,0.1597879399243408,0.495315187096009,0.2979061990376357,0.010806814670785,-0.0989928568255907,0.4638180043091839,-0.1325185056119796,-0.2538220707390449,0.1676406588297242,-0.0136301060840133,-6.300000000000001,23.7,0.4,1.6,-84.66666666666663,696.0,12.0,518.0,0.0,470.0,14.0,332.0,3.0,13.0,-0.2133918699101021,-0.0571814489797243
202511126.0,2025-11-16T20:20:00,1,2025,11,PHI,DET,HOME,16.0,9.0,25.0,Lincoln Financial Field,3.0,10.0,0.0,3.0,0.0,32.0,5.0,35:48,13.0,4.0,8.0,1.0,60.0,294.0,4.9,1.0,34.0,111.0,3.3,0.0,26.0,15.0,183.0,1.0,0.0,7.0,12.2,57.7,92.31,16.0,7.0,43.8,2.0,0.0,0.0,1.0,0.0,0.0,0.0,7.0,61.0,1.0,1.0,0.0,0.0,8.0,5.0,5.0,238.0,47.6,1.0,2.0,1.0,0.0,6.0,0.0,3.0,0.0,27.0,55.0,24:12,18.0,7.0,10.0,1.0,66.0,261.0,4.0,1.0,27.0,104.0,3.9,1.0,36.0,20.0,157.0,0.0,0.0,4.4,7.8,55.6,66.55,13.0,5.0,38.5,3.0,1.0,33.3,1.0,1.0,0.0,0.0,4.0,20.0,3.0,2.0,3.0,19.0,0.0,6.0,5.0,239.0,47.8,2.0,1.0,-1.0,0.0,0.0,100.0,0.0,1.0,1.0,0.0,0.0,0.0,0.0,0.0,1.0,1.0,1.0,1.0,0.0,0.0,0.0,0.0,0.0,1.0,0.0,38.0,20.0,3.0,19.0,5.0,2.0,2.0,34.0,25.0,0.0,0.0,2.0,1.0,1.0,Sunday,993005442.0,26,11,19044.0,7.0,1,1.0,0.438,0.0,,-0.0955391924818016,0.3376623376623376,0.2994316614970254,-0.4044941846257843,-0.1562518792671566,0.3780487804878049,-0.1472750354400632,-0.1627710480606765,25.3,16.3,9.0,360.6666666666667,298.0,1.0,0.329,0.6,218.0,192.0,7.0,0.0933956951811944,0.4512921718804072,0.4921870076367036,-0.0631792318618098,-0.0261620424961863,0.4708478513356562,0.0061873032713875,-0.1967754804122329,0.0486465583717763,0.0313224701033596,202511126.0,2025-11-16T20:20:00,1,2025,11,DET,PHI,AWAY,9.0,16.0,25.0,Lincoln Financial Field,0.0,6.0,0.0,3.0,0.0,32.0,36.0,24:12,30.0,11.0,19.0,0.0,68.0,546.0,8.0,5.0,33.0,226.0,6.8,2.0,35.0,25.0,320.0,3.0,0.0,9.1,12.8,71.4,128.27,10.0,5.0,50.0,2.0,2.0,100.0,6.0,4.0,0.0,0.0,3.0,1.0,0.0,0.0,0.0,0.0,6.0,3.0,0.0,0.0,0.0,0.0,0.0,0.0,3.0,10.0,0.0,3.0,0.0,27.0,24.0,35:48,14.0,5.0,9.0,0.0,51.0,288.0,5.6,3.0,27.0,93.0,3.4,1.0,22.0,16.0,195.0,2.0,0.0,8.9,12.2,72.7,129.92,10.0,2.0,20.0,3.0,3.0,100.0,3.0,3.0,0.0,0.0,8.0,61.0,0.0,0.0,2.0,18.0,5.0,0.0,4.0,200.0,50.0,0.0,0.0,0.0,66.7,0.0,100.0,0.0,4.0,3.0,1.0,0.0,0.0,1.0,1.0,3.0,3.0,1.0,1.0,0.0,3.0,0.0,0.0,0.0,1.0,1.0,34.0,16.0,2.0,18.0,4.0,0.0,0.0,32.0,40.0,0.0,0.0,3.0,0.0,0.0,Sunday,993005441.0,11,26,19194.0,-7.0,0,0.0,0.5,0.0,,0.4486282426225649,0.6144578313253012,0.6816430939412998,0.2839161540133822,0.1537472294594425,0.4657534246575342,0.4400925535808478,-0.1327027048106491,30.7,19.3,11.3,410.0,265.6666666666667,0.0,0.342,0.6,283.0,200.0,6.0,0.0981370964500946,0.48015873015873,0.1970327057354154,0.008179897563956,-0.0416589056177075,0.4119971732985432,-0.0395921956073681,0.0562520912773816,0.1098827397195895,0.0171173560936179,-2.3000000000000007,20.3,0.0,1.2,-49.333333333333314,770.6666666666667,32.333333333333314,563.6666666666667,-65.0,501.0,-8.0,392.0,1.0,13.0,-0.0047414012689002,0.015496863121521199
202511125.0,2025-11-17T20:15:00,1,2025,11,LV,DAL,HOME,16.0,33.0,49.0,Allegiant Stadium,6.0,3.0,0.0,7.0,0.0,29.0,14.0,26:24,10.0,4.0,6.0,0.0,58.0,188.0,3.2,1.0,25.0,74.0,3.0,1.0,27.0,16.0,114.0,0.0,1.0,4.2,7.1,59.3,53.63,15.0,4.0,26.7,1.0,0.0,0.0,1.0,1.0,0.0,0.0,11.0,83.0,2.0,0.0,6.0,29.0,4.0,4.0,7.0,299.0,42.7,1.0,2.0,1.0,3.0,21.0,7.0,2.0,0.0,30.0,46.0,33:36,10.0,5.0,5.0,0.0,57.0,220.0,3.9,1.0,27.0,84.0,3.1,0.0,28.0,16.0,136.0,1.0,2.0,4.9,8.5,57.1,52.08,15.0,5.0,33.3,0.0,0.0,0.0,3.0,1.0,0.0,0.0,11.0,78.0,0.0,0.0,2.0,14.0,11.0,5.0,7.0,293.0,41.9,2.0,1.0,-1.0,100.0,0.0,33.3,0.0,1.0,1.0,0.0,0.0,0.0,0.0,0.0,1.0,0.0,1.0,1.0,0.0,0.0,0.0,0.0,0.0,2.0,1.0,28.0,26.0,2.0,14.0,4.0,0.0,0.0,31.0,30.0,6.0,29.0,3.0,1.0,0.0,Monday,993005444.0,25,9,19184.0,-17.0,0,1.0,0.267,0.0,,-0.3757963890707513,0.3506493506493506,-0.4869458834482619,-0.240902872227193,-0.3402247858766878,0.358974358974359,-0.4138960741239121,-0.1676634197759155,12.0,23.7,-11.7,204.66666666666663,340.3333333333333,0.0,0.322,0.2,139.0,220.0,2.0,-0.18259124091833,0.4183924822222695,-0.2463016461582922,-0.4016017467976616,0.0033403524975196,0.4684553705172261,0.0096583135736429,0.0181319468846366,-0.16851674696876,0.0073614361564599,202511125.0,2025-11-17T20:15:00,1,2025,11,DAL,LV,AWAY,33.0,16.0,49.0,Allegiant Stadium,3.0,21.0,7.0,2.0,0.0,26.0,40.0,33:36,22.0,8.0,14.0,0.0,65.0,333.0,5.1,2.0,21.0,123.0,5.9,0.0,39.0,24.0,210.0,1.0,1.0,5.4,8.8,61.5,73.66,12.0,5.0,41.7,3.0,0.0,0.0,3.0,1.0,0.0,0.0,6.0,55.0,4.0,2.0,5.0,40.0,11.0,8.0,1.0,41.0,41.0,3.0,0.0,-3.0,6.0,3.0,0.0,7.0,0.0,33.0,20.0,26:24,23.0,8.0,14.0,1.0,65.0,340.0,5.2,3.0,29.0,119.0,4.1,1.0,31.0,21.0,221.0,2.0,0.0,7.1,10.5,67.7,109.74,13.0,7.0,53.8,1.0,0.0,0.0,4.0,3.0,0.0,0.0,2.0,10.0,1.0,0.0,5.0,40.0,9.0,6.0,2.0,87.0,43.5,0.0,3.0,3.0,33.3,0.0,75.0,0.0,2.0,2.0,0.0,0.0,0.0,0.0,0.0,2.0,1.0,3.0,3.0,0.0,0.0,0.0,0.0,0.0,2.0,2.0,35.0,29.0,5.0,40.0,2.0,0.0,0.0,38.0,23.0,5.0,40.0,6.0,4.0,2.0,Monday,993005443.0,9,25,19082.0,17.0,1,-3.0,0.417,0.0,,-0.1224644237058159,0.4625,-0.2303815209693483,0.0955951503505382,0.0536534415900154,0.5061728395061729,0.2150341036592095,-0.0060162995834145,28.3,31.0,-2.7,360.3333333333333,369.0,-0.667,0.427,0.4,263.0,277.0,3.0,0.0444857810309417,0.4954265748852733,0.0794321896605057,0.0014426661593756,0.0942253882374534,0.5268823514766087,0.1332872845215427,0.1095785055956796,0.1142306006475943,0.0925306121789925,-9.0,-14.399999999999999,-0.2,0.6000000000000001,-155.66666666666669,565.0,-28.666666666666686,709.3333333333333,-124.0,402.0,-57.0,497.0,-1.0,5.0,-0.2270770219492717,-0.0908850357399338
202511213.0,2025-11-20T20:15:00,1,2025,12,HOU,BUF,HOME,23.0,19.0,42.0,NRG Stadium,3.0,17.0,3.0,0.0,0.0,31.0,3.0,27:38,20.0,5.0,13.0,2.0,68.0,315.0,4.6,1.0,23.0,75.0,3.3,0.0,41.0,26.0,240.0,1.0,0.0,5.9,9.2,63.4,87.45,13.0,4.0,30.8,1.0,0.0,0.0,3.0,1.0,0.0,0.0,5.0,53.0,0.0,0.0,4.0,34.0,6.0,5.0,5.0,208.0,41.6,0.0,1.0,1.0,6.0,10.0,0.0,3.0,0.0,28.0,57.0,32:22,14.0,2.0,10.0,2.0,57.0,229.0,4.0,1.0,17.0,58.0,3.4,0.0,37.0,24.0,171.0,1.0,0.0,4.6,7.1,64.9,84.4,15.0,6.0,40.0,0.0,0.0,0.0,1.0,1.0,0.0,0.0,9.0,62.0,2.0,1.0,3.0,23.0,8.0,8.0,6.0,305.0,50.8,1.0,0.0,-1.0,33.3,0.0,100.0,0.0,1.0,1.0,0.0,0.0,0.0,0.0,0.0,3.0,3.0,1.0,1.0,0.0,0.0,0.0,0.0,0.0,2.0,2.0,28.0,29.0,3.0,23.0,5.0,1.0,1.0,37.0,28.0,4.0,34.0,9.0,0.0,0.0,Thursday,993005446.0,13,4,19203.0,4.0,1,1.0,0.308,0.0,,0.0115924280060947,0.4712643678160919,0.0128878156665594,-0.2375035617863798,-0.0534398625722274,0.3974358974358974,0.0283603205853909,-0.4966719012408772,22.3,20.0,2.3,331.6666666666667,237.66666666666663,1.0,0.384,0.6,220.0,163.0,5.0,-0.0571474557373802,0.4415283200890396,0.0264397311665307,-0.1901224905815285,-0.0972771417172861,0.3999683444127888,-0.0588545386385675,-0.3036336244477935,-0.048930912442301,-0.0870773083047657,202511213.0,2025-11-20T20:15:00,1,2025,12,BUF,HOU,AWAY,19.0,23.0,42.0,NRG Stadium,6.0,10.0,0.0,3.0,0.0,24.0,53.0,32:22,19.0,4.0,13.0,2.0,53.0,414.0,7.8,6.0,23.0,97.0,4.2,3.0,30.0,19.0,317.0,3.0,2.0,10.6,16.7,63.3,104.44,11.0,6.0,54.5,2.0,1.0,50.0,4.0,3.0,0.0,0.0,7.0,45.0,2.0,1.0,0.0,0.0,3.0,3.0,2.0,83.0,41.5,3.0,2.0,-1.0,3.0,17.0,3.0,0.0,0.0,35.0,7.0,27:38,21.0,13.0,6.0,2.0,68.0,367.0,5.4,4.0,39.0,202.0,5.2,3.0,28.0,16.0,165.0,1.0,1.0,5.9,10.3,57.1,71.28,16.0,9.0,56.2,1.0,1.0,100.0,4.0,2.0,0.0,0.0,2.0,30.0,1.0,1.0,1.0,8.0,1.0,3.0,4.0,161.0,40.2,2.0,3.0,1.0,75.0,0.0,50.0,0.0,5.0,5.0,0.0,2.0,0.0,0.0,0.0,1.0,1.0,2.0,2.0,0.0,3.0,0.0,0.0,0.0,2.0,2.0,35.0,34.0,1.0,8.0,6.0,1.0,1.0,26.0,17.0,0.0,0.0,6.0,2.0,1.0,Thursday,993005445.0,4,13,19198.0,-4.0,0,-1.0,0.545,0.0,,0.3199538150079087,0.5416666666666666,0.3957517834981036,0.0881807760784535,0.1434404063829534,0.5,-0.0385305271154054,0.1837256435434991,28.3,27.7,0.7,398.0,347.3333333333333,-0.333,0.487,0.6,292.0,229.0,7.0,0.1496902465088372,0.5351422097202687,0.2809263010010803,-0.1091034011356176,0.1609960389256995,0.4779991697799916,0.1236039405554588,0.1663791907183972,0.1287947967332875,0.0646493041984025,1.5999999999999999,3.0,0.0,1.2,-66.33333333333331,729.6666666666667,-109.66666666666669,585.0,-72.0,512.0,-66.0,392.0,-2.0,12.0,-0.2068377022462174,-0.2582731806429856
202511212.0,2025-11-23T13:00:00,1,2025,12,GB,MIN,HOME,23.0,6.0,29.0,Lambeau Field,7.0,3.0,7.0,6.0,0.0,24.0,4.0,37:15,19.0,7.0,11.0,1.0,51.0,296.0,5.8,4.0,23.0,128.0,5.6,1.0,26.0,15.0,168.0,3.0,0.0,6.5,11.2,57.7,115.54,11.0,7.0,63.6,0.0,0.0,0.0,4.0,4.0,0.0,0.0,5.0,48.0,2.0,0.0,2.0,12.0,5.0,1.0,4.0,195.0,48.8,0.0,2.0,2.0,3.0,3.0,0.0,0.0,0.0,35.0,56.0,22:45,22.0,10.0,10.0,2.0,69.0,336.0,4.9,3.0,38.0,142.0,3.7,3.0,29.0,19.0,194.0,0.0,1.0,6.7,10.2,65.5,70.19,14.0,7.0,50.0,4.0,3.0,75.0,5.0,3.0,0.0,0.0,6.0,77.0,1.0,1.0,2.0,7.0,8.0,2.0,2.0,90.0,45.0,2.0,0.0,-2.0,100.0,0.0,60.0,0.0,3.0,1.0,0.0,2.0,1.0,0.0,0.0,0.0,0.0,3.0,2.0,0.0,0.0,0.0,0.0,0.0,0.0,0.0,37.0,38.0,2.0,7.0,5.0,1.0,1.0,29.0,13.0,2.0,12.0,5.0,1.0,0.0,Sunday,993005448.0,12,20,19201.0,17.0,1,2.0,0.636,0.0,,0.2934815330526989,0.4852941176470588,0.4463490163648239,0.2178481364769496,0.1230684317462275,0.4823529411764706,0.2057846397413717,0.0759621209374592,15.7,15.3,0.3,308.6666666666667,298.3333333333333,0.0,0.52,0.6,240.0,196.0,6.0,0.0455925969212552,0.4566698549338435,0.1514456995363321,-0.0464735354437469,0.0313020909919991,0.4376576751058938,0.2029983399059468,-0.0789242155270506,0.0865235714287428,0.029998308176307,202511212.0,2025-11-23T13:00:00,1,2025,12,MIN,GB,AWAY,6.0,23.0,29.0,Lambeau Field,3.0,3.0,0.0,0.0,0.0,23.0,1.0,22:45,15.0,4.0,10.0,1.0,54.0,265.0,4.9,2.0,22.0,115.0,5.2,1.0,32.0,16.0,150.0,1.0,2.0,4.7,9.4,50.0,47.66,11.0,3.0,27.3,1.0,1.0,100.0,3.0,2.0,0.0,0.0,2.0,15.0,1.0,0.0,0.0,0.0,5.0,10.0,6.0,297.0,49.5,2.0,0.0,-2.0,7.0,3.0,7.0,6.0,0.0,36.0,59.0,37:15,19.0,13.0,6.0,0.0,73.0,320.0,4.4,1.0,39.0,140.0,3.6,1.0,32.0,16.0,180.0,0.0,0.0,5.6,11.2,50.0,67.19,18.0,7.0,38.9,0.0,0.0,0.0,2.0,1.0,0.0,0.0,6.0,40.0,1.0,0.0,2.0,13.0,5.0,1.0,6.0,286.0,47.7,0.0,2.0,2.0,66.7,0.0,50.0,0.0,2.0,2.0,0.0,0.0,0.0,0.0,0.0,1.0,1.0,1.0,1.0,0.0,0.0,0.0,0.0,0.0,5.0,4.0,35.0,44.0,2.0,13.0,3.0,0.0,0.0,23.0,24.0,0.0,0.0,5.0,1.0,0.0,Sunday,993005447.0,20,12,19200.0,-17.0,0,-2.0,0.273,0.0,,-0.1837317132182585,0.4,-0.3743819488386627,0.1211482566432096,-0.0835014390973411,0.4421052631578947,-0.0066262590265375,-0.1180892934053347,21.0,23.3,-2.3,296.0,315.3333333333333,-1.667,0.273,0.2,218.0,232.0,4.0,-0.1096678048427145,0.4044117647058823,-0.2000609253706081,0.0885708541128717,-0.0573614840195455,0.462733143720725,0.0344932068460375,-0.1278962299686568,-0.1213013095724601,0.0125772330174566,2.5999999999999996,-1.9999999999999998,0.39999999999999997,0.8,12.666666666666686,604.6666666666667,-17.0,613.6666666666666,22.0,458.0,-36.0,428.0,2.0,10.0,0.1552604017639697,0.0886635750115446
202511207.0,2025-11-23T13:00:00,1,2025,12,CIN,NE,HOME,20.0,26.0,46.0,Paycor Stadium,3.0,10.0,0.0,7.0,0.0,29.0,55.0,26:46,17.0,6.0,9.0,2.0,63.0,297.0,4.7,1.0,22.0,105.0,4.8,0.0,40.0,23.0,192.0,1.0,1.0,4.8,8.3,57.5,67.92,15.0,7.0,46.7,1.0,0.0,0.0,2.0,0.0,0.0,0.0,8.0,67.0,1.0,1.0,1.0,7.0,4.0,3.0,3.0,171.0,57.0,2.0,0.0,-2.0,0.0,17.0,3.0,6.0,0.0,30.0,5.0,33:14,22.0,6.0,13.0,3.0,60.0,343.0,5.7,4.0,28.0,111.0,4.0,0.0,31.0,21.0,232.0,2.0,0.0,7.5,11.0,67.7,111.22,13.0,7.0,53.8,1.0,1.0,100.0,4.0,2.0,0.0,0.0,8.0,76.0,0.0,0.0,1.0,11.0,3.0,2.0,3.0,133.0,44.3,0.0,2.0,2.0,0.0,0.0,50.0,0.0,0.0,0.0,0.0,1.0,0.0,0.0,0.0,2.0,2.0,4.0,4.0,0.0,0.0,0.0,0.0,0.0,2.0,2.0,30.0,35.0,1.0,11.0,3.0,0.0,0.0,26.0,37.0,1.0,7.0,8.0,1.0,1.0,Sunday,993005452.0,7,21,19202.0,-6.0,0,-2.0,0.467,0.0,,-0.1251162273095216,0.369047619047619,-0.3608959206739419,0.1379338568652291,0.1500091141213755,0.5,0.331192283425697,-0.0324220777166864,30.7,40.0,-9.3,396.6666666666667,473.6666666666667,-1.667,0.47,0.2,228.0,334.0,3.0,0.1247249161624555,0.5300535822314406,0.0281618478050312,0.1506362883693278,0.2340725807341483,0.5418300653594771,0.4021756497034277,0.2104817632060915,0.1379461212067145,0.2374393287349565,202511207.0,2025-11-23T13:00:00,1,2025,12,NE,CIN,AWAY,26.0,20.0,46.0,Paycor Stadium,0.0,17.0,3.0,6.0,0.0,31.0,56.0,33:14,23.0,4.0,16.0,3.0,62.0,336.0,5.4,3.0,27.0,65.0,2.4,2.0,34.0,25.0,271.0,1.0,0.0,8.0,10.8,73.5,106.37,12.0,6.0,50.0,1.0,1.0,100.0,5.0,3.0,0.0,0.0,2.0,20.0,0.0,0.0,1.0,10.0,6.0,3.0,3.0,153.0,51.0,0.0,1.0,1.0,3.0,10.0,0.0,7.0,0.0,28.0,4.0,26:46,15.0,10.0,5.0,0.0,57.0,245.0,4.3,2.0,28.0,140.0,5.0,1.0,27.0,15.0,105.0,1.0,0.0,3.9,7.0,55.6,76.93,14.0,8.0,57.1,1.0,0.0,0.0,2.0,1.0,0.0,0.0,7.0,62.0,1.0,1.0,2.0,11.0,4.0,4.0,5.0,227.0,45.4,1.0,0.0,-1.0,60.0,0.0,50.0,0.0,3.0,3.0,0.0,0.0,0.0,0.0,0.0,3.0,2.0,2.0,2.0,0.0,0.0,0.0,0.0,0.0,0.0,0.0,34.0,16.0,2.0,11.0,5.0,0.0,1.0,34.0,29.0,1.0,10.0,3.0,0.0,0.0,Sunday,993005449.0,21,7,19196.0,6.0,1,1.0,0.5,0.0,,0.1226621651211965,0.5185185185185185,0.29056698881225,-0.115074273265021,-0.051907476319201,0.5285714285714286,-0.0975554258470903,-0.067967583532057,26.3,20.0,6.3,367.3333333333333,301.3333333333333,-0.667,0.508,1.0,292.0,206.0,9.0,0.0967872578808353,0.4636310191865747,0.1531617854396924,0.0528318239728965,0.008945697190791,0.4948582172595064,0.0185081084981962,-0.0337551125057997,0.0890092316743574,-0.0821023313163474,-15.600000000000001,-3.000000000000001,-0.8,1.2,29.33333333333337,764.0,172.33333333333337,775.0,-64.0,520.0,128.0,540.0,-6.0,12.0,0.027937658281620203,0.2251268835433573
202511203.0,2025-11-23T13:00:00,1,2025,12,BAL,NYJ,HOME,23.0,10.0,33.0,M&T Bank Stadium,0.0,3.0,14.0,6.0,0.0,32.0,59.0,31:47,17.0,8.0,9.0,0.0,60.0,351.0,5.8,2.0,30.0,184.0,6.1,2.0,25.0,14.0,167.0,0.0,2.0,6.7,11.9,56.0,43.25,13.0,5.0,38.5,1.0,1.0,100.0,4.0,1.0,0.0,0.0,4.0,26.0,1.0,1.0,5.0,26.0,10.0,6.0,4.0,176.0,44.0,3.0,1.0,-2.0,0.0,7.0,0.0,3.0,0.0,27.0,1.0,28:13,10.0,5.0,4.0,1.0,54.0,187.0,3.5,1.0,25.0,106.0,4.2,0.0,26.0,11.0,81.0,0.0,1.0,3.1,7.4,42.3,34.29,14.0,2.0,14.3,1.0,0.0,0.0,2.0,0.0,0.0,0.0,5.0,41.0,1.0,0.0,3.0,34.0,7.0,10.0,6.0,299.0,49.8,1.0,3.0,2.0,25.0,0.0,0.0,0.0,2.0,2.0,0.0,0.0,0.0,0.0,0.0,3.0,3.0,1.0,1.0,0.0,0.0,0.0,0.0,0.0,3.0,3.0,28.0,24.0,3.0,34.0,9.0,1.0,0.0,36.0,19.0,5.0,26.0,3.0,0.0,1.0,Sunday,993005453.0,3,24,19206.0,13.0,1,-2.0,0.385,0.0,,-0.0558715326865393,0.4556962025316455,-0.3822337586522553,0.1982369269190476,-0.1844482728049216,0.410958904109589,-0.5383582762179181,-0.287107063171393,26.0,13.7,12.3,336.6666666666667,294.6666666666667,1.333,0.39,0.8,252.0,251.0,5.0,0.0189696677420346,0.496628536210388,0.0354686129616539,0.0612085261682932,-0.1806321295339199,0.4074237071013863,-0.2530602382993789,-0.2433265966493321,0.0046525226149649,-0.1171591349197035,202511203.0,2025-11-23T13:00:00,1,2025,12,NYJ,BAL,AWAY,10.0,23.0,33.0,M&T Bank Stadium,0.0,7.0,0.0,3.0,0.0,28.0,4.0,28:13,15.0,10.0,5.0,0.0,57.0,245.0,4.3,2.0,28.0,140.0,5.0,1.0,27.0,15.0,105.0,1.0,0.0,3.9,7.0,55.6,76.93,14.0,8.0,57.1,1.0,0.0,0.0,2.0,1.0,0.0,0.0,7.0,62.0,1.0,1.0,2.0,11.0,4.0,4.0,5.0,227.0,45.4,1.0,0.0,-1.0,0.0,3.0,14.0,6.0,0.0,31.0,56.0,31:47,23.0,4.0,16.0,3.0,62.0,336.0,5.4,3.0,27.0,65.0,2.4,2.0,34.0,25.0,271.0,1.0,0.0,8.0,10.8,73.5,106.37,12.0,6.0,50.0,1.0,1.0,100.0,5.0,3.0,0.0,0.0,2.0,20.0,0.0,0.0,1.0,10.0,6.0,3.0,3.0,153.0,51.0,0.0,1.0,1.0,50.0,0.0,60.0,0.0,2.0,2.0,0.0,0.0,0.0,0.0,0.0,0.0,0.0,3.0,3.0,0.0,0.0,0.0,0.0,0.0,3.0,2.0,34.0,29.0,1.0,10.0,3.0,0.0,0.0,34.0,16.0,2.0,11.0,5.0,0.0,1.0,Sunday,993005450.0,24,3,19196.0,-13.0,0,-1.0,0.571,0.0,,-0.051907476319201,0.5285714285714286,-0.0975554258470903,-0.067967583532057,0.1226621651211965,0.5185185185185185,0.29056698881225,-0.115074273265021,26.7,28.3,-1.7,305.3333333333333,337.3333333333333,-0.667,0.437,0.4,209.0,268.0,2.0,0.0505447811154105,0.4944325989102108,-0.030270724650855,0.0140465852710938,0.0892888362836704,0.5127051276733995,0.1416904989167398,0.0671278269677906,-0.0375787470458571,0.0208645400817645,14.0,10.600000000000001,0.4,1.2000000000000002,31.33333333333337,642.0,-42.66666666666663,632.0,43.0,461.0,-17.0,519.0,3.0,7.0,-0.0315751133733759,-0.2699209658175903
202511206.0,2025-11-23T13:00:00,1,2025,12,CHI,PIT,HOME,31.0,28.0,59.0,Soldier Field,7.0,10.0,7.0,7.0,0.0,36.0,59.0,26:51,19.0,13.0,6.0,0.0,73.0,320.0,4.4,1.0,39.0,140.0,3.6,1.0,32.0,16.0,180.0,0.0,0.0,5.6,11.2,50.0,67.19,18.0,7.0,38.9,0.0,0.0,0.0,2.0,1.0,0.0,0.0,6.0,40.0,1.0,0.0,2.0,13.0,5.0,1.0,6.0,286.0,47.7,0.0,2.0,2.0,7.0,14.0,0.0,7.0,0.0,23.0,1.0,33:09,15.0,4.0,10.0,1.0,54.0,265.0,4.9,2.0,22.0,115.0,5.2,1.0,32.0,16.0,150.0,1.0,2.0,4.7,9.4,50.0,47.66,11.0,3.0,27.3,1.0,1.0,100.0,3.0,2.0,0.0,0.0,2.0,15.0,1.0,0.0,0.0,0.0,5.0,10.0,6.0,297.0,49.5,2.0,0.0,-2.0,50.0,0.0,66.7,0.0,1.0,1.0,0.0,0.0,0.0,0.0,0.0,5.0,4.0,2.0,2.0,0.0,0.0,0.0,0.0,0.0,1.0,1.0,23.0,24.0,0.0,0.0,5.0,1.0,0.0,35.0,44.0,2.0,13.0,3.0,0.0,0.0,Sunday,993005460.0,6,28,19200.0,3.0,1,2.0,0.389,0.0,,-0.0835014390973411,0.4421052631578947,-0.0066262590265375,-0.1180892934053347,-0.1837317132182585,0.4,-0.3743819488386627,0.1211482566432096,30.0,26.3,3.7,429.0,397.0,2.0,0.398,0.8,258.0,264.0,7.0,0.0851898737198974,0.4982519843544954,0.1906459167256344,0.0970245743471999,0.0219210553534049,0.4559042576090231,-0.0236409695658121,-0.0003585809359459,0.0573305814947531,0.0127628703519356,202511206.0,2025-11-23T13:00:00,1,2025,12,PIT,CHI,AWAY,28.0,31.0,59.0,Soldier Field,7.0,14.0,0.0,7.0,0.0,30.0,5.0,33:09,22.0,6.0,13.0,3.0,60.0,343.0,5.7,4.0,28.0,111.0,4.0,0.0,31.0,21.0,232.0,2.0,0.0,7.5,11.0,67.7,111.22,13.0,7.0,53.8,1.0,1.0,100.0,4.0,2.0,0.0,0.0,8.0,76.0,0.0,0.0,1.0,11.0,3.0,2.0,3.0,133.0,44.3,0.0,2.0,2.0,7.0,10.0,7.0,7.0,0.0,29.0,55.0,26:51,17.0,6.0,9.0,2.0,63.0,297.0,4.7,1.0,22.0,105.0,4.8,0.0,40.0,23.0,192.0,1.0,1.0,4.8,8.3,57.5,67.92,15.0,7.0,46.7,1.0,0.0,0.0,2.0,0.0,0.0,0.0,8.0,67.0,1.0,1.0,1.0,7.0,4.0,3.0,3.0,171.0,57.0,2.0,0.0,-2.0,50.0,0.0,0.0,0.0,4.0,4.0,0.0,0.0,0.0,0.0,0.0,2.0,2.0,0.0,0.0,0.0,1.0,0.0,0.0,0.0,2.0,2.0,26.0,37.0,1.0,7.0,8.0,1.0,1.0,30.0,35.0,1.0,11.0,3.0,0.0,0.0,Sunday,993005459.0,28,6,19202.0,-3.0,0,2.0,0.538,0.0,,0.1500091141213755,0.5,0.331192283425697,-0.0324220777166864,-0.1251162273095216,0.369047619047619,-0.3608959206739419,0.1379338568652291,23.7,19.0,4.7,263.0,326.3333333333333,1.333,0.351,0.4,246.0,232.0,6.0,-0.0327019500698236,0.4580882352941177,-0.0823314126351432,-0.0929456012685014,-0.0730944470666859,0.4397860593512766,-0.2515861181838057,0.1573308177249814,0.0369120811069721,0.0342132429763587,-1.0,8.4,0.4,1.2000000000000002,166.0,692.0,70.66666666666669,723.3333333333333,12.0,504.0,32.0,496.0,1.0,13.0,0.117891823789721,0.0950155024200908
202511216.0,2025-11-23T13:00:00,1,2025,12,KC,IND,HOME,23.0,20.0,43.0,Arrowhead Stadium,0.0,9.0,0.0,11.0,3.0,30.0,31.0,42:35,19.0,3.0,13.0,3.0,62.0,311.0,5.0,2.0,14.0,62.0,4.4,1.0,45.0,29.0,249.0,1.0,1.0,5.5,8.6,64.4,76.99,13.0,5.0,38.5,1.0,0.0,0.0,4.0,1.0,0.0,0.0,10.0,69.0,0.0,0.0,3.0,27.0,5.0,6.0,4.0,238.0,59.5,1.0,0.0,-1.0,7.0,7.0,6.0,0.0,0.0,29.0,29.0,25:28,16.0,5.0,11.0,0.0,61.0,342.0,5.6,1.0,21.0,59.0,2.8,1.0,38.0,24.0,283.0,0.0,0.0,7.4,11.8,63.2,85.75,15.0,7.0,46.7,0.0,0.0,0.0,5.0,1.0,0.0,0.0,10.0,147.0,1.0,0.0,2.0,12.0,8.0,4.0,4.0,211.0,52.8,0.0,1.0,1.0,25.0,0.0,20.0,0.0,2.0,1.0,1.0,0.0,0.0,0.0,0.0,2.0,2.0,1.0,1.0,0.0,0.0,0.0,0.0,0.0,5.0,5.0,36.0,19.0,2.0,12.0,3.0,1.0,0.0,30.0,28.0,3.0,27.0,4.0,0.0,0.0,Sunday,993005454.0,16,14,19207.0,3.0,1,-1.0,0.385,0.0,,0.0436960575405106,0.4712643678160919,0.1324106200494559,0.0632695784152019,0.0705321812580109,0.4938271604938271,0.1148524867052419,-0.1892336494580377,22.7,19.0,3.7,349.3333333333333,335.3333333333333,-0.667,0.338,0.6,254.0,181.0,5.0,0.1095922541918532,0.4857366430347062,0.1578035878966885,0.0835592319899333,0.0375396578906368,0.5149518805021617,0.0866994663745567,-0.0517140700191057,0.150547063428048,-0.031901324091121,202511216.0,2025-11-23T13:00:00,1,2025,12,IND,KC,AWAY,20.0,23.0,43.0,Arrowhead Stadium,7.0,7.0,6.0,0.0,0.0,40.0,20.0,25:28,25.0,15.0,10.0,0.0,74.0,519.0,7.0,4.0,41.0,323.0,7.9,3.0,26.0,19.0,196.0,1.0,1.0,7.5,10.3,73.1,91.19,12.0,2.0,16.7,4.0,2.0,50.0,4.0,2.0,0.0,0.0,7.0,56.0,4.0,1.0,7.0,59.0,3.0,4.0,1.0,44.0,44.0,2.0,1.0,-1.0,0.0,9.0,0.0,11.0,3.0,26.0,9.0,42:35,22.0,10.0,10.0,2.0,60.0,290.0,4.8,3.0,29.0,140.0,4.8,2.0,28.0,12.0,150.0,1.0,0.0,5.4,12.5,42.9,72.02,8.0,0.0,0.0,0.0,0.0,0.0,3.0,3.0,0.0,0.0,3.0,35.0,1.0,1.0,3.0,27.0,7.0,9.0,6.0,263.0,43.8,1.0,2.0,1.0,50.0,0.0,100.0,0.0,2.0,1.0,0.0,2.0,0.0,0.0,0.0,3.0,2.0,2.0,2.0,0.0,2.0,1.0,0.0,0.0,1.0,1.0,27.0,27.0,3.0,27.0,3.0,1.0,1.0,42.0,43.0,7.0,59.0,5.0,4.0,1.0,Sunday,993005451.0,14,16,19050.0,-3.0,0,-1.0,0.167,0.0,,0.1044442281305837,0.5384615384615384,-0.0069393471292284,0.3369884090987208,0.0099136815835391,0.5,-0.1293830082385886,0.1444599057202659,29.7,22.0,7.7,435.6666666666667,285.3333333333333,-1.667,0.31,0.8,321.0,206.0,8.0,0.1199486873117738,0.5126042030649428,0.0170703075375119,0.3820093590551959,-0.0110287914428398,0.4664272030651341,-0.1030623993737185,0.0332444719078632,0.1797221297232545,0.0348110599245991,-4.0,11.4,-0.20000000000000007,1.4,-86.33333333333337,785.0,50.0,620.6666666666666,-67.0,575.0,-25.0,387.0,-3.0,13.0,-0.0103564331199206,0.04856844933347659
202511211.0,2025-11-23T13:00:00,1,2025,12,DET,NYG,HOME,34.0,27.0,61.0,Ford Field,0.0,17.0,0.0,10.0,7.0,24.0,12.0,28:30,13.0,3.0,10.0,0.0,60.0,317.0,5.3,1.0,21.0,74.0,3.5,0.0,37.0,14.0,243.0,1.0,1.0,6.6,17.4,37.8,58.73,13.0,3.0,23.1,5.0,0.0,0.0,1.0,0.0,0.0,0.0,5.0,48.0,0.0,0.0,2.0,12.0,2.0,4.0,4.0,169.0,42.2,1.0,0.0,-1.0,10.0,10.0,0.0,7.0,0.0,35.0,48.0,37:11,16.0,7.0,6.0,3.0,69.0,272.0,3.9,1.0,40.0,148.0,3.7,1.0,28.0,14.0,124.0,0.0,0.0,4.4,8.9,50.0,62.2,15.0,4.0,26.7,1.0,0.0,0.0,3.0,1.0,0.0,0.0,9.0,78.0,2.0,0.0,1.0,11.0,7.0,3.0,7.0,289.0,41.3,0.0,1.0,1.0,0.0,0.0,33.3,0.0,1.0,0.0,0.0,0.0,0.0,0.0,0.0,1.0,1.0,1.0,1.0,0.0,0.0,0.0,0.0,0.0,3.0,3.0,38.0,28.0,1.0,11.0,3.0,0.0,0.0,26.0,18.0,2.0,12.0,10.0,0.0,0.0,Sunday,993005458.0,11,23,19208.0,7.0,1,-1.0,0.231,0.0,,-0.295153581115462,0.3472222222222222,-0.3657237643507866,-0.4690940110827796,-0.1483852143227583,0.4239130434782608,-0.2346431293284727,-0.1512439266213757,25.7,21.7,4.0,389.3333333333333,272.6666666666667,-0.333,0.342,0.4,292.0,216.0,6.0,0.0303658552448331,0.4673854146745713,0.1305105586481067,-0.1552039589277753,0.0074106543584326,0.438222156045265,0.0277048792695814,-0.0416047479639072,0.0132394953995956,-0.0087372982698347,202511211.0,2025-11-23T13:00:00,1,2025,12,NYG,DET,AWAY,27.0,34.0,61.0,Ford Field,10.0,10.0,0.0,7.0,0.0,35.0,56.0,37:11,22.0,10.0,10.0,2.0,69.0,336.0,4.9,3.0,38.0,142.0,3.7,3.0,29.0,19.0,194.0,0.0,1.0,6.7,10.2,65.5,70.19,14.0,7.0,50.0,4.0,3.0,75.0,5.0,3.0,0.0,0.0,6.0,77.0,1.0,1.0,2.0,7.0,8.0,2.0,2.0,90.0,45.0,2.0,0.0,-2.0,0.0,17.0,0.0,10.0,7.0,24.0,4.0,28:30,19.0,7.0,11.0,1.0,51.0,296.0,5.8,4.0,23.0,128.0,5.6,1.0,26.0,15.0,168.0,3.0,0.0,6.5,11.2,57.7,115.54,11.0,7.0,63.6,0.0,0.0,0.0,4.0,4.0,0.0,0.0,5.0,48.0,2.0,0.0,2.0,12.0,5.0,1.0,4.0,195.0,48.8,0.0,2.0,2.0,60.0,0.0,100.0,0.0,3.0,2.0,0.0,0.0,0.0,0.0,0.0,0.0,0.0,3.0,1.0,0.0,2.0,1.0,0.0,0.0,0.0,0.0,29.0,13.0,2.0,12.0,5.0,1.0,0.0,37.0,38.0,2.0,7.0,5.0,1.0,1.0,Sunday,993005457.0,23,11,19201.0,-7.0,0,-2.0,0.5,0.0,,0.1230684317462275,0.4823529411764706,0.2057846397413717,0.0759621209374592,0.2934815330526989,0.4852941176470588,0.4463490163648239,0.2178481364769496,21.3,28.3,-7.0,354.3333333333333,355.6666666666667,-0.667,0.425,0.0,237.0,300.0,2.0,0.0772248405443494,0.4774339562178293,0.1258648421324763,0.0767381584608464,0.2029827286038129,0.5052355479981814,0.3295836556225021,0.1475634694619558,0.0936184589456107,0.2053420836207246,11.0,-3.0,0.4,0.4,35.0,743.6666666666666,-83.0,628.3333333333334,55.0,529.0,-84.0,516.0,4.0,8.0,-0.046858985299516306,-0.19557207424538028
202511234.0,2025-11-23T13:00:00,1,2025,12,TEN,SEA,HOME,24.0,30.0,54.0,Nissan Stadium,3.0,0.0,14.0,7.0,0.0,28.0,57.0,37:25,14.0,2.0,10.0,2.0,57.0,229.0,4.0,1.0,17.0,58.0,3.4,0.0,37.0,24.0,171.0,1.0,0.0,4.6,7.1,64.9,84.4,15.0,6.0,40.0,0.0,0.0,0.0,1.0,1.0,0.0,0.0,9.0,62.0,2.0,1.0,3.0,23.0,8.0,8.0,6.0,305.0,50.8,1.0,0.0,-1.0,3.0,13.0,14.0,0.0,0.0,31.0,3.0,22:35,20.0,5.0,13.0,2.0,68.0,315.0,4.6,1.0,23.0,75.0,3.3,0.0,41.0,26.0,240.0,1.0,0.0,5.9,9.2,63.4,87.45,13.0,4.0,30.8,1.0,0.0,0.0,3.0,1.0,0.0,0.0,5.0,53.0,0.0,0.0,4.0,34.0,6.0,5.0,5.0,208.0,41.6,0.0,1.0,1.0,100.0,0.0,33.3,0.0,1.0,1.0,0.0,0.0,0.0,0.0,0.0,2.0,2.0,1.0,1.0,0.0,0.0,0.0,0.0,0.0,3.0,3.0,37.0,28.0,4.0,34.0,9.0,0.0,0.0,28.0,29.0,3.0,23.0,5.0,1.0,1.0,Sunday,993005456.0,34,30,19203.0,-6.0,0,-1.0,0.4,0.0,,-0.0534398625722274,0.3974358974358974,0.0283603205853909,-0.4966719012408772,0.0115924280060947,0.4712643678160919,0.0128878156665594,-0.2375035617863798,15.7,27.0,-11.3,258.6666666666667,359.3333333333333,-0.333,0.304,0.0,143.0,273.0,1.0,-0.0980081956769165,0.4030725022104333,-0.05875267831201,-0.2721457323829384,0.1022728322943294,0.4992189319731591,0.1596859546389872,0.0477277455371188,-0.1281438470226761,0.0802145597118006,202511234.0,2025-11-23T13:00:00,1,2025,12,SEA,TEN,AWAY,30.0,24.0,54.0,Nissan Stadium,3.0,13.0,14.0,0.0,0.0,37.0,49.0,22:35,26.0,9.0,15.0,2.0,79.0,414.0,5.2,1.0,35.0,135.0,3.9,1.0,44.0,29.0,279.0,0.0,4.0,6.3,9.6,65.9,45.55,16.0,7.0,43.8,1.0,1.0,100.0,4.0,1.0,0.0,0.0,6.0,47.0,1.0,0.0,0.0,0.0,3.0,3.0,2.0,103.0,51.5,4.0,1.0,-3.0,3.0,0.0,14.0,7.0,0.0,22.0,11.0,37:25,12.0,5.0,6.0,1.0,50.0,249.0,5.0,3.0,22.0,119.0,5.4,1.0,28.0,15.0,130.0,2.0,0.0,4.6,8.7,53.6,89.88,11.0,2.0,18.2,3.0,2.0,66.7,4.0,3.0,0.0,0.0,6.0,43.0,1.0,1.0,0.0,0.0,3.0,0.0,6.0,253.0,42.2,1.0,4.0,3.0,25.0,0.0,75.0,0.0,1.0,1.0,0.0,0.0,0.0,0.0,0.0,5.0,4.0,3.0,3.0,0.0,0.0,0.0,0.0,0.0,0.0,0.0,24.0,21.0,0.0,0.0,4.0,1.0,1.0,50.0,24.0,0.0,0.0,8.0,1.0,0.0,Sunday,993005455.0,30,34,19205.0,6.0,1,-3.0,0.438,0.0,,-0.1411444914452623,0.4948453608247423,-0.2527732757134137,-0.1061506373201458,-0.2024546046671954,0.4117647058823529,-0.3379342173429904,-0.0187992386357939,33.7,19.0,14.7,401.3333333333333,291.3333333333333,-1.0,0.558,0.8,294.0,193.0,7.0,0.1023234654358565,0.549158979924037,0.3542478324827335,-0.0588286620564506,-0.1647577786731646,0.4380646723046048,-0.2101576582408483,-0.0916124515786468,0.0333596429814476,-0.168829350205858,-26.0,3.3999999999999986,-0.8,0.8,-142.66666666666663,660.0,68.0,650.6666666666666,-151.0,437.0,80.0,466.0,-6.0,8.0,-0.200331661112773,0.26703061096749403
202511201.0,2025-11-23T16:05:00,1,2025,12,ARI,JAX,HOME,24.0,27.0,51.0,State Farm Stadium,7.0,7.0,0.0,10.0,0.0,34.0,15.0,37:26,24.0,5.0,18.0,1.0,71.0,488.0,6.9,3.0,14.0,36.0,2.6,1.0,57.0,47.0,452.0,2.0,2.0,7.9,9.6,82.5,96.78,14.0,6.0,42.9,0.0,0.0,0.0,5.0,3.0,0.0,0.0,17.0,130.0,1.0,1.0,0.0,0.0,3.0,3.0,3.0,122.0,40.7,3.0,0.0,-3.0,7.0,3.0,7.0,7.0,3.0,25.0,45.0,28:33,24.0,8.0,13.0,3.0,52.0,281.0,5.4,5.0,25.0,95.0,3.8,2.0,26.0,19.0,186.0,3.0,0.0,7.2,9.8,73.1,131.25,9.0,3.0,33.3,0.0,0.0,0.0,5.0,4.0,0.0,0.0,1.0,15.0,0.0,0.0,1.0,14.0,4.0,3.0,3.0,139.0,46.3,0.0,3.0,3.0,60.0,0.0,80.0,0.0,1.0,1.0,0.0,3.0,0.0,0.0,0.0,2.0,1.0,4.0,2.0,1.0,1.0,0.0,0.0,0.0,3.0,3.0,22.0,31.0,1.0,14.0,4.0,0.0,0.0,37.0,47.0,0.0,0.0,4.0,1.0,1.0,Sunday,993005462.0,1,15,19204.0,-3.0,0,-3.0,0.429,0.0,,-0.0674839063136441,0.4639175257731959,0.0669873425498096,-0.313975965010615,0.2497392914543187,0.5616438356164384,0.3019548614983687,0.0416710113138172,23.7,34.0,-10.3,387.6666666666667,328.6666666666667,0.333,0.447,0.2,224.0,256.0,3.0,-0.0689743994803768,0.459564171939001,0.0307435063163577,-0.1959382008034383,0.0806347470161714,0.5255918048546023,0.1647183622325713,0.0351433821197402,-0.0100558755042267,0.1066094484409932,202511201.0,2025-11-23T16:05:00,1,2025,12,JAX,ARI,AWAY,27.0,24.0,51.0,State Farm Stadium,7.0,3.0,7.0,7.0,3.0,37.0,55.0,28:33,30.0,16.0,11.0,3.0,69.0,345.0,5.0,5.0,47.0,192.0,4.1,4.0,22.0,14.0,153.0,1.0,1.0,7.0,10.9,63.6,80.3,10.0,5.0,50.0,5.0,3.0,60.0,6.0,5.0,0.0,0.0,1.0,5.0,0.0,0.0,0.0,0.0,6.0,5.0,0.0,0.0,0.0,1.0,1.0,0.0,7.0,7.0,0.0,10.0,0.0,22.0,5.0,37:26,8.0,3.0,4.0,1.0,45.0,135.0,3.0,0.0,16.0,42.0,2.6,0.0,26.0,13.0,93.0,0.0,1.0,3.6,7.2,50.0,42.63,12.0,3.0,25.0,3.0,1.0,33.3,1.0,0.0,0.0,0.0,5.0,71.0,0.0,0.0,3.0,25.0,2.0,2.0,4.0,195.0,48.8,1.0,1.0,0.0,83.3,0.0,0.0,0.0,5.0,5.0,0.0,0.0,0.0,0.0,0.0,0.0,0.0,0.0,0.0,0.0,0.0,0.0,0.0,0.0,2.0,2.0,20.0,24.0,3.0,25.0,7.0,0.0,0.0,41.0,31.0,0.0,7.0,3.0,0.0,0.0,Sunday,993005461.0,15,1,19199.0,3.0,1,0.0,0.5,0.0,,0.1433065610328746,0.575,0.2125815726165176,0.0931566797960032,-0.3196001316379702,0.4098360655737705,-0.5786892391130626,-0.1796076839539007,31.3,23.7,7.7,308.3333333333333,292.6666666666667,0.0,0.475,0.4,240.0,226.0,6.0,0.0720742931167118,0.5260606253447032,-0.020751270028304,0.078432599668027,-0.0597866293354712,0.49314437839028,-0.052081733206097,-0.1043194652192967,0.0029276659048877,0.0216927199125243,-18.0,-2.6000000000000005,-0.2,0.6000000000000001,79.33333333333337,696.0,36.0,621.3333333333334,-16.0,464.0,30.0,482.0,-3.0,9.0,-0.1410486925970886,0.1404213763516426
202511225.0,2025-11-23T16:05:00,1,2025,12,LV,CLE,HOME,10.0,24.0,34.0,Allegiant Stadium,0.0,3.0,0.0,7.0,0.0,26.0,24.0,36:26,17.0,4.0,12.0,1.0,58.0,236.0,4.1,1.0,12.0,27.0,2.2,0.0,42.0,27.0,209.0,1.0,1.0,5.0,7.7,64.3,74.4,12.0,3.0,25.0,3.0,2.0,66.7,3.0,1.0,0.0,0.0,6.0,40.0,0.0,0.0,4.0,29.0,4.0,2.0,3.0,160.0,53.3,1.0,1.0,0.0,14.0,0.0,0.0,10.0,0.0,33.0,36.0,23:34,24.0,7.0,16.0,1.0,65.0,381.0,5.9,4.0,31.0,114.0,3.7,0.0,33.0,25.0,267.0,4.0,0.0,8.1,10.7,75.8,138.51,10.0,4.0,40.0,3.0,1.0,33.3,5.0,3.0,0.0,0.0,6.0,50.0,1.0,1.0,1.0,1.0,11.0,8.0,2.0,93.0,46.5,1.0,1.0,0.0,33.3,0.0,60.0,0.0,1.0,1.0,0.0,0.0,0.0,0.0,0.0,3.0,3.0,4.0,4.0,0.0,0.0,0.0,0.0,0.0,1.0,1.0,27.0,44.0,1.0,1.0,3.0,1.0,1.0,33.0,18.0,4.0,29.0,8.0,0.0,0.0,Sunday,993005464.0,25,8,19209.0,-14.0,0,0.0,0.25,0.0,,-0.140106914557004,0.4675324675324675,-0.2097329858554059,-0.1273490747698815,0.1187323605367286,0.573170731707317,0.3103393233142085,-0.0151268688603994,17.3,24.3,-7.0,251.66666666666663,322.6666666666667,0.333,0.406,0.2,155.0,253.0,2.0,-0.1162717581404406,0.4607614607614607,-0.1352788316919717,-0.1788655545150037,-0.0218432322362285,0.4928456144196652,-0.0711347298123868,0.0647522151119178,-0.1513746211780568,-0.0173741681830644,202511225.0,2025-11-23T16:05:00,1,2025,12,CLE,LV,AWAY,24.0,10.0,34.0,Allegiant Stadium,14.0,0.0,0.0,10.0,0.0,27.0,1.0,23:34,10.0,5.0,4.0,1.0,54.0,187.0,3.5,1.0,25.0,106.0,4.2,0.0,26.0,11.0,81.0,0.0,1.0,3.1,7.4,42.3,34.29,14.0,2.0,14.3,1.0,0.0,0.0,2.0,0.0,0.0,0.0,5.0,41.0,1.0,0.0,3.0,34.0,7.0,10.0,6.0,299.0,49.8,1.0,3.0,2.0,0.0,3.0,0.0,7.0,0.0,32.0,59.0,36:26,17.0,8.0,9.0,0.0,60.0,351.0,5.8,2.0,30.0,184.0,6.1,2.0,25.0,14.0,167.0,0.0,2.0,6.7,11.9,56.0,43.25,13.0,5.0,38.5,1.0,1.0,100.0,4.0,1.0,0.0,0.0,4.0,26.0,1.0,1.0,5.0,26.0,10.0,6.0,4.0,176.0,44.0,3.0,1.0,-2.0,0.0,0.0,25.0,0.0,1.0,1.0,0.0,0.0,0.0,0.0,0.0,3.0,3.0,2.0,2.0,0.0,0.0,0.0,0.0,0.0,3.0,3.0,36.0,19.0,5.0,26.0,3.0,0.0,1.0,28.0,24.0,3.0,34.0,9.0,1.0,0.0,Sunday,993005463.0,8,25,19206.0,14.0,1,2.0,0.143,0.0,,-0.1844482728049216,0.410958904109589,-0.5383582762179181,-0.287107063171393,-0.0558715326865393,0.4556962025316455,-0.3822337586522553,0.1982369269190476,16.3,27.3,-11.0,226.0,314.0,1.0,0.233,0.2,162.0,234.0,2.0,-0.1982816392848382,0.3702987752956035,-0.3321107157832832,-0.1025213120698453,-0.0355648311968696,0.4439503807064737,-0.157764725982461,-0.0486665184535766,-0.1459484518033593,-0.081644898787774,4.0,-18.0,0.0,0.4,25.66666666666663,477.66666666666663,8.666666666666686,636.6666666666667,-7.0,317.0,19.0,487.0,0.0,4.0,0.08200988114439758,0.013721598960641103
202511209.0,2025-11-23T16:25:00,1,2025,12,DAL,PHI,HOME,24.0,21.0,45.0,AT&T Stadium,0.0,7.0,7.0,10.0,0.0,33.0,36.0,29:02,24.0,7.0,16.0,1.0,65.0,381.0,5.9,4.0,31.0,114.0,3.7,0.0,33.0,25.0,267.0,4.0,0.0,8.1,10.7,75.8,138.51,10.0,4.0,40.0,3.0,1.0,33.3,5.0,3.0,0.0,0.0,6.0,50.0,1.0,1.0,1.0,1.0,11.0,8.0,2.0,93.0,46.5,1.0,1.0,0.0,14.0,7.0,0.0,0.0,0.0,26.0,24.0,30:58,17.0,4.0,12.0,1.0,58.0,236.0,4.1,1.0,12.0,27.0,2.2,0.0,42.0,27.0,209.0,1.0,1.0,5.0,7.7,64.3,74.4,12.0,3.0,25.0,3.0,2.0,66.7,3.0,1.0,0.0,0.0,6.0,40.0,0.0,0.0,4.0,29.0,4.0,2.0,3.0,160.0,53.3,1.0,1.0,0.0,60.0,0.0,33.3,0.0,4.0,4.0,0.0,0.0,0.0,0.0,0.0,1.0,1.0,1.0,1.0,0.0,0.0,0.0,0.0,0.0,3.0,3.0,33.0,18.0,4.0,29.0,8.0,0.0,0.0,27.0,44.0,1.0,1.0,3.0,1.0,1.0,Sunday,993005466.0,9,26,19209.0,3.0,1,0.0,0.4,0.0,,0.1187323605367286,0.573170731707317,0.3103393233142085,-0.0151268688603994,-0.140106914557004,0.4675324675324675,-0.2097329858554059,-0.1273490747698815,24.7,29.0,-4.3,351.0,334.0,-1.333,0.393,0.4,296.0,293.0,4.0,0.0199094727096923,0.5296207403563398,0.0679635268715461,0.0267056685018195,0.0827682250726778,0.5254231365342477,0.174139570597988,0.019826708465885,0.085751398330022,0.059419296649589,202511209.0,2025-11-23T16:25:00,1,2025,12,PHI,DAL,AWAY,21.0,24.0,45.0,AT&T Stadium,14.0,7.0,0.0,0.0,0.0,35.0,48.0,30:58,16.0,7.0,6.0,3.0,69.0,272.0,3.9,1.0,40.0,148.0,3.7,1.0,28.0,14.0,124.0,0.0,0.0,4.4,8.9,50.0,62.2,15.0,4.0,26.7,1.0,0.0,0.0,3.0,1.0,0.0,0.0,9.0,78.0,2.0,0.0,1.0,11.0,7.0,3.0,7.0,289.0,41.3,0.0,1.0,1.0,0.0,7.0,7.0,10.0,0.0,24.0,12.0,29:02,13.0,3.0,10.0,0.0,60.0,317.0,5.3,1.0,21.0,74.0,3.5,0.0,37.0,14.0,243.0,1.0,1.0,6.6,17.4,37.8,58.73,13.0,3.0,23.1,5.0,0.0,0.0,1.0,0.0,0.0,0.0,5.0,48.0,0.0,0.0,2.0,12.0,2.0,4.0,4.0,169.0,42.2,1.0,0.0,-1.0,33.3,0.0,0.0,0.0,1.0,1.0,0.0,0.0,0.0,0.0,0.0,3.0,3.0,1.0,0.0,0.0,0.0,0.0,0.0,0.0,1.0,1.0,26.0,18.0,2.0,12.0,10.0,0.0,0.0,38.0,28.0,1.0,11.0,3.0,0.0,0.0,Sunday,993005465.0,26,9,19208.0,-3.0,0,1.0,0.267,0.0,,-0.1483852143227583,0.4239130434782608,-0.2346431293284727,-0.1512439266213757,-0.295153581115462,0.3472222222222222,-0.3657237643507866,-0.4690940110827796,21.3,12.0,9.3,331.0,274.6666666666667,0.667,0.318,0.8,234.0,201.0,8.0,0.0224208313647384,0.450439656961396,0.1715793724273574,-0.0203243149885079,-0.1183015122856261,0.4036617628081043,-0.1277469629066931,-0.2287280037830401,0.0198913451346332,-0.040236471208802,-13.600000000000001,5.000000000000001,-0.4,1.2000000000000002,20.0,682.0,59.333333333333314,608.6666666666667,62.0,530.0,92.0,494.0,-4.0,12.0,-0.0025113586550461024,0.2010697373583039
202511222.0,2025-11-23T16:25:00,1,2025,12,NO,ATL,HOME,10.0,24.0,34.0,Caesars Superdome,0.0,7.0,0.0,3.0,0.0,33.0,21.0,32:51,17.0,8.0,9.0,0.0,67.0,388.0,5.8,2.0,37.0,122.0,3.3,0.0,28.0,19.0,266.0,2.0,0.0,9.5,14.0,67.9,122.02,17.0,8.0,47.1,3.0,2.0,66.7,2.0,0.0,0.0,0.0,6.0,60.0,1.0,1.0,2.0,16.0,3.0,4.0,4.0,177.0,44.2,1.0,2.0,1.0,3.0,13.0,0.0,8.0,0.0,26.0,39.0,27:09,13.0,5.0,6.0,2.0,50.0,175.0,3.5,1.0,23.0,73.0,3.2,1.0,25.0,17.0,102.0,0.0,1.0,4.1,6.0,68.0,59.08,9.0,3.0,33.3,1.0,0.0,0.0,2.0,1.0,0.0,0.0,1.0,5.0,1.0,1.0,2.0,22.0,5.0,6.0,4.0,204.0,51.0,2.0,1.0,-1.0,0.0,0.0,50.0,0.0,2.0,2.0,0.0,0.0,0.0,0.0,0.0,1.0,1.0,1.0,1.0,0.0,0.0,0.0,0.0,0.0,1.0,0.0,25.0,29.0,2.0,22.0,4.0,0.0,1.0,39.0,31.0,2.0,16.0,1.0,0.0,1.0,Sunday,993005468.0,22,2,19185.0,-14.0,0,1.0,0.471,0.0,,0.0522874476726562,0.4,0.3068806326431793,-0.0162291660901356,-0.1488481199223686,0.46875,-0.2143314573194112,-0.4118823710925188,10.0,21.3,-11.3,295.6666666666667,275.0,-1.333,0.398,0.2,155.0,250.0,2.0,-0.1855821462395283,0.3985475671750181,-0.072073325222398,-0.3684553019268858,-0.0177382798105412,0.4539188296082672,0.0432255355739536,-0.1467530748540508,-0.1562958434427196,0.0058554844643339,202511222.0,2025-11-23T16:25:00,1,2025,12,ATL,NO,AWAY,24.0,10.0,34.0,Caesars Superdome,3.0,13.0,0.0,8.0,0.0,27.0,43.0,27:09,23.0,8.0,11.0,4.0,58.0,348.0,6.0,3.0,28.0,125.0,4.5,3.0,30.0,19.0,223.0,0.0,0.0,7.4,11.7,63.3,85.83,11.0,4.0,36.4,0.0,0.0,0.0,3.0,3.0,0.0,0.0,6.0,44.0,3.0,1.0,0.0,0.0,10.0,6.0,5.0,255.0,51.0,1.0,0.0,-1.0,0.0,7.0,0.0,3.0,0.0,37.0,7.0,32:51,22.0,2.0,20.0,0.0,75.0,486.0,6.5,3.0,25.0,67.0,2.7,0.0,45.0,31.0,419.0,3.0,0.0,9.3,13.5,68.9,120.51,17.0,6.0,35.3,5.0,3.0,60.0,6.0,2.0,0.0,0.0,8.0,49.0,0.0,0.0,5.0,29.0,1.0,2.0,3.0,140.0,46.7,0.0,1.0,1.0,100.0,0.0,33.3,0.0,3.0,3.0,0.0,0.0,0.0,0.0,0.0,2.0,2.0,1.0,1.0,0.0,3.0,1.0,0.0,0.0,3.0,3.0,49.0,14.0,5.0,29.0,7.0,0.0,0.0,23.0,43.0,0.0,0.0,5.0,1.0,1.0,Sunday,993005467.0,2,22,19197.0,14.0,1,-1.0,0.364,0.0,,0.0431796404165215,0.5287356321839081,0.2765599108739406,-0.1243297580799516,0.1040325814869902,0.4468085106382978,0.281022298596374,-0.2793692525933594,25.0,28.3,-3.3,308.6666666666667,445.3333333333333,0.667,0.155,0.0,195.0,239.0,3.0,0.0230705262872894,0.4890305988558232,0.0884842987881783,-0.0347286416042882,0.0768856120402925,0.4806867241855421,0.0976374124547838,0.0207942420495389,-0.0477414616706294,0.0900055993227288,-8.0,-14.600000000000001,0.2,0.2,-13.0,604.3333333333334,-170.33333333333331,720.3333333333333,-40.0,350.0,11.0,489.0,-1.0,5.0,-0.20865267252681768,-0.0946238918508337
202511232.0,2025-11-23T20:20:00,1,2025,12,LAR,TB,HOME,34.0,7.0,41.0,SoFi Stadium,14.0,17.0,0.0,3.0,0.0,22.0,11.0,28:12,12.0,5.0,6.0,1.0,50.0,249.0,5.0,3.0,22.0,119.0,5.4,1.0,28.0,15.0,130.0,2.0,0.0,4.6,8.7,53.6,89.88,11.0,2.0,18.2,3.0,2.0,66.7,4.0,3.0,0.0,0.0,6.0,43.0,1.0,1.0,0.0,0.0,3.0,0.0,6.0,253.0,42.2,1.0,4.0,3.0,0.0,7.0,0.0,0.0,0.0,37.0,49.0,31:48,26.0,9.0,15.0,2.0,79.0,414.0,5.2,1.0,35.0,135.0,3.9,1.0,44.0,29.0,279.0,0.0,4.0,6.3,9.6,65.9,45.55,16.0,7.0,43.8,1.0,1.0,100.0,4.0,1.0,0.0,0.0,6.0,47.0,1.0,0.0,0.0,0.0,3.0,3.0,2.0,103.0,51.5,4.0,1.0,-3.0,75.0,0.0,25.0,0.0,3.0,3.0,0.0,0.0,0.0,0.0,0.0,0.0,0.0,1.0,1.0,0.0,0.0,0.0,0.0,0.0,5.0,4.0,50.0,24.0,0.0,0.0,8.0,1.0,0.0,24.0,21.0,0.0,0.0,4.0,1.0,1.0,Sunday,993005470.0,32,33,19205.0,27.0,1,3.0,0.182,0.0,,-0.2024546046671954,0.4117647058823529,-0.3379342173429904,-0.0187992386357939,-0.1411444914452623,0.4948453608247423,-0.2527732757134137,-0.1061506373201458,32.3,18.3,14.0,362.6666666666667,343.6666666666667,2.333,0.412,1.0,272.0,172.0,8.0,0.1018454865765489,0.5304879846675513,0.227756244383452,0.118522365836537,-0.0811207621816065,0.4930586150517422,0.0037464872912127,-0.3826632365245521,0.0937022495334275,-0.1241638378197377,202511232.0,2025-11-23T20:20:00,1,2025,12,TB,LAR,AWAY,7.0,34.0,41.0,SoFi Stadium,0.0,7.0,0.0,0.0,0.0,35.0,7.0,31:48,21.0,13.0,6.0,2.0,68.0,367.0,5.4,4.0,39.0,202.0,5.2,3.0,28.0,16.0,165.0,1.0,1.0,5.9,10.3,57.1,71.28,16.0,9.0,56.2,1.0,1.0,100.0,4.0,2.0,0.0,0.0,2.0,30.0,1.0,1.0,1.0,8.0,1.0,3.0,4.0,161.0,40.2,2.0,3.0,1.0,14.0,17.0,0.0,3.0,0.0,24.0,53.0,28:12,19.0,4.0,13.0,2.0,53.0,414.0,7.8,6.0,23.0,97.0,4.2,3.0,30.0,19.0,317.0,3.0,2.0,10.6,16.7,63.3,104.44,11.0,6.0,54.5,2.0,1.0,50.0,4.0,3.0,0.0,0.0,7.0,45.0,2.0,1.0,0.0,0.0,3.0,3.0,2.0,83.0,41.5,3.0,2.0,-1.0,50.0,0.0,75.0,0.0,2.0,2.0,0.0,3.0,0.0,0.0,0.0,2.0,2.0,5.0,5.0,0.0,2.0,0.0,0.0,0.0,1.0,1.0,26.0,17.0,0.0,0.0,6.0,2.0,1.0,35.0,34.0,1.0,8.0,6.0,1.0,1.0,Sunday,993005469.0,33,32,19198.0,-27.0,0,1.0,0.562,0.0,,0.1434404063829534,0.5,-0.0385305271154054,0.1837256435434991,0.3199538150079087,0.5416666666666666,0.3957517834981036,0.0881807760784535,26.0,25.0,1.0,316.6666666666667,374.6666666666667,1.667,0.393,0.4,252.0,250.0,6.0,0.042730540581603,0.4579371474617244,-0.0230985832164083,0.008398845031465,0.0224459035040552,0.4484954587895764,0.008150595445302,0.0384211477825067,-0.0016577888575309,-0.0017857370504338,13.0,15.0,0.6,1.4,46.0,679.3333333333334,-31.0,718.3333333333334,20.0,524.0,-78.0,422.0,2.0,14.0,0.059114945994945906,-0.10356666568566171
202511231.0,2025-11-24T20:15:00,1,2025,12,SF,CAR,HOME,20.0,9.0,29.0,Levi's Stadium,7.0,3.0,7.0,3.0,0.0,25.0,45.0,37:42,24.0,8.0,13.0,3.0,52.0,281.0,5.4,5.0,25.0,95.0,3.8,2.0,26.0,19.0,186.0,3.0,0.0,7.2,9.8,73.1,131.25,9.0,3.0,33.3,0.0,0.0,0.0,5.0,4.0,0.0,0.0,1.0,15.0,0.0,0.0,1.0,14.0,4.0,3.0,3.0,139.0,46.3,0.0,3.0,3.0,0.0,3.0,6.0,0.0,0.0,34.0,15.0,22:18,24.0,5.0,18.0,1.0,71.0,488.0,6.9,3.0,14.0,36.0,2.6,1.0,57.0,47.0,452.0,2.0,2.0,7.9,9.6,82.5,96.78,14.0,6.0,42.9,0.0,0.0,0.0,5.0,3.0,0.0,0.0,17.0,130.0,1.0,1.0,0.0,0.0,3.0,3.0,3.0,122.0,40.7,3.0,0.0,-3.0,80.0,0.0,60.0,0.0,4.0,2.0,1.0,1.0,0.0,0.0,0.0,3.0,3.0,1.0,1.0,0.0,3.0,0.0,0.0,0.0,2.0,1.0,37.0,47.0,0.0,0.0,4.0,1.0,1.0,22.0,31.0,1.0,14.0,4.0,0.0,0.0,Monday,993005472.0,31,5,19204.0,11.0,1,3.0,0.333,0.0,,0.2497392914543187,0.5616438356164384,0.3019548614983687,0.0416710113138172,-0.0674839063136441,0.4639175257731959,0.0669873425498096,-0.313975965010615,33.7,29.3,4.3,351.3333333333333,395.0,0.0,0.418,0.6,261.0,252.0,7.0,0.2137405072568506,0.5583840927977245,0.3346719204932613,0.0195630183885654,0.1253594461888198,0.550743071361628,0.2866343964843256,-0.0025119438218877,0.1442397614473898,0.0976350533194533,202511231.0,2025-11-24T20:15:00,1,2025,12,CAR,SF,AWAY,9.0,20.0,29.0,Levi's Stadium,0.0,3.0,6.0,0.0,0.0,37.0,7.0,22:18,22.0,2.0,20.0,0.0,75.0,486.0,6.5,3.0,25.0,67.0,2.7,0.0,45.0,31.0,419.0,3.0,0.0,9.3,13.5,68.9,120.51,17.0,6.0,35.3,5.0,3.0,60.0,6.0,2.0,0.0,0.0,8.0,49.0,0.0,0.0,5.0,29.0,1.0,2.0,3.0,140.0,46.7,0.0,1.0,1.0,7.0,3.0,7.0,3.0,0.0,27.0,43.0,37:42,23.0,8.0,11.0,4.0,58.0,348.0,6.0,3.0,28.0,125.0,4.5,3.0,30.0,19.0,223.0,0.0,0.0,7.4,11.7,63.3,85.83,11.0,4.0,36.4,0.0,0.0,0.0,3.0,3.0,0.0,0.0,6.0,44.0,3.0,1.0,0.0,0.0,10.0,6.0,5.0,255.0,51.0,1.0,0.0,-1.0,33.3,0.0,100.0,0.0,1.0,1.0,0.0,3.0,1.0,0.0,0.0,3.0,3.0,3.0,3.0,0.0,0.0,0.0,0.0,0.0,2.0,2.0,23.0,43.0,0.0,0.0,5.0,1.0,1.0,49.0,14.0,5.0,29.0,7.0,0.0,0.0,Monday,993005471.0,5,31,19197.0,-11.0,0,1.0,0.353,0.0,,0.1040325814869902,0.4468085106382978,0.281022298596374,-0.2793692525933594,0.0431796404165215,0.5287356321839081,0.2765599108739406,-0.1243297580799516,17.7,19.0,-1.3,308.6666666666667,368.3333333333333,0.333,0.362,0.6,207.0,249.0,6.0,0.0071871650920643,0.469505419039057,0.0568231865854687,-0.1998307355262349,0.0316717416891336,0.4784674329501916,0.2462345537337852,-0.1116855396392003,-0.0491068247042033,0.0364720417018804,5.6,3.0,0.0,1.2,42.66666666666663,660.0,26.666666666666686,763.3333333333333,54.0,468.0,3.0,501.0,1.0,13.0,0.2065533421647863,0.0936877044996862
202511311.0,2025-11-27T13:00:00,1,2025,13,DET,GB,HOME,24.0,31.0,55.0,Ford Field,0.0,14.0,7.0,3.0,0.0,28.0,30.0,31:06,23.0,9.0,13.0,1.0,65.0,494.0,7.6,4.0,20.0,237.0,11.8,2.0,42.0,28.0,257.0,2.0,1.0,6.1,9.2,66.7,89.09,12.0,5.0,41.7,0.0,0.0,0.0,4.0,2.0,0.0,0.0,9.0,81.0,0.0,0.0,3.0,22.0,7.0,4.0,5.0,200.0,40.0,1.0,1.0,0.0,3.0,14.0,14.0,0.0,0.0,37.0,11.0,28:54,25.0,6.0,16.0,3.0,77.0,517.0,6.7,3.0,39.0,122.0,3.1,0.0,37.0,19.0,395.0,3.0,1.0,10.7,20.8,51.4,105.12,16.0,8.0,50.0,3.0,1.0,33.3,3.0,1.0,0.0,0.0,7.0,59.0,1.0,0.0,1.0,4.0,7.0,6.0,3.0,120.0,40.0,1.0,1.0,0.0,50.0,0.0,33.3,0.0,4.0,4.0,0.0,0.0,0.0,0.0,0.0,2.0,2.0,3.0,3.0,0.0,0.0,0.0,0.0,0.0,2.0,2.0,38.0,36.0,1.0,4.0,6.0,1.0,0.0,36.0,24.0,3.0,22.0,4.0,0.0,0.0,Thursday,993005474.0,11,12,19214.0,-7.0,0,0.0,0.417,0.0,,0.1558376370519347,0.5393258426966292,-0.1229354768921679,0.7625936944899704,0.1114500726434789,0.4183673469387755,0.4903384368735107,-0.2452772452433189,29.0,21.7,7.3,452.3333333333333,359.0,-0.333,0.382,0.6,326.0,243.0,7.0,0.1031040995196792,0.5003352987480508,0.0643279508994484,0.1924719458068576,0.0389373625933876,0.4360112716915235,0.2319292870419619,-0.1764079588917812,0.0310190690573513,-0.0323823717064803,202511311.0,2025-11-27T13:00:00,1,2025,13,GB,DET,AWAY,31.0,24.0,55.0,Ford Field,3.0,14.0,14.0,0.0,0.0,37.0,15.0,28:54,22.0,13.0,8.0,1.0,65.0,288.0,4.4,2.0,42.0,146.0,3.5,2.0,22.0,15.0,142.0,0.0,0.0,6.5,9.5,68.2,85.8,14.0,7.0,50.0,0.0,0.0,0.0,4.0,2.0,0.0,0.0,2.0,10.0,0.0,0.0,1.0,4.0,10.0,7.0,4.0,190.0,47.5,0.0,3.0,3.0,0.0,14.0,7.0,3.0,0.0,22.0,45.0,31:06,10.0,7.0,3.0,0.0,44.0,145.0,3.3,0.0,20.0,93.0,4.6,0.0,19.0,12.0,52.0,0.0,2.0,2.7,4.3,63.2,27.63,9.0,2.0,22.2,1.0,0.0,0.0,1.0,0.0,0.0,0.0,2.0,29.0,2.0,1.0,5.0,35.0,5.0,5.0,4.0,222.0,55.5,3.0,0.0,-3.0,50.0,0.0,0.0,0.0,2.0,2.0,0.0,0.0,0.0,0.0,0.0,3.0,3.0,0.0,0.0,0.0,0.0,0.0,0.0,0.0,2.0,2.0,27.0,18.0,5.0,35.0,4.0,0.0,1.0,35.0,36.0,1.0,4.0,4.0,0.0,0.0,Thursday,993005473.0,12,11,19215.0,7.0,1,3.0,0.5,0.0,,0.0983891360933253,0.5061728395061729,0.3458494829172365,-0.1313922180590995,-0.2065674949031933,0.4655172413793103,-0.6355873003402664,-0.1580547815875003,19.0,12.0,7.0,281.6666666666667,258.3333333333333,1.333,0.507,0.6,263.0,202.0,7.0,0.0785395966262891,0.4565052458803455,0.2149744879473324,-0.0254383765476088,-0.0596794185462557,0.4285108400727062,-0.0434569997006231,-0.1621956150919418,0.081285926449991,-0.0191649608369326,0.2999999999999998,14.3,0.0,1.2,170.66666666666663,734.0,100.66666666666669,617.3333333333333,63.0,589.0,41.0,445.0,0.0,14.0,0.0245645028933901,0.0986167811396433
202511309.0,2025-11-27T16:30:00,1,2025,13,DAL,KC,HOME,31.0,28.0,59.0,AT&T Stadium,7.0,10.0,3.0,11.0,0.0,29.0,2.0,30:54,25.0,6.0,16.0,3.0,68.0,473.0,7.0,3.0,31.0,125.0,4.0,1.0,36.0,23.0,348.0,2.0,1.0,9.7,15.1,63.9,102.55,12.0,5.0,41.7,2.0,0.0,0.0,5.0,3.0,0.0,0.0,8.0,69.0,2.0,1.0,1.0,6.0,6.0,2.0,3.0,168.0,56.0,2.0,2.0,0.0,14.0,0.0,0.0,14.0,0.0,30.0,58.0,29:06,19.0,4.0,14.0,1.0,58.0,339.0,5.8,3.0,18.0,63.0,3.5,2.0,39.0,27.0,276.0,1.0,0.0,7.1,10.2,69.2,97.81,12.0,5.0,41.7,0.0,0.0,0.0,3.0,3.0,0.0,0.0,14.0,96.0,2.0,2.0,1.0,13.0,6.0,2.0,5.0,250.0,50.0,2.0,2.0,0.0,60.0,0.0,100.0,0.0,3.0,3.0,0.0,0.0,0.0,0.0,0.0,2.0,1.0,3.0,3.0,0.0,0.0,0.0,0.0,0.0,1.0,0.0,33.0,16.0,1.0,13.0,3.0,2.0,2.0,34.0,30.0,1.0,6.0,4.0,1.0,1.0,Thursday,993005476.0,9,16,19220.0,3.0,1,0.0,0.417,0.0,,0.0187475262460815,0.4777777777777778,0.1151522445854027,-0.2648855864569598,0.0167210844858851,0.4337349397590361,0.0493634380151629,-0.132528050125984,24.7,21.3,3.3,395.6666666666667,305.0,-1.0,0.411,0.6,320.0,314.0,5.0,0.005005154358998,0.5044828364950317,0.0650366823100876,-0.0614724349889403,-0.0232441294937011,0.4691467489325588,0.0182215186063221,-0.0886311414930933,0.054187445975127,0.0318580669282482,202511309.0,2025-11-27T16:30:00,1,2025,13,KC,DAL,AWAY,28.0,31.0,59.0,AT&T Stadium,14.0,0.0,0.0,14.0,0.0,42.0,35.0,29:06,33.0,13.0,15.0,5.0,91.0,494.0,5.4,1.0,41.0,148.0,3.6,1.0,46.0,29.0,346.0,0.0,1.0,7.5,11.9,63.0,76.9,16.0,7.0,43.8,2.0,2.0,100.0,6.0,1.0,0.0,0.0,7.0,57.0,1.0,1.0,4.0,6.0,6.0,4.0,3.0,147.0,49.0,2.0,0.0,-2.0,7.0,10.0,3.0,11.0,0.0,25.0,28.0,30:54,10.0,4.0,6.0,0.0,50.0,255.0,5.1,2.0,19.0,74.0,3.9,0.0,31.0,19.0,181.0,2.0,0.0,5.8,9.5,61.3,98.99,13.0,5.0,38.5,0.0,0.0,0.0,4.0,2.0,0.0,0.0,11.0,83.0,0.0,0.0,0.0,0.0,10.0,4.0,6.0,294.0,49.0,0.0,2.0,2.0,16.7,0.0,50.0,0.0,0.0,0.0,0.0,2.0,1.0,0.0,0.0,5.0,5.0,2.0,2.0,0.0,0.0,0.0,0.0,0.0,2.0,2.0,29.0,16.0,0.0,0.0,6.0,0.0,0.0,51.0,38.0,4.0,6.0,5.0,1.0,1.0,Thursday,993005475.0,16,9,19216.0,-3.0,0,-2.0,0.438,0.0,,0.0150479060283252,0.4690265486725664,0.2255807407446181,-0.2785911599605182,0.0131014965433181,0.4428571428571428,0.0803979275983777,-0.230039865749859,21.0,23.3,-2.3,370.0,333.6666666666667,-1.333,0.351,0.6,277.0,201.0,6.0,0.0417993598914382,0.4732476570943929,0.1128021867431342,-0.0435328015522201,0.0780481008864174,0.5063209281212093,0.1811335783712776,-0.1055859563246892,0.1076215566683716,-0.0426689785350886,5.6,1.0,0.0,1.2,25.666666666666686,765.6666666666667,-28.666666666666686,638.6666666666667,43.0,597.0,113.0,515.0,-1.0,11.0,-0.0367942055324402,-0.10129223038011849
202511303.0,2025-11-27T20:20:00,1,2025,13,BAL,CIN,HOME,14.0,32.0,46.0,M&T Bank Stadium,7.0,0.0,7.0,0.0,0.0,31.0,47.0,21:14,16.0,6.0,7.0,3.0,58.0,241.0,4.2,2.0,34.0,98.0,2.9,2.0,23.0,13.0,143.0,0.0,0.0,6.2,11.0,56.5,75.09,11.0,2.0,18.2,2.0,2.0,100.0,5.0,2.0,0.0,0.0,5.0,30.0,1.0,0.0,1.0,10.0,7.0,4.0,4.0,246.0,61.5,0.0,2.0,2.0,3.0,9.0,14.0,6.0,0.0,28.0,13.0,38:46,15.0,5.0,10.0,0.0,57.0,282.0,4.9,1.0,26.0,78.0,3.0,0.0,28.0,17.0,204.0,1.0,1.0,7.3,12.0,60.7,80.06,11.0,4.0,36.4,2.0,0.0,0.0,2.0,1.0,0.0,0.0,6.0,81.0,1.0,1.0,3.0,18.0,1.0,2.0,4.0,152.0,38.0,2.0,0.0,-2.0,40.0,0.0,50.0,0.0,2.0,2.0,0.0,0.0,0.0,0.0,0.0,3.0,3.0,1.0,1.0,0.0,0.0,0.0,0.0,0.0,1.0,1.0,30.0,31.0,3.0,18.0,2.0,1.0,1.0,23.0,42.0,1.0,10.0,3.0,0.0,0.0,Thursday,993005478.0,3,7,19211.0,-18.0,0,2.0,0.182,0.0,,0.0863188475846034,0.4155844155844156,0.1985265916364511,-0.1017142692801606,-0.1071046258881694,0.3918918918918919,0.0553709276026459,-0.57233307040345,24.3,15.0,9.3,304.3333333333333,278.0,1.0,0.322,1.0,275.0,261.0,6.0,0.0014137992364572,0.4589661985480504,-0.049737877934987,0.0371190936173933,-0.1512315159805299,0.3970286967063759,-0.1954844631482677,-0.2913360718065801,0.0745243421781545,-0.121565870381185,202511303.0,2025-11-27T20:20:00,1,2025,13,CIN,BAL,AWAY,32.0,14.0,46.0,M&T Bank Stadium,3.0,9.0,14.0,6.0,0.0,26.0,46.0,38:46,20.0,8.0,10.0,2.0,62.0,307.0,5.0,2.0,23.0,120.0,5.2,0.0,38.0,20.0,187.0,1.0,1.0,4.9,9.4,52.6,64.25,13.0,3.0,23.1,3.0,2.0,66.7,1.0,1.0,0.0,0.0,6.0,65.0,0.0,0.0,1.0,10.0,3.0,3.0,5.0,227.0,45.4,1.0,1.0,0.0,7.0,0.0,7.0,0.0,0.0,33.0,14.0,21:14,21.0,7.0,12.0,2.0,67.0,392.0,5.9,2.0,31.0,107.0,3.5,0.0,35.0,22.0,285.0,1.0,1.0,8.1,13.0,62.9,86.01,13.0,5.0,38.5,1.0,0.0,0.0,2.0,0.0,0.0,0.0,4.0,52.0,0.0,0.0,1.0,9.0,6.0,1.0,2.0,98.0,49.0,1.0,1.0,0.0,100.0,0.0,0.0,0.0,2.0,2.0,0.0,0.0,0.0,0.0,0.0,2.0,2.0,2.0,2.0,0.0,0.0,0.0,0.0,0.0,4.0,4.0,31.0,43.0,1.0,9.0,5.0,0.0,0.0,28.0,27.0,1.0,10.0,5.0,0.0,0.0,Thursday,993005477.0,7,3,19213.0,18.0,1,0.0,0.231,0.0,,-0.0525401638986255,0.4880952380952381,-0.299451286329232,0.0271669177648921,0.0704081631678011,0.5119047619047619,0.2716761521757594,-0.3501787687628091,24.7,35.7,-11.0,366.3333333333333,437.0,-1.667,0.399,0.2,248.0,360.0,3.0,0.0241039849418074,0.4734537493158182,-0.1158027043068656,0.0139562638602824,0.175607836775256,0.5235760971055088,0.3584557090526744,0.0043879275815924,0.1081442870555456,0.207691148674409,20.3,-1.6999999999999993,0.8,1.2,-62.0,670.6666666666666,-159.0,715.0,27.0,523.0,-99.0,621.0,3.0,9.0,-0.0226901857053502,-0.3268393527557859
202511326.0,2025-11-28T15:00:00,1,2025,13,PHI,CHI,HOME,15.0,24.0,39.0,Lincoln Financial Field,0.0,3.0,6.0,6.0,0.0,30.0,58.0,20:42,19.0,4.0,14.0,1.0,58.0,339.0,5.8,3.0,18.0,63.0,3.5,2.0,39.0,27.0,276.0,1.0,0.0,7.1,10.2,69.2,97.81,12.0,5.0,41.7,0.0,0.0,0.0,3.0,3.0,0.0,0.0,14.0,96.0,2.0,2.0,1.0,13.0,6.0,2.0,5.0,250.0,50.0,2.0,2.0,0.0,7.0,3.0,0.0,14.0,0.0,29.0,2.0,39:18,25.0,6.0,16.0,3.0,68.0,473.0,7.0,3.0,31.0,125.0,4.0,1.0,36.0,23.0,348.0,2.0,1.0,9.7,15.1,63.9,102.55,12.0,5.0,41.7,2.0,0.0,0.0,5.0,3.0,0.0,0.0,8.0,69.0,2.0,1.0,1.0,6.0,6.0,2.0,3.0,168.0,56.0,2.0,2.0,0.0,100.0,0.0,60.0,0.0,3.0,3.0,0.0,0.0,0.0,0.0,0.0,1.0,0.0,3.0,3.0,0.0,0.0,0.0,0.0,0.0,2.0,1.0,34.0,30.0,1.0,6.0,4.0,1.0,1.0,33.0,16.0,1.0,13.0,3.0,2.0,2.0,Friday,993005480.0,26,6,19220.0,-9.0,0,0.0,0.417,0.0,,0.0167210844858851,0.4337349397590361,0.0493634380151629,-0.132528050125984,0.0187475262460815,0.4777777777777778,0.1151522445854027,-0.2648855864569598,15.7,13.3,2.3,301.6666666666667,350.3333333333333,0.667,0.374,0.8,255.0,225.0,8.0,-0.0757344407728916,0.3984367736332115,0.0380506567279052,-0.229422053791048,-0.1442193113788457,0.4010162601626016,-0.1326155184018157,-0.2989168818668053,0.029704591141342,-0.0709784364715879,202511326.0,2025-11-28T15:00:00,1,2025,13,CHI,PHI,AWAY,24.0,15.0,39.0,Lincoln Financial Field,7.0,3.0,0.0,14.0,0.0,26.0,51.0,39:18,19.0,7.0,11.0,1.0,61.0,328.0,5.4,4.0,25.0,99.0,4.0,1.0,35.0,19.0,229.0,3.0,0.0,6.5,12.1,54.3,103.15,13.0,7.0,53.8,1.0,1.0,100.0,3.0,3.0,0.0,0.0,7.0,83.0,2.0,2.0,1.0,10.0,4.0,5.0,4.0,202.0,50.5,2.0,2.0,0.0,0.0,3.0,6.0,6.0,0.0,33.0,9.0,20:42,22.0,12.0,8.0,2.0,69.0,345.0,5.0,4.0,36.0,186.0,5.2,2.0,31.0,24.0,159.0,1.0,1.0,5.1,6.6,77.4,85.28,14.0,8.0,57.1,3.0,1.0,33.3,3.0,3.0,0.0,0.0,6.0,41.0,2.0,1.0,2.0,12.0,1.0,2.0,3.0,106.0,35.3,2.0,2.0,0.0,100.0,0.0,100.0,0.0,4.0,4.0,0.0,0.0,0.0,0.0,0.0,1.0,1.0,4.0,4.0,0.0,0.0,0.0,0.0,0.0,0.0,0.0,35.0,46.0,2.0,12.0,4.0,1.0,1.0,23.0,35.0,1.0,10.0,2.0,2.0,2.0,Friday,993005479.0,6,26,19212.0,9.0,1,0.0,0.538,0.0,,0.0080204812473616,0.4634146341463415,0.0560906621480809,-0.0653613969309093,-0.0040054284705976,0.5232558139534884,-0.0639780882519443,0.1668270371854305,24.7,21.7,3.0,346.3333333333333,347.0,1.0,0.4,0.8,289.0,292.0,8.0,-0.0142720435431792,0.466449019266021,0.0518432402561391,-0.0566841010378607,-0.0627368694813173,0.4425833986586534,-0.149280030343986,0.0963277591422887,0.0609523529982115,0.0582303195339365,-0.7000000000000002,5.3,0.0,1.6,-44.66666666666663,648.0,3.3333333333333144,697.3333333333333,-34.0,544.0,-67.0,517.0,0.0,16.0,-0.0614623972297124,-0.08148244189752839
202511305.0,2025-11-30T13:00:00,1,2025,13,CAR,LAR,HOME,31.0,28.0,59.0,Bank of America Stadium,14.0,3.0,7.0,7.0,0.0,22.0,18.0,35:16,12.0,3.0,9.0,0.0,43.0,230.0,5.3,1.0,13.0,69.0,5.3,0.0,29.0,18.0,161.0,1.0,2.0,5.6,8.9,62.1,59.7,7.0,1.0,14.3,0.0,0.0,0.0,2.0,0.0,0.0,0.0,4.0,30.0,1.0,0.0,1.0,8.0,1.0,3.0,4.0,201.0,50.2,2.0,3.0,1.0,7.0,14.0,0.0,7.0,0.0,37.0,42.0,24:44,23.0,12.0,11.0,0.0,70.0,340.0,4.9,2.0,38.0,147.0,3.9,1.0,32.0,23.0,193.0,1.0,3.0,6.0,8.4,71.9,58.46,13.0,7.0,53.8,2.0,2.0,100.0,3.0,2.0,0.0,0.0,2.0,6.0,1.0,0.0,0.0,0.0,3.0,2.0,1.0,40.0,40.0,3.0,2.0,-1.0,0.0,0.0,66.7,0.0,0.0,0.0,0.0,2.0,0.0,0.0,0.0,2.0,1.0,2.0,2.0,0.0,0.0,0.0,0.0,0.0,2.0,2.0,30.0,54.0,0.0,0.0,4.0,1.0,0.0,24.0,13.0,1.0,8.0,4.0,0.0,0.0,Sunday,993005484.0,5,32,19223.0,3.0,1,1.0,0.143,0.0,,-0.2019441570197954,0.4310344827586206,-0.2975126086975547,0.0228222312030589,0.0002608779623207,0.4691358024691358,-0.0640102860602259,0.0577338268134137,15.3,21.3,-6.0,297.0,358.6666666666667,0.333,0.276,0.4,216.0,269.0,6.0,-0.0822532318183912,0.4488643311323061,-0.0769405891401973,-0.222809797494273,0.0319093220171661,0.465957144884348,0.173143419152298,-0.0276083657855578,-0.0787028804608347,0.0755596262841729,202511305.0,2025-11-30T13:00:00,1,2025,13,LAR,CAR,AWAY,28.0,31.0,59.0,Bank of America Stadium,7.0,14.0,0.0,7.0,0.0,28.0,12.0,24:44,20.0,4.0,16.0,0.0,55.0,333.0,6.1,4.0,19.0,70.0,3.7,0.0,35.0,25.0,263.0,3.0,0.0,7.5,10.5,71.4,121.49,10.0,4.0,40.0,1.0,0.0,0.0,2.0,2.0,0.0,0.0,4.0,32.0,0.0,0.0,1.0,10.0,6.0,7.0,3.0,105.0,35.0,0.0,2.0,2.0,14.0,3.0,7.0,7.0,0.0,31.0,48.0,35:16,14.0,7.0,5.0,2.0,67.0,193.0,2.9,1.0,29.0,123.0,4.2,0.0,34.0,17.0,70.0,1.0,2.0,2.1,4.1,50.0,41.54,17.0,7.0,41.2,5.0,1.0,20.0,3.0,1.0,0.0,0.0,2.0,10.0,1.0,0.0,4.0,33.0,3.0,3.0,4.0,169.0,42.2,2.0,0.0,-2.0,100.0,0.0,33.3,0.0,4.0,4.0,0.0,0.0,0.0,0.0,0.0,2.0,2.0,1.0,1.0,0.0,0.0,0.0,0.0,0.0,0.0,0.0,35.0,26.0,4.0,33.0,10.0,0.0,0.0,30.0,22.0,1.0,10.0,3.0,0.0,0.0,Sunday,993005483.0,32,5,19222.0,-3.0,0,2.0,0.4,0.0,,0.0718686078377607,0.5652173913043478,0.1950567024000007,-0.155832410679738,-0.3439512670355062,0.3780487804878049,-0.5891422830741956,-0.0460626660985872,32.3,17.3,15.0,327.6666666666667,333.3333333333333,2.333,0.379,1.0,306.0,179.0,9.0,0.0679655638029173,0.5399464133479479,0.1562494637875897,-0.0071452955391446,-0.1254717845676111,0.4832724060785414,-0.1920637638873342,-0.1155463814177035,0.125090160817132,-0.1403460411805701,-21.0,9.0,-0.6,1.4,-30.666666666666686,624.6666666666667,25.33333333333337,692.0,-90.0,522.0,90.0,448.0,-3.0,15.0,-0.1502187956213085,0.1573811065847772
202511314.0,2025-11-30T13:00:00,1,2025,13,IND,HOU,HOME,16.0,20.0,36.0,Lucas Oil Stadium,0.0,6.0,7.0,3.0,0.0,25.0,28.0,25:02,10.0,4.0,6.0,0.0,50.0,255.0,5.1,2.0,19.0,74.0,3.9,0.0,31.0,19.0,181.0,2.0,0.0,5.8,9.5,61.3,98.99,13.0,5.0,38.5,0.0,0.0,0.0,4.0,2.0,0.0,0.0,11.0,83.0,0.0,0.0,0.0,0.0,10.0,4.0,6.0,294.0,49.0,0.0,2.0,2.0,3.0,7.0,3.0,7.0,0.0,42.0,35.0,34:58,33.0,13.0,15.0,5.0,91.0,494.0,5.4,1.0,41.0,148.0,3.6,1.0,46.0,29.0,346.0,0.0,1.0,7.5,11.9,63.0,76.9,16.0,7.0,43.8,2.0,2.0,100.0,6.0,1.0,0.0,0.0,7.0,57.0,1.0,1.0,4.0,6.0,6.0,4.0,3.0,147.0,49.0,2.0,0.0,-2.0,50.0,0.0,16.7,0.0,2.0,2.0,0.0,0.0,0.0,0.0,0.0,2.0,2.0,0.0,0.0,0.0,2.0,1.0,0.0,0.0,5.0,5.0,51.0,38.0,4.0,6.0,5.0,1.0,1.0,29.0,16.0,0.0,0.0,6.0,0.0,0.0,Sunday,993005486.0,14,13,19216.0,-4.0,0,2.0,0.385,0.0,,0.0131014965433181,0.4428571428571428,0.0803979275983777,-0.230039865749859,0.0150479060283252,0.4690265486725664,0.2255807407446181,-0.2785911599605182,23.7,25.0,-1.3,380.6666666666667,336.3333333333333,-1.333,0.327,0.6,341.0,229.0,8.0,0.0253242109005553,0.5010192705844879,-0.0650055496208309,0.1778068933115858,0.0239968429831351,0.4771755162241888,0.0056859177586768,-0.0890693324382447,0.1490293009980446,0.0143416469788659,202511314.0,2025-11-30T13:00:00,1,2025,13,HOU,IND,AWAY,20.0,16.0,36.0,Lucas Oil Stadium,3.0,7.0,3.0,7.0,0.0,27.0,38.0,34:58,15.0,6.0,7.0,2.0,56.0,261.0,4.7,2.0,26.0,108.0,4.2,0.0,30.0,16.0,153.0,2.0,0.0,5.1,9.6,53.3,90.0,12.0,2.0,16.7,1.0,1.0,100.0,4.0,2.0,0.0,0.0,5.0,40.0,0.0,0.0,0.0,0.0,12.0,11.0,6.0,286.0,47.7,0.0,3.0,3.0,0.0,6.0,7.0,3.0,0.0,32.0,22.0,25:02,14.0,5.0,9.0,0.0,66.0,326.0,4.9,2.0,24.0,143.0,6.0,1.0,34.0,24.0,183.0,0.0,2.0,5.4,7.6,70.6,58.82,16.0,5.0,31.2,5.0,3.0,60.0,2.0,0.0,0.0,0.0,6.0,54.0,1.0,1.0,8.0,70.0,4.0,3.0,3.0,136.0,45.3,3.0,0.0,-3.0,50.0,0.0,0.0,0.0,2.0,2.0,0.0,0.0,0.0,0.0,0.0,3.0,3.0,2.0,1.0,0.0,0.0,0.0,0.0,0.0,2.0,2.0,39.0,28.0,8.0,70.0,5.0,1.0,1.0,23.0,31.0,0.0,0.0,5.0,0.0,0.0,Sunday,993005485.0,13,14,19210.0,4.0,1,3.0,0.167,0.0,,-0.0420152421596125,0.4545454545454545,-0.1877959950350943,0.0793174371829081,-0.0670940482564388,0.3536585365853658,-0.2740468231798957,0.0829109815676929,25.0,20.3,4.7,329.3333333333333,256.0,1.333,0.38,0.8,243.0,182.0,6.0,-0.0190901999094649,0.4771014426186839,-0.0144355047005053,-0.0410640399198415,-0.0678601070475595,0.4026281858260178,-0.1368914822228259,-0.2162222448123915,-0.0047928573728987,-0.0645061314658305,-6.0,3.4000000000000004,-0.20000000000000007,1.4,51.33333333333337,710.0,80.33333333333331,592.3333333333333,98.0,584.0,47.0,411.0,2.0,14.0,0.044414410810020205,0.0918569500306946
202511333.0,2025-11-30T13:00:00,1,2025,13,TB,ARI,HOME,20.0,17.0,37.0,Raymond James Stadium,0.0,10.0,7.0,3.0,0.0,31.0,48.0,30:26,14.0,7.0,5.0,2.0,67.0,193.0,2.9,1.0,29.0,123.0,4.2,0.0,34.0,17.0,70.0,1.0,2.0,2.1,4.1,50.0,41.54,17.0,7.0,41.2,5.0,1.0,20.0,3.0,1.0,0.0,0.0,2.0,10.0,1.0,0.0,4.0,33.0,3.0,3.0,4.0,169.0,42.2,2.0,0.0,-2.0,0.0,3.0,7.0,7.0,0.0,28.0,12.0,29:34,20.0,4.0,16.0,0.0,55.0,333.0,6.1,4.0,19.0,70.0,3.7,0.0,35.0,25.0,263.0,3.0,0.0,7.5,10.5,71.4,121.49,10.0,4.0,40.0,1.0,0.0,0.0,2.0,2.0,0.0,0.0,4.0,32.0,0.0,0.0,1.0,10.0,6.0,7.0,3.0,105.0,35.0,0.0,2.0,2.0,33.3,0.0,100.0,0.0,1.0,1.0,0.0,0.0,0.0,0.0,0.0,0.0,0.0,4.0,4.0,0.0,0.0,0.0,0.0,0.0,2.0,2.0,30.0,22.0,1.0,10.0,3.0,0.0,0.0,35.0,26.0,4.0,33.0,10.0,0.0,0.0,Sunday,993005493.0,33,1,19222.0,3.0,1,-2.0,0.412,0.0,,-0.3439512670355062,0.3780487804878049,-0.5891422830741956,-0.0460626660985872,0.0718686078377607,0.5652173913043478,0.1950567024000007,-0.155832410679738,20.7,35.3,-14.7,310.3333333333333,394.0,0.0,0.453,0.2,259.0,284.0,6.0,-0.0459615165409287,0.4652319464371114,-0.1976230175257016,0.0762270986375829,0.179114001621225,0.5074894911851433,0.2469658558359086,0.0670515136463903,-0.1022707079083751,0.0094732921700497,202511333.0,2025-11-30T13:00:00,1,2025,13,ARI,TB,AWAY,17.0,20.0,37.0,Raymond James Stadium,0.0,3.0,7.0,7.0,0.0,37.0,26.0,29:34,25.0,6.0,15.0,4.0,76.0,326.0,4.3,3.0,20.0,55.0,2.8,1.0,50.0,34.0,271.0,1.0,0.0,5.4,8.0,68.0,88.0,16.0,5.0,31.2,3.0,1.0,33.3,3.0,1.0,0.0,0.0,7.0,53.0,1.0,0.0,6.0,44.0,5.0,3.0,6.0,299.0,49.8,0.0,4.0,4.0,0.0,10.0,7.0,3.0,0.0,28.0,33.0,30:26,18.0,5.0,13.0,0.0,61.0,371.0,6.1,3.0,28.0,134.0,4.8,0.0,30.0,18.0,237.0,3.0,3.0,7.9,13.2,60.0,78.75,11.0,3.0,27.3,1.0,0.0,0.0,5.0,3.0,0.0,0.0,7.0,60.0,1.0,1.0,3.0,19.0,15.0,11.0,2.0,96.0,48.0,4.0,0.0,-4.0,33.3,0.0,60.0,0.0,3.0,3.0,0.0,0.0,0.0,0.0,0.0,2.0,1.0,3.0,3.0,0.0,0.0,0.0,0.0,0.0,2.0,2.0,32.0,27.0,3.0,19.0,7.0,1.0,1.0,46.0,27.0,6.0,44.0,5.0,1.0,0.0,Sunday,993005491.0,1,33,19218.0,-3.0,0,4.0,0.312,0.0,,-0.0984193203445688,0.4705882352941176,-0.100293020108957,-0.2412286624097951,-0.0557613342054791,0.4871794871794871,-0.1739037706314579,-0.1856345350155606,22.7,37.3,-14.7,383.0,341.3333333333333,0.667,0.372,0.2,248.0,283.0,3.0,-0.1196653201252382,0.4477026372016492,-0.0743655349396977,-0.2743423217455651,0.1028691101829503,0.533818300581098,0.1835442790118681,-0.058599846335626,-0.0532187337245388,0.0621440535660239,0.0,-29.4,0.0,0.4,-72.66666666666669,693.3333333333333,52.666666666666686,735.3333333333333,11.0,507.0,1.0,567.0,3.0,9.0,0.0737038035843095,0.07624489143827472
202511308.0,2025-11-30T13:00:00,1,2025,13,CLE,SF,HOME,8.0,26.0,34.0,Huntington Bank Field,0.0,8.0,0.0,0.0,0.0,23.0,34.0,29:50,11.0,4.0,4.0,3.0,48.0,270.0,5.6,3.0,27.0,64.0,2.4,2.0,20.0,11.0,206.0,1.0,1.0,10.3,18.7,55.0,86.67,12.0,3.0,25.0,0.0,0.0,0.0,3.0,2.0,0.0,0.0,8.0,77.0,1.0,1.0,1.0,3.0,20.0,13.0,8.0,318.0,39.8,2.0,1.0,-1.0,7.0,3.0,7.0,9.0,0.0,36.0,26.0,30:10,19.0,2.0,15.0,2.0,75.0,268.0,3.6,1.0,21.0,60.0,2.9,0.0,44.0,30.0,208.0,1.0,0.0,4.7,6.9,68.2,86.17,17.0,4.0,23.5,3.0,1.0,33.3,1.0,1.0,0.0,0.0,13.0,109.0,2.0,1.0,10.0,77.0,5.0,11.0,8.0,374.0,46.8,1.0,2.0,1.0,66.7,0.0,100.0,0.0,3.0,3.0,0.0,0.0,0.0,0.0,0.0,1.0,1.0,1.0,1.0,0.0,0.0,0.0,0.0,0.0,2.0,1.0,42.0,38.0,10.0,77.0,5.0,2.0,1.0,25.0,21.0,1.0,3.0,1.0,1.0,1.0,Sunday,993005490.0,8,31,19219.0,-18.0,0,-1.0,0.25,0.0,,-0.2129796379659813,0.3098591549295774,-0.1449186087271292,-0.2937047068352023,-0.3464566161309056,0.3232323232323232,-0.2836885232589355,-0.4965888132114502,20.0,20.0,0.0,245.0,262.6666666666667,0.667,0.256,0.4,186.0,244.0,3.0,-0.1671820656014688,0.3608400622329136,-0.2270715823378453,-0.2338536690434102,-0.1481962413988301,0.3889960757521686,-0.3540050013815617,-0.1521157616859174,-0.1724773115266599,-0.1739790515573762,202511308.0,2025-11-30T13:00:00,1,2025,13,SF,CLE,AWAY,26.0,8.0,34.0,Huntington Bank Field,7.0,3.0,7.0,9.0,0.0,37.0,42.0,30:10,23.0,12.0,11.0,0.0,70.0,340.0,4.9,2.0,38.0,147.0,3.9,1.0,32.0,23.0,193.0,1.0,3.0,6.0,8.4,71.9,58.46,13.0,7.0,53.8,2.0,2.0,100.0,3.0,2.0,0.0,0.0,2.0,6.0,1.0,0.0,0.0,0.0,3.0,2.0,1.0,40.0,40.0,3.0,2.0,-1.0,0.0,8.0,0.0,0.0,0.0,22.0,18.0,29:50,12.0,3.0,9.0,0.0,43.0,230.0,5.3,1.0,13.0,69.0,5.3,0.0,29.0,18.0,161.0,1.0,2.0,5.6,8.9,62.1,59.7,7.0,1.0,14.3,0.0,0.0,0.0,2.0,0.0,0.0,0.0,4.0,30.0,1.0,0.0,1.0,8.0,1.0,3.0,4.0,201.0,50.2,2.0,3.0,1.0,66.7,0.0,0.0,0.0,2.0,2.0,0.0,0.0,0.0,0.0,0.0,2.0,2.0,0.0,0.0,0.0,2.0,0.0,0.0,0.0,2.0,1.0,24.0,13.0,1.0,8.0,4.0,0.0,0.0,30.0,54.0,0.0,0.0,4.0,1.0,0.0,Sunday,993005489.0,31,8,19223.0,18.0,1,-1.0,0.538,0.0,,0.0002608779623207,0.4691358024691358,-0.0640102860602259,0.0577338268134137,-0.2019441570197954,0.4310344827586206,-0.2975126086975547,0.0228222312030589,29.0,24.3,4.7,338.0,373.0,0.0,0.416,0.6,281.0,261.0,8.0,0.1195601913981915,0.5359009050028837,0.1678896141879164,-0.0316736675690488,0.021684874968249,0.5126030504629865,0.1270335467193379,-0.0459859903698193,0.1355754431624033,0.0727255008107847,-4.7,4.7,-0.19999999999999996,1.0,-93.0,583.0,-110.33333333333331,635.6666666666667,-95.0,467.0,-17.0,505.0,-5.0,11.0,-0.2867422569996603,-0.1698811163670791
202511319.0,2025-11-30T13:00:00,1,2025,13,MIA,NO,HOME,21.0,17.0,38.0,Hard Rock Stadium,7.0,9.0,0.0,5.0,0.0,29.0,51.0,30:08,19.0,11.0,8.0,0.0,54.0,311.0,5.8,1.0,31.0,169.0,5.5,1.0,20.0,14.0,142.0,0.0,0.0,7.1,10.1,70.0,90.0,9.0,3.0,33.3,2.0,0.0,0.0,5.0,1.0,0.0,0.0,4.0,39.0,0.0,0.0,3.0,29.0,5.0,5.0,2.0,106.0,53.0,0.0,2.0,2.0,0.0,0.0,8.0,9.0,0.0,32.0,36.0,29:52,22.0,9.0,10.0,3.0,64.0,379.0,5.9,1.0,33.0,172.0,5.2,0.0,30.0,20.0,207.0,1.0,1.0,6.9,10.4,66.7,83.61,13.0,6.0,46.2,2.0,1.0,50.0,3.0,0.0,0.0,0.0,6.0,31.0,1.0,1.0,1.0,6.0,3.0,6.0,1.0,41.0,41.0,2.0,0.0,-2.0,20.0,0.0,0.0,0.0,1.0,1.0,0.0,0.0,0.0,0.0,0.0,3.0,3.0,1.0,1.0,0.0,0.0,0.0,0.0,0.0,4.0,2.0,35.0,40.0,1.0,6.0,2.0,0.0,1.0,33.0,29.0,3.0,29.0,1.0,0.0,0.0,Sunday,993005494.0,19,22,19046.0,4.0,1,2.0,0.333,0.0,,0.0928094712946803,0.5441176470588235,0.1097879013112839,-0.0939903986229744,0.0105573461579014,0.5308641975308642,0.2617594721078853,-0.1148033694735204,17.3,18.0,-0.7,337.6666666666667,364.3333333333333,0.0,0.278,0.6,226.0,269.0,4.0,0.0567988663450024,0.4739133415604002,0.1404528842690164,-0.0972020972772145,0.0427166996399722,0.513639035861258,0.2715941117097278,-0.2207519889400389,-0.0141117715849692,-0.03138687912629,202511319.0,2025-11-30T13:00:00,1,2025,13,NO,MIA,AWAY,17.0,21.0,38.0,Hard Rock Stadium,0.0,0.0,8.0,9.0,0.0,32.0,51.0,29:52,21.0,8.0,11.0,2.0,78.0,293.0,3.8,1.0,28.0,79.0,2.8,0.0,45.0,30.0,214.0,0.0,1.0,4.8,7.1,66.7,68.19,16.0,5.0,31.2,5.0,2.0,40.0,3.0,0.0,0.0,0.0,4.0,36.0,2.0,1.0,5.0,29.0,2.0,6.0,3.0,106.0,35.3,2.0,1.0,-1.0,7.0,9.0,0.0,5.0,0.0,27.0,9.0,30:08,13.0,6.0,7.0,0.0,55.0,302.0,5.5,2.0,29.0,121.0,4.2,0.0,23.0,16.0,181.0,2.0,1.0,7.9,11.3,69.6,103.71,12.0,3.0,25.0,1.0,1.0,100.0,2.0,1.0,0.0,0.0,9.0,82.0,1.0,0.0,3.0,18.0,9.0,6.0,5.0,210.0,42.0,1.0,2.0,1.0,0.0,0.0,50.0,0.0,1.0,1.0,0.0,0.0,0.0,0.0,0.0,3.0,1.0,1.0,1.0,0.0,0.0,0.0,1.0,1.0,3.0,3.0,32.0,26.0,3.0,18.0,4.0,1.0,0.0,54.0,18.0,5.0,29.0,6.0,0.0,1.0,Sunday,993005492.0,22,19,19221.0,-4.0,0,-1.0,0.312,0.0,,-0.2495125479094394,0.425531914893617,-0.2730175582745397,-0.1508293018067399,-0.0668665003423907,0.4520547945205479,-0.1494074528999886,-0.0776749576351472,12.3,21.7,-9.3,301.6666666666667,305.0,-0.667,0.335,0.2,165.0,274.0,2.0,-0.1360411000380919,0.4109797741003415,0.0107171816100282,-0.3381572331053362,-0.0140687480353679,0.4858822999279019,0.015279377989396,-0.0894622517601196,-0.2075203322017253,-0.026033943208789,8.600000000000001,-10.0,0.39999999999999997,0.8,36.0,639.3333333333334,59.333333333333314,669.3333333333333,61.0,391.0,-5.0,543.0,2.0,6.0,0.19283996638309428,0.0567854476753401
202511324.0,2025-11-30T13:00:00,1,2025,13,NYJ,ATL,HOME,27.0,24.0,51.0,MetLife Stadium,0.0,7.0,7.0,13.0,0.0,28.0,13.0,27:05,15.0,5.0,10.0,0.0,57.0,282.0,4.9,1.0,26.0,78.0,3.0,0.0,28.0,17.0,204.0,1.0,1.0,7.3,12.0,60.7,80.06,11.0,4.0,36.4,2.0,0.0,0.0,2.0,1.0,0.0,0.0,6.0,81.0,1.0,1.0,3.0,18.0,1.0,2.0,4.0,152.0,38.0,2.0,0.0,-2.0,0.0,7.0,10.0,7.0,0.0,31.0,47.0,32:55,16.0,6.0,7.0,3.0,58.0,241.0,4.2,2.0,34.0,98.0,2.9,2.0,23.0,13.0,143.0,0.0,0.0,6.2,11.0,56.5,75.09,11.0,2.0,18.2,2.0,2.0,100.0,5.0,2.0,0.0,0.0,5.0,30.0,1.0,0.0,1.0,10.0,7.0,4.0,4.0,246.0,61.5,0.0,2.0,2.0,50.0,0.0,40.0,0.0,1.0,1.0,0.0,0.0,0.0,0.0,0.0,1.0,1.0,2.0,2.0,0.0,0.0,0.0,0.0,0.0,3.0,3.0,23.0,42.0,1.0,10.0,3.0,0.0,0.0,30.0,31.0,3.0,18.0,2.0,1.0,1.0,Sunday,993005488.0,24,2,19211.0,3.0,1,-2.0,0.364,0.0,,-0.1071046258881694,0.3918918918918919,0.0553709276026459,-0.57233307040345,0.0863188475846034,0.4155844155844156,0.1985265916364511,-0.1017142692801606,17.0,23.3,-6.3,232.0,285.0,-1.333,0.403,0.4,219.0,291.0,2.0,-0.0670908925288053,0.4361743406519525,-0.1460924068259795,-0.2660986842336189,0.0349542422240986,0.4319350205875028,0.163718572793404,-0.1125125932229389,-0.0301294654982159,0.0600442956397953,202511324.0,2025-11-30T13:00:00,1,2025,13,ATL,NYJ,AWAY,24.0,27.0,51.0,MetLife Stadium,0.0,7.0,10.0,7.0,0.0,27.0,9.0,32:55,13.0,6.0,7.0,0.0,55.0,302.0,5.5,2.0,29.0,121.0,4.2,0.0,23.0,16.0,181.0,2.0,1.0,7.9,11.3,69.6,103.71,12.0,3.0,25.0,1.0,1.0,100.0,2.0,1.0,0.0,0.0,9.0,82.0,1.0,0.0,3.0,18.0,9.0,6.0,5.0,210.0,42.0,1.0,2.0,1.0,0.0,7.0,7.0,13.0,0.0,32.0,51.0,27:05,21.0,8.0,11.0,2.0,78.0,293.0,3.8,1.0,28.0,79.0,2.8,0.0,45.0,30.0,214.0,0.0,1.0,4.8,7.1,66.7,68.19,16.0,5.0,31.2,5.0,2.0,40.0,3.0,0.0,0.0,0.0,4.0,36.0,2.0,1.0,5.0,29.0,2.0,6.0,3.0,106.0,35.3,2.0,1.0,-1.0,50.0,0.0,0.0,0.0,1.0,1.0,0.0,0.0,0.0,1.0,1.0,3.0,3.0,1.0,1.0,0.0,0.0,0.0,0.0,0.0,3.0,1.0,54.0,18.0,5.0,29.0,6.0,0.0,1.0,32.0,26.0,3.0,18.0,4.0,1.0,0.0,Sunday,993005487.0,2,24,19221.0,-3.0,0,1.0,0.25,0.0,,-0.0668665003423907,0.4520547945205479,-0.1494074528999886,-0.0776749576351472,-0.2495125479094394,0.425531914893617,-0.2730175582745397,-0.1508293018067399,25.3,23.7,1.7,313.3333333333333,432.6666666666667,0.333,0.205,0.2,219.0,249.0,4.0,-0.0045910594474433,0.4935968089014853,-0.0007435167548788,-0.0191816033316109,-0.0136785794306218,0.470267321331151,0.0003551310642019,-0.0310700484337928,-0.045635482843817,0.0313865958633902,-8.0,-4.6,0.2,0.6000000000000001,-81.33333333333331,545.3333333333333,-147.66666666666669,717.6666666666667,0.0,438.0,42.0,540.0,-2.0,6.0,-0.062499833081362005,0.048632821654720396
202511334.0,2025-11-30T13:00:00,1,2025,13,TEN,JAX,HOME,3.0,25.0,28.0,Nissan Stadium,3.0,0.0,0.0,0.0,0.0,37.0,25.0,28:34,18.0,5.0,12.0,1.0,68.0,296.0,4.4,3.0,22.0,64.0,2.9,1.0,42.0,28.0,232.0,1.0,0.0,5.5,8.3,66.7,88.59,17.0,6.0,35.3,7.0,5.0,71.4,3.0,2.0,0.0,0.0,10.0,63.0,0.0,0.0,4.0,24.0,3.0,3.0,3.0,135.0,45.0,0.0,0.0,0.0,7.0,11.0,7.0,0.0,0.0,22.0,35.0,31:26,19.0,8.0,9.0,2.0,47.0,353.0,7.5,3.0,20.0,114.0,5.7,1.0,26.0,16.0,239.0,2.0,0.0,9.2,14.9,61.5,117.31,7.0,2.0,28.6,1.0,0.0,0.0,4.0,2.0,0.0,0.0,11.0,69.0,0.0,0.0,1.0,5.0,11.0,6.0,2.0,106.0,53.0,0.0,0.0,0.0,66.7,0.0,50.0,0.0,3.0,3.0,0.0,0.0,0.0,0.0,0.0,1.0,1.0,3.0,3.0,0.0,0.0,0.0,0.0,0.0,3.0,3.0,25.0,14.0,1.0,5.0,5.0,0.0,0.0,37.0,28.0,4.0,24.0,6.0,0.0,0.0,Sunday,993005482.0,34,15,19217.0,-22.0,0,0.0,0.353,0.0,,-0.035985387171465,0.4111111111111111,0.1033780105059546,-0.3203686820896109,0.1019360871181407,0.5,0.3256057855710357,0.2071577394641568,19.0,24.3,-5.3,243.66666666666663,337.0,0.0,0.288,0.0,167.0,303.0,1.0,-0.0799936589842049,0.3945156695156695,0.0092613954074974,-0.408385377438744,0.0372598860747185,0.5066816185403233,0.1593460501381969,-0.0107421851351526,-0.0922160726680471,0.1144002708510868,202511334.0,2025-11-30T13:00:00,1,2025,13,JAX,TEN,AWAY,25.0,3.0,28.0,Nissan Stadium,7.0,11.0,7.0,0.0,0.0,28.0,33.0,31:26,18.0,5.0,13.0,0.0,61.0,371.0,6.1,3.0,28.0,134.0,4.8,0.0,30.0,18.0,237.0,3.0,3.0,7.9,13.2,60.0,78.75,11.0,3.0,27.3,1.0,0.0,0.0,5.0,3.0,0.0,0.0,7.0,60.0,1.0,1.0,3.0,19.0,15.0,11.0,2.0,96.0,48.0,4.0,0.0,-4.0,3.0,0.0,0.0,0.0,0.0,37.0,26.0,28:34,25.0,6.0,15.0,4.0,76.0,326.0,4.3,3.0,20.0,55.0,2.8,1.0,50.0,34.0,271.0,1.0,0.0,5.4,8.0,68.0,88.0,16.0,5.0,31.2,3.0,1.0,33.3,3.0,1.0,0.0,0.0,7.0,53.0,1.0,0.0,6.0,44.0,5.0,3.0,6.0,299.0,49.8,0.0,4.0,4.0,60.0,0.0,33.3,0.0,3.0,3.0,0.0,0.0,0.0,0.0,0.0,2.0,2.0,3.0,3.0,0.0,0.0,0.0,0.0,0.0,2.0,1.0,46.0,27.0,6.0,44.0,5.0,1.0,0.0,32.0,27.0,3.0,19.0,7.0,1.0,1.0,Sunday,993005481.0,15,34,19218.0,22.0,1,-4.0,0.273,0.0,,-0.0557613342054791,0.4871794871794871,-0.1739037706314579,-0.1856345350155606,-0.0984193203445688,0.4705882352941176,-0.100293020108957,-0.2412286624097951,30.3,22.0,8.3,309.6666666666667,291.0,-1.333,0.379,0.6,267.0,250.0,7.0,0.001499605504461,0.5063232035454258,-0.0421033806963044,-0.1091278899945159,-0.1482890791858053,0.4619729354541311,-0.1824601979850002,-0.1286141138399162,0.0092089785644263,-0.005946694366546,-13.600000000000001,3.000000000000001,-0.6,0.6,-66.00000000000006,553.3333333333333,46.0,628.0,-100.0,434.0,53.0,553.0,-6.0,8.0,-0.0814932644886659,0.1855489652605238
202511330.0,2025-11-30T16:05:00,1,2025,13,SEA,MIN,HOME,26.0,0.0,26.0,Lumen Field,0.0,13.0,6.0,7.0,0.0,22.0,35.0,34:21,19.0,8.0,9.0,2.0,47.0,353.0,7.5,3.0,20.0,114.0,5.7,1.0,26.0,16.0,239.0,2.0,0.0,9.2,14.9,61.5,117.31,7.0,2.0,28.6,1.0,0.0,0.0,4.0,2.0,0.0,0.0,11.0,69.0,0.0,0.0,1.0,5.0,11.0,6.0,2.0,106.0,53.0,0.0,0.0,0.0,0.0,0.0,0.0,0.0,0.0,37.0,25.0,25:39,18.0,5.0,12.0,1.0,68.0,296.0,4.4,3.0,22.0,64.0,2.9,1.0,42.0,28.0,232.0,1.0,0.0,5.5,8.3,66.7,88.59,17.0,6.0,35.3,7.0,5.0,71.4,3.0,2.0,0.0,0.0,10.0,63.0,0.0,0.0,4.0,24.0,3.0,3.0,3.0,135.0,45.0,0.0,0.0,0.0,50.0,0.0,66.7,0.0,3.0,3.0,0.0,0.0,0.0,0.0,0.0,3.0,3.0,3.0,3.0,0.0,0.0,0.0,0.0,0.0,1.0,1.0,37.0,28.0,4.0,24.0,6.0,0.0,0.0,25.0,14.0,1.0,5.0,5.0,0.0,0.0,Sunday,993005496.0,30,20,19217.0,26.0,1,0.0,0.286,0.0,,0.1019360871181407,0.5,0.3256057855710357,0.2071577394641568,-0.035985387171465,0.4111111111111111,0.1033780105059546,-0.3203686820896109,31.0,22.3,8.7,379.6666666666667,293.3333333333333,-1.333,0.441,0.8,324.0,217.0,8.0,0.0251403229909633,0.5158256465907036,0.1651380853421051,0.0230570289462921,-0.1438442418520541,0.4104926558436995,-0.1414490446989939,-0.2023300861805634,0.0457913101949191,-0.1585928481395166,202511330.0,2025-11-30T16:05:00,1,2025,13,MIN,SEA,AWAY,0.0,26.0,26.0,Lumen Field,0.0,0.0,0.0,0.0,0.0,22.0,45.0,25:39,10.0,7.0,3.0,0.0,44.0,145.0,3.3,0.0,20.0,93.0,4.6,0.0,19.0,12.0,52.0,0.0,2.0,2.7,4.3,63.2,27.63,9.0,2.0,22.2,1.0,0.0,0.0,1.0,0.0,0.0,0.0,2.0,29.0,2.0,1.0,5.0,35.0,5.0,5.0,4.0,222.0,55.5,3.0,0.0,-3.0,0.0,13.0,6.0,7.0,0.0,37.0,15.0,34:21,22.0,13.0,8.0,1.0,65.0,288.0,4.4,2.0,42.0,146.0,3.5,2.0,22.0,15.0,142.0,0.0,0.0,6.5,9.5,68.2,85.8,14.0,7.0,50.0,0.0,0.0,0.0,4.0,2.0,0.0,0.0,2.0,10.0,0.0,0.0,1.0,4.0,10.0,7.0,4.0,190.0,47.5,0.0,3.0,3.0,0.0,0.0,50.0,0.0,0.0,0.0,0.0,0.0,0.0,0.0,0.0,2.0,2.0,2.0,2.0,0.0,0.0,0.0,0.0,0.0,3.0,3.0,35.0,36.0,1.0,4.0,4.0,0.0,0.0,27.0,18.0,5.0,35.0,4.0,0.0,1.0,Sunday,993005495.0,20,30,19215.0,-26.0,0,-3.0,0.222,0.0,,-0.2065674949031933,0.4655172413793103,-0.6355873003402664,-0.1580547815875003,0.0983891360933253,0.5061728395061729,0.3458494829172365,-0.1313922180590995,14.0,23.0,-9.0,258.3333333333333,309.6666666666667,-2.667,0.236,0.2,224.0,255.0,4.0,-0.1841469524566502,0.417917511832319,-0.3711450966694867,-0.0171582022630627,-0.003772740064236,0.4846320267307191,0.1245722523671807,-0.078215629417047,-0.1588677742036702,0.0193471848107997,17.7,-0.3000000000000007,0.6000000000000001,1.0,121.33333333333337,638.0,-16.33333333333337,603.0,100.0,548.0,-38.0,472.0,4.0,12.0,0.2092872754476135,-0.1400715017878181
202511328.0,2025-11-30T16:25:00,1,2025,13,PIT,BUF,HOME,7.0,26.0,33.0,Acrisure Stadium,0.0,7.0,0.0,0.0,0.0,33.0,9.0,18:01,22.0,12.0,8.0,2.0,69.0,345.0,5.0,4.0,36.0,186.0,5.2,2.0,31.0,24.0,159.0,1.0,1.0,5.1,6.6,77.4,85.28,14.0,8.0,57.1,3.0,1.0,33.3,3.0,3.0,0.0,0.0,6.0,41.0,2.0,1.0,2.0,12.0,1.0,2.0,3.0,106.0,35.3,2.0,2.0,0.0,0.0,3.0,13.0,10.0,0.0,26.0,51.0,41:59,19.0,7.0,11.0,1.0,61.0,328.0,5.4,4.0,25.0,99.0,4.0,1.0,35.0,19.0,229.0,3.0,0.0,6.5,12.1,54.3,103.15,13.0,7.0,53.8,1.0,1.0,100.0,3.0,3.0,0.0,0.0,7.0,83.0,2.0,2.0,1.0,10.0,4.0,5.0,4.0,202.0,50.5,2.0,2.0,0.0,100.0,0.0,100.0,0.0,4.0,4.0,0.0,0.0,0.0,0.0,0.0,0.0,0.0,4.0,4.0,0.0,0.0,0.0,0.0,0.0,1.0,1.0,23.0,35.0,1.0,10.0,2.0,2.0,2.0,35.0,46.0,2.0,12.0,4.0,1.0,1.0,Sunday,993005500.0,28,4,19212.0,-19.0,0,0.0,0.571,0.0,,-0.0040054284705976,0.5232558139534884,-0.0639780882519443,0.1668270371854305,0.0080204812473616,0.4634146341463415,0.0560906621480809,-0.0653613969309093,24.0,22.7,1.3,303.0,313.0,-0.333,0.431,0.4,274.0,263.0,6.0,-0.0497134066725365,0.4783401732786138,-0.0772774489757916,0.0070223254848027,-0.0565632559934868,0.420344560588463,-0.1433974876905647,-0.0066136934472868,-0.0170549721875071,-0.0080000309119663,202511328.0,2025-11-30T16:25:00,1,2025,13,BUF,PIT,AWAY,26.0,7.0,33.0,Acrisure Stadium,0.0,3.0,13.0,10.0,0.0,32.0,22.0,41:59,14.0,5.0,9.0,0.0,66.0,326.0,4.9,2.0,24.0,143.0,6.0,1.0,34.0,24.0,183.0,0.0,2.0,5.4,7.6,70.6,58.82,16.0,5.0,31.2,5.0,3.0,60.0,2.0,0.0,0.0,0.0,6.0,54.0,1.0,1.0,8.0,70.0,4.0,3.0,3.0,136.0,45.3,3.0,0.0,-3.0,0.0,7.0,0.0,0.0,0.0,27.0,38.0,18:01,15.0,6.0,7.0,2.0,56.0,261.0,4.7,2.0,26.0,108.0,4.2,0.0,30.0,16.0,153.0,2.0,0.0,5.1,9.6,53.3,90.0,12.0,2.0,16.7,1.0,1.0,100.0,4.0,2.0,0.0,0.0,5.0,40.0,0.0,0.0,0.0,0.0,12.0,11.0,6.0,286.0,47.7,0.0,3.0,3.0,0.0,0.0,50.0,0.0,2.0,1.0,0.0,0.0,0.0,0.0,0.0,2.0,2.0,2.0,2.0,0.0,0.0,0.0,0.0,0.0,3.0,3.0,23.0,31.0,0.0,0.0,5.0,0.0,0.0,39.0,28.0,8.0,70.0,5.0,1.0,1.0,Sunday,993005499.0,4,28,19210.0,19.0,1,-3.0,0.312,0.0,,-0.0670940482564388,0.3536585365853658,-0.2740468231798957,0.0829109815676929,-0.0420152421596125,0.4545454545454545,-0.1877959950350943,0.0793174371829081,25.3,28.3,-3.0,372.0,332.6666666666667,-1.667,0.397,0.6,311.0,252.0,7.0,0.0771553554707165,0.4589355615778379,0.0735272530043773,-0.115638289357663,0.1247729195040024,0.4696969696969696,0.0675335423986511,0.1645772774831479,0.1328997439322432,0.0455682268113829,4.3,-1.7,-0.19999999999999996,1.0,-69.0,675.0,-19.666666666666686,645.6666666666667,-37.0,585.0,11.0,515.0,-1.0,13.0,-0.126868762143253,-0.1813361754974892
202511329.0,2025-11-30T16:25:00,1,2025,13,LAC,LV,HOME,31.0,14.0,45.0,SoFi Stadium,7.0,0.0,14.0,10.0,0.0,22.0,5.0,35:48,8.0,3.0,4.0,1.0,45.0,135.0,3.0,0.0,16.0,42.0,2.6,0.0,26.0,13.0,93.0,0.0,1.0,3.6,7.2,50.0,42.63,12.0,3.0,25.0,3.0,1.0,33.3,1.0,0.0,0.0,0.0,5.0,71.0,0.0,0.0,3.0,25.0,2.0,2.0,4.0,195.0,48.8,1.0,1.0,0.0,0.0,7.0,0.0,7.0,0.0,37.0,55.0,24:12,30.0,16.0,11.0,3.0,69.0,345.0,5.0,5.0,47.0,192.0,4.1,4.0,22.0,14.0,153.0,1.0,1.0,7.0,10.9,63.6,80.3,10.0,5.0,50.0,5.0,3.0,60.0,6.0,5.0,0.0,0.0,1.0,5.0,0.0,0.0,0.0,0.0,6.0,5.0,0.0,0.0,0.0,1.0,1.0,0.0,0.0,0.0,83.3,0.0,0.0,0.0,0.0,0.0,0.0,0.0,0.0,2.0,2.0,5.0,5.0,0.0,0.0,0.0,0.0,0.0,0.0,0.0,41.0,31.0,0.0,7.0,3.0,0.0,0.0,20.0,24.0,3.0,25.0,7.0,0.0,0.0,Sunday,993005498.0,29,25,19199.0,17.0,1,0.0,0.25,0.0,,-0.3196001316379702,0.4098360655737705,-0.5786892391130626,-0.1796076839539007,0.1433065610328746,0.575,0.2125815726165176,0.0931566797960032,19.3,21.7,-2.3,264.0,257.3333333333333,0.667,0.38,0.6,246.0,238.0,7.0,-0.1246476701521169,0.462395993983359,-0.1881772981606333,-0.091300652437772,-0.1007976906148118,0.453921568627451,-0.1301397047844877,-0.1427656174013588,-0.0227530134485032,-0.0377924173839732,202511329.0,2025-11-30T16:25:00,1,2025,13,LV,LAC,AWAY,14.0,31.0,45.0,SoFi Stadium,0.0,7.0,0.0,7.0,0.0,36.0,26.0,24:12,19.0,2.0,15.0,2.0,75.0,268.0,3.6,1.0,21.0,60.0,2.9,0.0,44.0,30.0,208.0,1.0,0.0,4.7,6.9,68.2,86.17,17.0,4.0,23.5,3.0,1.0,33.3,1.0,1.0,0.0,0.0,13.0,109.0,2.0,1.0,10.0,77.0,5.0,11.0,8.0,374.0,46.8,1.0,2.0,1.0,7.0,0.0,14.0,10.0,0.0,23.0,34.0,35:48,11.0,4.0,4.0,3.0,48.0,270.0,5.6,3.0,27.0,64.0,2.4,2.0,20.0,11.0,206.0,1.0,1.0,10.3,18.7,55.0,86.67,12.0,3.0,25.0,0.0,0.0,0.0,3.0,2.0,0.0,0.0,8.0,77.0,1.0,1.0,1.0,3.0,20.0,13.0,8.0,318.0,39.8,2.0,1.0,-1.0,100.0,0.0,66.7,0.0,1.0,1.0,0.0,0.0,0.0,0.0,0.0,2.0,1.0,3.0,3.0,0.0,0.0,0.0,0.0,0.0,1.0,1.0,25.0,21.0,1.0,3.0,1.0,1.0,1.0,42.0,38.0,10.0,77.0,5.0,2.0,1.0,Sunday,993005497.0,25,29,19219.0,-17.0,0,1.0,0.235,0.0,,-0.3464566161309056,0.3232323232323232,-0.2836885232589355,-0.4965888132114502,-0.2129796379659813,0.3098591549295774,-0.1449186087271292,-0.2937047068352023,11.0,22.3,-11.3,230.66666666666663,290.3333333333333,0.667,0.251,0.0,165.0,277.0,2.0,-0.2874533065862203,0.3804713804713804,-0.3267891308542011,-0.2882802534028416,-0.1448240211019801,0.414001415203751,-0.0828251198456109,-0.1588316651571724,-0.2068674506885799,-0.0168452439873387,9.0,-13.600000000000001,0.6,0.6,33.33333333333337,494.66666666666663,-33.0,547.6666666666666,81.0,411.0,-39.0,515.0,5.0,9.0,0.1628056364341034,0.044026330487168294
202511335.0,2025-11-30T20:20:00,1,2025,13,WAS,DEN,HOME,26.0,27.0,53.0,Northwest Stadium,0.0,7.0,7.0,6.0,6.0,32.0,36.0,35:00,22.0,9.0,10.0,3.0,64.0,379.0,5.9,1.0,33.0,172.0,5.2,0.0,30.0,20.0,207.0,1.0,1.0,6.9,10.4,66.7,83.61,13.0,6.0,46.2,2.0,1.0,50.0,3.0,0.0,0.0,0.0,6.0,31.0,1.0,1.0,1.0,6.0,3.0,6.0,1.0,41.0,41.0,2.0,0.0,-2.0,3.0,10.0,7.0,0.0,7.0,29.0,51.0,32:13,19.0,11.0,8.0,0.0,54.0,311.0,5.8,1.0,31.0,169.0,5.5,1.0,20.0,14.0,142.0,0.0,0.0,7.1,10.1,70.0,90.0,9.0,3.0,33.3,2.0,0.0,0.0,5.0,1.0,0.0,0.0,4.0,39.0,0.0,0.0,3.0,29.0,5.0,5.0,2.0,106.0,53.0,0.0,2.0,2.0,0.0,0.0,20.0,0.0,1.0,1.0,0.0,0.0,0.0,0.0,0.0,4.0,2.0,1.0,1.0,0.0,0.0,0.0,0.0,0.0,3.0,3.0,33.0,29.0,3.0,29.0,1.0,0.0,0.0,35.0,40.0,1.0,6.0,2.0,0.0,1.0,Sunday,993005502.0,35,10,19046.0,-1.0,0,-2.0,0.462,0.0,,0.0105573461579014,0.5308641975308642,0.2617594721078853,-0.1148033694735204,0.0928094712946803,0.5441176470588235,0.1097879013112839,-0.0939903986229744,16.3,32.7,-16.3,319.0,425.0,-1.0,0.374,0.0,236.0,296.0,3.0,0.0218595259941824,0.4968149275607418,0.1997013985230414,-0.0785739508560102,0.2916410761233552,0.5861918261280415,0.5614553407485015,0.0504754739487787,-0.0297161359048307,0.2571622205600224,202511335.0,2025-11-30T20:20:00,1,2025,13,DEN,WAS,AWAY,27.0,26.0,53.0,Northwest Stadium,3.0,10.0,7.0,0.0,7.0,29.0,29.0,32:13,16.0,5.0,11.0,0.0,61.0,342.0,5.6,1.0,21.0,59.0,2.8,1.0,38.0,24.0,283.0,0.0,0.0,7.4,11.8,63.2,85.75,15.0,7.0,46.7,0.0,0.0,0.0,5.0,1.0,0.0,0.0,10.0,147.0,1.0,0.0,2.0,12.0,8.0,4.0,4.0,211.0,52.8,0.0,1.0,1.0,0.0,7.0,7.0,6.0,6.0,30.0,31.0,35:00,19.0,3.0,13.0,3.0,62.0,311.0,5.0,2.0,14.0,62.0,4.4,1.0,45.0,29.0,249.0,1.0,1.0,5.5,8.6,64.4,76.99,13.0,5.0,38.5,1.0,0.0,0.0,4.0,1.0,0.0,0.0,10.0,69.0,0.0,0.0,3.0,27.0,5.0,6.0,4.0,238.0,59.5,1.0,0.0,-1.0,20.0,0.0,25.0,0.0,1.0,1.0,0.0,0.0,0.0,0.0,0.0,5.0,5.0,2.0,1.0,1.0,0.0,0.0,0.0,0.0,2.0,2.0,30.0,28.0,3.0,27.0,4.0,0.0,0.0,36.0,19.0,2.0,12.0,3.0,1.0,0.0,Sunday,993005501.0,10,35,19207.0,1.0,1,1.0,0.467,0.0,,0.0705321812580109,0.4938271604938271,0.1148524867052419,-0.1892336494580377,0.0436960575405106,0.4712643678160919,0.1324106200494559,0.0632695784152019,16.7,13.7,3.0,277.6666666666667,255.66666666666663,-0.667,0.4,1.0,257.0,192.0,9.0,-0.1416792522947651,0.3994935106046216,-0.1129931932819302,-0.1787400755241553,-0.1627624470578663,0.389913268473988,-0.1399018502775974,-0.1818304028713812,0.0032591445388272,-0.0569820020612339,-19.3,-13.3,-1.0,1.0,41.333333333333314,596.6666666666667,169.33333333333337,680.6666666666666,-21.0,493.0,104.0,488.0,-6.0,12.0,0.1635387782889475,0.4544035231812215
202511321.0,2025-12-01T20:15:00,1,2025,13,NE,NYG,HOME,33.0,15.0,48.0,Gillette Stadium,17.0,13.0,0.0,3.0,0.0,33.0,14.0,33:26,21.0,7.0,12.0,2.0,67.0,392.0,5.9,2.0,31.0,107.0,3.5,0.0,35.0,22.0,285.0,1.0,1.0,8.1,13.0,62.9,86.01,13.0,5.0,38.5,1.0,0.0,0.0,2.0,0.0,0.0,0.0,4.0,52.0,0.0,0.0,1.0,9.0,6.0,1.0,2.0,98.0,49.0,1.0,1.0,0.0,0.0,7.0,0.0,8.0,0.0,26.0,46.0,26:34,20.0,8.0,10.0,2.0,62.0,307.0,5.0,2.0,23.0,120.0,5.2,0.0,38.0,20.0,187.0,1.0,1.0,4.9,9.4,52.6,64.25,13.0,3.0,23.1,3.0,2.0,66.7,1.0,1.0,0.0,0.0,6.0,65.0,0.0,0.0,1.0,10.0,3.0,3.0,5.0,227.0,45.4,1.0,1.0,0.0,0.0,0.0,100.0,0.0,2.0,2.0,0.0,0.0,0.0,0.0,0.0,4.0,4.0,2.0,2.0,0.0,0.0,0.0,0.0,0.0,2.0,2.0,28.0,27.0,1.0,10.0,5.0,0.0,0.0,31.0,43.0,1.0,9.0,5.0,0.0,0.0,Monday,993005504.0,21,23,19213.0,18.0,1,0.0,0.385,0.0,,0.0704081631678011,0.5119047619047619,0.2716761521757594,-0.3501787687628091,-0.0525401638986255,0.4880952380952381,-0.299451286329232,0.0271669177648921,27.0,19.0,8.0,387.6666666666667,307.6666666666667,0.0,0.414,1.0,318.0,226.0,10.0,0.1128633034356677,0.4820025653358986,0.2374440741992103,-0.0654822888291249,-0.0139404430626866,0.511437908496732,-0.120734318187942,0.0167392175668906,0.0704415102570566,-0.0663962862684683,202511321.0,2025-12-01T20:15:00,1,2025,13,NYG,NE,AWAY,15.0,33.0,48.0,Gillette Stadium,0.0,7.0,0.0,8.0,0.0,37.0,11.0,26:34,25.0,6.0,16.0,3.0,77.0,517.0,6.7,3.0,39.0,122.0,3.1,0.0,37.0,19.0,395.0,3.0,1.0,10.7,20.8,51.4,105.12,16.0,8.0,50.0,3.0,1.0,33.3,3.0,1.0,0.0,0.0,7.0,59.0,1.0,0.0,1.0,4.0,7.0,6.0,3.0,120.0,40.0,1.0,1.0,0.0,17.0,13.0,0.0,3.0,0.0,28.0,30.0,33:26,23.0,9.0,13.0,1.0,65.0,494.0,7.6,4.0,20.0,237.0,11.8,2.0,42.0,28.0,257.0,2.0,1.0,6.1,9.2,66.7,89.09,12.0,5.0,41.7,0.0,0.0,0.0,4.0,2.0,0.0,0.0,9.0,81.0,0.0,0.0,3.0,22.0,7.0,4.0,5.0,200.0,40.0,1.0,1.0,0.0,33.3,0.0,50.0,0.0,3.0,3.0,0.0,0.0,0.0,0.0,0.0,2.0,2.0,4.0,4.0,0.0,0.0,0.0,0.0,0.0,2.0,2.0,36.0,24.0,3.0,22.0,4.0,0.0,0.0,38.0,36.0,1.0,4.0,6.0,1.0,0.0,Monday,993005503.0,23,21,19214.0,-18.0,0,0.0,0.5,0.0,,0.1114500726434789,0.4183673469387755,0.4903384368735107,-0.2452772452433189,0.1558376370519347,0.5393258426966292,-0.1229354768921679,0.7625936944899704,22.3,28.3,-6.0,428.0,393.6666666666667,-1.0,0.452,0.0,264.0,334.0,2.0,0.0780150125448701,0.4350715567125727,0.2288810075578438,-0.0561023802358778,0.1606613324416918,0.5061490402791716,0.1431596190398433,0.3312800727298605,0.0879251035604535,0.2151945447524297,14.0,2.0,1.0,1.0,-40.333333333333314,815.6666666666667,-86.0,701.3333333333334,54.0,582.0,-108.0,560.0,8.0,12.0,0.03484829089079759,-0.17460177550437841
202511411.0,2025-12-04T20:15:00,1,2025,14,DET,DAL,HOME,44.0,30.0,74.0,Ford Field,10.0,10.0,7.0,17.0,0.0,31.0,6.0,28:37,20.0,7.0,12.0,1.0,60.0,352.0,5.9,3.0,30.0,119.0,4.0,1.0,27.0,20.0,233.0,2.0,0.0,8.6,11.6,74.1,124.46,13.0,8.0,61.5,2.0,0.0,0.0,3.0,2.0,0.0,0.0,5.0,22.0,1.0,0.0,3.0,23.0,2.0,1.0,2.0,85.0,42.5,0.0,0.0,0.0,3.0,6.0,10.0,11.0,0.0,28.0,54.0,31:23,18.0,5.0,11.0,2.0,60.0,359.0,6.0,4.0,30.0,125.0,4.2,0.0,30.0,18.0,234.0,4.0,0.0,7.8,13.0,60.0,124.17,12.0,6.0,50.0,3.0,3.0,100.0,2.0,2.0,0.0,0.0,3.0,20.0,2.0,0.0,0.0,0.0,7.0,7.0,2.0,134.0,67.0,0.0,0.0,0.0,66.7,0.0,100.0,0.0,3.0,3.0,0.0,0.0,0.0,0.0,0.0,1.0,1.0,4.0,4.0,0.0,0.0,0.0,0.0,0.0,1.0,1.0,29.0,24.0,0.0,0.0,5.0,1.0,0.0,35.0,31.0,3.0,23.0,2.0,0.0,0.0,Thursday,993005506.0,11,9,19224.0,14.0,1,0.0,0.615,0.0,,0.0747204892006989,0.4805194805194805,0.3816535787019655,-0.2960221100027763,0.2336879696998267,0.5131578947368421,0.5370173064725987,0.0205545585276559,22.3,24.7,-2.3,387.6666666666667,382.6666666666667,-0.333,0.421,0.4,350.0,274.0,7.0,-0.0215318182876094,0.4556891818127773,-0.0356685541803296,-0.0008408088651951,0.065584276006849,0.4518127617179595,0.2642375380058788,-0.1253222044456795,0.0643311383974266,0.0734740010837206,202511411.0,2025-12-04T20:15:00,1,2025,14,DAL,DET,AWAY,30.0,44.0,74.0,Ford Field,3.0,6.0,10.0,11.0,0.0,30.0,54.0,31:23,23.0,3.0,15.0,5.0,65.0,457.0,7.0,3.0,26.0,137.0,5.3,1.0,39.0,27.0,320.0,2.0,1.0,8.2,11.9,69.2,100.37,16.0,9.0,56.2,1.0,1.0,100.0,4.0,2.0,0.0,0.0,7.0,50.0,1.0,0.0,0.0,0.0,9.0,4.0,1.0,62.0,62.0,1.0,0.0,-1.0,10.0,10.0,7.0,17.0,0.0,29.0,6.0,28:37,19.0,7.0,12.0,0.0,60.0,362.0,6.0,4.0,23.0,119.0,5.2,0.0,34.0,23.0,243.0,4.0,0.0,7.1,10.6,67.6,127.45,13.0,5.0,38.5,3.0,3.0,100.0,3.0,3.0,0.0,0.0,10.0,119.0,1.0,0.0,3.0,18.0,6.0,2.0,5.0,215.0,43.0,0.0,1.0,1.0,50.0,0.0,100.0,0.0,2.0,2.0,0.0,2.0,1.0,0.0,0.0,3.0,3.0,4.0,4.0,0.0,0.0,0.0,0.0,0.0,0.0,0.0,30.0,30.0,3.0,18.0,1.0,1.0,0.0,34.0,26.0,0.0,0.0,6.0,1.0,0.0,Thursday,993005505.0,9,11,19051.0,-14.0,0,-1.0,0.562,0.0,,0.2094340860338488,0.5,0.4333384677541997,-0.0442053735276441,0.171844408209478,0.4642857142857143,0.3159806490698627,-0.148191184119787,29.3,21.7,7.7,437.0,312.3333333333333,-0.333,0.46,0.6,351.0,342.0,6.0,0.1156379909388863,0.5169828364950316,0.2862766785512703,-0.108072609615001,0.016152859379453,0.4551843738590726,0.0518703670765398,-0.1360227696718841,0.0575820060818014,0.0873740335826793,-10.0,5.4,-0.19999999999999996,1.0,-49.333333333333314,824.6666666666667,70.33333333333337,695.0,-1.0,701.0,-68.0,616.0,1.0,13.0,-0.1371698092264957,0.049431416627396
202511403.0,2025-12-07T13:00:00,1,2025,14,BAL,PIT,HOME,22.0,27.0,49.0,M&T Bank Stadium,3.0,6.0,7.0,6.0,0.0,21.0,14.0,33:44,16.0,8.0,7.0,1.0,57.0,346.0,6.1,2.0,22.0,123.0,5.6,2.0,32.0,17.0,223.0,0.0,1.0,7.0,13.1,53.1,62.37,10.0,3.0,30.0,2.0,1.0,50.0,2.0,1.0,0.0,0.0,7.0,53.0,4.0,4.0,3.0,23.0,7.0,4.0,3.0,149.0,49.7,5.0,1.0,-4.0,7.0,10.0,10.0,0.0,0.0,38.0,46.0,26:16,22.0,8.0,11.0,3.0,80.0,382.0,4.8,2.0,33.0,128.0,3.9,0.0,46.0,24.0,254.0,2.0,0.0,5.5,10.6,52.2,83.06,19.0,8.0,42.1,2.0,1.0,50.0,6.0,1.0,0.0,0.0,6.0,35.0,1.0,1.0,1.0,7.0,5.0,2.0,2.0,105.0,52.5,1.0,5.0,4.0,50.0,0.0,16.7,0.0,2.0,2.0,0.0,0.0,0.0,0.0,0.0,0.0,0.0,2.0,2.0,0.0,0.0,0.0,0.0,0.0,6.0,6.0,38.0,33.0,1.0,7.0,6.0,1.0,1.0,29.0,18.0,3.0,23.0,6.0,3.0,3.0,Sunday,993005508.0,3,28,19225.0,-5.0,0,-4.0,0.3,0.0,,-0.2544920221730692,0.4285714285714285,-0.5510003560964833,0.1199804306103798,0.0588647263862557,0.4509803921568627,0.1699954837147995,-0.198594585557385,20.0,19.3,0.7,312.6666666666667,283.6666666666667,-1.333,0.289,0.8,289.0,293.0,6.0,-0.0746815690916683,0.4332840155624965,-0.2449025077040958,0.0721676960830889,-0.0775627241022784,0.4179437293861145,-0.1043306216334909,-0.3526782397107427,-0.0222528342724723,-0.1180272576207347,202511403.0,2025-12-07T13:00:00,1,2025,14,PIT,BAL,AWAY,27.0,22.0,49.0,M&T Bank Stadium,7.0,10.0,10.0,0.0,0.0,18.0,1.0,26:16,10.0,5.0,4.0,1.0,43.0,166.0,3.9,1.0,18.0,58.0,3.2,1.0,24.0,10.0,108.0,0.0,1.0,4.5,10.8,41.7,38.19,9.0,3.0,33.3,1.0,0.0,0.0,2.0,1.0,0.0,0.0,5.0,67.0,2.0,1.0,1.0,9.0,1.0,4.0,4.0,161.0,40.2,2.0,2.0,0.0,3.0,6.0,7.0,6.0,0.0,41.0,59.0,33:44,26.0,16.0,9.0,1.0,74.0,372.0,5.0,3.0,51.0,249.0,4.9,1.0,23.0,15.0,123.0,1.0,1.0,5.3,8.2,65.2,75.09,15.0,8.0,53.3,2.0,2.0,100.0,4.0,2.0,0.0,0.0,7.0,45.0,2.0,1.0,0.0,0.0,2.0,4.0,2.0,99.0,49.5,2.0,2.0,0.0,50.0,0.0,50.0,0.0,1.0,1.0,0.0,0.0,0.0,0.0,0.0,0.0,0.0,3.0,2.0,0.0,0.0,0.0,0.0,0.0,2.0,2.0,42.0,46.0,0.0,0.0,3.0,2.0,1.0,16.0,23.0,1.0,9.0,4.0,1.0,1.0,Sunday,993005507.0,28,3,19235.0,5.0,1,0.0,0.333,0.0,,-0.336190139684573,0.3272727272727272,-0.4746906421333551,-0.3541915322485793,0.0619950586229292,0.4545454545454545,0.2456742314432092,0.0164170509939856,23.0,23.0,0.0,284.6666666666667,332.3333333333333,0.667,0.481,0.4,281.0,289.0,6.0,-0.0633954846779317,0.4501761804087385,-0.0691588156532008,-0.0732621909266117,-0.0183668958130769,0.4290025692464717,-0.0197103423608839,0.0296631703094351,-0.0876602836729283,-0.0298535602659534,0.7,0.7,0.4,1.2000000000000002,28.0,597.3333333333334,-48.66666666666663,616.0,8.0,570.0,4.0,582.0,0.0,12.0,-0.011286084413736602,-0.059195828289201495
202511420.0,2025-12-07T13:00:00,1,2025,14,MIN,WAS,HOME,31.0,0.0,31.0,U.S. Bank Stadium,7.0,7.0,10.0,7.0,0.0,25.0,39.0,34:52,11.0,3.0,6.0,2.0,50.0,162.0,3.2,0.0,16.0,66.0,4.1,0.0,30.0,19.0,96.0,0.0,4.0,3.2,5.1,63.3,28.61,10.0,2.0,20.0,2.0,0.0,0.0,1.0,0.0,0.0,0.0,10.0,80.0,2.0,1.0,4.0,30.0,5.0,7.0,5.0,252.0,50.4,5.0,2.0,-3.0,0.0,0.0,0.0,0.0,0.0,34.0,21.0,25:08,17.0,8.0,8.0,1.0,62.0,219.0,3.5,2.0,32.0,125.0,3.9,1.0,26.0,14.0,94.0,0.0,0.0,3.6,6.7,53.8,62.02,15.0,6.0,40.0,1.0,1.0,100.0,2.0,1.0,0.0,0.0,4.0,25.0,3.0,2.0,4.0,34.0,7.0,4.0,4.0,203.0,50.8,2.0,5.0,3.0,0.0,0.0,50.0,0.0,0.0,0.0,0.0,0.0,0.0,0.0,0.0,0.0,0.0,2.0,2.0,0.0,0.0,0.0,0.0,0.0,4.0,4.0,35.0,28.0,4.0,34.0,6.0,3.0,2.0,29.0,21.0,4.0,30.0,6.0,2.0,1.0,Sunday,993005510.0,20,35,19233.0,31.0,1,-3.0,0.2,0.0,,-0.501576024899707,0.2923076923076923,-0.8455172310533401,-0.2675195065530715,-0.0269646836156439,0.4444444444444444,-0.2344827484016988,-0.0493884151302544,7.7,22.7,-15.0,190.66666666666663,275.6666666666667,-2.667,0.232,0.2,224.0,281.0,4.0,-0.2972917443403862,0.3859416445623342,-0.6184954934107564,-0.101475343832454,-0.0040256622065532,0.4642408490361707,0.0349134918296667,-0.0996233088648961,-0.2074293868662088,-0.020131999916191,202511420.0,2025-12-07T13:00:00,1,2025,14,WAS,MIN,AWAY,0.0,31.0,31.0,U.S. Bank Stadium,0.0,0.0,0.0,0.0,0.0,35.0,0.0,25:08,30.0,10.0,17.0,3.0,85.0,419.0,4.9,3.0,33.0,143.0,4.3,1.0,50.0,28.0,276.0,2.0,1.0,5.5,9.9,56.0,76.75,17.0,8.0,47.1,3.0,3.0,100.0,5.0,3.0,0.0,0.0,5.0,35.0,2.0,0.0,2.0,18.0,4.0,2.0,4.0,169.0,42.2,1.0,1.0,0.0,7.0,7.0,10.0,7.0,0.0,32.0,13.0,34:52,23.0,6.0,17.0,0.0,69.0,402.0,5.8,3.0,23.0,87.0,3.8,2.0,45.0,29.0,315.0,1.0,1.0,7.0,10.9,64.4,83.1,15.0,7.0,46.7,1.0,1.0,100.0,5.0,3.0,0.0,0.0,5.0,33.0,1.0,0.0,1.0,6.0,6.0,8.0,4.0,181.0,45.2,1.0,1.0,0.0,60.0,0.0,60.0,0.0,2.0,2.0,0.0,2.0,0.0,0.0,0.0,2.0,2.0,3.0,3.0,0.0,0.0,0.0,0.0,0.0,2.0,2.0,32.0,38.0,1.0,6.0,5.0,1.0,0.0,47.0,27.0,2.0,18.0,9.0,2.0,0.0,Sunday,993005509.0,35,20,19236.0,-31.0,0,0.0,0.471,0.0,,0.0736113851239283,0.4351851851851852,0.086492180650396,0.0914216519508045,0.1256607955261938,0.4705882352941176,0.1978973098760936,0.0455680871022022,20.3,29.0,-8.7,362.0,419.6666666666667,-0.667,0.377,0.0,262.0,323.0,3.0,0.0793053202470907,0.4772676024578612,0.262781402113043,-0.0520281407777883,0.2223661698144796,0.5430545712260807,0.3297761017095591,0.0784979474975366,0.0061532261324903,0.2438021225651659,-6.300000000000001,-23.7,0.2,0.2,-171.33333333333337,552.6666666666666,-144.0,695.3333333333334,-38.0,486.0,-42.0,604.0,1.0,7.0,-0.3765970645874769,-0.2263918320210328
202511404.0,2025-12-07T13:00:00,1,2025,14,BUF,CIN,HOME,39.0,34.0,73.0,Highmark Stadium,3.0,8.0,7.0,21.0,0.0,41.0,59.0,31:48,26.0,16.0,9.0,1.0,74.0,372.0,5.0,3.0,51.0,249.0,4.9,1.0,23.0,15.0,123.0,1.0,1.0,5.3,8.2,65.2,75.09,15.0,8.0,53.3,2.0,2.0,100.0,4.0,2.0,0.0,0.0,7.0,45.0,2.0,1.0,0.0,0.0,2.0,4.0,2.0,99.0,49.5,2.0,2.0,0.0,7.0,14.0,0.0,13.0,0.0,18.0,1.0,28:12,10.0,5.0,4.0,1.0,43.0,166.0,3.9,1.0,18.0,58.0,3.2,1.0,24.0,10.0,108.0,0.0,1.0,4.5,10.8,41.7,38.19,9.0,3.0,33.3,1.0,0.0,0.0,2.0,1.0,0.0,0.0,5.0,67.0,2.0,1.0,1.0,9.0,1.0,4.0,4.0,161.0,40.2,2.0,2.0,0.0,50.0,0.0,50.0,0.0,3.0,2.0,0.0,0.0,0.0,0.0,0.0,2.0,2.0,1.0,1.0,0.0,0.0,0.0,0.0,0.0,0.0,0.0,16.0,23.0,1.0,9.0,4.0,1.0,1.0,42.0,46.0,0.0,0.0,3.0,2.0,1.0,Sunday,993005516.0,4,7,19235.0,5.0,1,0.0,0.533,0.0,,0.0619950586229292,0.4545454545454545,0.2456742314432092,0.0164170509939856,-0.336190139684573,0.3272727272727272,-0.4746906421333551,-0.3541915322485793,29.7,20.7,9.0,370.6666666666667,264.6666666666667,-1.333,0.464,0.6,337.0,259.0,8.0,0.104951608458133,0.4499568859324956,0.122459730587139,0.0625029362133773,-0.0782549918204107,0.4272727272727272,-0.2336723880946182,-0.0303828171740573,0.0887943499786004,0.0209565469865826,202511404.0,2025-12-07T13:00:00,1,2025,14,CIN,BUF,AWAY,34.0,39.0,73.0,Highmark Stadium,7.0,14.0,0.0,13.0,0.0,38.0,46.0,28:12,22.0,8.0,11.0,3.0,80.0,382.0,4.8,2.0,33.0,128.0,3.9,0.0,46.0,24.0,254.0,2.0,0.0,5.5,10.6,52.2,83.06,19.0,8.0,42.1,2.0,1.0,50.0,6.0,1.0,0.0,0.0,6.0,35.0,1.0,1.0,1.0,7.0,5.0,2.0,2.0,105.0,52.5,1.0,5.0,4.0,3.0,8.0,7.0,21.0,0.0,21.0,14.0,31:48,16.0,8.0,7.0,1.0,57.0,346.0,6.1,2.0,22.0,123.0,5.6,2.0,32.0,17.0,223.0,0.0,1.0,7.0,13.1,53.1,62.37,10.0,3.0,30.0,2.0,1.0,50.0,2.0,1.0,0.0,0.0,7.0,53.0,4.0,4.0,3.0,23.0,7.0,4.0,3.0,149.0,49.7,5.0,1.0,-4.0,16.7,0.0,50.0,0.0,2.0,2.0,0.0,0.0,0.0,0.0,0.0,6.0,6.0,2.0,2.0,0.0,0.0,0.0,0.0,0.0,0.0,0.0,29.0,18.0,3.0,23.0,6.0,3.0,3.0,38.0,33.0,1.0,7.0,6.0,1.0,1.0,Sunday,993005515.0,7,4,19225.0,-5.0,0,4.0,0.421,0.0,,0.0588647263862557,0.4509803921568627,0.1699954837147995,-0.198594585557385,-0.2544920221730692,0.4285714285714285,-0.5510003560964833,0.1199804306103798,21.3,24.7,-3.3,328.6666666666667,360.3333333333333,0.667,0.373,0.2,280.0,374.0,4.0,-0.0395972216072971,0.4360410830999066,-0.1634505744294581,-0.0111646036424212,-0.0113582482946308,0.4801587301587302,0.017289359834991,-0.0875401386230386,0.0760998621949993,0.1036267766394354,12.3,5.7,0.39999999999999997,0.8,42.0,699.3333333333334,-95.66666666666663,625.0,57.0,617.0,-115.0,633.0,4.0,12.0,0.14454883006543012,-0.0668967435257799
202511433.0,2025-12-07T13:00:00,1,2025,14,TB,NO,HOME,20.0,24.0,44.0,Raymond James Stadium,7.0,3.0,7.0,3.0,0.0,30.0,26.0,32:12,13.0,5.0,8.0,0.0,57.0,279.0,4.9,2.0,27.0,95.0,3.5,1.0,28.0,18.0,184.0,1.0,0.0,6.6,10.2,64.3,94.94,16.0,7.0,43.8,1.0,1.0,100.0,4.0,2.0,0.0,0.0,5.0,40.0,1.0,0.0,2.0,10.0,7.0,3.0,5.0,240.0,48.0,0.0,2.0,2.0,7.0,0.0,10.0,7.0,0.0,29.0,34.0,27:48,22.0,6.0,16.0,0.0,61.0,386.0,6.3,2.0,19.0,95.0,5.0,0.0,40.0,29.0,291.0,2.0,1.0,7.3,10.0,72.5,99.06,8.0,3.0,37.5,2.0,0.0,0.0,2.0,2.0,0.0,0.0,4.0,33.0,1.0,1.0,2.0,10.0,1.0,5.0,2.0,92.0,46.0,2.0,0.0,-2.0,50.0,0.0,100.0,0.0,2.0,2.0,0.0,0.0,0.0,0.0,0.0,2.0,2.0,2.0,2.0,0.0,0.0,0.0,0.0,0.0,2.0,1.0,36.0,25.0,2.0,10.0,3.0,1.0,1.0,27.0,35.0,2.0,10.0,3.0,1.0,0.0,Sunday,993005514.0,33,22,19231.0,-4.0,0,2.0,0.438,0.0,,-0.0007589872078275,0.4683544303797468,0.005201230869807,-0.0834673433311526,-0.0585498137778564,0.6111111111111112,0.1135478582914966,-0.4108983439036819,19.7,31.7,-12.0,279.6666666666667,377.6666666666667,0.333,0.471,0.4,279.0,301.0,7.0,-0.0670899492867934,0.448801070289184,-0.2074905264399313,0.0180652113712531,0.111090869689271,0.5726650563607084,0.2347854480632002,-0.1595166595016554,-0.0433037264997049,0.0161313009144139,202511433.0,2025-12-07T13:00:00,1,2025,14,NO,TB,AWAY,24.0,20.0,44.0,Raymond James Stadium,7.0,0.0,10.0,7.0,0.0,29.0,52.0,27:48,20.0,6.0,12.0,2.0,69.0,294.0,4.3,2.0,27.0,81.0,3.0,0.0,38.0,26.0,213.0,2.0,1.0,5.6,8.2,68.4,89.04,12.0,4.0,33.3,1.0,0.0,0.0,2.0,2.0,0.0,0.0,6.0,45.0,1.0,1.0,4.0,26.0,6.0,7.0,6.0,293.0,48.8,2.0,1.0,-1.0,7.0,3.0,7.0,3.0,0.0,30.0,8.0,32:12,16.0,8.0,8.0,0.0,59.0,298.0,5.1,1.0,32.0,164.0,5.1,1.0,23.0,12.0,134.0,0.0,1.0,5.8,11.2,52.2,51.72,12.0,4.0,33.3,1.0,0.0,0.0,2.0,0.0,0.0,0.0,3.0,15.0,1.0,0.0,4.0,23.0,8.0,5.0,4.0,201.0,50.2,1.0,2.0,1.0,100.0,0.0,0.0,0.0,0.0,0.0,0.0,2.0,0.0,1.0,1.0,1.0,1.0,1.0,1.0,0.0,0.0,0.0,0.0,0.0,4.0,4.0,29.0,32.0,4.0,23.0,3.0,0.0,0.0,37.0,35.0,4.0,26.0,6.0,1.0,1.0,Sunday,993005513.0,22,33,19229.0,4.0,1,-1.0,0.333,0.0,,-0.1168259457494235,0.4555555555555555,-0.2050082385746205,-0.1016213832033053,-0.0826134192082735,0.4729729729729729,-0.3533435447404947,0.0835349825294023,14.7,17.3,-2.7,325.0,258.3333333333333,-0.333,0.372,0.2,182.0,295.0,2.0,-0.1046836819954022,0.4270291568163908,-0.0570483880686603,-0.0895599503667269,-0.0994426798243442,0.4645925891645069,-0.2390274849866315,-0.1353407820660878,-0.1846169864754896,-0.0405389517964576,-9.3,-14.7,0.2,0.6000000000000001,-45.333333333333314,604.6666666666667,119.33333333333337,636.0,97.0,461.0,6.0,596.0,5.0,9.0,0.0375937327086088,0.2105335495136152
202511408.0,2025-12-07T13:00:00,1,2025,14,CLE,TEN,HOME,29.0,31.0,60.0,Huntington Bank Field,3.0,14.0,0.0,12.0,0.0,29.0,50.0,28:04,15.0,8.0,7.0,0.0,60.0,253.0,4.2,1.0,31.0,138.0,4.5,0.0,26.0,17.0,115.0,1.0,0.0,4.4,6.8,65.4,87.82,11.0,3.0,27.3,4.0,0.0,0.0,0.0,0.0,0.0,0.0,4.0,25.0,4.0,2.0,3.0,34.0,7.0,4.0,4.0,178.0,44.5,2.0,0.0,-2.0,14.0,0.0,7.0,10.0,0.0,30.0,10.0,31:56,19.0,7.0,11.0,1.0,64.0,252.0,3.9,3.0,33.0,91.0,2.8,2.0,30.0,16.0,161.0,1.0,0.0,5.4,10.1,53.3,80.0,17.0,11.0,64.7,0.0,0.0,0.0,5.0,3.0,0.0,0.0,3.0,11.0,0.0,0.0,1.0,7.0,6.0,5.0,5.0,178.0,35.6,0.0,2.0,2.0,0.0,0.0,60.0,0.0,0.0,0.0,0.0,0.0,0.0,1.0,1.0,0.0,0.0,2.0,2.0,0.0,2.0,0.0,0.0,0.0,2.0,2.0,27.0,39.0,1.0,7.0,3.0,0.0,0.0,36.0,27.0,3.0,34.0,1.0,1.0,2.0,Sunday,993005520.0,8,34,19227.0,-2.0,0,-2.0,0.273,0.0,,-0.260486938443693,0.4,-0.2401030436303699,-0.1922999545222959,0.054023040252847,0.3875,0.0516951030101124,-0.034886187888802,16.0,19.7,-3.7,236.66666666666663,290.3333333333333,-0.333,0.222,0.2,194.0,270.0,3.0,-0.2193049497381986,0.3736060196797222,-0.307793309525139,-0.257703908176297,-0.1161017028548659,0.3888095085879895,-0.2047423929670261,-0.1110793580604015,-0.2136622988528377,-0.0798256138937334,202511408.0,2025-12-07T13:00:00,1,2025,14,TEN,CLE,AWAY,31.0,29.0,60.0,Huntington Bank Field,14.0,0.0,7.0,10.0,0.0,28.0,34.0,31:56,11.0,5.0,4.0,2.0,55.0,188.0,3.4,0.0,14.0,67.0,4.8,0.0,38.0,24.0,121.0,0.0,0.0,3.2,5.0,63.2,67.98,12.0,2.0,16.7,4.0,1.0,25.0,1.0,0.0,0.0,0.0,10.0,86.0,3.0,2.0,3.0,20.0,5.0,5.0,5.0,232.0,46.4,2.0,0.0,-2.0,3.0,14.0,0.0,12.0,0.0,31.0,26.0,28:04,20.0,3.0,13.0,4.0,57.0,272.0,4.8,3.0,27.0,70.0,2.6,1.0,27.0,16.0,202.0,2.0,0.0,7.5,12.6,59.3,107.33,13.0,3.0,23.1,1.0,1.0,100.0,2.0,2.0,0.0,0.0,13.0,98.0,0.0,0.0,3.0,27.0,5.0,4.0,7.0,313.0,44.7,0.0,2.0,2.0,0.0,0.0,100.0,0.0,0.0,0.0,0.0,0.0,0.0,0.0,0.0,1.0,1.0,2.0,2.0,0.0,0.0,0.0,1.0,1.0,1.0,1.0,29.0,23.0,3.0,27.0,2.0,0.0,0.0,31.0,20.0,3.0,20.0,3.0,3.0,2.0,Sunday,993005519.0,34,8,19232.0,2.0,1,-2.0,0.167,0.0,,-0.4078295739469262,0.2676056338028169,-0.4787547027755935,-0.0189106995195078,-0.0358973302810043,0.369047619047619,0.1868717209763853,-0.2377972739312052,13.3,23.7,-10.3,237.66666666666663,313.3333333333333,-1.0,0.307,0.0,170.0,328.0,1.0,-0.1657516078968728,0.3587175474499418,-0.1156721238947493,-0.2786504276166652,0.0258770616144103,0.4467706622879037,0.1751217740713268,-0.089381032084476,-0.1475679096298282,0.0745714507440249,6.6000000000000005,-14.0,0.2,0.2,-1.0,474.33333333333326,-23.0,603.6666666666666,24.0,364.0,-58.0,598.0,2.0,4.0,-0.05355334184132582,-0.1419787644692762
202511424.0,2025-12-07T13:00:00,1,2025,14,NYJ,MIA,HOME,10.0,34.0,44.0,MetLife Stadium,7.0,0.0,0.0,3.0,0.0,27.0,5.0,23:53,16.0,7.0,8.0,1.0,63.0,269.0,4.3,3.0,28.0,110.0,3.9,2.0,33.0,19.0,159.0,1.0,0.0,4.8,8.4,57.6,80.24,16.0,7.0,43.8,1.0,1.0,100.0,3.0,2.0,0.0,0.0,9.0,59.0,0.0,0.0,2.0,13.0,7.0,7.0,6.0,296.0,49.3,0.0,1.0,1.0,21.0,3.0,0.0,10.0,0.0,32.0,55.0,36:07,25.0,11.0,12.0,2.0,67.0,389.0,5.8,3.0,32.0,167.0,5.2,2.0,33.0,21.0,222.0,1.0,0.0,6.7,10.6,63.6,93.24,12.0,4.0,33.3,0.0,0.0,0.0,3.0,3.0,0.0,0.0,1.0,27.0,1.0,1.0,2.0,12.0,6.0,7.0,6.0,233.0,38.8,1.0,0.0,-1.0,66.7,0.0,100.0,0.0,3.0,3.0,0.0,0.0,0.0,0.0,0.0,3.0,2.0,3.0,3.0,0.0,0.0,0.0,0.0,0.0,2.0,1.0,36.0,32.0,2.0,12.0,7.0,0.0,1.0,34.0,21.0,2.0,13.0,3.0,0.0,0.0,Sunday,993005512.0,24,19,19230.0,-24.0,0,1.0,0.438,0.0,,0.1322771622483952,0.4719101123595505,0.0843078422173962,-0.0966815089896871,0.1130091391815678,0.5465116279069767,0.1843258717504693,0.1771055757681923,17.0,24.7,-7.7,265.3333333333333,322.0,-0.667,0.458,0.6,246.0,315.0,3.0,-0.0089116466529917,0.4641244776076236,0.0140411146576506,-0.2456607209750647,0.1073300506291225,0.4935381873366369,0.2244731507330568,-0.0132276555923297,0.0353613759412914,0.0934388991234365,202511424.0,2025-12-07T13:00:00,1,2025,14,MIA,NYJ,AWAY,34.0,10.0,44.0,MetLife Stadium,21.0,3.0,0.0,10.0,0.0,30.0,8.0,36:07,16.0,8.0,8.0,0.0,59.0,298.0,5.1,1.0,32.0,164.0,5.1,1.0,23.0,12.0,134.0,0.0,1.0,5.8,11.2,52.2,51.72,12.0,4.0,33.3,1.0,0.0,0.0,2.0,0.0,0.0,0.0,3.0,15.0,1.0,0.0,4.0,23.0,8.0,5.0,4.0,201.0,50.2,1.0,2.0,1.0,7.0,0.0,0.0,3.0,0.0,29.0,52.0,23:53,20.0,6.0,12.0,2.0,69.0,294.0,4.3,2.0,27.0,81.0,3.0,0.0,38.0,26.0,213.0,2.0,1.0,5.6,8.2,68.4,89.04,12.0,4.0,33.3,1.0,0.0,0.0,2.0,2.0,0.0,0.0,6.0,45.0,1.0,1.0,4.0,26.0,6.0,7.0,6.0,293.0,48.8,2.0,1.0,-1.0,0.0,0.0,100.0,0.0,1.0,1.0,0.0,0.0,0.0,0.0,0.0,4.0,4.0,0.0,0.0,0.0,2.0,0.0,1.0,1.0,1.0,1.0,37.0,35.0,4.0,26.0,6.0,1.0,1.0,29.0,32.0,4.0,23.0,3.0,0.0,0.0,Sunday,993005511.0,19,24,19229.0,24.0,1,1.0,0.333,0.0,,-0.0826134192082735,0.4729729729729729,-0.3533435447404947,0.0835349825294023,-0.1168259457494235,0.4555555555555555,-0.2050082385746205,-0.1016213832033053,22.3,14.3,8.0,326.3333333333333,349.6666666666667,1.333,0.333,0.8,247.0,286.0,5.0,0.0943632154583577,0.4905453581924169,0.061790501972414,0.0734111118764882,-0.0425540999769474,0.4893004115226336,0.0518760107427296,-0.2448104594653204,0.0527143741864493,-0.0438396679136139,-15.7,0.2999999999999998,-0.20000000000000007,1.4,-61.0,591.6666666666666,-27.666666666666686,671.6666666666667,-1.0,493.0,29.0,601.0,-2.0,8.0,-0.1032748621113494,0.1498841506060699
202511415.0,2025-12-07T13:00:00,1,2025,14,JAX,IND,HOME,36.0,19.0,55.0,EverBank Stadium,14.0,14.0,0.0,8.0,0.0,31.0,26.0,30:05,20.0,3.0,13.0,4.0,57.0,272.0,4.8,3.0,27.0,70.0,2.6,1.0,27.0,16.0,202.0,2.0,0.0,7.5,12.6,59.3,107.33,13.0,3.0,23.1,1.0,1.0,100.0,2.0,2.0,0.0,0.0,13.0,98.0,0.0,0.0,3.0,27.0,5.0,4.0,7.0,313.0,44.7,0.0,2.0,2.0,7.0,3.0,3.0,6.0,0.0,28.0,34.0,29:55,11.0,5.0,4.0,2.0,55.0,188.0,3.4,0.0,14.0,67.0,4.8,0.0,38.0,24.0,121.0,0.0,0.0,3.2,5.0,63.2,67.98,12.0,2.0,16.7,4.0,1.0,25.0,1.0,0.0,0.0,0.0,10.0,86.0,3.0,2.0,3.0,20.0,5.0,5.0,5.0,232.0,46.4,2.0,0.0,-2.0,100.0,0.0,0.0,0.0,2.0,2.0,0.0,0.0,0.0,1.0,1.0,1.0,1.0,0.0,0.0,0.0,0.0,0.0,0.0,0.0,1.0,1.0,31.0,20.0,3.0,20.0,3.0,3.0,2.0,29.0,23.0,3.0,27.0,2.0,0.0,0.0,Sunday,993005522.0,15,14,19232.0,17.0,1,2.0,0.231,0.0,,-0.0358973302810043,0.369047619047619,0.1868717209763853,-0.2377972739312052,-0.4078295739469262,0.2676056338028169,-0.4787547027755935,-0.0189106995195078,29.0,11.0,18.0,329.3333333333333,216.33333333333337,-0.667,0.334,0.8,292.0,253.0,8.0,0.0172159655154637,0.477075702075702,0.0751831743204816,-0.1100917097169208,-0.2752830086431551,0.382676644890235,-0.385912320665871,-0.1465823486277345,0.0249128429727304,-0.1371217564595817,202511415.0,2025-12-07T13:00:00,1,2025,14,IND,JAX,AWAY,19.0,36.0,55.0,EverBank Stadium,7.0,3.0,3.0,6.0,0.0,25.0,2.0,29:55,17.0,5.0,9.0,3.0,51.0,281.0,5.5,2.0,23.0,86.0,3.7,0.0,27.0,14.0,195.0,2.0,0.0,7.2,13.9,51.9,100.08,10.0,3.0,30.0,2.0,0.0,0.0,4.0,2.0,0.0,0.0,5.0,33.0,2.0,0.0,1.0,6.0,5.0,4.0,4.0,189.0,47.2,0.0,1.0,1.0,14.0,14.0,0.0,8.0,0.0,34.0,58.0,30:05,24.0,7.0,14.0,3.0,71.0,364.0,5.1,2.0,34.0,108.0,3.2,2.0,35.0,22.0,256.0,0.0,1.0,7.3,11.6,62.9,73.04,13.0,6.0,46.2,2.0,0.0,0.0,5.0,2.0,0.0,0.0,9.0,85.0,1.0,0.0,2.0,20.0,6.0,5.0,2.0,96.0,48.0,1.0,0.0,-1.0,50.0,0.0,40.0,0.0,2.0,1.0,0.0,0.0,0.0,0.0,0.0,1.0,1.0,2.0,2.0,0.0,0.0,0.0,0.0,0.0,2.0,2.0,35.0,38.0,2.0,20.0,5.0,1.0,0.0,22.0,30.0,1.0,6.0,4.0,0.0,0.0,Sunday,993005521.0,14,15,19228.0,-17.0,0,1.0,0.3,0.0,,-0.0525344027293086,0.3880597014925373,0.1521783048193876,-0.2849482733290642,0.0369089989841911,0.449438202247191,0.2394763954832201,-0.2141210010466498,22.3,22.7,-0.3,351.6666666666667,382.6666666666667,0.667,0.284,0.4,357.0,249.0,8.0,0.0216704406481977,0.4564594609370728,0.0752122950961789,-0.0593332433267341,0.0206235288653518,0.4728215836399191,0.1118913759964165,-0.116084085095634,0.0640826311498662,0.0037741061367993,18.3,17.7,0.4,1.2000000000000002,-22.33333333333337,681.0,-166.33333333333331,599.0,-65.0,649.0,4.0,502.0,0.0,16.0,-0.004454475132734,-0.2959065375085069
202511402.0,2025-12-07T13:00:00,1,2025,14,ATL,SEA,HOME,9.0,37.0,46.0,Mercedes-Benz Stadium,3.0,3.0,0.0,3.0,0.0,32.0,55.0,28:40,25.0,11.0,12.0,2.0,67.0,389.0,5.8,3.0,32.0,167.0,5.2,2.0,33.0,21.0,222.0,1.0,0.0,6.7,10.6,63.6,93.24,12.0,4.0,33.3,0.0,0.0,0.0,3.0,3.0,0.0,0.0,1.0,27.0,1.0,1.0,2.0,12.0,6.0,7.0,6.0,233.0,38.8,1.0,0.0,-1.0,3.0,3.0,17.0,14.0,0.0,27.0,5.0,31:20,16.0,7.0,8.0,1.0,63.0,269.0,4.3,3.0,28.0,110.0,3.9,2.0,33.0,19.0,159.0,1.0,0.0,4.8,8.4,57.6,80.24,16.0,7.0,43.8,1.0,1.0,100.0,3.0,2.0,0.0,0.0,9.0,59.0,0.0,0.0,2.0,13.0,7.0,7.0,6.0,296.0,49.3,0.0,1.0,1.0,100.0,0.0,66.7,0.0,3.0,3.0,0.0,0.0,0.0,0.0,0.0,2.0,1.0,3.0,3.0,0.0,0.0,0.0,0.0,0.0,3.0,2.0,34.0,21.0,2.0,13.0,3.0,0.0,0.0,36.0,32.0,2.0,12.0,7.0,0.0,1.0,Sunday,993005518.0,2,30,19230.0,-28.0,0,-1.0,0.333,0.0,,0.1130091391815678,0.5465116279069767,0.1843258717504693,0.1771055757681923,0.1322771622483952,0.4719101123595505,0.0843078422173962,-0.0966815089896871,25.0,22.3,2.7,346.3333333333333,349.3333333333333,-0.333,0.316,0.2,243.0,276.0,4.0,0.0297740930852328,0.5091006848704775,0.1038261099081404,-0.0082997133156354,-0.0044009347246846,0.4480835126304884,0.0307708608464101,-0.1756266877965955,0.023070843540209,0.0226842900919667,202511402.0,2025-12-07T13:00:00,1,2025,14,SEA,ATL,AWAY,37.0,9.0,46.0,Mercedes-Benz Stadium,3.0,3.0,17.0,14.0,0.0,34.0,21.0,31:20,17.0,8.0,8.0,1.0,62.0,219.0,3.5,2.0,32.0,125.0,3.9,1.0,26.0,14.0,94.0,0.0,0.0,3.6,6.7,53.8,62.02,15.0,6.0,40.0,1.0,1.0,100.0,2.0,1.0,0.0,0.0,4.0,25.0,3.0,2.0,4.0,34.0,7.0,4.0,4.0,203.0,50.8,2.0,5.0,3.0,3.0,3.0,0.0,3.0,0.0,25.0,39.0,28:40,11.0,3.0,6.0,2.0,50.0,162.0,3.2,0.0,16.0,66.0,4.1,0.0,30.0,19.0,96.0,0.0,4.0,3.2,5.1,63.3,28.61,10.0,2.0,20.0,2.0,0.0,0.0,1.0,0.0,0.0,0.0,10.0,80.0,2.0,1.0,4.0,30.0,5.0,7.0,5.0,252.0,50.4,5.0,2.0,-3.0,50.0,0.0,0.0,0.0,2.0,2.0,0.0,0.0,0.0,0.0,0.0,4.0,4.0,0.0,0.0,0.0,0.0,0.0,0.0,0.0,0.0,0.0,29.0,21.0,4.0,30.0,6.0,2.0,1.0,35.0,28.0,4.0,34.0,6.0,3.0,2.0,Sunday,993005517.0,30,2,19233.0,28.0,1,3.0,0.4,0.0,,-0.0269646836156439,0.4444444444444444,-0.2344827484016988,-0.0493884151302544,-0.501576024899707,0.2923076923076923,-0.8455172310533401,-0.2675195065530715,25.0,15.0,10.0,328.6666666666667,235.66666666666663,0.0,0.374,0.8,350.0,217.0,9.0,-0.0220576959809218,0.4797632684230622,-0.0538834128480255,0.0172062290045855,-0.2466720055794558,0.3717278364337188,-0.360024479296792,-0.2022291424261587,0.0763883599620133,-0.2063669496181332,-7.3,12.7,-0.6000000000000001,1.0,17.66666666666663,675.0,113.66666666666669,585.0,-107.0,593.0,59.0,493.0,-5.0,13.0,0.0518317890661546,0.24227107085477118
202511425.0,2025-12-07T16:05:00,1,2025,14,LV,DEN,HOME,17.0,24.0,41.0,Allegiant Stadium,7.0,0.0,0.0,10.0,0.0,24.0,12.0,20:57,12.0,1.0,9.0,2.0,46.0,156.0,3.4,2.0,18.0,31.0,1.7,0.0,23.0,18.0,125.0,2.0,1.0,5.4,6.9,78.3,100.18,8.0,2.0,25.0,2.0,0.0,0.0,2.0,2.0,0.0,0.0,4.0,50.0,1.0,0.0,5.0,40.0,4.0,7.0,4.0,186.0,46.5,1.0,1.0,0.0,7.0,7.0,7.0,3.0,0.0,35.0,48.0,39:03,22.0,8.0,11.0,3.0,67.0,341.0,5.1,4.0,43.0,192.0,4.5,2.0,21.0,16.0,149.0,2.0,1.0,7.1,9.3,76.2,107.04,17.0,12.0,70.6,1.0,0.0,0.0,5.0,3.0,0.0,0.0,4.0,27.0,0.0,0.0,3.0,11.0,9.0,8.0,2.0,115.0,57.5,1.0,1.0,0.0,100.0,0.0,60.0,0.0,2.0,2.0,0.0,0.0,0.0,0.0,0.0,0.0,0.0,4.0,4.0,0.0,0.0,0.0,0.0,0.0,1.0,1.0,39.0,34.0,3.0,11.0,1.0,0.0,0.0,31.0,14.0,5.0,40.0,5.0,1.0,0.0,Sunday,993005524.0,25,10,19234.0,-7.0,0,0.0,0.25,0.0,,-0.1631418752570675,0.5166666666666667,0.0327759822646233,-0.7521091977541801,0.1203899975595882,0.4512195121951219,0.2689741301254219,0.0392250963329413,13.3,29.3,-16.0,220.0,330.6666666666667,0.333,0.245,0.0,179.0,308.0,2.0,-0.2165684686483257,0.4358104858104858,-0.153548508949906,-0.4586823619118372,0.0087142400434451,0.444749799610672,0.1447982815708337,-0.0898688264542201,-0.171682753161859,-0.0316238674230157,202511425.0,2025-12-07T16:05:00,1,2025,14,DEN,LV,AWAY,24.0,17.0,41.0,Allegiant Stadium,7.0,7.0,7.0,3.0,0.0,32.0,13.0,39:03,23.0,6.0,17.0,0.0,69.0,402.0,5.8,3.0,23.0,87.0,3.8,2.0,45.0,29.0,315.0,1.0,1.0,7.0,10.9,64.4,83.1,15.0,7.0,46.7,1.0,1.0,100.0,5.0,3.0,0.0,0.0,5.0,33.0,1.0,0.0,1.0,6.0,6.0,8.0,4.0,181.0,45.2,1.0,1.0,0.0,7.0,0.0,0.0,10.0,0.0,35.0,0.0,20:57,30.0,10.0,17.0,3.0,85.0,419.0,4.9,3.0,33.0,143.0,4.3,1.0,50.0,28.0,276.0,2.0,1.0,5.5,9.9,56.0,76.75,17.0,8.0,47.1,3.0,3.0,100.0,5.0,3.0,0.0,0.0,5.0,35.0,2.0,0.0,2.0,18.0,4.0,2.0,4.0,169.0,42.2,1.0,1.0,0.0,60.0,0.0,60.0,0.0,3.0,3.0,0.0,0.0,0.0,0.0,0.0,2.0,2.0,2.0,2.0,0.0,2.0,0.0,0.0,0.0,2.0,2.0,47.0,27.0,2.0,18.0,9.0,2.0,0.0,32.0,38.0,1.0,6.0,5.0,1.0,0.0,Sunday,993005523.0,10,25,19236.0,7.0,1,0.0,0.467,0.0,,0.1256607955261938,0.4705882352941176,0.1978973098760936,0.0455680871022022,0.0736113851239283,0.4351851851851852,0.086492180650396,0.0914216519508045,19.7,17.3,2.3,321.3333333333333,306.0,0.0,0.422,1.0,284.0,218.0,10.0,-0.0480106030308277,0.4411299182541012,-0.0337154258475255,-0.1037763273772503,-0.0861629821354374,0.4190329678835425,-0.08934769424947,-0.0287372139537288,0.0070762373653841,-0.0702430949503012,-18.3,-13.7,-1.0,1.0,-101.33333333333331,541.3333333333333,24.666666666666686,636.6666666666667,-105.0,463.0,90.0,526.0,-8.0,12.0,-0.16855786561749803,0.0948772221788825
202511412.0,2025-12-07T16:25:00,1,2025,14,GB,CHI,HOME,28.0,21.0,49.0,Lambeau Field,0.0,14.0,7.0,7.0,0.0,28.0,54.0,26:31,18.0,5.0,11.0,2.0,60.0,359.0,6.0,4.0,30.0,125.0,4.2,0.0,30.0,18.0,234.0,4.0,0.0,7.8,13.0,60.0,124.17,12.0,6.0,50.0,3.0,3.0,100.0,2.0,2.0,0.0,0.0,3.0,20.0,2.0,0.0,0.0,0.0,7.0,7.0,2.0,134.0,67.0,0.0,0.0,0.0,0.0,3.0,11.0,7.0,0.0,31.0,6.0,33:29,20.0,7.0,12.0,1.0,60.0,352.0,5.9,3.0,30.0,119.0,4.0,1.0,27.0,20.0,233.0,2.0,0.0,8.6,11.6,74.1,124.46,13.0,8.0,61.5,2.0,0.0,0.0,3.0,2.0,0.0,0.0,5.0,22.0,1.0,0.0,3.0,23.0,2.0,1.0,2.0,85.0,42.5,0.0,0.0,0.0,100.0,0.0,66.7,0.0,4.0,4.0,0.0,0.0,0.0,0.0,0.0,1.0,1.0,3.0,3.0,0.0,0.0,0.0,0.0,0.0,1.0,1.0,35.0,31.0,3.0,23.0,2.0,0.0,0.0,29.0,24.0,0.0,0.0,5.0,1.0,0.0,Sunday,993005528.0,12,6,19224.0,7.0,1,0.0,0.5,0.0,,0.2336879696998267,0.5131578947368421,0.5370173064725987,0.0205545585276559,0.0747204892006989,0.4805194805194805,0.3816535787019655,-0.2960221100027763,27.0,16.7,10.3,314.3333333333333,277.6666666666667,1.667,0.545,0.6,294.0,226.0,8.0,0.2085195462819503,0.5015416172966912,0.443071935251553,0.0356701589818353,-0.0029261913187556,0.4761298876917538,-0.016049693965643,-0.1260382568842724,0.0937709793113835,-0.0075881465452993,202511412.0,2025-12-07T16:25:00,1,2025,14,CHI,GB,AWAY,21.0,28.0,49.0,Lambeau Field,0.0,3.0,11.0,7.0,0.0,39.0,18.0,33:29,28.0,17.0,10.0,1.0,85.0,425.0,5.0,3.0,47.0,281.0,6.0,2.0,36.0,17.0,144.0,1.0,1.0,4.0,8.5,47.2,55.79,17.0,10.0,58.8,3.0,1.0,33.3,3.0,2.0,0.0,0.0,4.0,35.0,0.0,0.0,2.0,10.0,1.0,1.0,3.0,127.0,42.3,1.0,2.0,1.0,0.0,14.0,7.0,7.0,0.0,20.0,42.0,26:31,14.0,2.0,11.0,1.0,51.0,317.0,6.2,2.0,17.0,87.0,5.1,0.0,34.0,19.0,230.0,2.0,1.0,6.8,12.1,55.9,84.19,12.0,4.0,33.3,0.0,0.0,0.0,2.0,1.0,0.0,0.0,7.0,44.0,2.0,1.0,0.0,0.0,6.0,2.0,5.0,245.0,49.0,2.0,1.0,-1.0,66.7,0.0,50.0,0.0,3.0,3.0,0.0,0.0,0.0,0.0,0.0,1.0,1.0,1.0,0.0,0.0,2.0,0.0,0.0,0.0,2.0,1.0,24.0,16.0,0.0,0.0,3.0,1.0,1.0,42.0,39.0,2.0,10.0,7.0,0.0,0.0,Sunday,993005527.0,6,12,19042.0,-7.0,0,1.0,0.588,0.0,,0.0499717331676747,0.4509803921568627,-0.1237349285643504,0.2005147982550128,-0.0930709950031431,0.3943661971830985,0.0400928247327745,-0.2551448245803305,24.7,20.0,4.7,357.6666666666667,309.0,1.0,0.505,1.0,313.0,307.0,9.0,-0.0085030748941015,0.4521667631536996,-0.0247568418142689,0.0056880359729229,-0.0936027122306664,0.4392073370455289,-0.1327557374526108,0.0109434897494365,0.0627123671149457,-0.0062626514827051,5.6000000000000005,15.0,-0.4,1.6,-43.33333333333337,672.0,-31.333333333333314,586.6666666666667,-19.0,607.0,-81.0,533.0,-1.0,17.0,0.2170226211760518,0.0906765209119108
202511401.0,2025-12-07T16:25:00,1,2025,14,ARI,LAR,HOME,17.0,45.0,62.0,State Farm Stadium,7.0,3.0,0.0,7.0,0.0,29.0,34.0,24:56,22.0,6.0,16.0,0.0,61.0,386.0,6.3,2.0,19.0,95.0,5.0,0.0,40.0,29.0,291.0,2.0,1.0,7.3,10.0,72.5,99.06,8.0,3.0,37.5,2.0,0.0,0.0,2.0,2.0,0.0,0.0,4.0,33.0,1.0,1.0,2.0,10.0,1.0,5.0,2.0,92.0,46.0,2.0,0.0,-2.0,10.0,14.0,14.0,7.0,0.0,30.0,26.0,35:04,13.0,5.0,8.0,0.0,57.0,279.0,4.9,2.0,27.0,95.0,3.5,1.0,28.0,18.0,184.0,1.0,0.0,6.6,10.2,64.3,94.94,16.0,7.0,43.8,1.0,1.0,100.0,4.0,2.0,0.0,0.0,5.0,40.0,1.0,0.0,2.0,10.0,7.0,3.0,5.0,240.0,48.0,0.0,2.0,2.0,100.0,0.0,50.0,0.0,2.0,2.0,0.0,0.0,0.0,0.0,0.0,2.0,1.0,2.0,2.0,0.0,0.0,0.0,0.0,0.0,2.0,2.0,27.0,35.0,2.0,10.0,3.0,1.0,0.0,36.0,25.0,2.0,10.0,3.0,1.0,1.0,Sunday,993005526.0,1,32,19231.0,-28.0,0,-2.0,0.375,0.0,,-0.0585498137778564,0.6111111111111112,0.1135478582914966,-0.4108983439036819,-0.0007589872078275,0.4683544303797468,0.005201230869807,-0.0834673433311526,21.0,29.3,-8.3,400.0,310.3333333333333,-0.333,0.372,0.2,265.0,303.0,3.0,-0.0748176801453564,0.5152056240594748,0.0267473935774497,-0.3220343237746974,0.064406323347004,0.5057259177252241,0.0444174405789059,-0.0758102890109653,-0.0727784665127111,0.0370767839270415,202511401.0,2025-12-07T16:25:00,1,2025,14,LAR,ARI,AWAY,45.0,17.0,62.0,State Farm Stadium,10.0,14.0,14.0,7.0,0.0,24.0,44.0,35:04,22.0,9.0,12.0,1.0,51.0,379.0,7.4,4.0,21.0,152.0,7.2,2.0,28.0,18.0,227.0,2.0,2.0,8.1,12.6,64.3,83.48,5.0,2.0,40.0,0.0,0.0,0.0,6.0,4.0,0.0,0.0,1.0,5.0,1.0,1.0,2.0,16.0,2.0,3.0,1.0,56.0,56.0,3.0,0.0,-3.0,7.0,3.0,0.0,7.0,0.0,35.0,16.0,24:56,17.0,9.0,8.0,0.0,62.0,358.0,5.8,4.0,40.0,164.0,4.1,0.0,20.0,15.0,194.0,3.0,0.0,9.7,12.9,75.0,144.58,15.0,7.0,46.7,3.0,3.0,100.0,1.0,0.0,0.0,0.0,7.0,70.0,0.0,0.0,2.0,12.0,2.0,3.0,3.0,112.0,37.3,0.0,3.0,3.0,66.7,0.0,0.0,0.0,4.0,4.0,0.0,0.0,0.0,0.0,0.0,0.0,0.0,4.0,4.0,0.0,0.0,0.0,0.0,0.0,1.0,1.0,34.0,35.0,2.0,12.0,0.0,0.0,0.0,19.0,32.0,2.0,16.0,4.0,1.0,1.0,Sunday,993005525.0,32,1,19226.0,28.0,1,-3.0,0.4,0.0,,0.1838317574924544,0.6307692307692307,-0.1170689917576965,0.5281769228140114,0.1719097694097934,0.4556962025316455,0.6272995151122064,-0.0921321761860461,27.7,19.0,8.7,320.3333333333333,321.6666666666667,0.667,0.327,0.8,334.0,210.0,9.0,0.0177485868876732,0.5359171093186438,-0.0866488355668954,0.1178484244994931,-0.104395329690325,0.4428634479480642,-0.0715386812251342,-0.081448493201593,0.1122473650119723,-0.0830807568341065,-17.0,0.3999999999999986,-0.6000000000000001,1.0,79.66666666666669,720.3333333333333,-11.333333333333371,632.0,-69.0,599.0,93.0,513.0,-6.0,12.0,-0.0925662670330296,0.168801653037329
202511416.0,2025-12-07T20:20:00,1,2025,14,KC,HOU,HOME,10.0,20.0,30.0,Arrowhead Stadium,0.0,0.0,10.0,0.0,0.0,29.0,6.0,28:02,19.0,7.0,12.0,0.0,60.0,362.0,6.0,4.0,23.0,119.0,5.2,0.0,34.0,23.0,243.0,4.0,0.0,7.1,10.6,67.6,127.45,13.0,5.0,38.5,3.0,3.0,100.0,3.0,3.0,0.0,0.0,10.0,119.0,1.0,0.0,3.0,18.0,6.0,2.0,5.0,215.0,43.0,0.0,1.0,1.0,3.0,7.0,0.0,10.0,0.0,30.0,54.0,31:58,23.0,3.0,15.0,5.0,65.0,457.0,7.0,3.0,26.0,137.0,5.3,1.0,39.0,27.0,320.0,2.0,1.0,8.2,11.9,69.2,100.37,16.0,9.0,56.2,1.0,1.0,100.0,4.0,2.0,0.0,0.0,7.0,50.0,1.0,0.0,0.0,0.0,9.0,4.0,1.0,62.0,62.0,1.0,0.0,-1.0,100.0,0.0,50.0,0.0,4.0,4.0,0.0,0.0,0.0,0.0,0.0,0.0,0.0,2.0,2.0,0.0,2.0,1.0,0.0,0.0,3.0,3.0,34.0,26.0,0.0,0.0,6.0,1.0,0.0,30.0,30.0,3.0,18.0,1.0,1.0,0.0,Sunday,993005530.0,16,13,19051.0,-10.0,0,1.0,0.385,0.0,,0.171844408209478,0.4642857142857143,0.3159806490698627,-0.148191184119787,0.2094340860338488,0.5,0.4333384677541997,-0.0442053735276441,23.3,24.3,-1.0,389.0,351.3333333333333,-0.667,0.402,0.4,305.0,232.0,6.0,0.0768627905927712,0.4681922102581242,0.2246573366213122,-0.1211709218883677,0.0976892546117259,0.4788947677836566,0.2095296273526064,-0.1544929629118469,0.1031338153626725,0.0670309112498155,202511416.0,2025-12-07T20:20:00,1,2025,14,HOU,KC,AWAY,20.0,10.0,30.0,Arrowhead Stadium,3.0,7.0,0.0,10.0,0.0,34.0,58.0,31:58,24.0,7.0,14.0,3.0,71.0,364.0,5.1,2.0,34.0,108.0,3.2,2.0,35.0,22.0,256.0,0.0,1.0,7.3,11.6,62.9,73.04,13.0,6.0,46.2,2.0,0.0,0.0,5.0,2.0,0.0,0.0,9.0,85.0,1.0,0.0,2.0,20.0,6.0,5.0,2.0,96.0,48.0,1.0,0.0,-1.0,0.0,0.0,10.0,0.0,0.0,25.0,2.0,28:02,17.0,5.0,9.0,3.0,51.0,281.0,5.5,2.0,23.0,86.0,3.7,0.0,27.0,14.0,195.0,2.0,0.0,7.2,13.9,51.9,100.08,10.0,3.0,30.0,2.0,0.0,0.0,4.0,2.0,0.0,0.0,5.0,33.0,2.0,0.0,1.0,6.0,5.0,4.0,4.0,189.0,47.2,0.0,1.0,1.0,40.0,0.0,50.0,0.0,2.0,2.0,0.0,0.0,0.0,0.0,0.0,2.0,2.0,2.0,1.0,0.0,0.0,0.0,0.0,0.0,1.0,1.0,22.0,30.0,1.0,6.0,4.0,0.0,0.0,35.0,38.0,2.0,20.0,5.0,1.0,0.0,Sunday,993005529.0,13,16,19228.0,10.0,1,-1.0,0.462,0.0,,0.0369089989841911,0.449438202247191,0.2394763954832201,-0.2141210010466498,-0.0525344027293086,0.3880597014925373,0.1521783048193876,-0.2849482733290642,19.7,16.0,3.7,313.3333333333333,278.6666666666667,1.0,0.312,0.8,263.0,198.0,7.0,0.0021620616102244,0.4584160082029124,0.021522738704895,-0.1241023752167071,-0.0576894378526582,0.3797180451712669,-0.0311693992583724,-0.2329030643340828,-0.0353097220775123,-0.0822919752275211,-4.7,2.7,-0.4,1.2000000000000002,75.66666666666669,702.3333333333333,72.66666666666663,630.0,42.0,568.0,34.0,430.0,-1.0,13.0,0.07470072898254679,0.1553786924643841
202511429.0,2025-12-08T20:15:00,1,2025,14,LAC,PHI,HOME,22.0,19.0,41.0,SoFi Stadium,7.0,3.0,3.0,6.0,3.0,35.0,48.0,38:05,22.0,8.0,11.0,3.0,67.0,341.0,5.1,4.0,43.0,192.0,4.5,2.0,21.0,16.0,149.0,2.0,1.0,7.1,9.3,76.2,107.04,17.0,12.0,70.6,1.0,0.0,0.0,5.0,3.0,0.0,0.0,4.0,27.0,0.0,0.0,3.0,11.0,9.0,8.0,2.0,115.0,57.5,1.0,1.0,0.0,3.0,3.0,3.0,10.0,0.0,24.0,12.0,29:26,12.0,1.0,9.0,2.0,46.0,156.0,3.4,2.0,18.0,31.0,1.7,0.0,23.0,18.0,125.0,2.0,1.0,5.4,6.9,78.3,100.18,8.0,2.0,25.0,2.0,0.0,0.0,2.0,2.0,0.0,0.0,4.0,50.0,1.0,0.0,5.0,40.0,4.0,7.0,4.0,186.0,46.5,1.0,1.0,0.0,60.0,0.0,100.0,0.0,4.0,4.0,0.0,0.0,0.0,0.0,0.0,1.0,1.0,2.0,2.0,0.0,0.0,0.0,0.0,0.0,0.0,0.0,31.0,14.0,5.0,40.0,5.0,1.0,0.0,39.0,34.0,3.0,11.0,1.0,0.0,0.0,Monday,993005532.0,29,26,19234.0,3.0,1,0.0,0.706,0.0,,0.1203899975595882,0.4512195121951219,0.2689741301254219,0.0392250963329413,-0.1631418752570675,0.5166666666666667,0.0327759822646233,-0.7521091977541801,20.7,19.7,1.0,263.3333333333333,240.66666666666663,1.0,0.436,0.8,277.0,252.0,8.0,-0.0839347186655609,0.429875668780107,-0.1450341045111579,-0.0775987092990466,-0.1049930732975268,0.5011437908496732,-0.0845629957399955,-0.2574301669908376,-0.0166243545754904,-0.1448605817377034,202511429.0,2025-12-08T20:15:00,1,2025,14,PHI,LAC,AWAY,19.0,22.0,41.0,SoFi Stadium,3.0,3.0,3.0,10.0,0.0,20.0,42.0,29:26,14.0,2.0,11.0,1.0,51.0,317.0,6.2,2.0,17.0,87.0,5.1,0.0,34.0,19.0,230.0,2.0,1.0,6.8,12.1,55.9,84.19,12.0,4.0,33.3,0.0,0.0,0.0,2.0,1.0,0.0,0.0,7.0,44.0,2.0,1.0,0.0,0.0,6.0,2.0,5.0,245.0,49.0,2.0,1.0,-1.0,7.0,3.0,3.0,6.0,3.0,39.0,18.0,38:05,28.0,17.0,10.0,1.0,85.0,425.0,5.0,3.0,47.0,281.0,6.0,2.0,36.0,17.0,144.0,1.0,1.0,4.0,8.5,47.2,55.79,17.0,10.0,58.8,3.0,1.0,33.3,3.0,2.0,0.0,0.0,4.0,35.0,0.0,0.0,2.0,10.0,1.0,1.0,3.0,127.0,42.3,1.0,2.0,1.0,50.0,0.0,66.7,0.0,1.0,0.0,0.0,2.0,0.0,0.0,0.0,2.0,1.0,3.0,3.0,0.0,0.0,0.0,0.0,0.0,1.0,1.0,42.0,39.0,2.0,10.0,7.0,0.0,0.0,24.0,16.0,0.0,0.0,3.0,1.0,1.0,Monday,993005531.0,26,29,19042.0,-3.0,0,-1.0,0.333,0.0,,-0.0930709950031431,0.3943661971830985,0.0400928247327745,-0.2551448245803305,0.0499717331676747,0.4509803921568627,-0.1237349285643504,0.2005147982550128,17.3,19.0,-1.7,309.3333333333333,405.0,0.0,0.339,0.6,270.0,249.0,8.0,-0.0749117082800054,0.4173380601401319,-0.0483956221935117,-0.1796389337758967,-0.0754781072339019,0.4253267973856209,-0.1247688161099114,-0.1778215997615755,-0.0018174832846085,-0.0572370554886244,2.7,-0.7,0.20000000000000007,1.4,-46.0,572.6666666666666,-164.33333333333337,645.6666666666666,7.0,547.0,3.0,501.0,0.0,16.0,-0.009023010385555502,-0.0295149660636249
202511533.0,2025-12-11T20:15:00,1,2025,15,TB,ATL,HOME,28.0,29.0,57.0,Raymond James Stadium,7.0,6.0,7.0,8.0,0.0,32.0,12.0,28:09,19.0,11.0,4.0,4.0,69.0,301.0,4.4,2.0,39.0,179.0,4.6,1.0,30.0,14.0,122.0,1.0,1.0,4.1,8.7,46.7,55.14,13.0,3.0,23.1,7.0,2.0,28.6,2.0,1.0,0.0,0.0,7.0,49.0,1.0,0.0,0.0,0.0,4.0,6.0,1.0,31.0,31.0,1.0,1.0,0.0,0.0,14.0,0.0,15.0,0.0,27.0,48.0,31:51,16.0,7.0,9.0,0.0,55.0,260.0,4.7,3.0,32.0,139.0,4.3,3.0,20.0,13.0,121.0,0.0,1.0,6.0,9.3,65.0,60.62,11.0,5.0,45.5,1.0,0.0,0.0,3.0,2.0,0.0,0.0,10.0,82.0,1.0,0.0,3.0,23.0,2.0,3.0,3.0,152.0,50.7,1.0,1.0,0.0,50.0,0.0,66.7,0.0,2.0,2.0,0.0,0.0,0.0,0.0,0.0,2.0,2.0,3.0,3.0,0.0,0.0,0.0,0.0,0.0,2.0,1.0,33.0,19.0,3.0,23.0,4.0,0.0,0.0,40.0,22.0,0.0,0.0,6.0,0.0,0.0,Thursday,993005534.0,33,2,19246.0,-1.0,0,0.0,0.231,0.0,,-0.0951314342670439,0.4318181818181818,-0.1318394593895622,-0.1688509838805267,-0.0305019985218363,0.4189189189189189,0.0908671544168012,-0.0766827700368594,15.7,25.0,-9.3,257.6666666666667,326.3333333333333,0.0,0.36,0.2,299.0,325.0,7.0,-0.1466138961701258,0.4260737975619111,-0.2385935038646502,-0.0994603311034221,-0.005727734820644,0.5317491404447926,0.1331572383694327,-0.2144711748734264,-0.0467549942195315,0.0896580385127964,202511533.0,2025-12-11T20:15:00,1,2025,15,ATL,TB,AWAY,29.0,28.0,57.0,Raymond James Stadium,0.0,14.0,0.0,15.0,0.0,28.0,40.0,31:51,15.0,6.0,6.0,3.0,62.0,274.0,4.4,0.0,31.0,120.0,3.9,0.0,30.0,15.0,154.0,0.0,2.0,5.1,10.3,50.0,37.36,13.0,1.0,7.7,2.0,1.0,50.0,4.0,0.0,0.0,0.0,8.0,56.0,1.0,1.0,1.0,8.0,3.0,7.0,2.0,84.0,42.0,3.0,1.0,-2.0,7.0,6.0,7.0,8.0,0.0,31.0,20.0,28:09,20.0,6.0,11.0,3.0,58.0,365.0,6.3,4.0,26.0,129.0,5.0,0.0,30.0,20.0,236.0,3.0,1.0,7.9,11.8,66.7,109.86,13.0,6.0,46.2,0.0,0.0,0.0,4.0,2.0,0.0,0.0,6.0,60.0,2.0,0.0,2.0,13.0,7.0,3.0,3.0,148.0,49.3,1.0,3.0,2.0,0.0,0.0,50.0,0.0,0.0,0.0,0.0,0.0,0.0,0.0,0.0,4.0,3.0,4.0,4.0,0.0,0.0,0.0,0.0,0.0,3.0,3.0,35.0,22.0,2.0,13.0,3.0,1.0,0.0,33.0,29.0,1.0,8.0,10.0,1.0,1.0,Thursday,993005533.0,2,33,19239.0,1.0,1,-2.0,0.077,0.0,,-0.2270926399280142,0.425,-0.3737225818414383,-0.2161165346905979,0.2186628571939936,0.5324675324675324,0.3295028308347986,-0.1646231648404724,19.0,24.7,-5.7,321.6666666666667,309.0,-0.667,0.22,0.2,252.0,313.0,4.0,-0.0603166670296123,0.4745221408091749,-0.1129347209969858,-0.0388953055191842,0.0338091571776498,0.4766365199069,0.0469310382592183,-0.1373779918789664,-0.0255713358177553,0.0619808562301046,-3.6000000000000005,-15.0,0.0,0.4,-64.0,579.3333333333334,17.333333333333314,635.3333333333333,47.0,551.0,12.0,638.0,3.0,11.0,-0.08629722914051349,-0.0395368919982938
202511513.0,2025-12-14T13:00:00,1,2025,15,HOU,ARI,HOME,40.0,20.0,60.0,NRG Stadium,17.0,6.0,7.0,10.0,0.0,31.0,58.0,32:18,14.0,5.0,7.0,2.0,65.0,268.0,4.1,2.0,31.0,82.0,2.6,1.0,31.0,15.0,186.0,1.0,0.0,6.0,12.4,48.4,78.16,18.0,8.0,44.4,0.0,0.0,0.0,4.0,2.0,0.0,0.0,8.0,59.0,0.0,0.0,3.0,17.0,8.0,2.0,8.0,329.0,41.1,0.0,3.0,3.0,0.0,7.0,7.0,6.0,0.0,28.0,2.0,27:42,15.0,6.0,8.0,1.0,64.0,274.0,4.3,1.0,29.0,126.0,4.3,1.0,33.0,14.0,148.0,0.0,3.0,4.5,10.6,42.4,18.24,14.0,4.0,28.6,3.0,1.0,33.3,2.0,1.0,0.0,0.0,5.0,20.0,0.0,0.0,2.0,12.0,10.0,6.0,4.0,188.0,47.0,3.0,0.0,-3.0,50.0,0.0,50.0,0.0,2.0,2.0,0.0,0.0,0.0,0.0,0.0,2.0,2.0,1.0,1.0,0.0,0.0,0.0,0.0,0.0,2.0,1.0,27.0,32.0,2.0,12.0,7.0,0.0,0.0,34.0,26.0,3.0,17.0,4.0,0.0,0.0,Sunday,993005536.0,13,1,19250.0,20.0,1,3.0,0.444,0.0,,-0.0845994173105161,0.3409090909090909,0.0277020316645622,-0.1869021216164345,-0.2541776246531232,0.3875,-0.4411964121520219,-0.0165161535445473,21.0,15.0,6.0,297.6666666666667,293.6666666666667,1.667,0.358,1.0,283.0,208.0,8.0,-0.0299018868286458,0.414964249233912,0.0264608107042293,-0.107235228493392,-0.1246020252129569,0.3764060793593011,-0.1876883101708433,-0.0728511484353062,-0.0209922036109439,-0.1020584697050221,202511513.0,2025-12-14T13:00:00,1,2025,15,ARI,HOU,AWAY,20.0,40.0,60.0,NRG Stadium,0.0,7.0,7.0,6.0,0.0,24.0,56.0,27:42,17.0,2.0,15.0,0.0,61.0,314.0,5.1,2.0,14.0,51.0,3.6,0.0,44.0,25.0,263.0,2.0,1.0,6.0,10.5,56.8,80.02,12.0,4.0,33.3,1.0,0.0,0.0,4.0,2.0,0.0,0.0,7.0,42.0,0.0,0.0,3.0,8.0,2.0,0.0,5.0,271.0,54.2,1.0,0.0,-1.0,17.0,6.0,7.0,10.0,0.0,35.0,4.0,32:18,30.0,15.0,13.0,2.0,67.0,530.0,7.9,6.0,36.0,249.0,6.9,3.0,31.0,22.0,281.0,3.0,0.0,9.1,12.8,71.0,131.25,8.0,3.0,37.5,0.0,0.0,0.0,4.0,3.0,0.0,0.0,5.0,30.0,0.0,0.0,0.0,0.0,11.0,1.0,3.0,140.0,46.7,0.0,1.0,1.0,50.0,0.0,75.0,0.0,2.0,2.0,0.0,0.0,0.0,0.0,0.0,2.0,1.0,6.0,6.0,0.0,0.0,0.0,0.0,0.0,1.0,1.0,28.0,42.0,0.0,0.0,2.0,0.0,0.0,31.0,16.0,3.0,8.0,6.0,0.0,0.0,Sunday,993005535.0,1,13,19248.0,-20.0,0,-1.0,0.333,0.0,,-0.0724117881778261,0.4096385542168674,-0.0657323078655777,-0.1327361898638435,0.3219148163726745,0.6206896551724138,0.5165025688499467,0.3568132634981713,19.3,30.7,-11.3,342.0,393.3333333333333,0.333,0.34,0.0,282.0,348.0,3.0,-0.0764603074334171,0.4971126335406986,-0.017492489894346,-0.2616210653924402,0.0884648316531226,0.5254078575772159,0.1159333430294319,0.0292371283838193,-0.0979915124662794,0.1259526319427396,17.3,-5.300000000000001,1.0,1.0,-44.333333333333314,639.6666666666667,-99.66666666666663,687.0,1.0,565.0,-140.0,556.0,5.0,11.0,0.0465584206047713,-0.2130668568660795
202511523.0,2025-12-14T13:00:00,1,2025,15,NYG,WAS,HOME,21.0,29.0,50.0,MetLife Stadium,0.0,7.0,7.0,7.0,0.0,26.0,34.0,29:12,14.0,9.0,4.0,1.0,53.0,239.0,4.5,2.0,27.0,111.0,4.1,1.0,24.0,17.0,128.0,1.0,0.0,5.3,7.5,70.8,97.22,11.0,4.0,36.4,3.0,0.0,0.0,0.0,0.0,0.0,0.0,4.0,30.0,1.0,1.0,2.0,11.0,5.0,5.0,4.0,199.0,49.8,1.0,0.0,-1.0,3.0,19.0,0.0,7.0,0.0,33.0,26.0,30:48,21.0,7.0,14.0,0.0,63.0,395.0,6.3,3.0,29.0,119.0,4.1,0.0,31.0,24.0,276.0,2.0,0.0,8.9,11.5,77.4,125.2,13.0,6.0,46.2,1.0,1.0,100.0,5.0,1.0,0.0,0.0,3.0,30.0,0.0,0.0,3.0,6.0,7.0,5.0,2.0,54.0,27.0,0.0,1.0,1.0,0.0,0.0,20.0,0.0,1.0,1.0,0.0,2.0,1.0,0.0,0.0,0.0,0.0,3.0,3.0,0.0,0.0,0.0,0.0,0.0,5.0,4.0,43.0,23.0,3.0,6.0,4.0,0.0,0.0,30.0,26.0,2.0,11.0,7.0,1.0,1.0,Sunday,993005546.0,23,35,19237.0,-8.0,0,-1.0,0.364,0.0,,-0.2087033673892024,0.4305555555555556,-0.1273117797880461,-0.0045051643088378,0.0688843891848909,0.4683544303797468,0.3182334811924732,-0.1046876214724034,20.7,31.3,-10.7,364.0,395.0,-1.0,0.455,0.0,279.0,367.0,2.0,0.0086050456668346,0.4437586145569339,0.1896037656089454,-0.0579400962048991,0.1727345197631748,0.4976581302411448,0.2138823402217097,0.2919180698315055,0.0268842453774649,0.1667340424096529,202511523.0,2025-12-14T13:00:00,1,2025,15,WAS,NYG,AWAY,29.0,21.0,50.0,MetLife Stadium,3.0,19.0,0.0,7.0,0.0,25.0,8.0,30:48,12.0,4.0,6.0,2.0,49.0,206.0,4.2,0.0,23.0,107.0,4.7,0.0,24.0,11.0,99.0,0.0,2.0,4.1,9.0,45.8,22.74,10.0,3.0,30.0,3.0,1.0,33.3,2.0,0.0,0.0,0.0,4.0,34.0,1.0,1.0,2.0,9.0,6.0,3.0,3.0,140.0,46.7,3.0,0.0,-3.0,0.0,7.0,7.0,7.0,0.0,34.0,52.0,29:12,25.0,10.0,13.0,2.0,61.0,313.0,5.1,4.0,34.0,162.0,4.8,1.0,23.0,16.0,151.0,3.0,0.0,6.6,9.4,69.6,126.99,11.0,6.0,54.5,2.0,2.0,100.0,4.0,4.0,0.0,0.0,3.0,24.0,0.0,0.0,4.0,12.0,3.0,4.0,1.0,43.0,43.0,0.0,3.0,3.0,0.0,0.0,100.0,0.0,0.0,0.0,0.0,0.0,0.0,0.0,0.0,0.0,0.0,4.0,4.0,0.0,0.0,0.0,0.0,0.0,1.0,1.0,29.0,37.0,4.0,12.0,5.0,0.0,0.0,18.0,37.0,2.0,9.0,3.0,1.0,1.0,Sunday,993005545.0,35,23,19244.0,8.0,1,-3.0,0.3,0.0,,-0.3402776152418438,0.3442622950819672,-0.5709904860636658,0.0038210886672863,0.2143672178107175,0.527027027027027,0.3866096695715006,0.2168870491421267,13.0,24.7,-11.7,334.6666666666667,342.0,-1.667,0.411,0.0,262.0,354.0,3.0,-0.0853696279866713,0.4367705592660056,-0.0742462777684615,-0.0065202096184765,0.1442791615438638,0.5139109697933226,0.231431626919626,0.0561549125404515,-0.0402175304270736,0.2429902483413954,1.0,-22.4,0.0,0.0,29.333333333333314,698.6666666666667,53.0,737.0,17.0,541.0,13.0,721.0,-1.0,5.0,0.0939746736535059,0.028455358219311
202511507.0,2025-12-14T13:00:00,1,2025,15,CIN,BAL,HOME,0.0,24.0,24.0,Paycor Stadium,0.0,0.0,0.0,0.0,0.0,28.0,12.0,39:19,25.0,4.0,18.0,3.0,56.0,338.0,6.0,5.0,19.0,62.0,3.3,1.0,36.0,25.0,276.0,4.0,2.0,7.7,11.0,69.4,105.79,12.0,10.0,83.3,0.0,0.0,0.0,3.0,3.0,0.0,0.0,4.0,30.0,0.0,0.0,1.0,8.0,5.0,5.0,2.0,79.0,39.5,2.0,1.0,-1.0,0.0,14.0,3.0,7.0,0.0,31.0,48.0,20:41,22.0,7.0,13.0,2.0,60.0,416.0,6.9,5.0,29.0,183.0,6.3,1.0,28.0,22.0,233.0,3.0,0.0,8.3,10.6,78.6,137.05,11.0,6.0,54.5,4.0,3.0,75.0,5.0,3.0,0.0,0.0,6.0,68.0,2.0,1.0,3.0,18.0,5.0,2.0,0.0,0.0,0.0,1.0,2.0,1.0,100.0,0.0,60.0,0.0,4.0,4.0,0.0,1.0,0.0,0.0,0.0,0.0,0.0,4.0,4.0,0.0,2.0,1.0,0.0,0.0,1.0,1.0,33.0,27.0,3.0,18.0,3.0,2.0,1.0,27.0,26.0,1.0,8.0,7.0,0.0,0.0,Sunday,993005548.0,7,3,19249.0,-24.0,0,-1.0,0.833,0.0,,0.1764510740550442,0.5657894736842105,0.2815267855891413,-0.0736395604357025,0.2354635616883818,0.5921052631578947,0.6943083860794298,-0.4556383847522243,28.7,26.3,2.3,342.3333333333333,384.6666666666667,1.0,0.495,0.2,314.0,413.0,4.0,0.0609252121808914,0.5016217013121037,0.0506903276582362,-0.0816890760760651,0.0171265675610379,0.510860484544695,0.1383280607195686,-0.2286122409682179,0.0615255510533444,0.1015590099682161,202511507.0,2025-12-14T13:00:00,1,2025,15,BAL,CIN,AWAY,24.0,0.0,24.0,Paycor Stadium,0.0,14.0,3.0,7.0,0.0,33.0,44.0,20:41,22.0,10.0,9.0,3.0,77.0,420.0,5.5,2.0,40.0,217.0,5.4,1.0,35.0,19.0,203.0,1.0,1.0,5.8,10.7,54.3,69.11,18.0,7.0,38.9,4.0,3.0,75.0,6.0,2.0,0.0,0.0,5.0,39.0,0.0,0.0,2.0,16.0,1.0,3.0,2.0,102.0,51.0,1.0,0.0,-1.0,0.0,0.0,0.0,0.0,0.0,26.0,16.0,39:19,13.0,4.0,7.0,2.0,51.0,318.0,6.2,3.0,17.0,34.0,2.0,2.0,34.0,23.0,284.0,1.0,0.0,8.4,12.3,67.6,103.06,14.0,6.0,42.9,1.0,1.0,100.0,4.0,2.0,0.0,0.0,7.0,33.0,0.0,0.0,0.0,0.0,5.0,5.0,4.0,197.0,49.2,0.0,1.0,1.0,33.3,0.0,50.0,0.0,2.0,1.0,0.0,0.0,0.0,0.0,0.0,3.0,3.0,3.0,3.0,0.0,0.0,0.0,0.0,0.0,2.0,2.0,25.0,24.0,0.0,0.0,5.0,0.0,0.0,44.0,26.0,2.0,16.0,5.0,0.0,0.0,Sunday,993005547.0,3,7,19240.0,24.0,1,-1.0,0.389,0.0,,0.0556045205880828,0.5052631578947369,0.0026658490158734,0.0503062862977718,0.2039501777623635,0.4507042253521127,0.3019590165455141,0.1007075995090417,19.7,23.0,-3.3,335.6666666666667,327.3333333333333,-1.0,0.29,0.6,311.0,320.0,6.0,-0.0375228846667943,0.4498063340168603,-0.1166026384813862,0.0228574825426636,0.0519034260868166,0.4311921698002891,0.1757751426209865,-0.223406685483931,-0.0389292207751229,-0.0381759287585941,5.6,-1.0,-0.39999999999999997,0.8,6.666666666666629,678.0,57.33333333333337,712.0,3.0,625.0,93.0,733.0,-2.0,10.0,0.0984480968476857,-0.0347768585257787
202511506.0,2025-12-14T13:00:00,1,2025,15,CHI,CLE,HOME,31.0,3.0,34.0,Soldier Field,14.0,0.0,14.0,3.0,0.0,33.0,29.0,32:52,21.0,7.0,12.0,2.0,68.0,315.0,4.6,2.0,32.0,138.0,4.3,0.0,35.0,19.0,177.0,2.0,1.0,5.1,9.3,54.3,75.54,16.0,8.0,50.0,2.0,1.0,50.0,4.0,2.0,0.0,0.0,4.0,17.0,1.0,0.0,1.0,9.0,1.0,2.0,4.0,208.0,52.0,1.0,1.0,0.0,0.0,0.0,3.0,0.0,0.0,26.0,31.0,27:08,17.0,8.0,9.0,0.0,52.0,337.0,6.5,4.0,26.0,117.0,4.5,1.0,25.0,17.0,220.0,3.0,1.0,8.8,12.9,68.0,118.33,12.0,8.0,66.7,0.0,0.0,0.0,1.0,1.0,0.0,0.0,6.0,55.0,0.0,0.0,1.0,14.0,6.0,2.0,3.0,145.0,48.3,1.0,1.0,0.0,50.0,0.0,100.0,0.0,1.0,1.0,0.0,0.0,0.0,1.0,1.0,2.0,2.0,4.0,4.0,0.0,0.0,0.0,0.0,0.0,0.0,0.0,33.0,13.0,1.0,14.0,3.0,0.0,0.0,33.0,32.0,1.0,9.0,3.0,1.0,0.0,Sunday,993005538.0,6,8,19242.0,28.0,1,0.0,0.5,0.0,,0.1088695910380304,0.5238095238095238,0.0166541431212342,0.1785962837724015,0.2067611672520362,0.5882352941176471,0.2377306975023303,0.1681874756258912,25.3,23.7,1.7,356.0,333.0,0.333,0.542,0.8,334.0,335.0,9.0,0.0556206018176889,0.4794015167042425,-0.0169967077650117,0.1045832283655016,0.0365615812594318,0.5019524350847447,0.0712818113277201,0.0266232294103303,0.0232050387152335,-0.0149040872390118,202511506.0,2025-12-14T13:00:00,1,2025,15,CLE,CHI,AWAY,3.0,31.0,34.0,Soldier Field,0.0,0.0,3.0,0.0,0.0,28.0,4.0,27:08,22.0,5.0,13.0,4.0,64.0,412.0,6.4,4.0,20.0,61.0,3.0,1.0,42.0,23.0,351.0,3.0,1.0,8.4,15.3,54.8,96.43,14.0,6.0,42.9,0.0,0.0,0.0,3.0,3.0,0.0,0.0,7.0,50.0,2.0,1.0,2.0,13.0,5.0,7.0,6.0,222.0,37.0,2.0,1.0,-1.0,14.0,0.0,14.0,3.0,0.0,31.0,56.0,32:52,13.0,7.0,6.0,0.0,64.0,292.0,4.6,4.0,35.0,184.0,5.3,2.0,28.0,14.0,108.0,2.0,1.0,3.9,7.7,50.0,68.75,17.0,6.0,35.3,0.0,0.0,0.0,2.0,2.0,0.0,0.0,11.0,85.0,0.0,0.0,1.0,9.0,13.0,5.0,8.0,383.0,47.9,1.0,2.0,1.0,100.0,0.0,100.0,0.0,2.0,2.0,0.0,3.0,0.0,0.0,0.0,1.0,1.0,4.0,4.0,0.0,0.0,0.0,0.0,0.0,1.0,1.0,31.0,34.0,1.0,9.0,5.0,0.0,0.0,30.0,24.0,2.0,13.0,9.0,1.0,1.0,Sunday,993005537.0,8,6,19241.0,-28.0,0,-1.0,0.429,0.0,,-0.0795283879953012,0.4021739130434782,0.0632064772952991,-0.3657573165875908,-0.0263932689953211,0.425287356321839,-0.3099334639206063,0.0727836419358384,20.3,22.3,-2.0,311.6666666666667,270.6666666666667,-1.333,0.317,0.2,223.0,301.0,3.0,-0.1843316548016584,0.3706776893243518,-0.1072717250207333,-0.2839206593150297,-0.1062756149577932,0.3786732265180541,-0.1806422947231431,-0.1528971197214713,-0.1683123046486801,-0.0833917905877929,3.7,-0.30000000000000004,0.6000000000000001,1.0,44.333333333333314,667.6666666666667,62.333333333333314,603.6666666666667,111.0,557.0,34.0,636.0,6.0,12.0,0.2399522566193473,0.142837196217225
202511526.0,2025-12-14T13:00:00,1,2025,15,PHI,LV,HOME,31.0,0.0,31.0,Lincoln Financial Field,7.0,10.0,7.0,7.0,0.0,29.0,26.0,39:25,19.0,5.0,12.0,2.0,66.0,365.0,5.5,1.0,25.0,134.0,5.4,1.0,40.0,21.0,231.0,0.0,4.0,5.8,11.0,52.5,30.31,13.0,4.0,30.8,0.0,0.0,0.0,2.0,0.0,0.0,0.0,6.0,53.0,2.0,1.0,1.0,9.0,11.0,7.0,3.0,155.0,51.7,5.0,3.0,-2.0,0.0,0.0,0.0,0.0,0.0,38.0,5.0,20:35,16.0,9.0,5.0,2.0,71.0,275.0,3.9,1.0,38.0,169.0,4.4,0.0,26.0,12.0,106.0,1.0,1.0,4.1,8.8,46.2,54.33,19.0,7.0,36.8,0.0,0.0,0.0,3.0,1.0,0.0,0.0,7.0,55.0,3.0,2.0,7.0,33.0,6.0,7.0,5.0,256.0,51.2,3.0,5.0,2.0,0.0,0.0,33.3,0.0,1.0,1.0,0.0,0.0,0.0,0.0,0.0,5.0,4.0,1.0,1.0,0.0,0.0,0.0,0.0,0.0,5.0,5.0,41.0,32.0,7.0,33.0,5.0,3.0,2.0,38.0,14.0,1.0,9.0,10.0,2.0,1.0,Sunday,993005540.0,26,25,19251.0,31.0,1,-2.0,0.308,0.0,,-0.1395088843160296,0.4222222222222222,-0.4014641038691759,-0.0209554830963379,-0.1374967372140071,0.425531914893617,-0.2605531809744465,-0.2286842937042351,18.3,23.3,-5.0,340.3333333333333,391.0,-1.0,0.353,0.4,289.0,271.0,8.0,-0.0719529316110958,0.4167744530547856,-0.1040026137070795,-0.1362094526008841,-0.0229258259334169,0.4514300282760858,-0.0897119549844647,-0.0976850273020607,-0.0919566403275694,-0.1040365876365739,202511526.0,2025-12-14T13:00:00,1,2025,15,LV,PHI,AWAY,0.0,31.0,31.0,Lincoln Financial Field,0.0,0.0,0.0,0.0,0.0,20.0,57.0,20:35,16.0,3.0,11.0,2.0,48.0,229.0,4.8,2.0,12.0,40.0,3.3,0.0,32.0,21.0,189.0,2.0,0.0,5.9,9.0,65.6,102.21,9.0,3.0,33.3,3.0,1.0,33.3,2.0,1.0,0.0,0.0,3.0,25.0,0.0,0.0,4.0,24.0,6.0,4.0,3.0,143.0,47.7,0.0,0.0,0.0,7.0,10.0,7.0,7.0,0.0,39.0,3.0,39:25,27.0,11.0,14.0,2.0,72.0,356.0,4.9,3.0,31.0,152.0,4.9,2.0,38.0,31.0,204.0,0.0,0.0,5.4,6.6,81.6,89.04,12.0,7.0,58.3,3.0,1.0,33.3,3.0,2.0,0.0,0.0,8.0,50.0,0.0,0.0,3.0,8.0,7.0,5.0,1.0,35.0,35.0,0.0,0.0,0.0,50.0,0.0,66.7,0.0,2.0,2.0,0.0,0.0,0.0,0.0,0.0,1.0,1.0,3.0,3.0,0.0,0.0,0.0,0.0,0.0,1.0,1.0,45.0,36.0,3.0,8.0,2.0,0.0,0.0,25.0,20.0,4.0,24.0,1.0,0.0,0.0,Sunday,993005539.0,25,26,19247.0,-31.0,0,0.0,0.333,0.0,,-0.0033985232529045,0.4761904761904761,0.0432407723396079,-0.0970182964070276,0.1219347099199055,0.5529411764705883,0.2096307325472147,0.0567432750418271,13.7,26.3,-12.7,217.66666666666663,322.3333333333333,0.333,0.273,0.0,196.0,332.0,2.0,-0.1709990048802926,0.4386964886964886,-0.0692239228849014,-0.4485721024575526,0.0097816898378374,0.4380066145317625,0.1112287513151691,-0.0659121118201446,-0.2057800636537265,-0.0384294711652893,7.699999999999999,-17.7,0.4,0.4,122.66666666666669,558.0,68.66666666666669,713.3333333333333,93.0,485.0,-61.0,603.0,6.0,10.0,0.0990460732691968,-0.0327075157712543
202511516.0,2025-12-14T13:00:00,1,2025,15,KC,LAC,HOME,13.0,16.0,29.0,Arrowhead Stadium,7.0,6.0,0.0,0.0,0.0,28.0,2.0,25:18,15.0,6.0,8.0,1.0,64.0,274.0,4.3,1.0,29.0,126.0,4.3,1.0,33.0,14.0,148.0,0.0,3.0,4.5,10.6,42.4,18.24,14.0,4.0,28.6,3.0,1.0,33.3,2.0,1.0,0.0,0.0,5.0,20.0,0.0,0.0,2.0,12.0,10.0,6.0,4.0,188.0,47.0,3.0,0.0,-3.0,3.0,7.0,6.0,0.0,0.0,31.0,58.0,34:42,14.0,5.0,7.0,2.0,65.0,268.0,4.1,2.0,31.0,82.0,2.6,1.0,31.0,15.0,186.0,1.0,0.0,6.0,12.4,48.4,78.16,18.0,8.0,44.4,0.0,0.0,0.0,4.0,2.0,0.0,0.0,8.0,59.0,0.0,0.0,3.0,17.0,8.0,2.0,8.0,329.0,41.1,0.0,3.0,3.0,50.0,0.0,50.0,0.0,1.0,1.0,0.0,0.0,0.0,0.0,0.0,2.0,1.0,2.0,2.0,0.0,0.0,0.0,0.0,0.0,2.0,2.0,34.0,26.0,3.0,17.0,4.0,0.0,0.0,27.0,32.0,2.0,12.0,7.0,0.0,0.0,Sunday,993005544.0,16,29,19250.0,-3.0,0,-3.0,0.286,0.0,,-0.2541776246531232,0.3875,-0.4411964121520219,-0.0165161535445473,-0.0845994173105161,0.3409090909090909,0.0277020316645622,-0.1869021216164345,20.3,23.7,-3.3,376.6666666666667,326.6666666666667,-1.333,0.369,0.2,315.0,252.0,6.0,-0.0224284368051066,0.4402707543194268,0.0334549925541529,-0.1477661658749508,0.0459787217555502,0.4279220779220778,0.1804794756723799,-0.1537157869646458,0.0086129726461338,0.071795794276517,202511516.0,2025-12-14T13:00:00,1,2025,15,LAC,KC,AWAY,16.0,13.0,29.0,Arrowhead Stadium,3.0,7.0,6.0,0.0,0.0,38.0,5.0,34:42,16.0,9.0,5.0,2.0,71.0,275.0,3.9,1.0,38.0,169.0,4.4,0.0,26.0,12.0,106.0,1.0,1.0,4.1,8.8,46.2,54.33,19.0,7.0,36.8,0.0,0.0,0.0,3.0,1.0,0.0,0.0,7.0,55.0,3.0,2.0,7.0,33.0,6.0,7.0,5.0,256.0,51.2,3.0,5.0,2.0,7.0,6.0,0.0,0.0,0.0,29.0,26.0,25:18,19.0,5.0,12.0,2.0,66.0,365.0,5.5,1.0,25.0,134.0,5.4,1.0,40.0,21.0,231.0,0.0,4.0,5.8,11.0,52.5,30.31,13.0,4.0,30.8,0.0,0.0,0.0,2.0,0.0,0.0,0.0,6.0,53.0,2.0,1.0,1.0,9.0,11.0,7.0,3.0,155.0,51.7,5.0,3.0,-2.0,33.3,0.0,0.0,0.0,1.0,1.0,0.0,0.0,0.0,0.0,0.0,5.0,5.0,1.0,1.0,0.0,0.0,0.0,0.0,0.0,5.0,4.0,38.0,14.0,1.0,9.0,10.0,2.0,1.0,41.0,32.0,7.0,33.0,5.0,3.0,2.0,Sunday,993005543.0,29,16,19251.0,3.0,1,2.0,0.368,0.0,,-0.1374967372140071,0.425531914893617,-0.2605531809744465,-0.2286842937042351,-0.1395088843160296,0.4222222222222222,-0.4014641038691759,-0.0209554830963379,19.7,22.7,-3.0,250.33333333333337,288.6666666666667,0.667,0.441,0.8,299.0,271.0,9.0,-0.1122356237641297,0.4288624975541698,-0.1900894299873624,-0.1230222937750648,-0.0531147328467408,0.5046296296296297,-0.052035516329345,-0.2266360003515048,-0.0782099500221539,-0.1210087662835065,-0.2999999999999998,-6.3,-0.6000000000000001,1.0,126.33333333333331,627.0,38.0,615.3333333333334,16.0,614.0,-19.0,523.0,-3.0,15.0,0.0898071869590231,0.09909345460229099
202511515.0,2025-12-14T13:00:00,1,2025,15,JAX,NYJ,HOME,48.0,20.0,68.0,EverBank Stadium,14.0,17.0,10.0,7.0,0.0,30.0,5.0,26:53,18.0,8.0,10.0,0.0,63.0,350.0,5.6,4.0,32.0,103.0,3.2,2.0,31.0,18.0,247.0,2.0,0.0,8.0,13.7,58.1,105.17,15.0,7.0,46.7,2.0,1.0,50.0,5.0,3.0,0.0,0.0,8.0,64.0,2.0,1.0,0.0,0.0,5.0,4.0,3.0,137.0,45.7,1.0,3.0,2.0,7.0,3.0,3.0,7.0,0.0,29.0,55.0,33:07,20.0,5.0,12.0,3.0,63.0,285.0,4.5,2.0,26.0,89.0,3.4,2.0,36.0,23.0,196.0,0.0,2.0,5.4,8.5,63.9,54.86,11.0,6.0,54.5,1.0,0.0,0.0,4.0,2.0,0.0,0.0,5.0,45.0,1.0,1.0,1.0,9.0,0.0,4.0,2.0,101.0,50.5,3.0,1.0,-2.0,60.0,0.0,50.0,0.0,4.0,4.0,0.0,0.0,0.0,0.0,0.0,2.0,2.0,1.0,1.0,0.0,2.0,0.0,0.0,0.0,2.0,2.0,31.0,35.0,1.0,9.0,9.0,1.0,1.0,33.0,24.0,0.0,0.0,9.0,2.0,1.0,Sunday,993005550.0,15,24,19243.0,28.0,1,2.0,0.467,0.0,,0.0843571837625656,0.4457831325301205,0.3311693217399756,-0.2642067635369366,-0.0963767436134333,0.4235294117647059,-0.0449813422291069,-0.3671576851250037,29.3,15.3,14.0,331.0,266.3333333333333,0.0,0.323,0.8,328.0,272.0,9.0,-0.0024338269079725,0.4340034129190755,0.114712424028301,-0.2292128574945674,-0.2008752126349761,0.3872410936205468,-0.2080096883712191,-0.2090990156847688,0.0105917339989888,-0.1898147110235551,202511515.0,2025-12-14T13:00:00,1,2025,15,NYJ,JAX,AWAY,20.0,48.0,68.0,EverBank Stadium,7.0,3.0,3.0,7.0,0.0,23.0,53.0,33:07,12.0,3.0,8.0,1.0,57.0,207.0,3.6,1.0,17.0,65.0,3.8,0.0,34.0,15.0,142.0,0.0,3.0,4.2,9.5,44.1,19.49,12.0,1.0,8.3,2.0,1.0,50.0,3.0,0.0,0.0,0.0,6.0,50.0,3.0,0.0,6.0,27.0,3.0,7.0,6.0,326.0,54.3,3.0,0.0,-3.0,14.0,17.0,10.0,7.0,0.0,36.0,7.0,26:53,23.0,14.0,8.0,1.0,63.0,358.0,5.7,4.0,41.0,239.0,5.8,3.0,21.0,13.0,119.0,1.0,0.0,5.7,9.2,61.9,93.15,10.0,2.0,20.0,0.0,0.0,0.0,4.0,4.0,0.0,0.0,5.0,54.0,1.0,0.0,1.0,8.0,8.0,7.0,6.0,259.0,43.2,0.0,3.0,3.0,0.0,0.0,100.0,0.0,1.0,1.0,0.0,0.0,0.0,0.0,0.0,1.0,1.0,4.0,4.0,0.0,0.0,0.0,0.0,0.0,2.0,2.0,29.0,40.0,1.0,8.0,6.0,0.0,0.0,27.0,21.0,6.0,27.0,9.0,1.0,0.0,Sunday,993005549.0,24,15,19245.0,-28.0,0,-3.0,0.083,0.0,,-0.2825954260643541,0.3896103896103896,-0.5233938569645822,-0.0975063487729879,0.1200743014089028,0.5647058823529412,0.0728930852378455,0.2977971060148799,15.7,27.0,-11.3,252.66666666666663,329.3333333333333,-1.333,0.295,0.4,256.0,349.0,3.0,-0.0858076299013761,0.4178041312872773,-0.12790502904818,-0.255506976055375,0.1064674293916913,0.5089339752814445,0.1519151828749219,0.1243961375009705,-0.0703181882804749,0.0675892334525533,25.3,2.6999999999999993,0.4,1.2000000000000002,78.33333333333337,583.6666666666666,-63.0,595.6666666666666,72.0,584.0,-77.0,621.0,6.0,12.0,0.08337380299340359,-0.3073426420266674
202511521.0,2025-12-14T13:00:00,1,2025,15,NE,BUF,HOME,31.0,35.0,66.0,Gillette Stadium,14.0,10.0,0.0,7.0,0.0,33.0,26.0,24:39,21.0,7.0,14.0,0.0,63.0,395.0,6.3,3.0,29.0,119.0,4.1,0.0,31.0,24.0,276.0,2.0,0.0,8.9,11.5,77.4,125.2,13.0,6.0,46.2,1.0,1.0,100.0,5.0,1.0,0.0,0.0,3.0,30.0,0.0,0.0,3.0,6.0,7.0,5.0,2.0,54.0,27.0,0.0,1.0,1.0,0.0,7.0,14.0,14.0,0.0,26.0,34.0,35:21,14.0,9.0,4.0,1.0,53.0,239.0,4.5,2.0,27.0,111.0,4.1,1.0,24.0,17.0,128.0,1.0,0.0,5.3,7.5,70.8,97.22,11.0,4.0,36.4,3.0,0.0,0.0,0.0,0.0,0.0,0.0,4.0,30.0,1.0,1.0,2.0,11.0,5.0,5.0,4.0,199.0,49.8,1.0,0.0,-1.0,20.0,0.0,0.0,0.0,3.0,3.0,0.0,0.0,0.0,0.0,0.0,5.0,4.0,1.0,1.0,0.0,2.0,1.0,0.0,0.0,0.0,0.0,30.0,26.0,2.0,11.0,7.0,1.0,1.0,43.0,23.0,3.0,6.0,4.0,0.0,0.0,Sunday,993005542.0,21,4,19237.0,-4.0,0,1.0,0.462,0.0,,0.0688843891848909,0.4683544303797468,0.3182334811924732,-0.1046876214724034,-0.2087033673892024,0.4305555555555556,-0.1273117797880461,-0.0045051643088378,28.7,16.3,12.3,374.3333333333333,263.6666666666667,0.667,0.449,1.0,351.0,241.0,11.0,0.0873182391579628,0.4995925702676757,0.2934922073934942,-0.1899802211667445,-0.1043836692023429,0.4824074074074074,-0.1747728306547894,-0.0151019433586675,0.0859308651990396,-0.0468812879430909,202511521.0,2025-12-14T13:00:00,1,2025,15,BUF,NE,AWAY,35.0,31.0,66.0,Gillette Stadium,0.0,7.0,14.0,14.0,0.0,31.0,48.0,35:21,22.0,7.0,13.0,2.0,60.0,416.0,6.9,5.0,29.0,183.0,6.3,1.0,28.0,22.0,233.0,3.0,0.0,8.3,10.6,78.6,137.05,11.0,6.0,54.5,4.0,3.0,75.0,5.0,3.0,0.0,0.0,6.0,68.0,2.0,1.0,3.0,18.0,5.0,2.0,0.0,0.0,0.0,1.0,2.0,1.0,14.0,10.0,0.0,7.0,0.0,28.0,12.0,24:39,25.0,4.0,18.0,3.0,56.0,338.0,6.0,5.0,19.0,62.0,3.3,1.0,36.0,25.0,276.0,4.0,2.0,7.7,11.0,69.4,105.79,12.0,10.0,83.3,0.0,0.0,0.0,3.0,3.0,0.0,0.0,4.0,30.0,0.0,0.0,1.0,8.0,5.0,5.0,2.0,79.0,39.5,2.0,1.0,-1.0,60.0,0.0,100.0,0.0,4.0,4.0,0.0,2.0,1.0,0.0,0.0,1.0,1.0,4.0,4.0,0.0,1.0,0.0,0.0,0.0,0.0,0.0,27.0,26.0,1.0,8.0,7.0,0.0,0.0,33.0,27.0,3.0,18.0,3.0,2.0,1.0,Sunday,993005541.0,4,21,19249.0,4.0,1,1.0,0.545,0.0,,0.2354635616883818,0.5921052631578947,0.6943083860794298,-0.4556383847522243,0.1764510740550442,0.5657894736842105,0.2815267855891413,-0.0736395604357025,28.0,21.3,6.7,371.3333333333333,255.0,-0.667,0.464,0.6,376.0,293.0,9.0,0.0767881906849574,0.4667697514295716,0.2219785981142477,-0.1187701173968486,-0.0672514359297137,0.4492025518341307,-0.1269866171931027,-0.1161712185004579,0.1057849373446921,0.0429159385764957,5.6000000000000005,19.0,0.4,1.6,3.0,745.6666666666666,8.666666666666686,518.6666666666667,-25.0,727.0,-52.0,534.0,2.0,20.0,0.010530048473005399,-0.03713223327262921
202511531.0,2025-12-14T16:25:00,1,2025,15,SF,TEN,HOME,37.0,24.0,61.0,Levi's Stadium,7.0,10.0,14.0,6.0,0.0,30.0,10.0,37:05,19.0,7.0,11.0,1.0,64.0,252.0,3.9,3.0,33.0,91.0,2.8,2.0,30.0,16.0,161.0,1.0,0.0,5.4,10.1,53.3,80.0,17.0,11.0,64.7,0.0,0.0,0.0,5.0,3.0,0.0,0.0,3.0,11.0,0.0,0.0,1.0,7.0,6.0,5.0,5.0,178.0,35.6,0.0,2.0,2.0,3.0,7.0,0.0,14.0,0.0,29.0,50.0,22:55,15.0,8.0,7.0,0.0,60.0,253.0,4.2,1.0,31.0,138.0,4.5,0.0,26.0,17.0,115.0,1.0,0.0,4.4,6.8,65.4,87.82,11.0,3.0,27.3,4.0,0.0,0.0,0.0,0.0,0.0,0.0,4.0,25.0,4.0,2.0,3.0,34.0,7.0,4.0,4.0,178.0,44.5,2.0,0.0,-2.0,60.0,0.0,0.0,0.0,2.0,2.0,0.0,2.0,0.0,0.0,0.0,2.0,2.0,0.0,0.0,0.0,0.0,0.0,1.0,1.0,0.0,0.0,36.0,27.0,3.0,34.0,1.0,1.0,2.0,27.0,39.0,1.0,7.0,3.0,0.0,0.0,Sunday,993005554.0,31,34,19227.0,13.0,1,2.0,0.647,0.0,,0.054023040252847,0.3875,0.0516951030101124,-0.034886187888802,-0.260486938443693,0.4,-0.2401030436303699,-0.1922999545222959,29.0,13.0,16.0,291.0,323.6666666666667,1.333,0.506,0.8,307.0,269.0,9.0,0.1013410698898287,0.472759879361858,0.0965465594827517,0.0215062167461429,-0.1766383339257108,0.4316506695106055,-0.1568761032593716,-0.1611512294432839,0.1391010879971438,-0.0172705513794057,202511531.0,2025-12-14T16:25:00,1,2025,15,TEN,SF,AWAY,24.0,37.0,61.0,Levi's Stadium,3.0,7.0,0.0,14.0,0.0,31.0,56.0,22:55,13.0,7.0,6.0,0.0,64.0,292.0,4.6,4.0,35.0,184.0,5.3,2.0,28.0,14.0,108.0,2.0,1.0,3.9,7.7,50.0,68.75,17.0,6.0,35.3,0.0,0.0,0.0,2.0,2.0,0.0,0.0,11.0,85.0,0.0,0.0,1.0,9.0,13.0,5.0,8.0,383.0,47.9,1.0,2.0,1.0,7.0,10.0,14.0,6.0,0.0,28.0,4.0,37:05,22.0,5.0,13.0,4.0,64.0,412.0,6.4,4.0,20.0,61.0,3.0,1.0,42.0,23.0,351.0,3.0,1.0,8.4,15.3,54.8,96.43,14.0,6.0,42.9,0.0,0.0,0.0,3.0,3.0,0.0,0.0,7.0,50.0,2.0,1.0,2.0,13.0,5.0,7.0,6.0,222.0,37.0,2.0,1.0,-1.0,100.0,0.0,100.0,0.0,4.0,4.0,0.0,0.0,0.0,0.0,0.0,1.0,1.0,2.0,2.0,0.0,3.0,0.0,0.0,0.0,1.0,1.0,30.0,24.0,2.0,13.0,9.0,1.0,1.0,31.0,34.0,1.0,9.0,5.0,0.0,0.0,Sunday,993005553.0,34,31,19241.0,-13.0,0,1.0,0.353,0.0,,-0.0263932689953211,0.425287356321839,-0.3099334639206063,0.0727836419358384,-0.0795283879953012,0.4021739130434782,0.0632064772952991,-0.3657573165875908,19.3,28.0,-8.7,258.6666666666667,345.6666666666667,-0.333,0.291,0.2,201.0,357.0,2.0,-0.1567360767045708,0.368001367078589,-0.2284367187300817,-0.0888319132244267,-0.0044965437193882,0.4237405106970324,0.1918946612809067,-0.1321322836848797,-0.1348407639789724,-0.0007292120104299,24.7,7.300000000000001,0.6000000000000001,1.0,32.333333333333314,549.6666666666667,-22.0,669.3333333333334,106.0,508.0,-88.0,626.0,7.0,11.0,0.2580771465943995,-0.1721417902063226
202511532.0,2025-12-14T16:25:00,1,2025,15,LAR,DET,HOME,41.0,34.0,75.0,SoFi Stadium,7.0,10.0,17.0,7.0,0.0,35.0,4.0,33:35,30.0,15.0,13.0,2.0,67.0,530.0,7.9,6.0,36.0,249.0,6.9,3.0,31.0,22.0,281.0,3.0,0.0,9.1,12.8,71.0,131.25,8.0,3.0,37.5,0.0,0.0,0.0,4.0,3.0,0.0,0.0,5.0,30.0,0.0,0.0,0.0,0.0,11.0,1.0,3.0,140.0,46.7,0.0,1.0,1.0,7.0,17.0,0.0,10.0,0.0,24.0,56.0,26:25,17.0,2.0,15.0,0.0,61.0,314.0,5.1,2.0,14.0,51.0,3.6,0.0,44.0,25.0,263.0,2.0,1.0,6.0,10.5,56.8,80.02,12.0,4.0,33.3,1.0,0.0,0.0,4.0,2.0,0.0,0.0,7.0,42.0,0.0,0.0,3.0,8.0,2.0,0.0,5.0,271.0,54.2,1.0,0.0,-1.0,75.0,0.0,50.0,0.0,6.0,6.0,0.0,0.0,0.0,0.0,0.0,1.0,1.0,2.0,2.0,0.0,0.0,0.0,0.0,0.0,2.0,1.0,31.0,16.0,3.0,8.0,6.0,0.0,0.0,28.0,42.0,0.0,0.0,2.0,0.0,0.0,Sunday,993005560.0,32,11,19248.0,7.0,1,1.0,0.375,0.0,,0.3219148163726745,0.6206896551724138,0.5165025688499467,0.3568132634981713,-0.0724117881778261,0.4096385542168674,-0.0657323078655777,-0.1327361898638435,35.7,18.3,17.3,414.0,288.3333333333333,0.0,0.392,0.8,379.0,227.0,10.0,0.1925383939009632,0.6055587590819974,0.1981634264974169,0.2430525918774816,-0.0814844286011796,0.4144611790787726,-0.0091916919425222,-0.0903103440494923,0.1419286530547761,-0.0553834744941732,202511532.0,2025-12-14T16:25:00,1,2025,15,DET,LAR,AWAY,34.0,41.0,75.0,SoFi Stadium,7.0,17.0,0.0,10.0,0.0,28.0,37.0,26:25,20.0,8.0,10.0,2.0,57.0,408.0,7.2,5.0,22.0,109.0,5.0,4.0,34.0,25.0,299.0,1.0,0.0,8.8,12.0,73.5,109.8,8.0,3.0,37.5,0.0,0.0,0.0,5.0,4.0,0.0,0.0,8.0,50.0,0.0,0.0,1.0,10.0,11.0,6.0,2.0,84.0,42.0,0.0,3.0,3.0,7.0,10.0,17.0,7.0,0.0,31.0,23.0,33:35,25.0,7.0,17.0,1.0,76.0,417.0,5.5,2.0,24.0,91.0,3.8,1.0,47.0,31.0,326.0,1.0,2.0,6.9,10.5,66.0,75.31,15.0,6.0,40.0,2.0,2.0,100.0,3.0,1.0,0.0,0.0,7.0,76.0,3.0,1.0,5.0,50.0,8.0,4.0,1.0,62.0,62.0,3.0,0.0,-3.0,80.0,0.0,33.3,0.0,5.0,5.0,0.0,0.0,0.0,0.0,0.0,4.0,3.0,1.0,1.0,0.0,2.0,1.0,0.0,0.0,5.0,5.0,48.0,22.0,5.0,50.0,11.0,3.0,1.0,25.0,33.0,1.0,10.0,1.0,0.0,0.0,Sunday,993005559.0,11,32,19238.0,-7.0,0,3.0,0.375,0.0,,0.2160675337820053,0.5176470588235295,0.2765086477032993,0.2411524246895819,0.0669267892726965,0.4897959183673469,-0.0761129110231654,0.0079775310375473,34.0,29.3,4.7,418.0,431.0,1.0,0.469,0.6,394.0,304.0,8.0,0.1488752200115463,0.5124974606798797,0.1784089165043656,0.2359080030589253,0.1373549438720007,0.4737737200143215,0.317080944107648,-0.0722483852260385,0.1200200643083483,0.0834853693505372,12.600000000000001,22.0,0.20000000000000007,1.4,-4.0,832.0,-142.66666666666669,719.3333333333333,-15.0,773.0,-77.0,531.0,2.0,18.0,0.0436631738894169,-0.2188393724731803
202511530.0,2025-12-14T16:25:00,1,2025,15,SEA,IND,HOME,18.0,16.0,34.0,Lumen Field,3.0,3.0,3.0,9.0,0.0,31.0,20.0,28:55,20.0,6.0,11.0,3.0,58.0,365.0,6.3,4.0,26.0,129.0,5.0,0.0,30.0,20.0,236.0,3.0,1.0,7.9,11.8,66.7,109.86,13.0,6.0,46.2,0.0,0.0,0.0,4.0,2.0,0.0,0.0,6.0,60.0,2.0,0.0,2.0,13.0,7.0,3.0,3.0,148.0,49.3,1.0,3.0,2.0,3.0,10.0,0.0,3.0,0.0,28.0,40.0,31:05,15.0,6.0,6.0,3.0,62.0,274.0,4.4,0.0,31.0,120.0,3.9,0.0,30.0,15.0,154.0,0.0,2.0,5.1,10.3,50.0,37.36,13.0,1.0,7.7,2.0,1.0,50.0,4.0,0.0,0.0,0.0,8.0,56.0,1.0,1.0,1.0,8.0,3.0,7.0,2.0,84.0,42.0,3.0,1.0,-2.0,50.0,0.0,0.0,0.0,4.0,4.0,0.0,0.0,0.0,0.0,0.0,3.0,3.0,0.0,0.0,0.0,0.0,0.0,0.0,0.0,4.0,3.0,33.0,29.0,1.0,8.0,10.0,1.0,1.0,35.0,22.0,2.0,13.0,3.0,1.0,0.0,Sunday,993005552.0,30,14,19239.0,2.0,1,2.0,0.462,0.0,,0.2186628571939936,0.5324675324675324,0.3295028308347986,-0.1646231648404724,-0.2270926399280142,0.425,-0.3737225818414383,-0.2161165346905979,31.0,11.0,20.0,312.3333333333333,244.0,1.667,0.382,0.8,387.0,226.0,10.0,0.0978780868988301,0.4923039923039923,0.1402086226680451,-0.00228461350219,-0.2548846839997287,0.3761396011396011,-0.3719539341296079,-0.2680015744444268,0.0534238285102479,-0.2320402780767767,202511530.0,2025-12-14T16:25:00,1,2025,15,IND,SEA,AWAY,16.0,18.0,34.0,Lumen Field,3.0,10.0,0.0,3.0,0.0,29.0,55.0,31:05,20.0,5.0,12.0,3.0,63.0,285.0,4.5,2.0,26.0,89.0,3.4,2.0,36.0,23.0,196.0,0.0,2.0,5.4,8.5,63.9,54.86,11.0,6.0,54.5,1.0,0.0,0.0,4.0,2.0,0.0,0.0,5.0,45.0,1.0,1.0,1.0,9.0,0.0,4.0,2.0,101.0,50.5,3.0,1.0,-2.0,3.0,3.0,3.0,9.0,0.0,30.0,5.0,28:55,18.0,8.0,10.0,0.0,63.0,350.0,5.6,4.0,32.0,103.0,3.2,2.0,31.0,18.0,247.0,2.0,0.0,8.0,13.7,58.1,105.17,15.0,7.0,46.7,2.0,1.0,50.0,5.0,3.0,0.0,0.0,8.0,64.0,2.0,1.0,0.0,0.0,5.0,4.0,3.0,137.0,45.7,1.0,3.0,2.0,50.0,0.0,60.0,0.0,1.0,1.0,0.0,2.0,0.0,0.0,0.0,2.0,2.0,4.0,4.0,0.0,0.0,0.0,0.0,0.0,2.0,2.0,33.0,24.0,0.0,0.0,9.0,2.0,1.0,31.0,35.0,1.0,9.0,9.0,1.0,1.0,Sunday,993005551.0,14,30,19243.0,-2.0,0,-2.0,0.545,0.0,,-0.0963767436134333,0.4235294117647059,-0.0449813422291069,-0.3671576851250037,0.0843571837625656,0.4457831325301205,0.3311693217399756,-0.2642067635369366,18.3,26.3,-8.0,273.6666666666667,402.6666666666667,0.333,0.41,0.2,376.0,285.0,8.0,-0.0452698832664746,0.4181487520381286,0.0625316300628861,-0.2940486080679756,0.0454380295916939,0.4547492944832926,0.2654088193226045,-0.2523063081813682,-0.0145877027282151,0.0386513423392324,28.0,12.0,0.6000000000000001,1.0,38.66666666666663,586.0,-158.66666666666669,646.6666666666667,11.0,763.0,-59.0,511.0,2.0,18.0,0.1431479701653047,-0.3003227135914226
202511522.0,2025-12-14T16:25:00,1,2025,15,NO,CAR,HOME,20.0,17.0,37.0,Caesars Superdome,0.0,7.0,3.0,10.0,0.0,27.0,48.0,31:44,16.0,7.0,9.0,0.0,55.0,260.0,4.7,3.0,32.0,139.0,4.3,3.0,20.0,13.0,121.0,0.0,1.0,6.0,9.3,65.0,60.62,11.0,5.0,45.5,1.0,0.0,0.0,3.0,2.0,0.0,0.0,10.0,82.0,1.0,0.0,3.0,23.0,2.0,3.0,3.0,152.0,50.7,1.0,1.0,0.0,7.0,3.0,7.0,0.0,0.0,32.0,12.0,28:16,19.0,11.0,4.0,4.0,69.0,301.0,4.4,2.0,39.0,179.0,4.6,1.0,30.0,14.0,122.0,1.0,1.0,4.1,8.7,46.7,55.14,13.0,3.0,23.1,7.0,2.0,28.6,2.0,1.0,0.0,0.0,7.0,49.0,1.0,0.0,0.0,0.0,4.0,6.0,1.0,31.0,31.0,1.0,1.0,0.0,66.7,0.0,50.0,0.0,3.0,3.0,0.0,0.0,0.0,0.0,0.0,2.0,1.0,2.0,2.0,0.0,0.0,0.0,0.0,0.0,2.0,2.0,40.0,22.0,0.0,0.0,6.0,0.0,0.0,33.0,19.0,3.0,23.0,4.0,0.0,0.0,Sunday,993005558.0,22,5,19246.0,3.0,1,0.0,0.455,0.0,,-0.0305019985218363,0.4189189189189189,0.0908671544168012,-0.0766827700368594,-0.0951314342670439,0.4318181818181818,-0.1318394593895622,-0.1688509838805267,17.0,21.7,-4.7,282.3333333333333,300.3333333333333,-0.667,0.367,0.4,206.0,315.0,3.0,-0.132280164060233,0.4333354631226971,-0.1290528808107863,-0.1097111516823015,-0.081537117939236,0.4522819831039009,-0.2115301523433485,-0.0543303196620905,-0.1110902488771071,-0.0439902195162842,202511522.0,2025-12-14T16:25:00,1,2025,15,CAR,NO,AWAY,17.0,20.0,37.0,Caesars Superdome,7.0,3.0,7.0,0.0,0.0,35.0,16.0,28:16,17.0,9.0,8.0,0.0,62.0,358.0,5.8,4.0,40.0,164.0,4.1,0.0,20.0,15.0,194.0,3.0,0.0,9.7,12.9,75.0,144.58,15.0,7.0,46.7,3.0,3.0,100.0,1.0,0.0,0.0,0.0,7.0,70.0,0.0,0.0,2.0,12.0,2.0,3.0,3.0,112.0,37.3,0.0,3.0,3.0,0.0,7.0,3.0,10.0,0.0,24.0,44.0,31:44,22.0,9.0,12.0,1.0,51.0,379.0,7.4,4.0,21.0,152.0,7.2,2.0,28.0,18.0,227.0,2.0,2.0,8.1,12.6,64.3,83.48,5.0,2.0,40.0,0.0,0.0,0.0,6.0,4.0,0.0,0.0,1.0,5.0,1.0,1.0,2.0,16.0,2.0,3.0,1.0,56.0,56.0,3.0,0.0,-3.0,0.0,0.0,66.7,0.0,4.0,4.0,0.0,0.0,0.0,0.0,0.0,1.0,1.0,4.0,4.0,0.0,0.0,0.0,0.0,0.0,0.0,0.0,19.0,32.0,2.0,16.0,4.0,1.0,1.0,34.0,35.0,2.0,12.0,0.0,0.0,0.0,Sunday,993005557.0,5,22,19226.0,-3.0,0,3.0,0.467,0.0,,0.1719097694097934,0.4556962025316455,0.6272995151122064,-0.0921321761860461,0.1838317574924544,0.6307692307692307,-0.1170689917576965,0.5281769228140114,23.3,25.0,-1.7,358.0,355.6666666666667,1.667,0.321,0.6,247.0,297.0,7.0,0.0246660646256627,0.4445130653095213,0.2036030683370085,-0.1162263991921155,0.0757574252904322,0.5428802218074248,0.0318268776853394,0.1538603305158245,-0.0016945784667617,0.0558215721044352,-3.0,-6.4,-0.19999999999999996,1.0,-75.66666666666669,640.3333333333333,-55.33333333333337,656.0,-41.0,453.0,18.0,612.0,-4.0,10.0,-0.1569462286858957,-0.15729454322966818
202511510.0,2025-12-14T16:25:00,1,2025,15,DEN,GB,HOME,34.0,26.0,60.0,Empower Field at Mile High,0.0,14.0,13.0,7.0,0.0,39.0,3.0,30:32,27.0,11.0,14.0,2.0,72.0,356.0,4.9,3.0,31.0,152.0,4.9,2.0,38.0,31.0,204.0,0.0,0.0,5.4,6.6,81.6,89.04,12.0,7.0,58.3,3.0,1.0,33.3,3.0,2.0,0.0,0.0,8.0,50.0,0.0,0.0,3.0,8.0,7.0,5.0,1.0,35.0,35.0,0.0,0.0,0.0,3.0,13.0,7.0,3.0,0.0,20.0,57.0,29:28,16.0,3.0,11.0,2.0,48.0,229.0,4.8,2.0,12.0,40.0,3.3,0.0,32.0,21.0,189.0,2.0,0.0,5.9,9.0,65.6,102.21,9.0,3.0,33.3,3.0,1.0,33.3,2.0,1.0,0.0,0.0,3.0,25.0,0.0,0.0,4.0,24.0,6.0,4.0,3.0,143.0,47.7,0.0,0.0,0.0,66.7,0.0,50.0,0.0,3.0,3.0,0.0,0.0,0.0,0.0,0.0,1.0,1.0,2.0,2.0,0.0,0.0,0.0,0.0,0.0,1.0,1.0,25.0,20.0,4.0,24.0,1.0,0.0,0.0,45.0,36.0,3.0,8.0,2.0,0.0,0.0,Sunday,993005556.0,10,12,19247.0,8.0,1,0.0,0.583,0.0,,0.1219347099199055,0.5529411764705883,0.2096307325472147,0.0567432750418271,-0.0033985232529045,0.4761904761904761,0.0432407723396079,-0.0970182964070276,24.3,20.7,3.7,366.6666666666667,319.6666666666667,0.333,0.506,1.0,308.0,235.0,11.0,0.1060425622347033,0.5057855240861776,0.17412684304285,-0.0289740957713361,0.0379696398038448,0.4608800097305843,0.0873811910131532,0.0192243113196596,-0.0354884502876391,-0.083614895860515,202511510.0,2025-12-14T16:25:00,1,2025,15,GB,DEN,AWAY,26.0,34.0,60.0,Empower Field at Mile High,3.0,13.0,7.0,3.0,0.0,26.0,31.0,29:28,17.0,8.0,9.0,0.0,52.0,337.0,6.5,4.0,26.0,117.0,4.5,1.0,25.0,17.0,220.0,3.0,1.0,8.8,12.9,68.0,118.33,12.0,8.0,66.7,0.0,0.0,0.0,1.0,1.0,0.0,0.0,6.0,55.0,0.0,0.0,1.0,14.0,6.0,2.0,3.0,145.0,48.3,1.0,1.0,0.0,0.0,14.0,13.0,7.0,0.0,33.0,29.0,30:32,21.0,7.0,12.0,2.0,68.0,315.0,4.6,2.0,32.0,138.0,4.3,0.0,35.0,19.0,177.0,2.0,1.0,5.1,9.3,54.3,75.54,16.0,8.0,50.0,2.0,1.0,50.0,4.0,2.0,0.0,0.0,4.0,17.0,1.0,0.0,1.0,9.0,1.0,2.0,4.0,208.0,52.0,1.0,1.0,0.0,100.0,0.0,50.0,0.0,4.0,4.0,0.0,0.0,0.0,0.0,0.0,0.0,0.0,1.0,1.0,0.0,0.0,0.0,1.0,1.0,2.0,2.0,33.0,32.0,1.0,9.0,3.0,1.0,0.0,33.0,13.0,1.0,14.0,3.0,0.0,0.0,Sunday,993005555.0,12,10,19242.0,-8.0,0,0.0,0.667,0.0,,0.2067611672520362,0.5882352941176471,0.2377306975023303,0.1681874756258912,0.1088695910380304,0.5238095238095238,0.0166541431212342,0.1785962837724015,27.3,17.0,10.3,328.0,270.6666666666667,1.0,0.556,0.8,322.0,247.0,9.0,0.1796127576817293,0.5358553427868874,0.3735324956307218,0.0191166053648158,-0.0076591382214879,0.4899487485694382,-0.0790931928390222,-0.091826869272625,0.135213585366146,0.0009103649199923,-6.6000000000000005,14.0,0.19999999999999996,1.8,38.666666666666686,694.6666666666667,49.0,590.3333333333334,-14.0,630.0,-12.0,482.0,2.0,20.0,-0.07357019544702599,0.0456287780253327
202511509.0,2025-12-14T20:20:00,1,2025,15,DAL,MIN,HOME,26.0,34.0,60.0,AT&T Stadium,7.0,10.0,6.0,3.0,0.0,31.0,23.0,32:36,25.0,7.0,17.0,1.0,76.0,417.0,5.5,2.0,24.0,91.0,3.8,1.0,47.0,31.0,326.0,1.0,2.0,6.9,10.5,66.0,75.31,15.0,6.0,40.0,2.0,2.0,100.0,3.0,1.0,0.0,0.0,7.0,76.0,3.0,1.0,5.0,50.0,8.0,4.0,1.0,62.0,62.0,3.0,0.0,-3.0,7.0,10.0,7.0,10.0,0.0,28.0,37.0,27:24,20.0,8.0,10.0,2.0,57.0,408.0,7.2,5.0,22.0,109.0,5.0,4.0,34.0,25.0,299.0,1.0,0.0,8.8,12.0,73.5,109.8,8.0,3.0,37.5,0.0,0.0,0.0,5.0,4.0,0.0,0.0,8.0,50.0,0.0,0.0,1.0,10.0,11.0,6.0,2.0,84.0,42.0,0.0,3.0,3.0,33.3,0.0,80.0,0.0,1.0,1.0,0.0,2.0,1.0,0.0,0.0,5.0,5.0,5.0,5.0,0.0,0.0,0.0,0.0,0.0,4.0,3.0,25.0,33.0,1.0,10.0,1.0,0.0,0.0,48.0,22.0,5.0,50.0,11.0,3.0,1.0,Sunday,993005562.0,9,20,19238.0,-8.0,0,-3.0,0.4,0.0,,0.0669267892726965,0.4897959183673469,-0.0761129110231654,0.0079775310375473,0.2160675337820053,0.5176470588235295,0.2765086477032993,0.2411524246895819,28.3,31.0,-2.7,449.0,369.6666666666667,-1.333,0.46,0.6,381.0,386.0,6.0,0.0983694671842089,0.4891912320483749,0.157459267105479,-0.1003711429823522,0.1348776754924561,0.4718892376227599,0.2139509115961083,-0.0131889365187297,0.0582752676767079,0.0636359107020759,202511509.0,2025-12-14T20:20:00,1,2025,15,MIN,DAL,AWAY,34.0,26.0,60.0,AT&T Stadium,7.0,10.0,7.0,10.0,0.0,34.0,52.0,27:24,25.0,10.0,13.0,2.0,61.0,313.0,5.1,4.0,34.0,162.0,4.8,1.0,23.0,16.0,151.0,3.0,0.0,6.6,9.4,69.6,126.99,11.0,6.0,54.5,2.0,2.0,100.0,4.0,4.0,0.0,0.0,3.0,24.0,0.0,0.0,4.0,12.0,3.0,4.0,1.0,43.0,43.0,0.0,3.0,3.0,7.0,10.0,6.0,3.0,0.0,25.0,8.0,32:36,12.0,4.0,6.0,2.0,49.0,206.0,4.2,0.0,23.0,107.0,4.7,0.0,24.0,11.0,99.0,0.0,2.0,4.1,9.0,45.8,22.74,10.0,3.0,30.0,3.0,1.0,33.3,2.0,0.0,0.0,0.0,4.0,34.0,1.0,1.0,2.0,9.0,6.0,3.0,3.0,140.0,46.7,3.0,0.0,-3.0,100.0,0.0,0.0,0.0,4.0,4.0,0.0,0.0,0.0,0.0,0.0,1.0,1.0,0.0,0.0,0.0,0.0,0.0,0.0,0.0,0.0,0.0,18.0,37.0,2.0,9.0,3.0,1.0,1.0,29.0,37.0,4.0,12.0,5.0,0.0,0.0,Sunday,993005561.0,20,9,19244.0,8.0,1,3.0,0.545,0.0,,0.2143672178107175,0.527027027027027,0.3866096695715006,0.2168870491421267,-0.3402776152418438,0.3442622950819672,-0.5709904860636658,0.0038210886672863,12.3,16.3,-4.0,206.66666666666663,237.66666666666663,-1.0,0.323,0.2,255.0,281.0,5.0,-0.1645921006640609,0.4282839869046765,-0.3648316206073685,-0.0695624129994817,-0.0896177209213874,0.4316265263441948,-0.1532079171827093,-0.0589865148406892,-0.167929932891788,-0.0757121038100391,1.2999999999999998,-6.7,0.39999999999999997,0.8,242.33333333333337,655.6666666666666,132.00000000000006,607.3333333333333,126.0,636.0,105.0,667.0,1.0,11.0,0.2629615678482698,0.2244953964138435
202511528.0,2025-12-15T20:15:00,1,2025,15,PIT,MIA,HOME,28.0,15.0,43.0,Acrisure Stadium,0.0,7.0,14.0,7.0,0.0,26.0,16.0,33:33,13.0,4.0,7.0,2.0,51.0,318.0,6.2,3.0,17.0,34.0,2.0,2.0,34.0,23.0,284.0,1.0,0.0,8.4,12.3,67.6,103.06,14.0,6.0,42.9,1.0,1.0,100.0,4.0,2.0,0.0,0.0,7.0,33.0,0.0,0.0,0.0,0.0,5.0,5.0,4.0,197.0,49.2,0.0,1.0,1.0,0.0,3.0,0.0,12.0,0.0,33.0,44.0,26:27,22.0,10.0,9.0,3.0,77.0,420.0,5.5,2.0,40.0,217.0,5.4,1.0,35.0,19.0,203.0,1.0,1.0,5.8,10.7,54.3,69.11,18.0,7.0,38.9,4.0,3.0,75.0,6.0,2.0,0.0,0.0,5.0,39.0,0.0,0.0,2.0,16.0,1.0,3.0,2.0,102.0,51.0,1.0,0.0,-1.0,50.0,0.0,33.3,0.0,3.0,3.0,0.0,0.0,0.0,0.0,0.0,2.0,2.0,2.0,1.0,0.0,0.0,0.0,0.0,0.0,3.0,3.0,44.0,26.0,2.0,16.0,5.0,0.0,0.0,25.0,24.0,0.0,0.0,5.0,0.0,0.0,Monday,993005564.0,28,19,19240.0,13.0,1,1.0,0.429,0.0,,0.2039501777623635,0.4507042253521127,0.3019590165455141,0.1007075995090417,0.0556045205880828,0.5052631578947369,0.0026658490158734,0.0503062862977718,20.7,26.3,-5.7,276.3333333333333,373.3333333333333,0.333,0.444,0.4,308.0,311.0,7.0,-0.0454151301309357,0.4337442555261095,-0.0789032379465951,-0.028885631851369,0.0418733534861245,0.4744077488621775,0.1014769142023878,0.0004539801202826,-0.0562760363879638,-0.0104180377538897,202511528.0,2025-12-15T20:15:00,1,2025,15,MIA,PIT,AWAY,15.0,28.0,43.0,Acrisure Stadium,0.0,3.0,0.0,12.0,0.0,36.0,7.0,26:27,23.0,14.0,8.0,1.0,63.0,358.0,5.7,4.0,41.0,239.0,5.8,3.0,21.0,13.0,119.0,1.0,0.0,5.7,9.2,61.9,93.15,10.0,2.0,20.0,0.0,0.0,0.0,4.0,4.0,0.0,0.0,5.0,54.0,1.0,0.0,1.0,8.0,8.0,7.0,6.0,259.0,43.2,0.0,3.0,3.0,0.0,7.0,14.0,7.0,0.0,23.0,53.0,33:33,12.0,3.0,8.0,1.0,57.0,207.0,3.6,1.0,17.0,65.0,3.8,0.0,34.0,15.0,142.0,0.0,3.0,4.2,9.5,44.1,19.49,12.0,1.0,8.3,2.0,1.0,50.0,3.0,0.0,0.0,0.0,6.0,50.0,3.0,0.0,6.0,27.0,3.0,7.0,6.0,326.0,54.3,3.0,0.0,-3.0,100.0,0.0,0.0,0.0,4.0,4.0,0.0,0.0,0.0,0.0,0.0,2.0,2.0,1.0,1.0,0.0,0.0,0.0,0.0,0.0,1.0,1.0,27.0,21.0,6.0,27.0,9.0,1.0,0.0,29.0,40.0,1.0,8.0,6.0,0.0,0.0,Monday,993005563.0,19,28,19245.0,-13.0,0,3.0,0.2,0.0,,0.1200743014089028,0.5647058823529412,0.0728930852378455,0.2977971060148799,-0.2825954260643541,0.3896103896103896,-0.5233938569645822,-0.0975063487729879,23.7,13.3,10.3,322.3333333333333,293.3333333333333,2.0,0.289,0.8,281.0,296.0,6.0,0.0434234511651031,0.5272655007949125,-0.0568875193971217,0.0957805633071026,-0.129621341885292,0.4586767142322698,-0.1555475411437724,-0.1046437004832711,0.0415714962471273,-0.0542542545787722,-16.0,4.6000000000000005,-0.4,1.2000000000000002,-46.0,598.6666666666666,80.0,666.6666666666666,27.0,589.0,15.0,607.0,1.0,13.0,-0.0888385812960388,0.1714946953714165
202511630.0,2025-12-18T20:15:00,1,2025,16,SEA,LAR,HOME,38.0,37.0,75.0,Lumen Field,7.0,0.0,7.0,16.0,8.0,28.0,55.0,26:14,15.0,6.0,9.0,0.0,59.0,314.0,5.3,0.0,22.0,50.0,2.3,0.0,36.0,22.0,264.0,0.0,0.0,7.3,12.0,61.1,83.56,13.0,2.0,15.4,1.0,1.0,100.0,2.0,0.0,0.0,0.0,5.0,34.0,1.0,0.0,1.0,7.0,4.0,5.0,4.0,193.0,48.2,0.0,1.0,1.0,3.0,10.0,10.0,7.0,7.0,31.0,5.0,40:33,14.0,5.0,8.0,1.0,58.0,220.0,3.8,1.0,30.0,102.0,3.4,0.0,27.0,18.0,118.0,1.0,1.0,4.4,6.6,66.7,72.76,13.0,5.0,38.5,0.0,0.0,0.0,1.0,1.0,0.0,0.0,3.0,14.0,1.0,0.0,1.0,2.0,5.0,5.0,5.0,228.0,45.6,1.0,0.0,-1.0,0.0,0.0,100.0,0.0,0.0,0.0,0.0,0.0,0.0,0.0,0.0,6.0,6.0,1.0,1.0,0.0,0.0,0.0,0.0,0.0,3.0,3.0,34.0,28.0,1.0,2.0,6.0,0.0,0.0,35.0,19.0,1.0,7.0,1.0,1.0,1.0,Thursday,993005566.0,30,32,19264.0,1.0,1,1.0,0.154,0.0,,0.0583744228941497,0.5194805194805194,0.0869833888104822,-0.3326591271867044,0.0435827337306788,0.430379746835443,-0.0196428426751284,-0.0787520991787402,27.0,8.3,18.7,299.3333333333333,218.66666666666663,2.0,0.338,0.8,405.0,242.0,11.0,0.0833575321574998,0.4987974987974987,0.0606678237478606,-0.182223569052477,-0.2283619770323474,0.3825624797143785,-0.4129608851899689,-0.1874627134741365,0.0421728384290755,-0.1847051845871405,202511630.0,2025-12-18T20:15:00,1,2025,16,LAR,SEA,AWAY,37.0,38.0,75.0,Lumen Field,3.0,10.0,10.0,7.0,7.0,33.0,35.0,40:33,30.0,8.0,20.0,2.0,69.0,519.0,7.5,5.0,29.0,159.0,5.5,3.0,38.0,24.0,360.0,2.0,1.0,9.5,15.0,63.2,100.77,9.0,2.0,22.2,3.0,3.0,100.0,6.0,4.0,0.0,0.0,2.0,8.0,1.0,0.0,2.0,8.0,8.0,3.0,3.0,149.0,49.7,1.0,0.0,-1.0,7.0,0.0,7.0,16.0,8.0,26.0,25.0,26:14,21.0,3.0,17.0,1.0,62.0,396.0,6.4,4.0,20.0,70.0,3.5,1.0,41.0,25.0,326.0,3.0,0.0,8.0,13.0,61.0,110.42,14.0,5.0,35.7,2.0,2.0,100.0,4.0,3.0,0.0,0.0,4.0,25.0,0.0,0.0,1.0,12.0,8.0,1.0,3.0,150.0,50.0,0.0,1.0,1.0,66.7,0.0,75.0,0.0,5.0,5.0,0.0,0.0,0.0,0.0,0.0,2.0,2.0,4.0,4.0,0.0,0.0,0.0,0.0,0.0,3.0,2.0,28.0,31.0,1.0,12.0,2.0,0.0,0.0,35.0,28.0,2.0,8.0,7.0,0.0,0.0,Thursday,993005565.0,32,30,19262.0,-1.0,0,-1.0,0.222,0.0,,0.1853929706478375,0.6333333333333333,0.1945780004854526,0.2199997615659543,0.1362031218200523,0.4216867469879518,0.3806696290389126,-0.2113894153617999,38.0,27.3,10.7,476.0,356.0,-1.0,0.332,0.8,420.0,261.0,11.0,0.2303798481709888,0.6282640730916592,0.1980038591925675,0.3683299826260457,0.0785670343506731,0.4290071679121549,0.3140789454285138,-0.1454192604705632,0.1121107095367063,-0.0498789310857497,8.0,29.4,0.0,1.6,-176.66666666666669,775.3333333333333,-137.33333333333337,574.6666666666666,-15.0,825.0,-19.0,503.0,0.0,22.0,-0.147022316013489,-0.3069290113830205
202511635.0,2025-12-20T17:00:00,1,2025,16,WAS,PHI,HOME,18.0,29.0,47.0,Northwest Stadium,3.0,7.0,0.0,8.0,0.0,30.0,48.0,25:53,19.0,8.0,10.0,1.0,58.0,340.0,5.9,3.0,37.0,145.0,3.9,1.0,19.0,10.0,195.0,1.0,0.0,10.3,19.5,52.6,106.25,11.0,3.0,27.3,0.0,0.0,0.0,1.0,1.0,0.0,0.0,11.0,67.0,4.0,2.0,2.0,16.0,8.0,4.0,4.0,183.0,45.8,2.0,1.0,-1.0,7.0,0.0,7.0,15.0,0.0,29.0,12.0,34:07,22.0,7.0,12.0,3.0,67.0,384.0,5.7,3.0,29.0,146.0,5.0,1.0,37.0,20.0,238.0,2.0,1.0,6.4,11.9,54.1,80.69,12.0,2.0,16.7,4.0,2.0,50.0,4.0,3.0,0.0,0.0,6.0,62.0,1.0,0.0,1.0,8.0,5.0,6.0,4.0,182.0,45.5,1.0,2.0,1.0,100.0,0.0,75.0,0.0,3.0,2.0,0.0,0.0,0.0,0.0,0.0,3.0,3.0,3.0,3.0,0.0,0.0,0.0,0.0,0.0,2.0,0.0,40.0,15.0,1.0,8.0,6.0,1.0,0.0,30.0,30.0,2.0,16.0,2.0,4.0,2.0,Saturday,993005568.0,35,26,19259.0,-11.0,0,-1.0,0.273,0.0,,-0.0131249401283091,0.4810126582278481,0.0858804680899661,-0.0925364650106833,-0.1353614507642613,0.4367816091954023,0.1386892467112223,-0.1567362755555508,18.3,26.3,-8.0,321.6666666666667,366.3333333333333,-1.333,0.348,0.2,291.0,375.0,4.0,-0.0932637234154081,0.4201533794983335,-0.1328726124411012,0.0009020918691358,0.0682221875242166,0.4781322905055156,0.2410654087196055,0.0352396202295927,-0.0230973189257761,0.149220855297979,202511635.0,2025-12-20T17:00:00,1,2025,16,PHI,WAS,AWAY,29.0,18.0,47.0,Northwest Stadium,7.0,0.0,7.0,15.0,0.0,39.0,25.0,34:07,27.0,12.0,12.0,3.0,66.0,387.0,5.9,4.0,47.0,183.0,3.9,1.0,18.0,15.0,204.0,3.0,0.0,11.3,13.6,83.3,153.47,13.0,10.0,76.9,1.0,0.0,0.0,5.0,3.0,0.0,0.0,3.0,35.0,0.0,0.0,1.0,4.0,9.0,6.0,1.0,43.0,43.0,0.0,1.0,1.0,3.0,7.0,0.0,8.0,0.0,20.0,35.0,25:53,7.0,2.0,4.0,1.0,42.0,75.0,1.8,0.0,13.0,46.0,3.5,0.0,25.0,15.0,29.0,0.0,1.0,1.2,1.9,60.0,47.92,12.0,3.0,25.0,1.0,0.0,0.0,0.0,0.0,0.0,0.0,3.0,39.0,0.0,0.0,4.0,35.0,1.0,8.0,5.0,223.0,44.6,1.0,0.0,-1.0,60.0,0.0,0.0,0.0,4.0,4.0,0.0,0.0,0.0,0.0,0.0,1.0,1.0,0.0,0.0,0.0,0.0,0.0,0.0,0.0,0.0,0.0,21.0,20.0,4.0,35.0,5.0,0.0,0.0,43.0,32.0,1.0,4.0,0.0,0.0,0.0,Saturday,993005567.0,26,35,19260.0,11.0,1,1.0,0.769,0.0,,0.251300008629494,0.5769230769230769,1.0606591349188312,-0.1448193135011631,-0.2901655847320931,0.320754716981132,-0.5264912482195844,-0.1194707268829612,21.7,15.3,6.3,356.3333333333333,258.3333333333333,-0.667,0.47,0.4,320.0,271.0,9.0,0.0062400431034404,0.4645038321094659,0.2330959519274766,-0.1403065403926104,-0.1258968629261418,0.3990890080105372,-0.3035931192527937,-0.0492134074440611,-0.0225888001053103,-0.1308193287295612,-14.3,-1.7000000000000002,-0.2,0.6000000000000001,-34.66666666666663,678.0,108.0,624.6666666666666,-29.0,611.0,104.0,646.0,-5.0,13.0,-0.0995037665188485,0.1941190504503584
202511606.0,2025-12-20T20:20:00,1,2025,16,CHI,GB,HOME,22.0,16.0,38.0,Soldier Field,0.0,0.0,3.0,13.0,6.0,32.0,52.0,26:13,21.0,8.0,12.0,1.0,64.0,361.0,5.6,4.0,33.0,142.0,4.3,2.0,28.0,17.0,219.0,2.0,0.0,7.8,12.9,60.7,109.08,13.0,5.0,38.5,2.0,1.0,50.0,4.0,3.0,0.0,0.0,4.0,25.0,1.0,0.0,3.0,23.0,15.0,8.0,4.0,171.0,42.8,0.0,3.0,3.0,0.0,6.0,7.0,3.0,0.0,27.0,8.0,38:57,9.0,2.0,7.0,0.0,56.0,192.0,3.4,0.0,16.0,50.0,3.1,0.0,35.0,18.0,142.0,0.0,3.0,4.1,7.9,51.4,26.13,14.0,4.0,28.6,1.0,0.0,0.0,1.0,0.0,0.0,0.0,6.0,21.0,0.0,0.0,5.0,35.0,7.0,6.0,7.0,339.0,48.4,3.0,0.0,-3.0,75.0,0.0,0.0,0.0,4.0,4.0,0.0,0.0,0.0,0.0,0.0,2.0,1.0,0.0,0.0,0.0,0.0,0.0,0.0,0.0,1.0,1.0,27.0,22.0,5.0,35.0,6.0,0.0,0.0,25.0,43.0,3.0,23.0,4.0,0.0,0.0,Saturday,993005570.0,6,12,19253.0,6.0,1,3.0,0.385,0.0,,0.026546871704189,0.4878048780487805,0.1632512306031167,-0.0730296309357072,-0.3669786117595657,0.2368421052631578,-0.5153060995945414,-0.3182607831466676,25.3,15.3,10.0,367.0,282.0,1.333,0.491,0.8,365.0,338.0,10.0,0.061796065303298,0.4875315980050556,0.0187234817200001,0.1020271503639023,-0.0844294798368908,0.4064811988546344,-0.0791608591198122,-0.1350727107003689,0.0219814476119829,-0.0882051162399057,202511606.0,2025-12-20T20:20:00,1,2025,16,GB,CHI,AWAY,16.0,22.0,38.0,Soldier Field,0.0,6.0,7.0,3.0,0.0,29.0,28.0,38:57,19.0,5.0,12.0,2.0,63.0,362.0,5.7,2.0,20.0,115.0,5.8,1.0,40.0,24.0,247.0,1.0,2.0,6.2,10.3,60.0,65.31,13.0,6.0,46.2,3.0,1.0,33.3,4.0,1.0,0.0,0.0,10.0,72.0,0.0,0.0,3.0,29.0,3.0,3.0,1.0,57.0,57.0,2.0,1.0,-1.0,0.0,0.0,3.0,13.0,6.0,30.0,32.0,26:13,21.0,4.0,15.0,2.0,65.0,391.0,6.0,5.0,31.0,89.0,2.9,1.0,34.0,23.0,302.0,4.0,0.0,8.9,13.1,67.6,134.68,11.0,4.0,36.4,4.0,2.0,50.0,4.0,4.0,0.0,0.0,6.0,60.0,1.0,1.0,0.0,0.0,15.0,5.0,2.0,94.0,47.0,1.0,2.0,1.0,25.0,0.0,100.0,0.0,2.0,2.0,0.0,0.0,0.0,0.0,0.0,4.0,4.0,4.0,4.0,0.0,1.0,0.0,0.0,0.0,0.0,0.0,37.0,20.0,0.0,0.0,6.0,1.0,1.0,32.0,20.0,3.0,29.0,5.0,0.0,0.0,Saturday,993005569.0,12,6,19261.0,-6.0,0,-1.0,0.462,0.0,,0.0595194990923505,0.4404761904761904,0.1452518805598122,-0.2190473270971967,0.1375410361575157,0.5301204819277109,0.531639580083337,-0.3276747587977775,28.3,26.3,2.0,352.6666666666667,352.6666666666667,-0.333,0.543,0.8,348.0,281.0,9.0,0.1666562120147378,0.5139564597768932,0.3066666281782471,-0.0101017643145498,0.107043705465415,0.5114831620855718,0.3099824339688455,-0.1483668616760508,0.1783678610380475,0.0475264106478558,8.0,12.0,0.0,1.6,14.333333333333314,719.6666666666667,-70.66666666666669,634.6666666666667,17.0,713.0,57.0,619.0,1.0,19.0,-0.10486014671143978,-0.19147318530230578
202511609.0,2025-12-21T13:00:00,1,2025,16,DAL,LAC,HOME,17.0,34.0,51.0,AT&T Stadium,7.0,10.0,0.0,0.0,0.0,32.0,36.0,25:33,25.0,12.0,12.0,1.0,69.0,423.0,6.1,2.0,29.0,138.0,4.8,2.0,38.0,23.0,285.0,0.0,0.0,7.5,12.4,60.5,83.77,12.0,2.0,16.7,4.0,3.0,75.0,5.0,2.0,0.0,0.0,7.0,58.0,0.0,0.0,2.0,9.0,1.0,5.0,1.0,42.0,42.0,0.0,1.0,1.0,7.0,14.0,3.0,10.0,0.0,27.0,24.0,34:27,21.0,7.0,11.0,3.0,52.0,327.0,6.3,4.0,28.0,77.0,2.8,2.0,24.0,15.0,250.0,2.0,1.0,10.4,16.7,62.5,107.99,9.0,2.0,22.2,3.0,3.0,100.0,4.0,3.0,0.0,0.0,3.0,17.0,0.0,0.0,0.0,0.0,11.0,0.0,2.0,112.0,56.0,1.0,0.0,-1.0,40.0,0.0,75.0,0.0,2.0,2.0,0.0,0.0,0.0,0.0,0.0,6.0,4.0,4.0,4.0,0.0,0.0,0.0,0.0,0.0,2.0,2.0,27.0,23.0,0.0,0.0,3.0,0.0,0.0,32.0,40.0,2.0,9.0,5.0,0.0,0.0,Sunday,993005584.0,9,29,19266.0,-17.0,0,1.0,0.167,0.0,,0.0344273775393866,0.4945054945054945,0.0018413925774561,0.2421747198473895,0.2181317955250696,0.5571428571428572,0.4759419894797297,-0.063034354571538,29.0,35.3,-6.3,432.3333333333333,365.6666666666667,-1.0,0.376,0.6,407.0,420.0,6.0,0.1035960842819773,0.4947671376242805,0.1196889831028301,0.0686489591190975,0.2020145791721842,0.5130252100840337,0.3561437620842972,0.0099756286660856,0.0896536279257484,0.0965315814890867,202511609.0,2025-12-21T13:00:00,1,2025,16,LAC,DAL,AWAY,34.0,17.0,51.0,AT&T Stadium,7.0,14.0,3.0,10.0,0.0,34.0,42.0,34:27,18.0,6.0,9.0,3.0,62.0,295.0,4.8,1.0,29.0,94.0,3.2,0.0,29.0,19.0,201.0,1.0,1.0,6.9,10.6,65.5,82.69,14.0,5.0,35.7,0.0,0.0,0.0,2.0,1.0,0.0,0.0,5.0,50.0,1.0,0.0,4.0,9.0,9.0,9.0,4.0,150.0,37.5,1.0,2.0,1.0,7.0,10.0,0.0,0.0,0.0,25.0,18.0,25:33,17.0,6.0,9.0,2.0,59.0,239.0,4.1,1.0,21.0,49.0,2.3,1.0,33.0,19.0,190.0,0.0,2.0,5.8,10.0,57.6,48.8,13.0,6.0,46.2,0.0,0.0,0.0,3.0,1.0,0.0,0.0,9.0,64.0,0.0,0.0,5.0,21.0,12.0,6.0,4.0,190.0,47.5,2.0,1.0,-1.0,50.0,0.0,33.3,0.0,1.0,1.0,0.0,0.0,0.0,0.0,0.0,3.0,3.0,1.0,1.0,0.0,0.0,0.0,0.0,0.0,2.0,2.0,32.0,29.0,5.0,21.0,5.0,0.0,0.0,35.0,31.0,4.0,9.0,3.0,0.0,0.0,Sunday,993005583.0,29,9,19257.0,17.0,1,1.0,0.357,0.0,,0.0333372146798931,0.5,0.0811796641212854,-0.1163766333037078,-0.0360280171717678,0.48,-0.070825271250318,-0.2075078796509555,23.0,15.3,7.7,303.6666666666667,253.33333333333337,1.0,0.477,0.8,315.0,284.0,10.0,0.0054101583418247,0.458917142362913,0.0298668710907535,-0.1019452768916672,-0.1128929255816216,0.472962962962963,-0.1465044642849569,-0.3268575201671578,-0.0711927357061593,-0.0981032242760756,-14.0,1.4000000000000004,-0.20000000000000007,1.4,128.66666666666663,736.0,112.33333333333331,619.0,92.0,722.0,136.0,704.0,-4.0,16.0,0.09818592594015259,0.3149075047538058
202511623.0,2025-12-21T13:00:00,1,2025,16,NYG,MIN,HOME,13.0,16.0,29.0,MetLife Stadium,0.0,10.0,0.0,3.0,0.0,29.0,12.0,28:59,22.0,7.0,12.0,3.0,67.0,384.0,5.7,3.0,29.0,146.0,5.0,1.0,37.0,20.0,238.0,2.0,1.0,6.4,11.9,54.1,80.69,12.0,2.0,16.7,4.0,2.0,50.0,4.0,3.0,0.0,0.0,6.0,62.0,1.0,0.0,1.0,8.0,5.0,6.0,4.0,182.0,45.5,1.0,2.0,1.0,3.0,10.0,0.0,3.0,0.0,30.0,48.0,31:01,19.0,8.0,10.0,1.0,58.0,340.0,5.9,3.0,37.0,145.0,3.9,1.0,19.0,10.0,195.0,1.0,0.0,10.3,19.5,52.6,106.25,11.0,3.0,27.3,0.0,0.0,0.0,1.0,1.0,0.0,0.0,11.0,67.0,4.0,2.0,2.0,16.0,8.0,4.0,4.0,183.0,45.8,2.0,1.0,-1.0,75.0,0.0,100.0,0.0,3.0,3.0,0.0,0.0,0.0,0.0,0.0,2.0,0.0,3.0,2.0,0.0,0.0,0.0,0.0,0.0,3.0,3.0,30.0,30.0,2.0,16.0,2.0,4.0,2.0,40.0,15.0,1.0,8.0,6.0,1.0,0.0,Sunday,993005582.0,23,20,19259.0,-3.0,0,1.0,0.167,0.0,,-0.1353614507642613,0.4367816091954023,0.1386892467112223,-0.1567362755555508,-0.0131249401283091,0.4810126582278481,0.0858804680899661,-0.0925364650106833,21.0,32.0,-11.0,380.0,409.6666666666667,0.0,0.343,0.0,300.0,396.0,2.0,-0.0775382485033282,0.4285681705632444,0.1672386345988955,-0.1355062283692358,0.0705323620361721,0.4962309771014079,0.0937261574634237,0.1884565360022945,-0.0220039561037706,0.1075486892763314,202511623.0,2025-12-21T13:00:00,1,2025,16,MIN,NYG,AWAY,16.0,13.0,29.0,MetLife Stadium,3.0,10.0,0.0,3.0,0.0,27.0,24.0,31:01,21.0,7.0,11.0,3.0,52.0,327.0,6.3,4.0,28.0,77.0,2.8,2.0,24.0,15.0,250.0,2.0,1.0,10.4,16.7,62.5,107.99,9.0,2.0,22.2,3.0,3.0,100.0,4.0,3.0,0.0,0.0,3.0,17.0,0.0,0.0,0.0,0.0,11.0,0.0,2.0,112.0,56.0,1.0,0.0,-1.0,0.0,10.0,0.0,3.0,0.0,32.0,36.0,28:59,25.0,12.0,12.0,1.0,69.0,423.0,6.1,2.0,29.0,138.0,4.8,2.0,38.0,23.0,285.0,0.0,0.0,7.5,12.4,60.5,83.77,12.0,2.0,16.7,4.0,3.0,75.0,5.0,2.0,0.0,0.0,7.0,58.0,0.0,0.0,2.0,9.0,1.0,5.0,1.0,42.0,42.0,0.0,1.0,1.0,75.0,0.0,40.0,0.0,4.0,4.0,0.0,0.0,0.0,0.0,0.0,2.0,2.0,2.0,2.0,0.0,0.0,0.0,0.0,0.0,6.0,4.0,32.0,40.0,2.0,9.0,5.0,0.0,0.0,27.0,23.0,0.0,0.0,3.0,0.0,0.0,Sunday,993005581.0,20,23,19266.0,3.0,1,-1.0,0.222,0.0,,0.2181317955250696,0.5571428571428572,0.4759419894797297,-0.063034354571538,0.0344273775393866,0.4945054945054945,0.0018413925774561,0.2421747198473895,21.7,17.3,4.3,267.3333333333333,282.6666666666667,-0.333,0.323,0.4,289.0,307.0,6.0,-0.0230256705213066,0.4588258588258588,0.0056781426659634,-0.0378889373274942,-0.1109383071060336,0.4277374113439687,-0.2678772806293028,0.0655357977948071,-0.0918752439370743,-0.0635854448644233,-15.3,-6.7,-0.4,0.4,112.66666666666669,647.3333333333333,127.0,692.3333333333334,11.0,589.0,89.0,703.0,-4.0,8.0,-0.0545125779820216,0.1814706691422057
202511605.0,2025-12-21T13:00:00,1,2025,16,CAR,TB,HOME,23.0,20.0,43.0,Bank of America Stadium,3.0,10.0,7.0,3.0,0.0,28.0,16.0,25:24,15.0,7.0,7.0,1.0,56.0,281.0,5.0,2.0,31.0,127.0,4.1,1.0,24.0,15.0,154.0,1.0,0.0,6.4,10.3,62.5,94.79,14.0,7.0,50.0,3.0,2.0,66.7,1.0,1.0,0.0,0.0,11.0,103.0,1.0,1.0,1.0,9.0,6.0,3.0,3.0,142.0,47.3,1.0,0.0,-1.0,7.0,3.0,7.0,3.0,0.0,31.0,44.0,34:36,27.0,7.0,14.0,6.0,63.0,337.0,5.3,2.0,25.0,81.0,3.2,1.0,33.0,24.0,256.0,1.0,0.0,7.8,10.7,72.7,105.11,11.0,6.0,54.5,2.0,1.0,50.0,3.0,2.0,0.0,0.0,9.0,78.0,1.0,0.0,5.0,16.0,3.0,5.0,2.0,95.0,47.5,0.0,1.0,1.0,100.0,0.0,66.7,0.0,2.0,2.0,0.0,0.0,0.0,0.0,0.0,1.0,1.0,2.0,2.0,0.0,0.0,0.0,0.0,0.0,2.0,2.0,35.0,30.0,5.0,16.0,3.0,1.0,0.0,33.0,22.0,1.0,9.0,2.0,0.0,1.0,Sunday,993005580.0,5,33,19263.0,3.0,1,-1.0,0.5,0.0,,0.0875881378973588,0.4166666666666667,0.3056019278197256,-0.1810482310783118,0.0993098000952811,0.5180722891566265,0.2772410979235615,-0.1790363240895955,19.0,22.7,-3.7,289.6666666666667,352.0,1.0,0.37,0.4,264.0,317.0,7.0,0.0191845834291189,0.4344657839856443,0.2117962780781257,-0.0834527253537663,0.0944674785166854,0.5393257741316644,0.032053940035213,0.1356248085126099,0.0025476423703956,0.0757739047278467,202511605.0,2025-12-21T13:00:00,1,2025,16,TB,CAR,AWAY,20.0,23.0,43.0,Bank of America Stadium,7.0,3.0,7.0,3.0,0.0,28.0,9.0,34:36,28.0,5.0,16.0,7.0,61.0,338.0,5.5,3.0,22.0,88.0,4.0,1.0,34.0,19.0,250.0,2.0,1.0,7.4,13.2,55.9,86.64,9.0,4.0,44.4,0.0,0.0,0.0,3.0,3.0,0.0,0.0,4.0,25.0,1.0,0.0,5.0,27.0,4.0,2.0,4.0,165.0,41.2,1.0,1.0,0.0,3.0,10.0,7.0,3.0,0.0,31.0,51.0,25:24,27.0,6.0,19.0,2.0,66.0,476.0,7.2,4.0,21.0,111.0,5.3,1.0,44.0,30.0,365.0,3.0,0.0,8.3,12.2,68.2,116.19,11.0,5.0,45.5,1.0,1.0,100.0,4.0,4.0,0.0,0.0,19.0,125.0,3.0,1.0,1.0,8.0,7.0,7.0,4.0,170.0,42.5,1.0,1.0,0.0,100.0,0.0,100.0,0.0,2.0,2.0,0.0,2.0,1.0,0.0,0.0,2.0,2.0,2.0,2.0,0.0,4.0,0.0,0.0,0.0,1.0,1.0,34.0,26.0,1.0,8.0,1.0,3.0,1.0,36.0,12.0,5.0,27.0,7.0,0.0,0.0,Sunday,993005579.0,33,5,19252.0,-3.0,0,0.0,0.444,0.0,,0.1554229699423558,0.5542168674698795,0.2061591406550054,0.0147320775246374,0.1593517424031454,0.5,0.2451370030405059,0.0581715000391175,22.7,23.3,-0.7,306.0,374.0,0.667,0.371,0.2,327.0,354.0,7.0,0.0198441828224947,0.4847964932226027,0.02650697071175,-0.0791954165623472,0.0234333100344842,0.51001001001001,0.1498506719162678,-0.1431365379671413,-0.0281956624370136,0.0924244705898244,-3.0,-4.4,0.2,0.6000000000000001,-16.333333333333314,595.6666666666667,-22.0,726.0,-63.0,591.0,-37.0,671.0,0.0,14.0,-0.0006595993933757975,0.0710341684822012
202511622.0,2025-12-21T13:00:00,1,2025,16,NO,NYJ,HOME,29.0,6.0,35.0,Caesars Superdome,3.0,6.0,7.0,13.0,0.0,31.0,44.0,31:18,27.0,7.0,14.0,6.0,63.0,337.0,5.3,2.0,25.0,81.0,3.2,1.0,33.0,24.0,256.0,1.0,0.0,7.8,10.7,72.7,105.11,11.0,6.0,54.5,2.0,1.0,50.0,3.0,2.0,0.0,0.0,9.0,78.0,1.0,0.0,5.0,16.0,3.0,5.0,2.0,95.0,47.5,0.0,1.0,1.0,3.0,3.0,0.0,0.0,0.0,28.0,16.0,28:42,15.0,7.0,7.0,1.0,56.0,281.0,5.0,2.0,31.0,127.0,4.1,1.0,24.0,15.0,154.0,1.0,0.0,6.4,10.3,62.5,94.79,14.0,7.0,50.0,3.0,2.0,66.7,1.0,1.0,0.0,0.0,11.0,103.0,1.0,1.0,1.0,9.0,6.0,3.0,3.0,142.0,47.3,1.0,0.0,-1.0,66.7,0.0,100.0,0.0,2.0,2.0,0.0,0.0,0.0,0.0,0.0,2.0,2.0,2.0,2.0,0.0,0.0,0.0,0.0,0.0,1.0,1.0,33.0,22.0,1.0,9.0,2.0,0.0,1.0,35.0,30.0,5.0,16.0,3.0,1.0,0.0,Sunday,993005574.0,22,24,19263.0,23.0,1,1.0,0.545,0.0,,0.0993098000952811,0.5180722891566265,0.2772410979235615,-0.1790363240895955,0.0875881378973588,0.4166666666666667,0.3056019278197256,-0.1810482310783118,20.3,19.3,1.0,297.0,293.3333333333333,0.0,0.444,0.6,226.0,332.0,4.0,-0.0160060480586595,0.4641822545437002,0.0543666712552474,-0.1191134924432534,-0.0300522385259862,0.4404859404859405,-0.0598603587701104,-0.0887880774764787,-0.0490486488825523,-0.0611742671685435,202511622.0,2025-12-21T13:00:00,1,2025,16,NYJ,NO,AWAY,6.0,29.0,35.0,Caesars Superdome,3.0,3.0,0.0,0.0,0.0,33.0,7.0,28:42,19.0,6.0,11.0,2.0,68.0,284.0,4.2,2.0,32.0,130.0,4.1,1.0,33.0,22.0,154.0,1.0,3.0,4.7,7.0,66.7,49.31,15.0,8.0,53.3,3.0,1.0,33.3,2.0,1.0,0.0,0.0,6.0,44.0,0.0,0.0,3.0,22.0,2.0,2.0,2.0,57.0,28.5,3.0,1.0,-2.0,3.0,6.0,7.0,13.0,0.0,26.0,53.0,31:18,24.0,6.0,16.0,2.0,59.0,438.0,7.4,6.0,27.0,108.0,4.0,1.0,32.0,20.0,330.0,5.0,0.0,10.3,16.5,62.5,136.72,9.0,4.0,44.4,0.0,0.0,0.0,6.0,4.0,0.0,0.0,5.0,60.0,1.0,1.0,0.0,0.0,7.0,7.0,2.0,104.0,52.0,1.0,3.0,2.0,50.0,0.0,66.7,0.0,2.0,2.0,0.0,0.0,0.0,0.0,0.0,2.0,2.0,6.0,6.0,0.0,0.0,0.0,0.0,0.0,2.0,2.0,33.0,12.0,0.0,0.0,3.0,1.0,1.0,39.0,30.0,3.0,22.0,6.0,0.0,0.0,Sunday,993005573.0,24,22,19256.0,-23.0,0,-2.0,0.533,0.0,,-0.0581893661931753,0.4883720930232558,-0.1987640391341197,-0.0931904929963854,0.3154635193108138,0.5897435897435898,0.7344225641422494,-0.5112928118833224,19.0,35.3,-16.3,253.33333333333337,395.0,-1.333,0.351,0.2,276.0,397.0,3.0,-0.069502543336378,0.4499641983310653,-0.2126166846271018,-0.0957927835863534,0.1828489866337614,0.5669870333345025,0.3305471737101881,-0.01213004336675,-0.0735039464433009,0.1515055945214168,17.3,-15.3,0.39999999999999997,0.8,43.66666666666663,550.3333333333334,-101.66666666666669,688.3333333333333,-50.0,502.0,-65.0,729.0,1.0,7.0,0.05349649527771849,-0.2129012251597476
202511608.0,2025-12-21T13:00:00,1,2025,16,CLE,BUF,HOME,20.0,23.0,43.0,Huntington Bank Field,7.0,3.0,7.0,3.0,0.0,27.0,8.0,35:23,9.0,2.0,7.0,0.0,56.0,192.0,3.4,0.0,16.0,50.0,3.1,0.0,35.0,18.0,142.0,0.0,3.0,4.1,7.9,51.4,26.13,14.0,4.0,28.6,1.0,0.0,0.0,1.0,0.0,0.0,0.0,6.0,21.0,0.0,0.0,5.0,35.0,7.0,6.0,7.0,339.0,48.4,3.0,0.0,-3.0,7.0,13.0,3.0,0.0,0.0,32.0,52.0,24:37,21.0,8.0,12.0,1.0,64.0,361.0,5.6,4.0,33.0,142.0,4.3,2.0,28.0,17.0,219.0,2.0,0.0,7.8,12.9,60.7,109.08,13.0,5.0,38.5,2.0,1.0,50.0,4.0,3.0,0.0,0.0,4.0,25.0,1.0,0.0,3.0,23.0,15.0,8.0,4.0,171.0,42.8,0.0,3.0,3.0,0.0,0.0,75.0,0.0,0.0,0.0,0.0,0.0,0.0,0.0,0.0,1.0,1.0,4.0,4.0,0.0,0.0,0.0,0.0,0.0,2.0,1.0,25.0,43.0,3.0,23.0,4.0,0.0,0.0,27.0,22.0,5.0,35.0,6.0,0.0,0.0,Sunday,993005576.0,8,4,19253.0,-3.0,0,-3.0,0.286,0.0,,-0.3669786117595657,0.2368421052631578,-0.5153060995945414,-0.3182607831466676,0.026546871704189,0.4878048780487805,0.1632512306031167,-0.0730296309357072,13.3,29.3,-16.0,285.6666666666667,301.6666666666667,-2.0,0.329,0.2,226.0,332.0,3.0,-0.2356646460661866,0.3463386727688787,-0.2307342219765373,-0.2921060180855181,0.0180588809872383,0.4335307447902065,-0.0316623767691257,-0.0117107256295569,-0.2208843697938925,-0.0696303011711459,202511608.0,2025-12-21T13:00:00,1,2025,16,BUF,CLE,AWAY,23.0,20.0,43.0,Huntington Bank Field,7.0,13.0,3.0,0.0,0.0,35.0,21.0,24:37,22.0,9.0,11.0,2.0,67.0,349.0,5.2,5.0,37.0,168.0,4.5,2.0,28.0,19.0,181.0,3.0,0.0,6.5,9.5,67.9,121.28,14.0,8.0,57.1,1.0,1.0,100.0,6.0,5.0,0.0,0.0,2.0,15.0,0.0,0.0,2.0,12.0,5.0,5.0,4.0,162.0,40.5,0.0,1.0,1.0,7.0,3.0,7.0,3.0,0.0,24.0,39.0,35:23,19.0,13.0,6.0,0.0,51.0,385.0,7.5,4.0,25.0,246.0,9.8,4.0,23.0,14.0,139.0,0.0,1.0,6.0,9.9,60.9,59.87,10.0,5.0,50.0,1.0,0.0,0.0,3.0,2.0,0.0,0.0,7.0,65.0,2.0,0.0,3.0,16.0,4.0,5.0,3.0,163.0,54.3,1.0,0.0,-1.0,83.3,0.0,66.7,0.0,5.0,5.0,0.0,0.0,0.0,0.0,0.0,0.0,0.0,4.0,4.0,0.0,0.0,0.0,0.0,0.0,1.0,1.0,29.0,19.0,3.0,16.0,3.0,1.0,0.0,33.0,37.0,2.0,12.0,4.0,0.0,0.0,Sunday,993005575.0,4,8,19258.0,3.0,1,1.0,0.571,0.0,,0.2304409858755921,0.4827586206896552,0.314560960764033,0.2312925248303556,0.194281961589138,0.5882352941176471,-0.0314979090510557,0.5866956274822066,33.3,24.0,9.3,379.0,296.3333333333333,0.667,0.55,0.8,411.0,324.0,10.0,0.1759665353956343,0.5098031127976681,0.418181192762224,-0.069309602975961,0.011514298653203,0.4937658316915282,-0.0748872551984231,0.0529548449326415,0.1561518745876746,0.02719361203659,-25.3,-6.699999999999999,-0.6000000000000001,1.0,-93.33333333333331,664.6666666666667,5.333333333333371,598.0,-185.0,637.0,8.0,656.0,-7.0,13.0,-0.41163118146182087,0.006544582334035301
202511619.0,2025-12-21T13:00:00,1,2025,16,MIA,CIN,HOME,21.0,45.0,66.0,Hard Rock Stadium,7.0,7.0,0.0,7.0,0.0,26.0,27.0,28:28,16.0,1.0,15.0,0.0,48.0,285.0,5.9,2.0,16.0,63.0,3.9,0.0,28.0,22.0,222.0,2.0,1.0,7.9,10.1,78.6,108.63,8.0,2.0,25.0,1.0,1.0,100.0,2.0,2.0,0.0,0.0,6.0,31.0,0.0,0.0,4.0,31.0,3.0,5.0,4.0,194.0,48.5,1.0,0.0,-1.0,7.0,10.0,21.0,7.0,0.0,33.0,33.0,31:32,22.0,8.0,11.0,3.0,62.0,336.0,5.4,4.0,32.0,135.0,4.2,2.0,27.0,23.0,201.0,2.0,0.0,7.4,8.7,85.2,122.38,13.0,4.0,30.8,3.0,3.0,100.0,3.0,3.0,0.0,0.0,4.0,25.0,0.0,0.0,3.0,23.0,5.0,7.0,5.0,231.0,46.2,0.0,1.0,1.0,100.0,0.0,100.0,0.0,0.0,0.0,0.0,4.0,0.0,0.0,0.0,1.0,1.0,4.0,4.0,0.0,0.0,0.0,0.0,0.0,0.0,0.0,38.0,32.0,3.0,23.0,2.0,0.0,0.0,35.0,10.0,4.0,31.0,2.0,0.0,0.0,Sunday,993005572.0,19,7,19267.0,-24.0,0,-1.0,0.25,0.0,,0.035681298975705,0.4677419354838709,0.0417175820055816,-0.2316034226834763,0.1846658906239969,0.5308641975308642,0.3664186783098557,0.0598278733566129,23.3,18.3,5.0,313.6666666666667,279.0,1.0,0.261,0.8,296.0,324.0,6.0,0.0243807270587781,0.5018069302699283,-0.0795776258323558,0.0499095552869353,-0.0715851603965935,0.4586767142322697,-0.1206611390764489,-0.04643328620656,0.0877690493519361,-0.0451183670742399,202511619.0,2025-12-21T13:00:00,1,2025,16,CIN,MIA,AWAY,45.0,21.0,66.0,Hard Rock Stadium,7.0,10.0,21.0,7.0,0.0,39.0,19.0,31:32,18.0,6.0,10.0,2.0,71.0,298.0,4.2,0.0,29.0,100.0,3.4,0.0,39.0,25.0,198.0,0.0,2.0,5.1,7.9,64.1,55.29,15.0,3.0,20.0,5.0,3.0,60.0,1.0,0.0,0.0,0.0,4.0,30.0,1.0,0.0,3.0,27.0,5.0,5.0,4.0,182.0,45.5,2.0,1.0,-1.0,7.0,7.0,0.0,7.0,0.0,20.0,41.0,28:28,15.0,9.0,6.0,0.0,40.0,317.0,7.9,3.0,24.0,189.0,7.9,0.0,12.0,8.0,128.0,2.0,1.0,10.7,16.0,66.7,106.94,7.0,2.0,28.6,0.0,0.0,0.0,1.0,0.0,0.0,0.0,2.0,10.0,1.0,0.0,4.0,22.0,10.0,3.0,3.0,135.0,45.0,1.0,2.0,1.0,0.0,0.0,0.0,0.0,0.0,0.0,0.0,0.0,0.0,0.0,0.0,0.0,0.0,3.0,3.0,0.0,0.0,0.0,0.0,0.0,1.0,1.0,23.0,17.0,4.0,22.0,1.0,1.0,0.0,41.0,32.0,3.0,27.0,5.0,1.0,0.0,Sunday,993005571.0,7,19,19254.0,24.0,1,-1.0,0.2,0.0,,-0.251611833883125,0.3820224719101123,-0.3540390788172469,-0.2556890853198378,0.1223260069278761,0.4897959183673469,0.0662489910892281,0.3339034053129389,22.0,25.7,-3.7,339.3333333333333,359.6666666666667,0.667,0.485,0.2,314.0,437.0,4.0,-0.005432011147275,0.4662641125837285,0.0324943968288979,-0.1759744104376418,0.0344325154810629,0.5034908700322234,0.0698523403573915,-0.0005848496096352,-0.0387904849299944,0.064742964746473,8.7,1.2999999999999998,0.6000000000000001,1.0,-25.66666666666663,653.0,-80.66666666666669,638.6666666666667,-18.0,610.0,-113.0,761.0,2.0,10.0,0.029812738206053097,-0.1060176758776564
202511634.0,2025-12-21T13:00:00,1,2025,16,TEN,KC,HOME,26.0,9.0,35.0,Nissan Stadium,0.0,9.0,7.0,10.0,0.0,22.0,55.0,38:01,18.0,9.0,8.0,1.0,49.0,306.0,6.2,3.0,20.0,136.0,6.8,1.0,29.0,18.0,170.0,2.0,0.0,5.9,9.4,62.1,101.22,9.0,3.0,33.3,2.0,2.0,100.0,3.0,2.0,0.0,0.0,7.0,57.0,0.0,0.0,0.0,0.0,5.0,5.0,3.0,136.0,45.3,0.0,1.0,1.0,0.0,6.0,3.0,0.0,0.0,37.0,5.0,21:59,28.0,7.0,18.0,3.0,70.0,430.0,6.1,4.0,38.0,138.0,3.6,1.0,30.0,23.0,292.0,3.0,0.0,9.7,12.7,76.7,139.86,15.0,9.0,60.0,1.0,1.0,100.0,6.0,4.0,0.0,0.0,6.0,30.0,1.0,1.0,2.0,3.0,3.0,1.0,0.0,0.0,0.0,1.0,0.0,-1.0,66.7,0.0,66.7,0.0,3.0,3.0,0.0,0.0,0.0,0.0,0.0,2.0,1.0,4.0,4.0,0.0,0.0,0.0,0.0,0.0,3.0,3.0,41.0,38.0,2.0,3.0,2.0,1.0,1.0,20.0,30.0,0.0,0.0,2.0,0.0,0.0,Sunday,993005578.0,34,16,19265.0,17.0,1,1.0,0.333,0.0,,0.1406174419590156,0.5652173913043478,0.0606220810215538,0.3163234822039323,0.2601114267264673,0.5652173913043478,0.5042457270049739,-0.0731820248118949,19.3,30.3,-11.0,262.0,371.3333333333333,0.0,0.284,0.2,225.0,394.0,2.0,-0.0978684669944105,0.4193701271430012,-0.242688695224882,0.1233988082067543,0.0482285694833872,0.445479641131815,0.2514413084255528,-0.2255788717768969,-0.0766061301453848,0.0516428447148794,202511634.0,2025-12-21T13:00:00,1,2025,16,KC,TEN,AWAY,9.0,26.0,35.0,Nissan Stadium,0.0,6.0,3.0,0.0,0.0,25.0,18.0,21:59,17.0,6.0,9.0,2.0,59.0,239.0,4.1,1.0,21.0,49.0,2.3,1.0,33.0,19.0,190.0,0.0,2.0,5.8,10.0,57.6,48.8,13.0,6.0,46.2,0.0,0.0,0.0,3.0,1.0,0.0,0.0,9.0,64.0,0.0,0.0,5.0,21.0,12.0,6.0,4.0,190.0,47.5,2.0,1.0,-1.0,0.0,9.0,7.0,10.0,0.0,34.0,42.0,38:01,18.0,6.0,9.0,3.0,62.0,295.0,4.8,1.0,29.0,94.0,3.2,0.0,29.0,19.0,201.0,1.0,1.0,6.9,10.6,65.5,82.69,14.0,5.0,35.7,0.0,0.0,0.0,2.0,1.0,0.0,0.0,5.0,50.0,1.0,0.0,4.0,9.0,9.0,9.0,4.0,150.0,37.5,1.0,2.0,1.0,33.3,0.0,50.0,0.0,1.0,1.0,0.0,0.0,0.0,0.0,0.0,2.0,2.0,1.0,1.0,0.0,0.0,0.0,0.0,0.0,3.0,3.0,35.0,31.0,4.0,9.0,3.0,0.0,0.0,32.0,29.0,5.0,21.0,5.0,0.0,0.0,Sunday,993005577.0,16,34,19257.0,-17.0,0,-1.0,0.462,0.0,,-0.0360280171717678,0.48,-0.070825271250318,-0.2075078796509555,0.0333372146798931,0.5,0.0811796641212854,-0.1163766333037078,17.0,22.3,-5.3,291.6666666666667,340.0,-1.0,0.377,0.2,328.0,268.0,6.0,-0.0394537445384709,0.4439285714285714,-0.065347011444159,-0.1240717391050966,0.0527239611344086,0.4469696969696969,0.1807400545133491,-0.1158280428159288,-0.0119234540093154,0.0483611122409109,-5.7,-16.3,0.0,0.4,-29.666666666666686,553.6666666666667,31.333333333333314,711.3333333333333,-103.0,553.0,126.0,662.0,-4.0,8.0,-0.0584147224559396,-0.004495391651021405
202511601.0,2025-12-21T16:05:00,1,2025,16,ARI,ATL,HOME,19.0,26.0,45.0,State Farm Stadium,10.0,6.0,0.0,3.0,0.0,27.0,42.0,24:26,22.0,6.0,14.0,2.0,63.0,307.0,4.9,3.0,21.0,72.0,3.4,0.0,40.0,27.0,235.0,3.0,1.0,5.9,8.7,67.5,97.4,12.0,5.0,41.7,3.0,1.0,33.3,3.0,2.0,0.0,0.0,2.0,34.0,1.0,1.0,2.0,14.0,2.0,3.0,3.0,135.0,45.0,2.0,0.0,-2.0,3.0,13.0,3.0,7.0,0.0,32.0,18.0,35:34,23.0,9.0,13.0,1.0,63.0,399.0,6.3,4.0,33.0,143.0,4.3,1.0,29.0,22.0,256.0,3.0,0.0,8.8,11.6,75.9,136.57,13.0,7.0,53.8,0.0,0.0,0.0,6.0,3.0,0.0,0.0,5.0,40.0,1.0,0.0,1.0,4.0,3.0,4.0,1.0,43.0,43.0,0.0,2.0,2.0,66.7,0.0,50.0,0.0,2.0,2.0,0.0,2.0,0.0,0.0,0.0,0.0,0.0,4.0,4.0,0.0,0.0,0.0,0.0,0.0,5.0,4.0,32.0,38.0,1.0,4.0,3.0,0.0,0.0,33.0,28.0,2.0,14.0,6.0,1.0,1.0,Sunday,993005588.0,1,2,19255.0,-7.0,0,-2.0,0.417,0.0,,-0.0463886534296716,0.4938271604938271,-0.0092178157991932,0.142383914682432,0.244213388609096,0.524390243902439,0.4525356599958874,-0.0208779228916917,18.0,35.0,-17.0,335.6666666666667,402.6666666666667,-1.667,0.375,0.0,302.0,388.0,3.0,-0.059116751795118,0.5048589419406019,0.0128659115422419,-0.1337502063616978,0.1884564059246476,0.5378114431515332,0.3247464865718804,0.0841559990917756,-0.0686506964087134,0.1518694350045565,202511601.0,2025-12-21T16:05:00,1,2025,16,ATL,ARI,AWAY,26.0,19.0,45.0,State Farm Stadium,3.0,13.0,3.0,7.0,0.0,31.0,51.0,35:34,27.0,6.0,19.0,2.0,66.0,476.0,7.2,4.0,21.0,111.0,5.3,1.0,44.0,30.0,365.0,3.0,0.0,8.3,12.2,68.2,116.19,11.0,5.0,45.5,1.0,1.0,100.0,4.0,4.0,0.0,0.0,19.0,125.0,3.0,1.0,1.0,8.0,7.0,7.0,4.0,170.0,42.5,1.0,1.0,0.0,10.0,6.0,0.0,3.0,0.0,28.0,9.0,24:26,28.0,5.0,16.0,7.0,61.0,338.0,5.5,3.0,22.0,88.0,4.0,1.0,34.0,19.0,250.0,2.0,1.0,7.4,13.2,55.9,86.64,9.0,4.0,44.4,0.0,0.0,0.0,3.0,3.0,0.0,0.0,4.0,25.0,1.0,0.0,5.0,27.0,4.0,2.0,4.0,165.0,41.2,1.0,1.0,0.0,100.0,0.0,100.0,0.0,2.0,2.0,0.0,4.0,0.0,0.0,0.0,1.0,1.0,2.0,2.0,0.0,2.0,1.0,0.0,0.0,2.0,2.0,36.0,12.0,5.0,27.0,7.0,0.0,0.0,34.0,26.0,1.0,8.0,1.0,3.0,1.0,Sunday,993005587.0,2,1,19252.0,7.0,1,0.0,0.455,0.0,,0.1593517424031454,0.5,0.2451370030405059,0.0581715000391175,0.1554229699423558,0.5542168674698795,0.2061591406550054,0.0147320775246374,20.7,30.7,-10.0,379.6666666666667,324.0,-1.0,0.288,0.4,281.0,341.0,5.0,0.0150894138855663,0.4905038759689922,0.0185800976498456,0.0063868470389039,0.1687876631282482,0.5195315040989875,0.2066566045690667,-0.082190865435174,0.0043162763461659,0.072176604592459,-7.0,-27.0,-0.4,0.4,-44.0,715.3333333333334,78.66666666666669,726.6666666666667,21.0,583.0,47.0,729.0,-2.0,8.0,-0.0742061656806843,0.019668742796399408
202511610.0,2025-12-21T16:05:00,1,2025,16,DEN,JAX,HOME,20.0,34.0,54.0,Empower Field at Mile High,0.0,10.0,7.0,3.0,0.0,30.0,32.0,26:47,21.0,4.0,15.0,2.0,65.0,391.0,6.0,5.0,31.0,89.0,2.9,1.0,34.0,23.0,302.0,4.0,0.0,8.9,13.1,67.6,134.68,11.0,4.0,36.4,4.0,2.0,50.0,4.0,4.0,0.0,0.0,6.0,60.0,1.0,1.0,0.0,0.0,15.0,5.0,2.0,94.0,47.0,1.0,2.0,1.0,7.0,10.0,14.0,3.0,0.0,29.0,28.0,33:13,19.0,5.0,12.0,2.0,63.0,362.0,5.7,2.0,20.0,115.0,5.8,1.0,40.0,24.0,247.0,1.0,2.0,6.2,10.3,60.0,65.31,13.0,6.0,46.2,3.0,1.0,33.3,4.0,1.0,0.0,0.0,10.0,72.0,0.0,0.0,3.0,29.0,3.0,3.0,1.0,57.0,57.0,2.0,1.0,-1.0,100.0,0.0,25.0,0.0,4.0,4.0,0.0,1.0,0.0,0.0,0.0,0.0,0.0,2.0,2.0,0.0,0.0,0.0,0.0,0.0,4.0,4.0,32.0,20.0,3.0,29.0,5.0,0.0,0.0,37.0,20.0,0.0,0.0,6.0,1.0,1.0,Sunday,993005586.0,10,15,19261.0,-14.0,0,1.0,0.364,0.0,,0.1375410361575157,0.5301204819277109,0.531639580083337,-0.3276747587977775,0.0595194990923505,0.4404761904761904,0.1452518805598122,-0.2190473270971967,28.3,23.0,5.3,383.0,336.6666666666667,0.333,0.471,1.0,342.0,261.0,12.0,0.128378847201205,0.5178832978974722,0.3130558741688818,-0.075121132217916,0.0432441203211247,0.4506172839506172,0.091661611183272,-0.0748813238511399,0.0230887873969876,-0.0404735941133732,202511610.0,2025-12-21T16:05:00,1,2025,16,JAX,DEN,AWAY,34.0,20.0,54.0,Empower Field at Mile High,7.0,10.0,14.0,3.0,0.0,26.0,53.0,33:13,24.0,6.0,16.0,2.0,59.0,438.0,7.4,6.0,27.0,108.0,4.0,1.0,32.0,20.0,330.0,5.0,0.0,10.3,16.5,62.5,136.72,9.0,4.0,44.4,0.0,0.0,0.0,6.0,4.0,0.0,0.0,5.0,60.0,1.0,1.0,0.0,0.0,7.0,7.0,2.0,104.0,52.0,1.0,3.0,2.0,0.0,10.0,7.0,3.0,0.0,33.0,7.0,26:47,19.0,6.0,11.0,2.0,68.0,284.0,4.2,2.0,32.0,130.0,4.1,1.0,33.0,22.0,154.0,1.0,3.0,4.7,7.0,66.7,49.31,15.0,8.0,53.3,3.0,1.0,33.3,2.0,1.0,0.0,0.0,6.0,44.0,0.0,0.0,3.0,22.0,2.0,2.0,2.0,57.0,28.5,3.0,1.0,-2.0,66.7,0.0,50.0,0.0,6.0,6.0,0.0,0.0,0.0,0.0,0.0,2.0,2.0,2.0,2.0,0.0,0.0,0.0,0.0,0.0,2.0,2.0,39.0,30.0,3.0,22.0,6.0,0.0,0.0,33.0,12.0,0.0,0.0,3.0,1.0,1.0,Sunday,993005585.0,15,10,19256.0,14.0,1,2.0,0.444,0.0,,0.3154635193108138,0.5897435897435898,0.7344225641422494,-0.5112928118833224,-0.0581893661931753,0.4883720930232558,-0.1987640391341197,-0.0931904929963854,36.3,14.0,22.3,353.3333333333333,252.33333333333337,2.0,0.381,1.0,376.0,292.0,10.0,0.1213077909307916,0.4681914471071097,0.41748786895287,-0.3377656164504881,-0.1874652279178449,0.3931690461969261,-0.2408333613796067,-0.1597529592136322,0.0902937199239541,-0.1960830271472147,-17.0,27.6,0.0,2.0,29.666666666666686,736.3333333333333,84.33333333333331,589.0,-34.0,718.0,-31.0,553.0,2.0,22.0,0.007071056270413392,0.2307093482389696
202511613.0,2025-12-21T16:25:00,1,2025,16,HOU,LV,HOME,23.0,21.0,44.0,NRG Stadium,7.0,6.0,3.0,7.0,0.0,32.0,18.0,31:46,23.0,9.0,13.0,1.0,63.0,399.0,6.3,4.0,33.0,143.0,4.3,1.0,29.0,22.0,256.0,3.0,0.0,8.8,11.6,75.9,136.57,13.0,7.0,53.8,0.0,0.0,0.0,6.0,3.0,0.0,0.0,5.0,40.0,1.0,0.0,1.0,4.0,3.0,4.0,1.0,43.0,43.0,0.0,2.0,2.0,0.0,7.0,7.0,7.0,0.0,27.0,42.0,28:14,22.0,6.0,14.0,2.0,63.0,307.0,4.9,3.0,21.0,72.0,3.4,0.0,40.0,27.0,235.0,3.0,1.0,5.9,8.7,67.5,97.4,12.0,5.0,41.7,3.0,1.0,33.3,3.0,2.0,0.0,0.0,2.0,34.0,1.0,1.0,2.0,14.0,2.0,3.0,3.0,135.0,45.0,2.0,0.0,-2.0,50.0,0.0,66.7,0.0,4.0,4.0,0.0,0.0,0.0,0.0,0.0,5.0,4.0,2.0,2.0,0.0,2.0,0.0,0.0,0.0,0.0,0.0,33.0,28.0,2.0,14.0,6.0,1.0,1.0,32.0,38.0,1.0,4.0,3.0,0.0,0.0,Sunday,993005590.0,13,25,19255.0,2.0,1,2.0,0.538,0.0,,0.244213388609096,0.524390243902439,0.4525356599958874,-0.0208779228916917,-0.0463886534296716,0.4938271604938271,-0.0092178157991932,0.142383914682432,26.7,15.3,11.3,343.6666666666667,287.3333333333333,1.333,0.481,1.0,323.0,228.0,9.0,0.0655076567609236,0.4382458456862403,0.2399046957145565,-0.140633681851592,-0.1177002269373678,0.4231289539954548,-0.0994119743772758,-0.0530268373970598,0.0332200312258506,-0.0947269183281539,202511613.0,2025-12-21T16:25:00,1,2025,16,LV,HOU,AWAY,21.0,23.0,44.0,NRG Stadium,0.0,7.0,7.0,7.0,0.0,20.0,35.0,28:14,7.0,2.0,4.0,1.0,42.0,75.0,1.8,0.0,13.0,46.0,3.5,0.0,25.0,15.0,29.0,0.0,1.0,1.2,1.9,60.0,47.92,12.0,3.0,25.0,1.0,0.0,0.0,0.0,0.0,0.0,0.0,3.0,39.0,0.0,0.0,4.0,35.0,1.0,8.0,5.0,223.0,44.6,1.0,0.0,-1.0,7.0,6.0,3.0,7.0,0.0,39.0,25.0,31:46,27.0,12.0,12.0,3.0,66.0,387.0,5.9,4.0,47.0,183.0,3.9,1.0,18.0,15.0,204.0,3.0,0.0,11.3,13.6,83.3,153.47,13.0,10.0,76.9,1.0,0.0,0.0,5.0,3.0,0.0,0.0,3.0,35.0,0.0,0.0,1.0,4.0,9.0,6.0,1.0,43.0,43.0,0.0,1.0,1.0,0.0,0.0,60.0,0.0,0.0,0.0,0.0,0.0,0.0,0.0,0.0,0.0,0.0,4.0,4.0,0.0,0.0,0.0,0.0,0.0,1.0,1.0,43.0,32.0,1.0,4.0,0.0,0.0,0.0,21.0,20.0,4.0,35.0,5.0,0.0,0.0,Sunday,993005589.0,25,13,19260.0,-2.0,0,-1.0,0.25,0.0,,-0.2901655847320931,0.320754716981132,-0.5264912482195844,-0.1194707268829612,0.251300008629494,0.5769230769230769,1.0606591349188312,-0.1448193135011631,10.3,28.7,-18.3,153.33333333333334,361.3333333333333,-0.333,0.278,0.0,196.0,363.0,2.0,-0.152235327747355,0.4378706199460916,-0.150158164538451,-0.3228660736813896,0.1645415720363292,0.527027921862929,0.5130879991971559,-0.0162836473754648,-0.1886539027859949,0.079875487735947,29.6,-7.0,1.0,1.0,190.33333333333334,497.0,-74.0,648.6666666666666,127.0,519.0,-135.0,591.0,7.0,11.0,0.2177429845082786,-0.282241798973697
202511611.0,2025-12-21T16:25:00,1,2025,16,DET,PIT,HOME,24.0,29.0,53.0,Ford Field,0.0,10.0,0.0,14.0,0.0,26.0,25.0,25:54,21.0,3.0,17.0,1.0,62.0,396.0,6.4,4.0,20.0,70.0,3.5,1.0,41.0,25.0,326.0,3.0,0.0,8.0,13.0,61.0,110.42,14.0,5.0,35.7,2.0,2.0,100.0,4.0,3.0,0.0,0.0,4.0,25.0,0.0,0.0,1.0,12.0,8.0,1.0,3.0,150.0,50.0,0.0,1.0,1.0,3.0,7.0,2.0,17.0,0.0,33.0,35.0,34:06,30.0,8.0,20.0,2.0,69.0,519.0,7.5,5.0,29.0,159.0,5.5,3.0,38.0,24.0,360.0,2.0,1.0,9.5,15.0,63.2,100.77,9.0,2.0,22.2,3.0,3.0,100.0,6.0,4.0,0.0,0.0,2.0,8.0,1.0,0.0,2.0,8.0,8.0,3.0,3.0,149.0,49.7,1.0,0.0,-1.0,75.0,0.0,66.7,0.0,4.0,4.0,0.0,0.0,0.0,0.0,0.0,3.0,2.0,5.0,5.0,0.0,0.0,0.0,0.0,0.0,2.0,2.0,35.0,28.0,2.0,8.0,7.0,0.0,0.0,28.0,31.0,1.0,12.0,2.0,0.0,0.0,Sunday,993005592.0,11,28,19262.0,-5.0,0,1.0,0.357,0.0,,0.1362031218200523,0.4216867469879518,0.3806696290389126,-0.2113894153617999,0.1853929706478375,0.6333333333333333,0.1945780004854526,0.2199997615659543,34.0,34.0,0.0,385.3333333333333,431.6666666666667,1.333,0.449,0.4,428.0,345.0,8.0,0.1423303816009188,0.4732844287769872,0.3462772851480591,-0.0887530335583314,0.1620025765401202,0.5454290488125074,0.2184941319782952,0.0828439503770525,0.0575350401478458,0.0898145175882162,202511611.0,2025-12-21T16:25:00,1,2025,16,PIT,DET,AWAY,29.0,24.0,53.0,Ford Field,3.0,7.0,2.0,17.0,0.0,33.0,33.0,34:06,22.0,8.0,11.0,3.0,62.0,336.0,5.4,4.0,32.0,135.0,4.2,2.0,27.0,23.0,201.0,2.0,0.0,7.4,8.7,85.2,122.38,13.0,4.0,30.8,3.0,3.0,100.0,3.0,3.0,0.0,0.0,4.0,25.0,0.0,0.0,3.0,23.0,5.0,7.0,5.0,231.0,46.2,0.0,1.0,1.0,0.0,10.0,0.0,14.0,0.0,26.0,27.0,25:54,16.0,1.0,15.0,0.0,48.0,285.0,5.9,2.0,16.0,63.0,3.9,0.0,28.0,22.0,222.0,2.0,1.0,7.9,10.1,78.6,108.63,8.0,2.0,25.0,1.0,1.0,100.0,2.0,2.0,0.0,0.0,6.0,31.0,0.0,0.0,4.0,31.0,3.0,5.0,4.0,194.0,48.5,1.0,0.0,-1.0,100.0,0.0,100.0,0.0,4.0,4.0,0.0,0.0,0.0,0.0,0.0,0.0,0.0,0.0,0.0,0.0,4.0,0.0,0.0,0.0,1.0,1.0,35.0,10.0,4.0,31.0,2.0,0.0,0.0,38.0,32.0,3.0,23.0,2.0,0.0,0.0,Sunday,993005591.0,28,11,19267.0,5.0,1,1.0,0.308,0.0,,0.1846658906239969,0.5308641975308642,0.3664186783098557,0.0598278733566129,0.035681298975705,0.4677419354838709,0.0417175820055816,-0.2316034226834763,20.7,21.0,-0.3,273.3333333333333,359.0,0.667,0.357,0.6,336.0,326.0,8.0,0.0174753095672624,0.4362803833852347,0.0645623509073382,-0.0645520197943082,0.051093626062239,0.4758501826413541,0.0966858874882213,-0.0549600284639063,0.039685922870513,0.0072370264249113,0.3,-0.3,-0.19999999999999996,1.0,112.0,658.6666666666666,72.66666666666669,790.6666666666667,92.0,764.0,19.0,671.0,0.0,16.0,0.1248550720336564,0.11090895047788121
202511603.0,2025-12-21T20:20:00,1,2025,16,BAL,NE,HOME,24.0,28.0,52.0,M&T Bank Stadium,7.0,3.0,7.0,7.0,0.0,20.0,41.0,28:11,15.0,9.0,6.0,0.0,40.0,317.0,7.9,3.0,24.0,189.0,7.9,0.0,12.0,8.0,128.0,2.0,1.0,10.7,16.0,66.7,106.94,7.0,2.0,28.6,0.0,0.0,0.0,1.0,0.0,0.0,0.0,2.0,10.0,1.0,0.0,4.0,22.0,10.0,3.0,3.0,135.0,45.0,1.0,2.0,1.0,0.0,10.0,3.0,15.0,0.0,39.0,19.0,31:49,18.0,6.0,10.0,2.0,71.0,298.0,4.2,0.0,29.0,100.0,3.4,0.0,39.0,25.0,198.0,0.0,2.0,5.1,7.9,64.1,55.29,15.0,3.0,20.0,5.0,3.0,60.0,1.0,0.0,0.0,0.0,4.0,30.0,1.0,0.0,3.0,27.0,5.0,5.0,4.0,182.0,45.5,2.0,1.0,-1.0,0.0,0.0,0.0,0.0,3.0,3.0,0.0,0.0,0.0,0.0,0.0,1.0,1.0,0.0,0.0,0.0,0.0,0.0,0.0,0.0,0.0,0.0,41.0,32.0,3.0,27.0,5.0,1.0,0.0,23.0,17.0,4.0,22.0,1.0,1.0,0.0,Sunday,993005594.0,3,21,19254.0,-4.0,0,1.0,0.286,0.0,,0.1223260069278761,0.4897959183673469,0.0662489910892281,0.3339034053129389,-0.251611833883125,0.3820224719101123,-0.3540390788172469,-0.2556890853198378,20.0,19.7,0.3,361.0,332.6666666666667,-1.333,0.325,0.6,335.0,320.0,7.0,-0.0255204982190367,0.4745435016111708,-0.1606951719971272,0.1680633740736968,0.0037343567551647,0.4279023631396959,0.0393051404810222,-0.1178586904560604,-0.0092228359518092,-0.0560699656855193,202511603.0,2025-12-21T20:20:00,1,2025,16,NE,BAL,AWAY,28.0,24.0,52.0,M&T Bank Stadium,0.0,10.0,3.0,15.0,0.0,24.0,39.0,31:49,19.0,13.0,6.0,0.0,51.0,385.0,7.5,4.0,25.0,246.0,9.8,4.0,23.0,14.0,139.0,0.0,1.0,6.0,9.9,60.9,59.87,10.0,5.0,50.0,1.0,0.0,0.0,3.0,2.0,0.0,0.0,7.0,65.0,2.0,0.0,3.0,16.0,4.0,5.0,3.0,163.0,54.3,1.0,0.0,-1.0,7.0,3.0,7.0,7.0,0.0,35.0,21.0,28:11,22.0,9.0,11.0,2.0,67.0,349.0,5.2,5.0,37.0,168.0,4.5,2.0,28.0,19.0,181.0,3.0,0.0,6.5,9.5,67.9,121.28,14.0,8.0,57.1,1.0,1.0,100.0,6.0,5.0,0.0,0.0,2.0,15.0,0.0,0.0,2.0,12.0,5.0,5.0,4.0,162.0,40.5,0.0,1.0,1.0,66.7,0.0,83.3,0.0,4.0,4.0,0.0,0.0,0.0,0.0,0.0,1.0,1.0,5.0,5.0,0.0,0.0,0.0,0.0,0.0,0.0,0.0,33.0,37.0,2.0,12.0,4.0,0.0,0.0,29.0,19.0,3.0,16.0,3.0,1.0,0.0,Sunday,993005593.0,21,3,19258.0,4.0,1,-1.0,0.5,0.0,,0.194281961589138,0.5882352941176471,-0.0314979090510557,0.5866956274822066,0.2304409858755921,0.4827586206896552,0.314560960764033,0.2312925248303556,30.0,23.3,6.7,390.6666666666667,298.3333333333333,0.0,0.449,0.8,382.0,276.0,11.0,0.1111915046472766,0.5228314954673853,0.1861372414390589,0.0439430790823313,-0.0102675151374119,0.4671364714468162,-0.037400701784415,0.0846514260954699,0.1203512522162064,-0.004016742140334,-6.4,7.0,-0.20000000000000007,1.4,-29.666666666666686,751.6666666666667,34.33333333333337,631.0,-47.0,717.0,44.0,596.0,-4.0,18.0,-0.1367120028663133,0.014001871892576599
202511614.0,2025-12-22T20:15:00,1,2025,16,IND,SF,HOME,27.0,48.0,75.0,Lucas Oil Stadium,7.0,10.0,3.0,7.0,0.0,31.0,5.0,26:55,14.0,5.0,8.0,1.0,58.0,220.0,3.8,1.0,30.0,102.0,3.4,0.0,27.0,18.0,118.0,1.0,1.0,4.4,6.6,66.7,72.76,13.0,5.0,38.5,0.0,0.0,0.0,1.0,1.0,0.0,0.0,3.0,14.0,1.0,0.0,1.0,2.0,5.0,5.0,5.0,228.0,45.6,1.0,0.0,-1.0,14.0,10.0,10.0,14.0,0.0,28.0,55.0,33:05,15.0,6.0,9.0,0.0,59.0,314.0,5.3,0.0,22.0,50.0,2.3,0.0,36.0,22.0,264.0,0.0,0.0,7.3,12.0,61.1,83.56,13.0,2.0,15.4,1.0,1.0,100.0,2.0,0.0,0.0,0.0,5.0,34.0,1.0,0.0,1.0,7.0,4.0,5.0,4.0,193.0,48.2,0.0,1.0,1.0,100.0,0.0,0.0,0.0,1.0,1.0,0.0,0.0,0.0,0.0,0.0,3.0,3.0,0.0,0.0,0.0,0.0,0.0,0.0,0.0,6.0,6.0,35.0,19.0,1.0,7.0,1.0,1.0,1.0,34.0,28.0,1.0,2.0,6.0,0.0,0.0,Monday,993005596.0,14,31,19264.0,-21.0,0,-1.0,0.385,0.0,,0.0435827337306788,0.430379746835443,-0.0196428426751284,-0.0787520991787402,0.0583744228941497,0.5194805194805194,0.0869833888104822,-0.3326591271867044,17.0,24.7,-7.7,262.0,342.6666666666667,-0.667,0.41,0.2,392.0,303.0,8.0,-0.0351094708706877,0.4139896200308954,0.0291847066383841,-0.2436193525442693,0.0598802018803021,0.4715672847526103,0.2192097020112259,-0.2703289639234302,0.0024434624123677,0.0409204386505541,202511614.0,2025-12-22T20:15:00,1,2025,16,SF,IND,AWAY,48.0,27.0,75.0,Lucas Oil Stadium,14.0,10.0,10.0,14.0,0.0,37.0,5.0,33:05,28.0,7.0,18.0,3.0,70.0,430.0,6.1,4.0,38.0,138.0,3.6,1.0,30.0,23.0,292.0,3.0,0.0,9.7,12.7,76.7,139.86,15.0,9.0,60.0,1.0,1.0,100.0,6.0,4.0,0.0,0.0,6.0,30.0,1.0,1.0,2.0,3.0,3.0,1.0,0.0,0.0,0.0,1.0,0.0,-1.0,7.0,10.0,3.0,7.0,0.0,22.0,55.0,26:55,18.0,9.0,8.0,1.0,49.0,306.0,6.2,3.0,20.0,136.0,6.8,1.0,29.0,18.0,170.0,2.0,0.0,5.9,9.4,62.1,101.22,9.0,3.0,33.3,2.0,2.0,100.0,3.0,2.0,0.0,0.0,7.0,57.0,0.0,0.0,0.0,0.0,5.0,5.0,3.0,136.0,45.3,0.0,1.0,1.0,66.7,0.0,66.7,0.0,4.0,4.0,0.0,0.0,0.0,0.0,0.0,3.0,3.0,3.0,3.0,0.0,0.0,0.0,0.0,0.0,2.0,1.0,20.0,30.0,0.0,0.0,2.0,0.0,0.0,41.0,38.0,2.0,3.0,2.0,1.0,1.0,Monday,993005595.0,31,14,19265.0,21.0,1,-1.0,0.6,0.0,,0.2601114267264673,0.5652173913043478,0.5042457270049739,-0.0731820248118949,0.1406174419590156,0.5652173913043478,0.0606220810215538,0.3163234822039323,27.7,13.7,14.0,340.6666666666667,263.0,0.0,0.595,0.8,344.0,293.0,10.0,0.1047984483138783,0.4739510645911611,0.1639768479849535,-0.0167781286290944,-0.1072712178348242,0.4654172913543228,-0.1589978571021236,0.0489485862948984,0.1345630082347778,-0.010962974315986,-21.7,6.3,-0.6000000000000001,1.0,-78.66666666666669,602.6666666666667,79.66666666666669,605.6666666666667,48.0,736.0,10.0,596.0,-2.0,18.0,-0.139907919184566,0.16715141971512631
202511735.0,2025-12-25T13:00:00,1,2025,17,WAS,DAL,HOME,23.0,30.0,53.0,Northwest Stadium,3.0,7.0,10.0,3.0,0.0,25.0,53.0,21:16,15.0,7.0,7.0,1.0,51.0,220.0,4.3,2.0,26.0,90.0,3.5,2.0,23.0,12.0,130.0,0.0,1.0,5.7,10.8,52.2,51.0,10.0,2.0,20.0,1.0,1.0,100.0,3.0,2.0,0.0,0.0,5.0,44.0,1.0,0.0,2.0,8.0,1.0,4.0,5.0,220.0,44.0,1.0,1.0,0.0,7.0,17.0,3.0,3.0,0.0,34.0,7.0,38:44,26.0,12.0,11.0,3.0,66.0,385.0,5.8,4.0,34.0,207.0,6.1,2.0,30.0,22.0,178.0,2.0,0.0,5.9,8.1,73.3,110.14,9.0,4.0,44.4,0.0,0.0,0.0,3.0,3.0,0.0,0.0,5.0,61.0,2.0,1.0,2.0,7.0,4.0,5.0,2.0,87.0,43.5,1.0,1.0,0.0,66.7,0.0,100.0,0.0,1.0,1.0,0.0,0.0,0.0,1.0,1.0,1.0,1.0,3.0,3.0,0.0,0.0,0.0,1.0,1.0,2.0,0.0,43.0,20.0,2.0,7.0,2.0,2.0,1.0,27.0,19.0,2.0,8.0,6.0,0.0,0.0,Thursday,993005598.0,35,9,19040.0,-7.0,0,0.0,0.2,0.0,,-0.0503199433061191,0.4264705882352941,-0.194292929407938,0.0609297626030613,0.1298227689248103,0.5,0.3904675945486454,0.3111004865448756,15.7,27.0,-11.3,255.33333333333337,360.6666666666667,-1.333,0.258,0.2,309.0,404.0,4.0,-0.1345741662254239,0.4172485138483698,-0.2264676491272125,-0.0092618712467785,0.0696095119904221,0.487936212074143,0.305255503610456,0.1237504200438171,-0.0639107534788884,0.0854597605584281,202511735.0,2025-12-25T13:00:00,1,2025,17,DAL,WAS,AWAY,30.0,23.0,53.0,Northwest Stadium,7.0,17.0,3.0,3.0,0.0,25.0,33.0,38:44,18.0,4.0,13.0,1.0,56.0,340.0,6.1,2.0,23.0,91.0,4.0,0.0,32.0,23.0,249.0,2.0,0.0,7.8,10.8,71.9,115.23,9.0,4.0,44.4,3.0,1.0,33.3,3.0,1.0,0.0,0.0,5.0,40.0,1.0,1.0,1.0,6.0,5.0,3.0,1.0,42.0,42.0,1.0,0.0,-1.0,3.0,7.0,10.0,3.0,0.0,34.0,27.0,21:16,24.0,9.0,15.0,0.0,62.0,452.0,7.3,4.0,33.0,152.0,4.6,2.0,29.0,23.0,300.0,2.0,0.0,10.3,13.0,79.3,132.76,11.0,7.0,63.6,1.0,0.0,0.0,4.0,2.0,0.0,0.0,4.0,34.0,1.0,0.0,0.0,0.0,3.0,2.0,1.0,55.0,55.0,0.0,1.0,1.0,33.3,0.0,50.0,0.0,2.0,2.0,0.0,0.0,0.0,0.0,0.0,1.0,1.0,4.0,4.0,0.0,0.0,0.0,0.0,0.0,2.0,2.0,37.0,30.0,0.0,0.0,2.0,1.0,0.0,30.0,28.0,1.0,6.0,3.0,1.0,1.0,Thursday,993005597.0,9,35,19272.0,7.0,1,-1.0,0.444,0.0,,-0.0041868819161426,0.4583333333333333,0.1788032684818991,-0.3040008944954024,0.2726916273736601,0.5512820512820513,0.7742638666357353,0.0204369488977439,24.3,37.3,-13.0,393.3333333333333,395.6666666666667,-1.0,0.337,0.4,424.0,454.0,6.0,0.0323890949653135,0.4808782487353916,0.0348439166787299,-0.0179495478701551,0.2356303188935783,0.5420239890828127,0.5089048346062548,0.0661850063385959,0.0650697794351741,0.1790912898752196,1.6999999999999993,-24.3,-0.2,0.6000000000000001,-137.99999999999994,648.6666666666667,-35.0,756.3333333333334,-115.0,733.0,-50.0,858.0,-2.0,10.0,-0.1669632611907374,-0.16602080690315618
202511720.0,2025-12-25T16:30:00,1,2025,17,MIN,DET,HOME,23.0,10.0,33.0,U.S. Bank Stadium,7.0,0.0,6.0,10.0,0.0,31.0,1.0,27:30,17.0,7.0,8.0,2.0,58.0,240.0,4.1,1.0,31.0,114.0,3.7,1.0,23.0,16.0,126.0,0.0,1.0,5.5,7.9,69.6,64.76,12.0,7.0,58.3,1.0,1.0,100.0,3.0,1.0,0.0,0.0,11.0,90.0,1.0,1.0,4.0,34.0,6.0,6.0,1.0,29.0,29.0,2.0,1.0,-1.0,0.0,7.0,0.0,3.0,0.0,28.0,59.0,32:30,12.0,7.0,1.0,4.0,48.0,141.0,2.9,1.0,30.0,128.0,4.3,0.0,13.0,7.0,13.0,0.0,1.0,1.0,1.9,53.8,27.4,10.0,2.0,20.0,3.0,1.0,33.3,3.0,0.0,0.0,0.0,11.0,74.0,0.0,0.0,5.0,20.0,9.0,7.0,2.0,91.0,45.5,1.0,2.0,1.0,33.3,0.0,0.0,0.0,1.0,1.0,0.0,0.0,0.0,0.0,0.0,3.0,3.0,1.0,1.0,0.0,0.0,0.0,0.0,0.0,2.0,2.0,26.0,33.0,5.0,20.0,4.0,0.0,0.0,31.0,26.0,4.0,34.0,5.0,1.0,1.0,Thursday,993005600.0,20,11,19274.0,13.0,1,-1.0,0.583,0.0,,-0.0969191371235518,0.4794520547945205,-0.1964656844085973,0.0384182892491851,-0.1754352027421319,0.3888888888888889,-0.4279107346794994,-0.1110674432261035,27.0,13.0,14.0,293.3333333333333,256.6666666666667,0.333,0.45,0.6,305.0,320.0,7.0,0.1118599587374117,0.5212073129881348,0.222028658214211,0.0640903279399246,-0.1604284801481963,0.4092188928254502,-0.3323532760552363,0.0449761217628574,-0.074512728718133,-0.0819721975933815,202511720.0,2025-12-25T16:30:00,1,2025,17,DET,MIN,AWAY,10.0,23.0,33.0,U.S. Bank Stadium,0.0,7.0,0.0,3.0,0.0,25.0,54.0,32:30,23.0,2.0,19.0,2.0,69.0,361.0,5.2,3.0,12.0,15.0,1.2,0.0,54.0,34.0,346.0,3.0,0.0,6.4,10.2,63.0,99.77,15.0,6.0,40.0,2.0,1.0,50.0,4.0,1.0,0.0,0.0,7.0,40.0,1.0,0.0,3.0,18.0,3.0,4.0,3.0,159.0,53.0,0.0,1.0,1.0,7.0,0.0,6.0,10.0,0.0,34.0,6.0,27:30,23.0,8.0,14.0,1.0,70.0,481.0,6.9,3.0,27.0,230.0,8.5,2.0,41.0,27.0,251.0,1.0,0.0,6.1,9.3,65.9,90.6,16.0,8.0,50.0,2.0,2.0,100.0,3.0,0.0,0.0,0.0,8.0,89.0,1.0,1.0,2.0,15.0,9.0,7.0,3.0,150.0,50.0,1.0,0.0,-1.0,25.0,0.0,0.0,0.0,3.0,3.0,0.0,0.0,0.0,0.0,0.0,1.0,1.0,3.0,3.0,0.0,0.0,0.0,0.0,0.0,3.0,2.0,37.0,28.0,2.0,15.0,5.0,1.0,1.0,34.0,21.0,3.0,18.0,6.0,1.0,0.0,Thursday,993005599.0,11,20,19278.0,-13.0,0,1.0,0.4,0.0,,0.0448154463371918,0.4606741573033708,0.1220046240190947,-0.3602341649027287,0.1107743177557208,0.4285714285714285,0.0271219816811036,0.394139785990119,34.0,33.3,0.7,388.3333333333333,472.3333333333333,1.667,0.377,0.4,452.0,374.0,8.0,0.1323620339797498,0.4666693210382839,0.2597276335871022,-0.1101570518583155,0.1210313592254182,0.5172335600907029,0.0485290237144635,0.2073723595312069,0.1255288456383765,0.141646424003912,13.3,14.7,0.19999999999999996,1.0,-95.0,681.6666666666666,-215.66666666666663,729.0,-147.0,757.0,-54.0,694.0,-1.0,15.0,-0.020502075242338103,-0.2814598393736145
202511716.0,2025-12-25T20:15:00,1,2025,17,KC,DEN,HOME,13.0,20.0,33.0,Arrowhead Stadium,0.0,7.0,3.0,3.0,0.0,21.0,59.0,20:32,9.0,3.0,5.0,1.0,43.0,133.0,3.1,0.0,15.0,51.0,3.4,0.0,24.0,14.0,82.0,0.0,0.0,3.4,5.9,58.3,64.93,9.0,1.0,11.1,0.0,0.0,0.0,1.0,0.0,0.0,0.0,10.0,59.0,2.0,0.0,4.0,44.0,5.0,3.0,5.0,219.0,43.8,0.0,0.0,0.0,3.0,3.0,7.0,7.0,0.0,38.0,1.0,39:28,22.0,9.0,11.0,2.0,70.0,376.0,5.4,3.0,40.0,164.0,4.1,1.0,28.0,21.0,212.0,2.0,0.0,7.6,10.1,75.0,119.94,17.0,9.0,52.9,2.0,0.0,0.0,4.0,3.0,0.0,0.0,12.0,82.0,1.0,0.0,2.0,16.0,5.0,7.0,3.0,143.0,47.7,0.0,0.0,0.0,0.0,0.0,75.0,0.0,0.0,0.0,0.0,0.0,0.0,0.0,0.0,4.0,3.0,3.0,3.0,0.0,0.0,0.0,0.0,0.0,1.0,1.0,35.0,48.0,2.0,16.0,0.0,1.0,0.0,25.0,14.0,4.0,44.0,5.0,1.0,0.0,Thursday,993005602.0,16,10,19275.0,-7.0,0,0.0,0.111,0.0,,-0.2085150349946039,0.4029850746268656,-0.3324175331418324,-0.0655840565013932,0.0352655173728508,0.4606741573033708,0.269289557065349,-0.1717227683132053,10.7,20.7,-10.0,215.33333333333337,313.0,-1.333,0.286,0.2,337.0,294.0,6.0,-0.1662402256064983,0.4234950248756219,-0.2814797388480574,-0.0965360298989653,-0.0053322284192573,0.4338610827374872,0.1260570842837322,-0.1583338410777825,-0.0623656725163383,0.0413077794638789,202511716.0,2025-12-25T20:15:00,1,2025,17,DEN,KC,AWAY,20.0,13.0,33.0,Arrowhead Stadium,3.0,3.0,7.0,7.0,0.0,26.0,47.0,39:28,21.0,5.0,14.0,2.0,65.0,445.0,6.8,2.0,17.0,101.0,5.9,1.0,47.0,28.0,344.0,1.0,1.0,7.3,12.3,59.6,80.45,14.0,5.0,35.7,3.0,1.0,33.3,2.0,1.0,0.0,0.0,6.0,61.0,1.0,1.0,1.0,8.0,14.0,6.0,3.0,132.0,44.0,2.0,0.0,-2.0,0.0,7.0,3.0,3.0,0.0,33.0,13.0,20:32,22.0,7.0,12.0,3.0,68.0,346.0,5.1,4.0,27.0,81.0,3.0,1.0,36.0,23.0,265.0,3.0,0.0,7.4,11.5,63.9,113.77,15.0,8.0,53.3,0.0,0.0,0.0,5.0,4.0,0.0,0.0,2.0,20.0,0.0,0.0,5.0,14.0,5.0,3.0,6.0,312.0,52.0,0.0,2.0,2.0,50.0,0.0,80.0,0.0,2.0,2.0,0.0,0.0,0.0,0.0,0.0,3.0,2.0,4.0,4.0,0.0,0.0,0.0,0.0,0.0,2.0,2.0,35.0,32.0,5.0,14.0,5.0,0.0,0.0,36.0,12.0,1.0,8.0,7.0,0.0,1.0,Thursday,993005601.0,10,16,19277.0,7.0,1,-2.0,0.357,0.0,,-0.0305678556159049,0.4578313253012048,0.0236554469899572,-0.1457573374801492,0.1762837293123794,0.4719101123595505,0.3276050515218772,-0.2320363946724683,26.0,25.7,0.3,397.3333333333333,312.3333333333333,-0.333,0.435,0.8,362.0,295.0,12.0,0.0763026301538387,0.5136309945665013,0.2549752532068363,-0.1388962737453665,0.0774682350506084,0.4628589263420723,0.1720325681404324,-0.1827006727255642,0.0850201734491442,0.0699424295632528,-10.3,-9.7,-0.6000000000000001,1.0,-181.99999999999994,612.6666666666667,0.6666666666666856,625.3333333333333,-25.0,699.0,-1.0,589.0,-6.0,18.0,-0.242542855760337,-0.0828004634698657
202511729.0,2025-12-27T16:30:00,1,2025,17,LAC,HOU,HOME,16.0,20.0,36.0,SoFi Stadium,0.0,3.0,7.0,6.0,0.0,34.0,27.0,29:39,24.0,9.0,15.0,0.0,62.0,452.0,7.3,4.0,33.0,152.0,4.6,2.0,29.0,23.0,300.0,2.0,0.0,10.3,13.0,79.3,132.76,11.0,7.0,63.6,1.0,0.0,0.0,4.0,2.0,0.0,0.0,4.0,34.0,1.0,0.0,0.0,0.0,3.0,2.0,1.0,55.0,55.0,0.0,1.0,1.0,14.0,0.0,3.0,3.0,0.0,25.0,33.0,30:21,18.0,4.0,13.0,1.0,56.0,340.0,6.1,2.0,23.0,91.0,4.0,0.0,32.0,23.0,249.0,2.0,0.0,7.8,10.8,71.9,115.23,9.0,4.0,44.4,3.0,1.0,33.3,3.0,1.0,0.0,0.0,5.0,40.0,1.0,1.0,1.0,6.0,5.0,3.0,1.0,42.0,42.0,1.0,0.0,-1.0,50.0,0.0,33.3,0.0,4.0,4.0,0.0,0.0,0.0,0.0,0.0,2.0,2.0,2.0,2.0,0.0,0.0,0.0,0.0,0.0,1.0,1.0,30.0,28.0,1.0,6.0,3.0,1.0,1.0,37.0,30.0,0.0,0.0,2.0,1.0,0.0,Saturday,993005604.0,29,13,19272.0,-4.0,0,1.0,0.636,0.0,,0.2726916273736601,0.5512820512820513,0.7742638666357353,0.0204369488977439,-0.0041868819161426,0.4583333333333333,0.1788032684818991,-0.3040008944954024,24.0,16.3,7.7,340.6666666666667,314.6666666666667,1.333,0.454,0.8,349.0,301.0,11.0,0.0561773682798487,0.4922713220585561,0.198296783260858,-0.1082079927033996,-0.0599079278013133,0.4535185185185185,-0.0978287022125316,-0.1774880857475652,-0.0061356058477671,-0.0399118195256265,202511729.0,2025-12-27T16:30:00,1,2025,17,HOU,LAC,AWAY,20.0,16.0,36.0,SoFi Stadium,14.0,0.0,3.0,3.0,0.0,31.0,46.0,30:21,16.0,4.0,10.0,2.0,61.0,270.0,4.4,2.0,26.0,83.0,3.2,0.0,35.0,23.0,187.0,1.0,0.0,5.3,8.1,65.7,88.63,15.0,7.0,46.7,0.0,0.0,0.0,2.0,1.0,0.0,0.0,4.0,29.0,1.0,0.0,0.0,0.0,2.0,4.0,5.0,258.0,51.6,0.0,1.0,1.0,0.0,3.0,7.0,6.0,0.0,28.0,14.0,29:39,12.0,3.0,8.0,1.0,53.0,315.0,5.9,3.0,27.0,145.0,5.4,1.0,23.0,16.0,170.0,2.0,1.0,7.4,10.6,69.6,101.72,14.0,6.0,42.9,0.0,0.0,0.0,1.0,1.0,0.0,0.0,9.0,85.0,1.0,0.0,3.0,31.0,4.0,6.0,7.0,293.0,41.9,1.0,0.0,-1.0,50.0,0.0,100.0,0.0,2.0,2.0,0.0,0.0,0.0,0.0,0.0,3.0,3.0,3.0,3.0,0.0,0.0,0.0,0.0,0.0,0.0,0.0,27.0,34.0,3.0,31.0,4.0,1.0,0.0,28.0,33.0,0.0,0.0,3.0,0.0,0.0,Saturday,993005603.0,13,29,19279.0,4.0,1,1.0,0.467,0.0,,-0.0259642534187838,0.4567901234567901,0.1561413107927381,-0.5097306738503038,-0.0568906281745555,0.4133333333333333,0.0901781099943306,-0.1448784072115948,27.7,17.0,10.7,312.3333333333333,298.6666666666667,2.0,0.483,1.0,346.0,249.0,10.0,0.044549905959932,0.44069648608944,0.2121263341510625,-0.23917023945281,-0.1191523020857834,0.4315534979423868,-0.1200787059856281,-0.00633688202457,0.0257086949408749,-0.0954170714486195,-2.999999999999999,18.4,-0.19999999999999996,1.8,28.33333333333337,653.0,16.0,613.3333333333334,3.0,695.0,52.0,550.0,1.0,21.0,0.011627462319916695,0.059244374284470096
202511712.0,2025-12-27T20:00:00,1,2025,17,GB,BAL,HOME,24.0,41.0,65.0,Lambeau Field,7.0,7.0,10.0,0.0,0.0,38.0,57.0,19:44,24.0,11.0,10.0,3.0,70.0,384.0,5.5,1.0,44.0,192.0,4.4,0.0,24.0,17.0,192.0,1.0,0.0,8.0,11.3,70.8,108.33,12.0,6.0,50.0,3.0,1.0,33.3,5.0,0.0,0.0,0.0,4.0,40.0,3.0,1.0,2.0,6.0,4.0,2.0,0.0,0.0,0.0,1.0,0.0,-1.0,7.0,20.0,0.0,14.0,0.0,26.0,13.0,40:16,20.0,8.0,10.0,2.0,60.0,400.0,6.7,2.0,26.0,150.0,5.8,0.0,34.0,19.0,250.0,2.0,0.0,7.4,13.2,55.9,98.9,11.0,2.0,18.2,3.0,2.0,66.7,2.0,1.0,0.0,0.0,10.0,105.0,1.0,0.0,0.0,0.0,5.0,1.0,3.0,125.0,41.7,0.0,1.0,1.0,0.0,0.0,50.0,0.0,1.0,1.0,0.0,0.0,0.0,0.0,0.0,3.0,3.0,1.0,1.0,0.0,0.0,0.0,0.0,0.0,3.0,3.0,24.0,35.0,0.0,0.0,3.0,0.0,0.0,37.0,40.0,2.0,6.0,2.0,1.0,1.0,Saturday,993005606.0,12,3,19041.0,-17.0,0,-1.0,0.5,0.0,,0.0725858464580687,0.5119047619047619,0.4357707110327173,-0.2077385062317213,0.1508931661622675,0.4936708860759494,0.2374366230170098,-0.1201951530579801,23.3,25.7,-2.3,361.0,368.6666666666667,-0.667,0.543,0.6,364.0,303.0,9.0,0.1129555042674851,0.5135387488328664,0.2729177630316199,-0.0861994525676756,0.1324345977859378,0.515866963937728,0.2619101154071936,-0.0897578760277854,0.1341887237191214,0.0530913575310638,202511712.0,2025-12-27T20:00:00,1,2025,17,BAL,GB,AWAY,41.0,24.0,65.0,Lambeau Field,7.0,20.0,0.0,14.0,0.0,28.0,11.0,40:16,18.0,8.0,9.0,1.0,54.0,330.0,6.1,3.0,33.0,171.0,5.2,3.0,20.0,16.0,159.0,0.0,0.0,8.0,9.9,80.0,99.79,11.0,7.0,63.6,0.0,0.0,0.0,3.0,2.0,0.0,0.0,7.0,28.0,2.0,2.0,1.0,7.0,10.0,5.0,2.0,84.0,42.0,2.0,2.0,0.0,7.0,7.0,10.0,0.0,0.0,31.0,49.0,19:44,24.0,6.0,17.0,1.0,71.0,453.0,6.4,3.0,23.0,79.0,3.4,1.0,44.0,31.0,374.0,2.0,1.0,8.5,12.1,70.5,101.89,12.0,4.0,33.3,3.0,2.0,66.7,3.0,1.0,0.0,0.0,5.0,50.0,3.0,1.0,4.0,6.0,5.0,4.0,1.0,49.0,49.0,2.0,2.0,0.0,66.7,0.0,33.3,0.0,3.0,3.0,0.0,0.0,0.0,0.0,0.0,2.0,1.0,2.0,2.0,0.0,2.0,1.0,0.0,0.0,2.0,2.0,45.0,10.0,4.0,6.0,7.0,2.0,1.0,34.0,24.0,1.0,7.0,1.0,2.0,2.0,Saturday,993005605.0,3,12,19269.0,17.0,1,0.0,0.636,0.0,,0.0490344283771234,0.5205479452054794,0.1381471807179773,0.0697389434602472,0.1268663171328668,0.5287356321839081,0.2377241704634985,0.0899643526839402,23.3,18.3,5.0,355.6666666666667,356.3333333333333,0.0,0.437,0.4,359.0,348.0,7.0,0.0756549852976941,0.5052023404891878,0.0690206736076929,0.1513162116903192,0.0264015536707017,0.4538207764820443,0.0618813693972552,-0.021672377708952,0.0117583562609233,0.0061929523020383,-7.3,2.7,0.19999999999999996,1.0,5.333333333333314,716.6666666666667,12.333333333333371,725.0,5.0,723.0,-45.0,651.0,2.0,16.0,0.037300518969791,0.1060330441152361
202511707.0,2025-12-28T13:00:00,1,2025,17,CIN,ARI,HOME,37.0,14.0,51.0,Paycor Stadium,7.0,16.0,14.0,0.0,0.0,31.0,32.0,40:56,23.0,6.0,16.0,1.0,61.0,407.0,6.7,6.0,26.0,105.0,4.0,2.0,33.0,26.0,302.0,4.0,0.0,9.2,11.6,78.8,144.38,12.0,6.0,50.0,1.0,1.0,100.0,6.0,6.0,0.0,0.0,2.0,10.0,0.0,0.0,2.0,11.0,4.0,3.0,4.0,208.0,52.0,0.0,3.0,3.0,0.0,7.0,0.0,7.0,0.0,28.0,28.0,19:04,19.0,5.0,14.0,0.0,58.0,389.0,6.7,3.0,28.0,129.0,4.6,3.0,30.0,20.0,260.0,0.0,2.0,8.7,13.0,66.7,65.97,10.0,2.0,20.0,2.0,1.0,50.0,2.0,2.0,0.0,0.0,3.0,20.0,2.0,1.0,0.0,0.0,5.0,2.0,4.0,201.0,50.2,3.0,0.0,-3.0,100.0,0.0,100.0,0.0,6.0,6.0,0.0,0.0,0.0,0.0,0.0,1.0,1.0,3.0,3.0,0.0,0.0,0.0,0.0,0.0,0.0,0.0,29.0,35.0,0.0,0.0,7.0,2.0,1.0,25.0,44.0,2.0,11.0,2.0,0.0,0.0,Sunday,993005612.0,7,1,19280.0,23.0,1,3.0,0.5,0.0,,0.3352459255413523,0.6,0.5487874942854055,0.1178015283355489,-0.0555809443845433,0.4266666666666667,-0.0055304591787717,-0.1735173368102146,26.3,28.0,-1.7,347.6666666666667,374.0,0.333,0.511,0.4,359.0,458.0,5.0,0.0866950552377571,0.5159373151981076,0.1587584003524333,-0.0705090391399971,0.1007362080772382,0.5028559493973028,0.251675639329962,-0.0984174387498333,0.0532819456401803,0.0236249530452892,202511707.0,2025-12-28T13:00:00,1,2025,17,ARI,CIN,AWAY,14.0,37.0,51.0,Paycor Stadium,0.0,7.0,0.0,7.0,0.0,24.0,26.0,19:04,16.0,6.0,9.0,1.0,56.0,320.0,5.7,1.0,23.0,132.0,5.7,0.0,31.0,16.0,188.0,1.0,1.0,6.1,11.8,51.6,67.67,13.0,7.0,53.8,0.0,0.0,0.0,2.0,0.0,0.0,0.0,5.0,14.0,0.0,0.0,2.0,15.0,4.0,5.0,1.0,51.0,51.0,1.0,2.0,1.0,7.0,16.0,14.0,0.0,0.0,35.0,34.0,40:56,24.0,10.0,11.0,3.0,73.0,342.0,4.7,3.0,37.0,152.0,4.1,1.0,35.0,21.0,190.0,2.0,1.0,5.4,9.0,60.0,81.85,14.0,7.0,50.0,5.0,2.0,40.0,3.0,3.0,0.0,0.0,4.0,20.0,1.0,1.0,1.0,7.0,5.0,6.0,0.0,0.0,0.0,2.0,1.0,-1.0,0.0,0.0,100.0,0.0,1.0,1.0,0.0,0.0,0.0,0.0,0.0,6.0,4.0,3.0,2.0,1.0,0.0,0.0,0.0,0.0,2.0,2.0,32.0,41.0,1.0,7.0,6.0,0.0,1.0,31.0,19.0,2.0,15.0,7.0,0.0,0.0,Sunday,993005611.0,1,7,19276.0,-23.0,0,1.0,0.538,0.0,,0.0054006765829441,0.4520547945205479,-0.0222310260835368,0.093837788680712,0.1051764034140394,0.4606741573033708,0.2813001183665379,-0.1581269423005397,18.7,37.0,-18.3,313.6666666666667,423.6666666666667,-0.667,0.429,0.0,321.0,414.0,3.0,-0.0377999216748512,0.4518401697437474,-0.0323937165827692,0.0344951711664335,0.2237682027986033,0.5352513521260746,0.4167794490707906,0.0592694661019799,-0.0540737798293957,0.1229568573965006,16.6,-20.0,0.4,0.4,34.0,661.3333333333334,-49.666666666666686,797.6666666666667,38.0,680.0,44.0,872.0,2.0,8.0,0.1244949769126083,-0.1230319947213651
202511705.0,2025-12-28T13:00:00,1,2025,17,CAR,SEA,HOME,10.0,27.0,37.0,Bank of America Stadium,0.0,3.0,0.0,7.0,0.0,25.0,24.0,25:42,16.0,7.0,9.0,0.0,54.0,275.0,5.1,2.0,20.0,101.0,5.0,0.0,32.0,21.0,174.0,2.0,0.0,5.4,8.3,65.6,100.26,12.0,6.0,50.0,0.0,0.0,0.0,2.0,1.0,0.0,0.0,5.0,30.0,0.0,0.0,2.0,17.0,2.0,5.0,3.0,136.0,45.3,0.0,1.0,1.0,3.0,0.0,14.0,10.0,0.0,34.0,36.0,34:18,20.0,8.0,9.0,3.0,61.0,296.0,4.9,2.0,33.0,169.0,5.1,1.0,26.0,18.0,127.0,1.0,1.0,4.9,7.1,69.2,76.92,14.0,8.0,57.1,0.0,0.0,0.0,3.0,2.0,0.0,0.0,8.0,56.0,0.0,0.0,2.0,18.0,9.0,4.0,3.0,134.0,44.7,1.0,0.0,-1.0,50.0,0.0,66.7,0.0,2.0,2.0,0.0,0.0,0.0,0.0,0.0,3.0,3.0,2.0,2.0,0.0,0.0,0.0,0.0,0.0,2.0,2.0,39.0,22.0,2.0,18.0,4.0,0.0,0.0,30.0,21.0,2.0,17.0,5.0,0.0,0.0,Sunday,993005618.0,5,30,19270.0,-17.0,0,1.0,0.5,0.0,,0.1453713325305449,0.5072463768115942,0.1108532795180359,0.0788581271091708,0.112205245110449,0.4285714285714285,0.1762065806418817,-0.0275452759675902,23.7,22.7,1.0,304.6666666666667,337.3333333333333,1.0,0.489,0.6,287.0,337.0,8.0,0.1349564132792323,0.4598697486699688,0.3479182408166559,-0.0647740933850623,0.1317822675660615,0.525804316165762,0.1121262289359155,0.1071984409189419,0.0613915328609783,0.0877574642154053,202511705.0,2025-12-28T13:00:00,1,2025,17,SEA,CAR,AWAY,27.0,10.0,37.0,Bank of America Stadium,3.0,0.0,14.0,10.0,0.0,26.0,14.0,34:18,22.0,9.0,11.0,2.0,63.0,415.0,6.6,5.0,25.0,171.0,6.8,2.0,34.0,22.0,244.0,2.0,2.0,7.2,11.1,64.7,81.0,11.0,4.0,36.4,0.0,0.0,0.0,3.0,2.0,0.0,0.0,5.0,40.0,1.0,1.0,4.0,26.0,4.0,2.0,5.0,240.0,48.0,3.0,0.0,-3.0,0.0,3.0,0.0,7.0,0.0,40.0,33.0,25:42,26.0,7.0,17.0,2.0,88.0,581.0,6.6,4.0,39.0,124.0,3.2,1.0,49.0,29.0,457.0,3.0,0.0,9.3,15.8,59.2,110.67,20.0,8.0,40.0,3.0,2.0,66.7,6.0,3.0,0.0,0.0,8.0,54.0,0.0,0.0,0.0,0.0,7.0,3.0,4.0,155.0,38.8,0.0,3.0,3.0,66.7,0.0,50.0,0.0,2.0,2.0,0.0,4.0,2.0,1.0,1.0,0.0,0.0,4.0,4.0,0.0,0.0,0.0,0.0,0.0,4.0,3.0,38.0,53.0,0.0,0.0,3.0,0.0,0.0,33.0,24.0,4.0,26.0,4.0,1.0,1.0,Sunday,993005617.0,30,5,19268.0,17.0,1,-3.0,0.364,0.0,,0.0551950210673038,0.5411764705882353,-0.1278060908248669,0.342059120132193,0.0806663288796822,0.4473684210526316,0.4692833608045653,-0.1610218680699547,31.0,20.7,10.3,364.6666666666667,358.3333333333333,0.0,0.326,1.0,443.0,279.0,12.0,0.110744100385149,0.5310415075120957,0.0962267096068046,-0.0517410572983279,-0.0342811924392177,0.4342493892960248,0.0253059787626661,-0.1519635006464309,0.0814407409315887,-0.128080997877765,-9.3,11.3,-0.4,1.6,-60.0,669.3333333333334,-21.0,695.6666666666666,-156.0,730.0,58.0,616.0,-4.0,20.0,0.024212312894083307,0.16606346000527922
202511714.0,2025-12-28T13:00:00,1,2025,17,IND,JAX,HOME,17.0,23.0,40.0,Lucas Oil Stadium,3.0,7.0,7.0,0.0,0.0,26.0,55.0,27:41,19.0,4.0,13.0,2.0,58.0,312.0,5.4,3.0,20.0,58.0,2.9,1.0,36.0,23.0,254.0,2.0,1.0,7.1,11.0,63.9,91.67,10.0,5.0,50.0,1.0,0.0,0.0,2.0,2.0,0.0,0.0,6.0,45.0,2.0,1.0,2.0,23.0,1.0,3.0,2.0,101.0,50.5,2.0,1.0,-1.0,0.0,7.0,10.0,6.0,0.0,33.0,5.0,32:19,28.0,8.0,20.0,0.0,66.0,440.0,6.7,6.0,31.0,145.0,4.7,0.0,34.0,25.0,295.0,5.0,1.0,8.7,11.8,73.5,126.84,11.0,7.0,63.6,1.0,1.0,100.0,6.0,4.0,0.0,0.0,2.0,36.0,1.0,0.0,1.0,0.0,4.0,3.0,0.0,0.0,0.0,1.0,2.0,1.0,100.0,0.0,66.7,0.0,3.0,3.0,0.0,0.0,0.0,0.0,0.0,2.0,2.0,6.0,6.0,0.0,0.0,0.0,0.0,0.0,3.0,2.0,41.0,16.0,1.0,0.0,5.0,1.0,0.0,25.0,34.0,2.0,23.0,7.0,2.0,1.0,Sunday,993005616.0,14,15,19281.0,-6.0,0,-1.0,0.5,0.0,,-0.0628742148118792,0.5125,0.0103123864891325,-0.0879197116504656,0.2966547092523677,0.5802469135802469,0.5655352486716198,0.1855790008191467,20.7,34.0,-13.3,272.3333333333333,368.0,-1.333,0.477,0.0,419.0,351.0,8.0,-0.0385560748982112,0.4554697195333829,-0.0181039328050342,-0.1779431653180698,0.1464621053030276,0.5151701885302956,0.3278959864073592,-0.1370956299681647,-0.0310202261761248,0.0982686441843198,202511714.0,2025-12-28T13:00:00,1,2025,17,JAX,IND,AWAY,23.0,17.0,40.0,Lucas Oil Stadium,0.0,7.0,10.0,6.0,0.0,33.0,13.0,32:19,22.0,7.0,12.0,3.0,68.0,346.0,5.1,4.0,27.0,81.0,3.0,1.0,36.0,23.0,265.0,3.0,0.0,7.4,11.5,63.9,113.77,15.0,8.0,53.3,0.0,0.0,0.0,5.0,4.0,0.0,0.0,2.0,20.0,0.0,0.0,5.0,14.0,5.0,3.0,6.0,312.0,52.0,0.0,2.0,2.0,3.0,7.0,7.0,0.0,0.0,26.0,47.0,27:41,21.0,5.0,14.0,2.0,65.0,445.0,6.8,2.0,17.0,101.0,5.9,1.0,47.0,28.0,344.0,1.0,1.0,7.3,12.3,59.6,80.45,14.0,5.0,35.7,3.0,1.0,33.3,2.0,1.0,0.0,0.0,6.0,61.0,1.0,1.0,1.0,8.0,14.0,6.0,3.0,132.0,44.0,2.0,0.0,-2.0,80.0,0.0,50.0,0.0,4.0,4.0,0.0,0.0,0.0,0.0,0.0,2.0,2.0,2.0,2.0,0.0,0.0,0.0,0.0,0.0,3.0,2.0,36.0,12.0,1.0,8.0,7.0,0.0,1.0,35.0,32.0,5.0,14.0,5.0,0.0,0.0,Sunday,993005615.0,15,14,19277.0,6.0,1,2.0,0.533,0.0,,0.1762837293123794,0.4719101123595505,0.3276050515218772,-0.2320363946724683,-0.0305678556159049,0.4578313253012048,0.0236554469899572,-0.1457573374801492,39.3,19.7,19.7,378.0,338.0,2.0,0.481,1.0,410.0,312.0,11.0,0.1920348107952529,0.5024789448777536,0.4643989791347007,-0.3358453233642424,-0.0617113218075045,0.4565776100297221,-0.0733633114577564,-0.2020351718671794,0.096889153579855,-0.1382765719428016,-33.0,6.399999999999999,-1.0,1.0,-105.66666666666669,650.3333333333333,30.0,706.0,9.0,829.0,39.0,663.0,-3.0,19.0,-0.2305908856934641,0.2081734271105321
202511708.0,2025-12-28T13:00:00,1,2025,17,CLE,PIT,HOME,13.0,6.0,19.0,Huntington Bank Field,10.0,0.0,0.0,3.0,0.0,35.0,23.0,29:21,22.0,12.0,8.0,2.0,64.0,294.0,4.6,2.0,31.0,160.0,5.2,1.0,30.0,20.0,134.0,1.0,2.0,4.5,6.7,66.7,59.58,14.0,8.0,57.1,1.0,0.0,0.0,4.0,2.0,0.0,0.0,5.0,44.0,1.0,0.0,3.0,23.0,5.0,1.0,2.0,103.0,51.5,2.0,0.0,-2.0,0.0,6.0,0.0,0.0,0.0,24.0,37.0,30:39,16.0,10.0,6.0,0.0,50.0,259.0,5.2,3.0,29.0,164.0,5.7,3.0,19.0,12.0,95.0,0.0,0.0,5.0,7.9,63.2,75.55,8.0,2.0,25.0,2.0,0.0,0.0,3.0,2.0,0.0,0.0,5.0,35.0,0.0,0.0,2.0,35.0,11.0,5.0,3.0,149.0,49.7,0.0,2.0,2.0,50.0,0.0,66.7,0.0,2.0,2.0,0.0,0.0,0.0,0.0,0.0,2.0,2.0,3.0,2.0,0.0,0.0,0.0,0.0,0.0,1.0,1.0,25.0,27.0,2.0,35.0,1.0,0.0,0.0,32.0,40.0,3.0,23.0,6.0,0.0,0.0,Sunday,993005610.0,8,28,19271.0,7.0,1,-2.0,0.571,0.0,,-0.074574329889206,0.5125,-0.2691223903867185,0.0887638111806674,-0.0015350848657746,0.5076923076923077,-0.3432381860755178,0.4324823019467294,17.3,28.3,-11.0,299.3333333333333,304.0,-2.0,0.429,0.2,246.0,355.0,3.0,-0.1736937765480243,0.3838386727688787,-0.2404073375619869,-0.1984180961845303,-0.0004604940523022,0.473594847354309,-0.1633068064643358,0.1440787709822868,-0.1989095812107494,-0.058763011606993,202511708.0,2025-12-28T13:00:00,1,2025,17,PIT,CLE,AWAY,6.0,13.0,19.0,Huntington Bank Field,0.0,6.0,0.0,0.0,0.0,34.0,6.0,30:39,23.0,8.0,14.0,1.0,70.0,481.0,6.9,3.0,27.0,230.0,8.5,2.0,41.0,27.0,251.0,1.0,0.0,6.1,9.3,65.9,90.6,16.0,8.0,50.0,2.0,2.0,100.0,3.0,0.0,0.0,0.0,8.0,89.0,1.0,1.0,2.0,15.0,9.0,7.0,3.0,150.0,50.0,1.0,0.0,-1.0,10.0,0.0,0.0,3.0,0.0,25.0,54.0,29:21,23.0,2.0,19.0,2.0,69.0,361.0,5.2,3.0,12.0,15.0,1.2,0.0,54.0,34.0,346.0,3.0,0.0,6.4,10.2,63.0,99.77,15.0,6.0,40.0,2.0,1.0,50.0,4.0,1.0,0.0,0.0,7.0,40.0,1.0,0.0,3.0,18.0,3.0,4.0,3.0,159.0,53.0,0.0,1.0,1.0,0.0,0.0,25.0,0.0,3.0,3.0,0.0,0.0,0.0,0.0,0.0,3.0,2.0,3.0,3.0,0.0,0.0,0.0,0.0,0.0,1.0,1.0,34.0,21.0,3.0,18.0,6.0,1.0,0.0,37.0,28.0,2.0,15.0,5.0,1.0,1.0,Sunday,993005607.0,28,8,19278.0,-7.0,0,-1.0,0.5,0.0,,0.1107743177557208,0.4285714285714285,0.0271219816811036,0.394139785990119,0.0448154463371918,0.4606741573033708,0.1220046240190947,-0.3602341649027287,28.0,20.3,7.7,378.3333333333333,355.3333333333333,0.333,0.412,0.6,365.0,350.0,9.0,0.1664634620473604,0.4700466171514685,0.2318332255121578,0.1848917529519245,0.0453670886336598,0.4778930835606594,0.0554626850135165,-0.1805104337628111,0.0318389635973821,0.041223361154254,-18.7,-3.3,-0.39999999999999997,0.8,-79.0,677.6666666666666,-51.333333333333314,659.3333333333333,-119.0,611.0,5.0,705.0,-6.0,12.0,-0.3401572385953847,-0.045827582685962
202511719.0,2025-12-28T13:00:00,1,2025,17,MIA,TB,HOME,20.0,17.0,37.0,Hard Rock Stadium,7.0,10.0,0.0,3.0,0.0,28.0,28.0,27:54,19.0,5.0,14.0,0.0,58.0,389.0,6.7,3.0,28.0,129.0,4.6,3.0,30.0,20.0,260.0,0.0,2.0,8.7,13.0,66.7,65.97,10.0,2.0,20.0,2.0,1.0,50.0,2.0,2.0,0.0,0.0,3.0,20.0,2.0,1.0,0.0,0.0,5.0,2.0,4.0,201.0,50.2,3.0,0.0,-3.0,7.0,0.0,3.0,7.0,0.0,31.0,32.0,32:06,23.0,6.0,16.0,1.0,61.0,407.0,6.7,6.0,26.0,105.0,4.0,2.0,33.0,26.0,302.0,4.0,0.0,9.2,11.6,78.8,144.38,12.0,6.0,50.0,1.0,1.0,100.0,6.0,6.0,0.0,0.0,2.0,10.0,0.0,0.0,2.0,11.0,4.0,3.0,4.0,208.0,52.0,0.0,3.0,3.0,100.0,0.0,100.0,0.0,3.0,3.0,0.0,0.0,0.0,0.0,0.0,0.0,0.0,6.0,6.0,0.0,0.0,0.0,0.0,0.0,1.0,1.0,25.0,44.0,2.0,11.0,2.0,0.0,0.0,29.0,35.0,0.0,0.0,7.0,2.0,1.0,Sunday,993005620.0,19,33,19280.0,3.0,1,-3.0,0.2,0.0,,-0.0555809443845433,0.4266666666666667,-0.0055304591787717,-0.1735173368102146,0.3352459255413523,0.6,0.5487874942854055,0.1178015283355489,23.3,27.7,-4.3,344.0,316.6666666666667,-0.333,0.217,0.6,317.0,369.0,6.0,0.0333915520000214,0.4863714948344929,0.0363600693548851,-0.0357745511596036,0.0791054633669983,0.5068248623804179,0.1306041052102263,0.0267076843063913,0.0220741416172942,0.0262095581018945,202511719.0,2025-12-28T13:00:00,1,2025,17,TB,MIA,AWAY,17.0,20.0,37.0,Hard Rock Stadium,7.0,0.0,3.0,7.0,0.0,34.0,36.0,32:06,20.0,8.0,9.0,3.0,61.0,296.0,4.9,2.0,33.0,169.0,5.1,1.0,26.0,18.0,127.0,1.0,1.0,4.9,7.1,69.2,76.92,14.0,8.0,57.1,0.0,0.0,0.0,3.0,2.0,0.0,0.0,8.0,56.0,0.0,0.0,2.0,18.0,9.0,4.0,3.0,134.0,44.7,1.0,0.0,-1.0,7.0,10.0,0.0,3.0,0.0,25.0,24.0,27:54,16.0,7.0,9.0,0.0,54.0,275.0,5.1,2.0,20.0,101.0,5.0,0.0,32.0,21.0,174.0,2.0,0.0,5.4,8.3,65.6,100.26,12.0,6.0,50.0,0.0,0.0,0.0,2.0,1.0,0.0,0.0,5.0,30.0,0.0,0.0,2.0,17.0,2.0,5.0,3.0,136.0,45.3,0.0,1.0,1.0,66.7,0.0,50.0,0.0,2.0,2.0,0.0,0.0,0.0,0.0,0.0,2.0,2.0,2.0,2.0,0.0,0.0,0.0,0.0,0.0,3.0,3.0,30.0,21.0,2.0,17.0,5.0,0.0,0.0,39.0,22.0,2.0,18.0,4.0,0.0,0.0,Sunday,993005619.0,33,19,19270.0,-3.0,0,-1.0,0.571,0.0,,0.112205245110449,0.4285714285714285,0.1762065806418817,-0.0275452759675902,0.1453713325305449,0.5072463768115942,0.1108532795180359,0.0788581271091708,22.7,25.3,-2.7,311.6666666666667,337.0,-0.333,0.416,0.2,347.0,377.0,7.0,0.0574989269285869,0.4715354926198299,0.0835087539691082,-0.0605547274411598,0.091407025470618,0.475388431910171,0.1489524789917809,0.0201156190371429,-0.0344426946915145,0.0575079740943516,-1.5999999999999996,-7.0,0.39999999999999997,0.8,32.333333333333314,655.6666666666667,-20.333333333333314,653.6666666666667,-30.0,664.0,-8.0,746.0,-1.0,13.0,-0.024107374928565503,-0.012301562103619712
202511724.0,2025-12-28T13:00:00,1,2025,17,NYJ,NE,HOME,10.0,42.0,52.0,MetLife Stadium,0.0,3.0,0.0,7.0,0.0,28.0,42.0,28:05,12.0,5.0,6.0,1.0,63.0,195.0,3.1,0.0,20.0,64.0,3.2,0.0,35.0,22.0,131.0,0.0,1.0,3.7,6.0,62.9,58.15,15.0,2.0,13.3,4.0,2.0,50.0,2.0,0.0,0.0,0.0,7.0,54.0,1.0,1.0,8.0,57.0,5.0,3.0,5.0,231.0,46.2,2.0,1.0,-1.0,14.0,21.0,7.0,0.0,0.0,31.0,18.0,31:55,23.0,6.0,17.0,0.0,78.0,412.0,5.3,2.0,25.0,84.0,3.4,0.0,50.0,33.0,328.0,2.0,0.0,6.6,9.9,66.0,97.75,17.0,8.0,47.1,2.0,1.0,50.0,3.0,0.0,0.0,0.0,3.0,30.0,1.0,1.0,3.0,18.0,9.0,11.0,1.0,46.0,46.0,1.0,2.0,1.0,0.0,0.0,0.0,0.0,0.0,0.0,0.0,0.0,0.0,0.0,0.0,2.0,2.0,2.0,2.0,0.0,0.0,0.0,0.0,0.0,6.0,5.0,39.0,36.0,3.0,18.0,2.0,1.0,1.0,32.0,37.0,8.0,57.0,6.0,1.0,1.0,Sunday,993005609.0,24,21,19273.0,-32.0,0,-1.0,0.133,0.0,,-0.2982081931381744,0.3493975903614458,-0.5154888956294629,-0.1729412474032003,0.0251697363565174,0.4456521739130434,0.1364141350021021,-0.3914427922598248,12.0,37.0,-25.0,228.66666666666663,402.6666666666667,-2.0,0.25,0.2,282.0,426.0,3.0,-0.2129976617985679,0.4091266909983637,-0.4125489305760548,-0.1212126963908578,0.153569185692078,0.5333672153365248,0.3145765947940656,-0.2016461660427557,-0.1227640898070956,0.132007108768481,202511724.0,2025-12-28T13:00:00,1,2025,17,NE,NYJ,AWAY,42.0,10.0,52.0,MetLife Stadium,14.0,21.0,7.0,0.0,0.0,31.0,49.0,31:55,24.0,6.0,17.0,1.0,71.0,453.0,6.4,3.0,23.0,79.0,3.4,1.0,44.0,31.0,374.0,2.0,1.0,8.5,12.1,70.5,101.89,12.0,4.0,33.3,3.0,2.0,66.7,3.0,1.0,0.0,0.0,5.0,50.0,3.0,1.0,4.0,6.0,5.0,4.0,1.0,49.0,49.0,2.0,2.0,0.0,0.0,3.0,0.0,7.0,0.0,28.0,11.0,28:05,18.0,8.0,9.0,1.0,54.0,330.0,6.1,3.0,33.0,171.0,5.2,3.0,20.0,16.0,159.0,0.0,0.0,8.0,9.9,80.0,99.79,11.0,7.0,63.6,0.0,0.0,0.0,3.0,2.0,0.0,0.0,7.0,28.0,2.0,2.0,1.0,7.0,10.0,5.0,2.0,84.0,42.0,2.0,2.0,0.0,33.3,0.0,66.7,0.0,2.0,2.0,0.0,2.0,1.0,0.0,0.0,2.0,2.0,3.0,3.0,0.0,0.0,0.0,0.0,0.0,2.0,1.0,34.0,24.0,1.0,7.0,1.0,2.0,2.0,45.0,10.0,4.0,6.0,7.0,2.0,1.0,Sunday,993005608.0,21,24,19269.0,32.0,1,0.0,0.333,0.0,,0.1268663171328668,0.5287356321839081,0.2377241704634985,0.0899643526839402,0.0490344283771234,0.5205479452054794,0.1381471807179773,0.0697389434602472,30.7,24.7,6.0,411.0,306.0,0.0,0.432,0.8,410.0,300.0,12.0,0.1300108893022985,0.528441785560434,0.1748199142016386,0.1906574528979144,0.0235906822878376,0.4779540404835634,0.108465453897988,0.098842101327255,0.1166205992391786,-0.0067351186708626,-31.0,-19.0,-0.6000000000000001,1.0,-182.33333333333337,639.6666666666666,96.66666666666669,708.6666666666667,-128.0,692.0,126.0,726.0,-9.0,15.0,-0.3430085511008664,0.12997850340424041
202511734.0,2025-12-28T13:00:00,1,2025,17,TEN,NO,HOME,26.0,34.0,60.0,Nissan Stadium,6.0,14.0,3.0,3.0,0.0,38.0,1.0,31:41,22.0,9.0,11.0,2.0,70.0,376.0,5.4,3.0,40.0,164.0,4.1,1.0,28.0,21.0,212.0,2.0,0.0,7.6,10.1,75.0,119.94,17.0,9.0,52.9,2.0,0.0,0.0,4.0,3.0,0.0,0.0,12.0,82.0,1.0,0.0,2.0,16.0,5.0,7.0,3.0,143.0,47.7,0.0,0.0,0.0,0.0,10.0,10.0,14.0,0.0,21.0,59.0,28:19,9.0,3.0,5.0,1.0,43.0,133.0,3.1,0.0,15.0,51.0,3.4,0.0,24.0,14.0,82.0,0.0,0.0,3.4,5.9,58.3,64.93,9.0,1.0,11.1,0.0,0.0,0.0,1.0,0.0,0.0,0.0,10.0,59.0,2.0,0.0,4.0,44.0,5.0,3.0,5.0,219.0,43.8,0.0,0.0,0.0,75.0,0.0,0.0,0.0,3.0,3.0,0.0,0.0,0.0,0.0,0.0,1.0,1.0,0.0,0.0,0.0,0.0,0.0,0.0,0.0,4.0,3.0,25.0,14.0,4.0,44.0,5.0,1.0,0.0,35.0,48.0,2.0,16.0,0.0,1.0,0.0,Sunday,993005614.0,34,22,19275.0,-8.0,0,0.0,0.529,0.0,,0.0352655173728508,0.4606741573033708,0.269289557065349,-0.1717227683132053,-0.2085150349946039,0.4029850746268656,-0.3324175331418324,-0.0655840565013932,27.0,25.0,2.0,324.6666666666667,325.0,0.667,0.405,0.4,251.0,403.0,3.0,0.0498298967788484,0.4837263016431858,0.0066593913887654,0.0724614519421884,-0.0093106654211459,0.4567921263248972,0.0783448903861468,-0.1681744659669596,-0.0588650541563691,0.0076213521147397,202511734.0,2025-12-28T13:00:00,1,2025,17,NO,TEN,AWAY,34.0,26.0,60.0,Nissan Stadium,0.0,10.0,10.0,14.0,0.0,31.0,18.0,28:19,23.0,6.0,17.0,0.0,78.0,412.0,5.3,2.0,25.0,84.0,3.4,0.0,50.0,33.0,328.0,2.0,0.0,6.6,9.9,66.0,97.75,17.0,8.0,47.1,2.0,1.0,50.0,3.0,0.0,0.0,0.0,3.0,30.0,1.0,1.0,3.0,18.0,9.0,11.0,1.0,46.0,46.0,1.0,2.0,1.0,6.0,14.0,3.0,3.0,0.0,28.0,42.0,31:41,12.0,5.0,6.0,1.0,63.0,195.0,3.1,0.0,20.0,64.0,3.2,0.0,35.0,22.0,131.0,0.0,1.0,3.7,6.0,62.9,58.15,15.0,2.0,13.3,4.0,2.0,50.0,2.0,0.0,0.0,0.0,7.0,54.0,1.0,1.0,8.0,57.0,5.0,3.0,5.0,231.0,46.2,2.0,1.0,-1.0,0.0,0.0,0.0,0.0,2.0,2.0,0.0,0.0,0.0,0.0,0.0,6.0,5.0,0.0,0.0,0.0,0.0,0.0,0.0,0.0,2.0,2.0,32.0,37.0,8.0,57.0,6.0,1.0,1.0,39.0,36.0,3.0,18.0,2.0,1.0,1.0,Sunday,993005613.0,22,34,19273.0,8.0,1,1.0,0.471,0.0,,0.0251697363565174,0.4456521739130434,0.1364141350021021,-0.3914427922598248,-0.2982081931381744,0.3493975903614458,-0.5154888956294629,-0.1729412474032003,24.3,14.3,10.0,336.3333333333333,259.0,0.667,0.49,0.6,255.0,338.0,5.0,0.031325845976654,0.4608811273295296,0.1681741291141549,-0.2157206287954265,-0.1019171631692865,0.3992941462820981,-0.1139088090664331,-0.1742801541206795,-0.0544721911457801,-0.0910462818117047,-8.0,12.0,-0.19999999999999996,1.0,-11.666666666666629,661.0,66.0,584.0,-4.0,506.0,65.0,741.0,-2.0,8.0,0.018504050802194402,0.0926064977481406
202511725.0,2025-12-28T16:05:00,1,2025,17,LV,NYG,HOME,10.0,34.0,44.0,Allegiant Stadium,0.0,3.0,7.0,0.0,0.0,28.0,14.0,29:12,12.0,3.0,8.0,1.0,53.0,315.0,5.9,3.0,27.0,145.0,5.4,1.0,23.0,16.0,170.0,2.0,1.0,7.4,10.6,69.6,101.72,14.0,6.0,42.9,0.0,0.0,0.0,1.0,1.0,0.0,0.0,9.0,85.0,1.0,0.0,3.0,31.0,4.0,6.0,7.0,293.0,41.9,1.0,0.0,-1.0,7.0,10.0,10.0,7.0,0.0,31.0,46.0,30:48,16.0,4.0,10.0,2.0,61.0,270.0,4.4,2.0,26.0,83.0,3.2,0.0,35.0,23.0,187.0,1.0,0.0,5.3,8.1,65.7,88.63,15.0,7.0,46.7,0.0,0.0,0.0,2.0,1.0,0.0,0.0,4.0,29.0,1.0,0.0,0.0,0.0,2.0,4.0,5.0,258.0,51.6,0.0,1.0,1.0,100.0,0.0,50.0,0.0,3.0,3.0,0.0,0.0,0.0,0.0,0.0,0.0,0.0,2.0,2.0,0.0,0.0,0.0,0.0,0.0,3.0,3.0,28.0,33.0,0.0,0.0,3.0,0.0,0.0,27.0,34.0,3.0,31.0,4.0,1.0,0.0,Sunday,993005622.0,25,23,19279.0,-24.0,0,-1.0,0.429,0.0,,-0.0568906281745555,0.4133333333333333,0.0901781099943306,-0.1448784072115948,-0.0259642534187838,0.4567901234567901,0.1561413107927381,-0.5097306738503038,12.7,26.0,-13.3,206.33333333333337,337.6666666666667,-0.667,0.337,0.0,217.0,386.0,2.0,-0.1168182453865177,0.4034261755016471,-0.1310241219618819,-0.1204558101671945,0.1157568217102052,0.5288847922834851,0.4754770594195947,-0.1992689041032132,-0.1720106455095052,0.0509361649448445,202511725.0,2025-12-28T16:05:00,1,2025,17,NYG,LV,AWAY,34.0,10.0,44.0,Allegiant Stadium,7.0,10.0,10.0,7.0,0.0,28.0,59.0,30:48,12.0,7.0,1.0,4.0,48.0,141.0,2.9,1.0,30.0,128.0,4.3,0.0,13.0,7.0,13.0,0.0,1.0,1.0,1.9,53.8,27.4,10.0,2.0,20.0,3.0,1.0,33.3,3.0,0.0,0.0,0.0,11.0,74.0,0.0,0.0,5.0,20.0,9.0,7.0,2.0,91.0,45.5,1.0,2.0,1.0,0.0,3.0,7.0,0.0,0.0,31.0,1.0,29:12,17.0,7.0,8.0,2.0,58.0,240.0,4.1,1.0,31.0,114.0,3.7,1.0,23.0,16.0,126.0,0.0,1.0,5.5,7.9,69.6,64.76,12.0,7.0,58.3,1.0,1.0,100.0,3.0,1.0,0.0,0.0,11.0,90.0,1.0,1.0,4.0,34.0,6.0,6.0,1.0,29.0,29.0,2.0,1.0,-1.0,0.0,0.0,33.3,0.0,1.0,1.0,0.0,0.0,0.0,0.0,0.0,2.0,2.0,1.0,1.0,0.0,0.0,0.0,0.0,0.0,3.0,3.0,31.0,26.0,4.0,34.0,5.0,1.0,1.0,26.0,33.0,5.0,20.0,4.0,0.0,0.0,Sunday,993005621.0,23,25,19274.0,24.0,1,1.0,0.2,0.0,,-0.1754352027421319,0.3888888888888889,-0.4279107346794994,-0.1110674432261035,-0.0969191371235518,0.4794520547945205,-0.1964656844085973,0.0384182892491851,16.3,26.0,-9.7,254.66666666666663,325.0,0.333,0.243,0.0,313.0,412.0,2.0,-0.1731666736318652,0.4187420178799489,-0.1388444225854411,-0.0907696276968306,-0.0137198960223233,0.476273047800705,0.0692160882912806,-0.0529352657446339,-0.0569963033011778,0.0816318964075327,-3.6000000000000014,-23.0,0.0,0.0,-48.33333333333326,461.0,12.666666666666686,662.6666666666667,-96.0,530.0,-26.0,798.0,0.0,4.0,0.0563484282453475,0.1294767177325285
202511704.0,2025-12-28T16:25:00,1,2025,17,BUF,PHI,HOME,12.0,13.0,25.0,Highmark Stadium,0.0,0.0,0.0,12.0,0.0,24.0,37.0,35:15,16.0,10.0,6.0,0.0,50.0,259.0,5.2,3.0,29.0,164.0,5.7,3.0,19.0,12.0,95.0,0.0,0.0,5.0,7.9,63.2,75.55,8.0,2.0,25.0,2.0,0.0,0.0,3.0,2.0,0.0,0.0,5.0,35.0,0.0,0.0,2.0,35.0,11.0,5.0,3.0,149.0,49.7,0.0,2.0,2.0,7.0,6.0,0.0,0.0,0.0,35.0,23.0,24:45,22.0,12.0,8.0,2.0,64.0,294.0,4.6,2.0,31.0,160.0,5.2,1.0,30.0,20.0,134.0,1.0,2.0,4.5,6.7,66.7,59.58,14.0,8.0,57.1,1.0,0.0,0.0,4.0,2.0,0.0,0.0,5.0,44.0,1.0,0.0,3.0,23.0,5.0,1.0,2.0,103.0,51.5,2.0,0.0,-2.0,66.7,0.0,50.0,0.0,3.0,2.0,0.0,0.0,0.0,0.0,0.0,1.0,1.0,2.0,2.0,0.0,0.0,0.0,0.0,0.0,2.0,2.0,32.0,40.0,3.0,23.0,6.0,0.0,0.0,25.0,27.0,2.0,35.0,1.0,0.0,0.0,Sunday,993005624.0,4,26,19271.0,-1.0,0,2.0,0.25,0.0,,-0.0015350848657746,0.5076923076923077,-0.3432381860755178,0.4324823019467294,-0.074574329889206,0.5125,-0.2691223903867185,0.0887638111806674,32.3,28.3,4.0,341.3333333333333,339.0,1.333,0.456,0.8,434.0,344.0,11.0,0.1547898208993997,0.5275187305132858,0.221877053589315,0.0693788140082868,0.098719568584992,0.5555082559339525,-0.0063645046162109,0.2006066260757238,0.0918540946129379,-0.0164093352178418,202511704.0,2025-12-28T16:25:00,1,2025,17,PHI,BUF,AWAY,13.0,12.0,25.0,Highmark Stadium,7.0,6.0,0.0,0.0,0.0,34.0,7.0,24:45,26.0,12.0,11.0,3.0,66.0,385.0,5.8,4.0,34.0,207.0,6.1,2.0,30.0,22.0,178.0,2.0,0.0,5.9,8.1,73.3,110.14,9.0,4.0,44.4,0.0,0.0,0.0,3.0,3.0,0.0,0.0,5.0,61.0,2.0,1.0,2.0,7.0,4.0,5.0,2.0,87.0,43.5,1.0,1.0,0.0,0.0,0.0,0.0,12.0,0.0,25.0,53.0,35:15,15.0,7.0,7.0,1.0,51.0,220.0,4.3,2.0,26.0,90.0,3.5,2.0,23.0,12.0,130.0,0.0,1.0,5.7,10.8,52.2,51.0,10.0,2.0,20.0,1.0,1.0,100.0,3.0,2.0,0.0,0.0,5.0,44.0,1.0,0.0,2.0,8.0,1.0,4.0,5.0,220.0,44.0,1.0,1.0,0.0,100.0,0.0,66.7,0.0,3.0,3.0,0.0,0.0,0.0,1.0,1.0,2.0,0.0,1.0,1.0,0.0,0.0,0.0,1.0,1.0,1.0,1.0,27.0,19.0,2.0,8.0,6.0,0.0,0.0,43.0,20.0,2.0,7.0,2.0,2.0,1.0,Sunday,993005623.0,26,4,19040.0,1.0,1,0.0,0.444,0.0,,0.1298227689248103,0.5,0.3904675945486454,0.3111004865448756,-0.0503199433061191,0.4264705882352941,-0.194292929407938,0.0609297626030613,26.3,13.3,13.0,379.0,190.0,-0.333,0.507,0.4,349.0,289.0,10.0,0.0805379644127582,0.4997150997150997,0.3498875418661002,0.0484418966491248,-0.1593274217507397,0.3909190733700143,-0.3271124528673229,-0.0957417526613783,0.0330527965442033,-0.0818526011676926,-9.0,17.0,0.4,1.2000000000000002,-37.666666666666686,720.3333333333333,149.0,529.0,85.0,783.0,55.0,633.0,1.0,21.0,0.07425185648664148,0.2580469903357317
202511731.0,2025-12-28T20:20:00,1,2025,17,SF,CHI,HOME,42.0,38.0,80.0,Levi's Stadium,14.0,14.0,7.0,7.0,0.0,33.0,5.0,33:33,28.0,8.0,20.0,0.0,66.0,440.0,6.7,6.0,31.0,145.0,4.7,0.0,34.0,25.0,295.0,5.0,1.0,8.7,11.8,73.5,126.84,11.0,7.0,63.6,1.0,1.0,100.0,6.0,4.0,0.0,0.0,2.0,36.0,1.0,0.0,1.0,0.0,4.0,3.0,0.0,0.0,0.0,1.0,2.0,1.0,14.0,7.0,7.0,10.0,0.0,26.0,55.0,26:27,19.0,4.0,13.0,2.0,58.0,312.0,5.4,3.0,20.0,58.0,2.9,1.0,36.0,23.0,254.0,2.0,1.0,7.1,11.0,63.9,91.67,10.0,5.0,50.0,1.0,0.0,0.0,2.0,2.0,0.0,0.0,6.0,45.0,2.0,1.0,2.0,23.0,1.0,3.0,2.0,101.0,50.5,2.0,1.0,-1.0,66.7,0.0,100.0,0.0,6.0,6.0,0.0,0.0,0.0,0.0,0.0,3.0,2.0,3.0,3.0,0.0,0.0,0.0,0.0,0.0,2.0,2.0,25.0,34.0,2.0,23.0,7.0,2.0,1.0,41.0,16.0,1.0,0.0,5.0,1.0,0.0,Sunday,993005626.0,31,6,19281.0,4.0,1,1.0,0.636,0.0,,0.2966547092523677,0.5802469135802469,0.5655352486716198,0.1855790008191467,-0.0628742148118792,0.5125,0.0103123864891325,-0.0879197116504656,37.0,19.7,17.3,374.0,290.3333333333333,0.667,0.628,1.0,392.0,320.0,11.0,0.2035963920772273,0.5109881016281982,0.3738253595622353,0.0258369293728165,-0.0609145704321855,0.4925724637681159,-0.0563895253732278,0.0120346053437236,0.1721578691296643,-0.0904343549259992,202511731.0,2025-12-28T20:20:00,1,2025,17,CHI,SF,AWAY,38.0,42.0,80.0,Levi's Stadium,14.0,7.0,7.0,10.0,0.0,26.0,13.0,26:27,20.0,8.0,10.0,2.0,60.0,400.0,6.7,2.0,26.0,150.0,5.8,0.0,34.0,19.0,250.0,2.0,0.0,7.4,13.2,55.9,98.9,11.0,2.0,18.2,3.0,2.0,66.7,2.0,1.0,0.0,0.0,10.0,105.0,1.0,0.0,0.0,0.0,5.0,1.0,3.0,125.0,41.7,0.0,1.0,1.0,14.0,14.0,7.0,7.0,0.0,38.0,57.0,33:33,24.0,11.0,10.0,3.0,70.0,384.0,5.5,1.0,44.0,192.0,4.4,0.0,24.0,17.0,192.0,1.0,0.0,8.0,11.3,70.8,108.33,12.0,6.0,50.0,3.0,1.0,33.3,5.0,0.0,0.0,0.0,4.0,40.0,3.0,1.0,2.0,6.0,4.0,2.0,0.0,0.0,0.0,1.0,0.0,-1.0,50.0,0.0,0.0,0.0,1.0,1.0,0.0,0.0,0.0,0.0,0.0,3.0,3.0,1.0,1.0,0.0,0.0,0.0,0.0,0.0,3.0,3.0,37.0,40.0,2.0,6.0,2.0,1.0,1.0,24.0,35.0,0.0,0.0,3.0,0.0,0.0,Sunday,993005625.0,6,31,19041.0,-4.0,0,1.0,0.182,0.0,,0.1508931661622675,0.4936708860759494,0.2374366230170098,-0.1201951530579801,0.0725858464580687,0.5119047619047619,0.4357707110327173,-0.2077385062317213,24.7,15.7,9.0,358.6666666666667,304.3333333333333,1.333,0.355,0.8,387.0,354.0,11.0,0.0954365429681622,0.5017617626447511,0.1391139989137869,-0.0048761667404286,-0.0292105326831536,0.4456607204285223,0.0527317696468353,-0.1192706045841659,0.0688603686639046,-0.0369416043046402,8.3,26.3,0.19999999999999996,1.8,15.333333333333314,732.6666666666667,-14.0,594.6666666666666,5.0,779.0,-34.0,674.0,0.0,22.0,0.10815984910906509,-0.031704037749031896
202511702.0,2025-12-29T20:15:00,1,2025,17,ATL,LAR,HOME,27.0,24.0,51.0,Mercedes-Benz Stadium,7.0,14.0,3.0,3.0,0.0,35.0,34.0,29:45,24.0,10.0,11.0,3.0,73.0,342.0,4.7,3.0,37.0,152.0,4.1,1.0,35.0,21.0,190.0,2.0,1.0,5.4,9.0,60.0,81.85,14.0,7.0,50.0,5.0,2.0,40.0,3.0,3.0,0.0,0.0,4.0,20.0,1.0,1.0,1.0,7.0,5.0,6.0,0.0,0.0,0.0,2.0,1.0,-1.0,0.0,0.0,17.0,7.0,0.0,24.0,26.0,30:15,16.0,6.0,9.0,1.0,56.0,320.0,5.7,1.0,23.0,132.0,5.7,0.0,31.0,16.0,188.0,1.0,1.0,6.1,11.8,51.6,67.67,13.0,7.0,53.8,0.0,0.0,0.0,2.0,0.0,0.0,0.0,5.0,14.0,0.0,0.0,2.0,15.0,4.0,5.0,1.0,51.0,51.0,1.0,2.0,1.0,100.0,0.0,0.0,0.0,3.0,2.0,1.0,0.0,0.0,0.0,0.0,2.0,2.0,1.0,1.0,0.0,0.0,0.0,0.0,0.0,6.0,4.0,31.0,19.0,2.0,15.0,7.0,0.0,0.0,32.0,41.0,1.0,7.0,6.0,0.0,1.0,Monday,993005628.0,2,32,19276.0,3.0,1,-1.0,0.5,0.0,,0.1051764034140394,0.4606741573033708,0.2813001183665379,-0.1581269423005397,0.0054006765829441,0.4520547945205479,-0.0222310260835368,0.093837788680712,21.3,28.0,-6.7,364.0,341.0,-1.0,0.344,0.6,307.0,360.0,6.0,0.0124785019630568,0.4618913857677902,0.0509048465218684,-0.1053573256506733,0.1264955012397645,0.51291306481932,0.1711436484687557,-0.0186844328783743,0.0167156289456695,0.0524502236116498,202511702.0,2025-12-29T20:15:00,1,2025,17,LAR,ATL,AWAY,24.0,27.0,51.0,Mercedes-Benz Stadium,0.0,0.0,17.0,7.0,0.0,40.0,33.0,30:15,26.0,7.0,17.0,2.0,88.0,581.0,6.6,4.0,39.0,124.0,3.2,1.0,49.0,29.0,457.0,3.0,0.0,9.3,15.8,59.2,110.67,20.0,8.0,40.0,3.0,2.0,66.7,6.0,3.0,0.0,0.0,8.0,54.0,0.0,0.0,0.0,0.0,7.0,3.0,4.0,155.0,38.8,0.0,3.0,3.0,7.0,14.0,3.0,3.0,0.0,26.0,14.0,29:45,22.0,9.0,11.0,2.0,63.0,415.0,6.6,5.0,25.0,171.0,6.8,2.0,34.0,22.0,244.0,2.0,2.0,7.2,11.1,64.7,81.0,11.0,4.0,36.4,0.0,0.0,0.0,3.0,2.0,0.0,0.0,5.0,40.0,1.0,1.0,4.0,26.0,4.0,2.0,5.0,240.0,48.0,3.0,0.0,-3.0,50.0,0.0,66.7,0.0,4.0,4.0,0.0,0.0,0.0,0.0,0.0,4.0,3.0,2.0,2.0,0.0,4.0,2.0,1.0,1.0,0.0,0.0,33.0,24.0,4.0,26.0,4.0,1.0,1.0,38.0,53.0,0.0,0.0,3.0,0.0,0.0,Monday,993005627.0,32,2,19268.0,-3.0,0,3.0,0.4,0.0,,0.0806663288796822,0.4473684210526316,0.4692833608045653,-0.1610218680699547,0.0551950210673038,0.5411764705882353,-0.1278060908248669,0.342059120132193,41.0,29.7,11.3,543.3333333333334,375.0,1.0,0.332,0.6,457.0,299.0,11.0,0.1959913719667314,0.5671304698527929,0.3934546433799881,0.1385970523313903,0.0396621182365099,0.4575005905976848,0.0623770767828226,-0.0006888283644835,0.1687348962460818,-0.0106110285832365,-18.0,4.6000000000000005,0.0,1.2,-179.33333333333337,907.3333333333334,-34.0,716.0,-150.0,764.0,61.0,659.0,-5.0,17.0,-0.18351287000367458,0.0868333830032546
202511833.0,2026-01-03T16:30:00,1,2025,18,TB,CAR,HOME,16.0,14.0,30.0,Raymond James Stadium,,,,,,32.0,6.0,,21.0,5.0,14.0,2.0,63.0,380.0,6.0,2.0,16.0,53.0,3.3,0.0,44.0,33.0,327.0,2.0,2.0,7.4,9.9,75.0,91.76,13.0,6.0,46.2,2.0,2.0,100.0,3.0,2.0,0.0,0.0,5.0,45.0,2.0,1.0,3.0,19.0,3.0,6.0,3.0,126.0,42.0,3.0,0.0,-3.0,,,,,,27.0,54.0,,13.0,7.0,6.0,0.0,54.0,298.0,5.5,2.0,30.0,145.0,4.8,0.0,22.0,14.0,153.0,2.0,0.0,7.0,10.9,63.6,114.39,12.0,4.0,33.3,0.0,0.0,0.0,3.0,1.0,0.0,0.0,10.0,77.0,1.0,0.0,2.0,19.0,4.0,6.0,5.0,236.0,47.2,0.0,3.0,3.0,66.7,0.0,33.3,0.0,2.0,2.0,0.0,0.0,0.0,0.0,0.0,2.0,1.0,2.0,2.0,0.0,0.0,0.0,0.0,0.0,2.0,2.0,28.0,27.0,2.0,19.0,3.0,0.0,0.0,38.0,25.0,3.0,19.0,6.0,1.0,1.0,Saturday,,33,5,19284.0,2.0,1,-3.0,0.462,0.0,2025_18_CAR_TB,0.0080435521556569,0.5185185185185185,0.0819283657017174,-0.1486745166431109,0.0462769228698534,0.4189189189189189,0.168587022582586,-0.0406293322120351,21.7,24.0,-2.3,338.0,349.6666666666667,-1.333,0.492,0.2,364.0,397.0,7.0,0.0918905890694872,0.5004356048532755,0.1547646956662014,-0.0538292383620212,0.1169999992678479,0.4753884319101711,0.1748591017137092,0.0321334316454177,0.035956269146718,0.0523896371007701,202511833.0,2026-01-03T16:30:00,1,2025,18,CAR,TB,AWAY,14.0,16.0,30.0,Raymond James Stadium,,,,,,25.0,42.0,,10.0,6.0,3.0,1.0,52.0,139.0,2.7,1.0,26.0,99.0,3.8,1.0,24.0,14.0,40.0,0.0,1.0,1.7,2.9,58.3,45.83,11.0,1.0,9.1,5.0,2.0,40.0,2.0,1.0,0.0,0.0,3.0,20.0,2.0,1.0,2.0,14.0,4.0,5.0,3.0,141.0,47.0,2.0,2.0,0.0,,,,,,34.0,18.0,,19.0,9.0,8.0,2.0,66.0,288.0,4.4,3.0,36.0,163.0,4.5,2.0,27.0,18.0,125.0,1.0,1.0,4.6,6.9,66.7,73.84,16.0,9.0,56.2,1.0,0.0,0.0,6.0,3.0,0.0,0.0,4.0,40.0,3.0,1.0,3.0,22.0,4.0,5.0,2.0,88.0,44.0,2.0,2.0,0.0,50.0,0.0,50.0,0.0,1.0,1.0,0.0,0.0,0.0,0.0,0.0,1.0,1.0,3.0,3.0,0.0,0.0,0.0,0.0,0.0,2.0,2.0,32.0,39.0,3.0,22.0,4.0,1.0,1.0,26.0,24.0,2.0,14.0,3.0,2.0,1.0,Saturday,,5,33,19294.0,-2.0,0,0.0,0.091,0.0,2025_18_CAR_TB,-0.3901482346568335,0.4307692307692308,-0.5353198290995351,-0.3652989196684723,-0.0325287381126854,0.475,-0.2706127529553105,0.1442857834421481,16.7,22.3,-5.7,231.66666666666663,307.0,0.0,0.364,0.4,297.0,364.0,8.0,-0.0523962547429766,0.4515607580824972,-0.0396215405872579,-0.1558296745458711,0.0596621023643482,0.473881239242685,0.0609449752033775,-0.0207652722050125,-0.0374446303677863,0.0726157885095639,3.4000000000000004,-8.0,-0.2,0.6000000000000001,106.33333333333337,569.6666666666666,42.666666666666686,656.6666666666667,67.0,661.0,33.0,761.0,-1.0,15.0,0.14428684381246382,0.057337896903499705
202511831.0,2026-01-03T20:00:00,1,2025,18,SF,SEA,HOME,3.0,13.0,16.0,Levi's Stadium,,,,,,33.0,33.0,,32.0,13.0,17.0,2.0,68.0,496.0,7.3,6.0,34.0,200.0,5.9,3.0,33.0,24.0,296.0,3.0,1.0,9.0,12.3,72.7,117.74,10.0,7.0,70.0,1.0,1.0,100.0,5.0,5.0,0.0,0.0,5.0,55.0,0.0,0.0,1.0,7.0,3.0,4.0,2.0,81.0,40.5,1.0,0.0,-1.0,,,,,,26.0,27.0,,26.0,7.0,16.0,3.0,64.0,440.0,6.9,5.0,22.0,110.0,5.0,2.0,42.0,25.0,330.0,2.0,0.0,7.9,13.2,59.5,100.3,12.0,6.0,50.0,2.0,2.0,100.0,3.0,1.0,0.0,0.0,7.0,39.0,0.0,0.0,0.0,0.0,1.0,3.0,3.0,176.0,58.7,0.0,1.0,1.0,100.0,0.0,33.3,0.0,6.0,6.0,0.0,0.0,0.0,0.0,0.0,0.0,0.0,5.0,5.0,0.0,0.0,0.0,0.0,0.0,1.0,1.0,32.0,21.0,0.0,0.0,5.0,0.0,0.0,37.0,33.0,1.0,7.0,6.0,0.0,0.0,Saturday,,31,30,19288.0,-10.0,0,-1.0,0.7,0.0,2025_18_SEA_SF,0.2614771997875935,0.5681818181818182,0.4123734271099859,0.1350024677662839,0.260272471540344,0.5119047619047619,0.3957507136138503,0.1645044979614842,42.3,29.7,12.7,455.3333333333333,352.6666666666667,-0.333,0.645,1.0,434.0,358.0,12.0,0.2727477785888095,0.571215374355471,0.4940514675955265,0.0824664812578452,0.1126718995624934,0.5298740510697032,0.1555617270415122,0.1309694228383169,0.1745054507963192,-0.0248830793552016,202511831.0,2026-01-03T20:00:00,1,2025,18,SEA,SF,AWAY,13.0,3.0,16.0,Levi's Stadium,,,,,,34.0,18.0,,19.0,9.0,8.0,2.0,66.0,288.0,4.4,3.0,36.0,163.0,4.5,2.0,27.0,18.0,125.0,1.0,1.0,4.6,6.9,66.7,73.84,16.0,9.0,56.2,1.0,0.0,0.0,6.0,3.0,0.0,0.0,4.0,40.0,3.0,1.0,3.0,22.0,4.0,5.0,2.0,88.0,44.0,2.0,2.0,0.0,,,,,,25.0,42.0,,10.0,6.0,3.0,1.0,52.0,139.0,2.7,1.0,26.0,99.0,3.8,1.0,24.0,14.0,40.0,0.0,1.0,1.7,2.9,58.3,45.83,11.0,1.0,9.1,5.0,2.0,40.0,2.0,1.0,0.0,0.0,3.0,20.0,2.0,1.0,2.0,14.0,4.0,5.0,3.0,141.0,47.0,2.0,2.0,0.0,50.0,0.0,50.0,0.0,3.0,3.0,0.0,0.0,0.0,0.0,0.0,2.0,2.0,1.0,1.0,0.0,0.0,0.0,0.0,0.0,1.0,1.0,26.0,24.0,2.0,14.0,3.0,2.0,1.0,32.0,39.0,3.0,22.0,4.0,1.0,1.0,Saturday,,30,31,19294.0,10.0,1,0.0,0.562,0.0,2025_18_SEA_SF,-0.0325287381126854,0.475,-0.2706127529553105,0.1442857834421481,-0.3901482346568335,0.4307692307692308,-0.5353198290995351,-0.3652989196684723,27.7,21.0,6.7,339.0,313.3333333333333,-0.667,0.36,1.0,470.0,289.0,13.0,0.027013568616256,0.5118856633562516,-0.1038118183232317,0.0512285921292122,-0.0886330573488241,0.4361724662191018,-0.028559770323366,-0.2016909623057224,0.0545477758854235,-0.1989135673748387,5.999999999999999,19.4,0.0,2.0,116.33333333333331,794.3333333333333,39.33333333333337,666.0,-36.0,904.0,69.0,647.0,-1.0,25.0,0.2457342099725535,0.2013049569113175
202511813.0,2026-01-04T13:00:00,1,2025,18,HOU,IND,HOME,38.0,30.0,68.0,NRG Stadium,,,,,,30.0,21.0,,16.0,5.0,8.0,3.0,62.0,362.0,5.8,2.0,34.0,118.0,3.5,0.0,28.0,16.0,244.0,2.0,2.0,8.7,15.2,57.1,80.06,11.0,3.0,27.3,0.0,0.0,0.0,0.0,0.0,0.0,0.0,8.0,70.0,1.0,0.0,0.0,0.0,8.0,8.0,5.0,252.0,50.4,2.0,1.0,-1.0,,,,,,29.0,39.0,,16.0,2.0,11.0,3.0,59.0,275.0,4.7,2.0,22.0,74.0,3.4,1.0,32.0,21.0,201.0,1.0,1.0,6.3,9.6,65.6,80.34,15.0,6.0,40.0,0.0,0.0,0.0,5.0,2.0,0.0,0.0,3.0,25.0,2.0,0.0,5.0,35.0,1.0,5.0,7.0,273.0,39.0,1.0,2.0,1.0,0.0,0.0,40.0,0.0,2.0,2.0,0.0,0.0,0.0,0.0,0.0,2.0,2.0,2.0,1.0,0.0,0.0,0.0,0.0,0.0,2.0,1.0,32.0,28.0,5.0,35.0,5.0,1.0,0.0,30.0,31.0,0.0,0.0,5.0,1.0,0.0,Sunday,,13,14,19293.0,8.0,1,-1.0,0.273,0.0,2025_18_IND_HOU,-0.0661555497040768,0.425,-0.0350557465820521,-0.1214511278485588,-0.1695516311328746,0.379746835443038,-0.0532304478785259,-0.3827534620376194,27.7,19.0,8.7,343.6666666666667,299.0,0.667,0.426,1.0,366.0,265.0,11.0,0.0506978618287451,0.468726789119743,0.1912070747355244,-0.2173532415301847,-0.0909436375790339,0.4289691097567328,0.0092432821055371,-0.1284159848555941,0.020880633431982,-0.1159085880239067,202511813.0,2026-01-04T13:00:00,1,2025,18,IND,HOU,AWAY,30.0,38.0,68.0,NRG Stadium,,,,,,27.0,41.0,,16.0,5.0,9.0,2.0,55.0,204.0,3.7,2.0,22.0,69.0,3.1,1.0,31.0,17.0,135.0,1.0,2.0,4.4,7.9,54.8,49.8,11.0,4.0,36.4,1.0,0.0,0.0,3.0,2.0,0.0,0.0,5.0,45.0,0.0,0.0,2.0,12.0,7.0,6.0,4.0,192.0,48.0,2.0,2.0,0.0,,,,,,32.0,19.0,,21.0,9.0,12.0,0.0,68.0,370.0,5.4,2.0,29.0,121.0,4.2,2.0,37.0,23.0,249.0,0.0,1.0,6.7,10.8,62.2,70.66,14.0,7.0,50.0,2.0,1.0,50.0,5.0,2.0,0.0,0.0,6.0,55.0,1.0,1.0,2.0,14.0,5.0,4.0,2.0,127.0,63.5,2.0,2.0,0.0,66.7,0.0,40.0,0.0,2.0,2.0,0.0,0.0,0.0,0.0,0.0,1.0,1.0,2.0,2.0,0.0,0.0,0.0,0.0,0.0,3.0,3.0,38.0,24.0,2.0,14.0,7.0,0.0,1.0,25.0,26.0,2.0,12.0,8.0,0.0,0.0,Sunday,,14,13,19283.0,-8.0,0,0.0,0.364,0.0,2025_18_IND_HOU,-0.081593935033143,0.4,-0.2707550355817454,-0.0120837325918149,0.0404425940020709,0.4878048780487805,0.0852797777285461,-0.151734137806011,20.0,29.7,-9.7,245.33333333333337,374.6666666666667,-0.667,0.416,0.0,436.0,374.0,8.0,-0.0336284720381144,0.447626582278481,-0.093361830589247,-0.0595851811403402,0.1318239087161961,0.5291774370365157,0.245932805070216,-0.0996047547245229,-0.049959312491417,0.103347581779069,18.4,-1.0,1.0,1.0,98.33333333333331,589.0,-75.66666666666669,673.6666666666667,-70.0,802.0,-109.0,639.0,3.0,19.0,0.0843263338668595,-0.22276754629523
202511823.0,2026-01-04T13:00:00,1,2025,18,NYG,DAL,HOME,34.0,17.0,51.0,MetLife Stadium,,,,,,30.0,48.0,,22.0,11.0,9.0,2.0,63.0,343.0,5.4,4.0,31.0,155.0,5.0,3.0,30.0,22.0,188.0,0.0,0.0,6.3,8.5,73.3,89.31,13.0,6.0,46.2,1.0,1.0,100.0,5.0,3.0,0.0,0.0,8.0,58.0,0.0,0.0,2.0,19.0,9.0,9.0,2.0,88.0,44.0,0.0,2.0,2.0,,,,,,29.0,12.0,,14.0,5.0,8.0,1.0,54.0,231.0,4.3,1.0,20.0,63.0,3.2,0.0,30.0,22.0,168.0,1.0,2.0,5.6,7.6,73.3,69.86,13.0,3.0,23.1,5.0,4.0,80.0,2.0,1.0,0.0,0.0,5.0,41.0,0.0,0.0,4.0,24.0,7.0,4.0,3.0,171.0,57.0,2.0,0.0,-2.0,60.0,0.0,50.0,0.0,4.0,4.0,0.0,0.0,0.0,0.0,0.0,2.0,2.0,1.0,1.0,0.0,0.0,0.0,0.0,0.0,1.0,1.0,34.0,24.0,4.0,24.0,5.0,0.0,0.0,37.0,24.0,2.0,19.0,4.0,0.0,0.0,Sunday,,23,9,19292.0,17.0,1,2.0,0.462,0.0,2025_18_DAL_NYG,0.2654593466619008,0.5,0.2172554370578829,0.260871961703524,-0.1149981568945134,0.410958904109589,-0.211695035489291,-0.2561038677871693,22.7,18.3,4.3,289.3333333333333,270.3333333333333,1.333,0.276,0.2,347.0,422.0,3.0,-0.0151124356148308,0.4418901660280971,-0.0239886836367981,-0.00231058569271,-0.0750140780487914,0.4571412057106525,-0.1074267506026407,-0.1034073478495558,-0.0285181203180431,-6.404158190972675e-05,202511823.0,2026-01-04T13:00:00,1,2025,18,DAL,NYG,AWAY,17.0,34.0,51.0,MetLife Stadium,,,,,,38.0,44.0,,28.0,10.0,13.0,5.0,87.0,480.0,5.5,3.0,44.0,211.0,4.8,1.0,37.0,19.0,269.0,2.0,0.0,7.3,14.2,51.4,93.19,20.0,8.0,40.0,6.0,6.0,100.0,2.0,2.0,0.0,0.0,11.0,89.0,0.0,0.0,6.0,38.0,6.0,6.0,1.0,53.0,53.0,0.0,0.0,0.0,,,,,,21.0,16.0,,17.0,4.0,10.0,3.0,41.0,328.0,8.0,2.0,16.0,138.0,8.6,2.0,23.0,15.0,190.0,0.0,0.0,8.3,12.7,65.2,90.85,6.0,1.0,16.7,0.0,0.0,0.0,3.0,1.0,0.0,0.0,10.0,71.0,0.0,0.0,2.0,8.0,11.0,4.0,3.0,130.0,43.3,0.0,0.0,0.0,100.0,0.0,33.3,0.0,3.0,3.0,0.0,0.0,0.0,0.0,0.0,4.0,3.0,2.0,2.0,0.0,0.0,0.0,0.0,0.0,3.0,3.0,20.0,23.0,2.0,8.0,3.0,0.0,0.0,41.0,48.0,6.0,38.0,8.0,0.0,0.0,Sunday,,9,23,19052.0,-17.0,0,0.0,0.4,0.0,2025_18_DAL_NYG,0.1893812519429355,0.4954954954954955,0.3143432908905283,0.1150673059289768,0.1973460400115773,0.5161290322580645,0.2082075582078133,0.2719894126021245,24.3,30.3,-6.0,414.3333333333333,369.0,0.0,0.337,0.4,454.0,477.0,7.0,0.0732072491887265,0.4827781077781078,0.1649959839832945,0.0177470437603213,0.2293898209701023,0.5415179802276576,0.4861378047744261,0.0764640023094434,0.0991965245745449,0.215216280980358,10.3,-1.7000000000000002,-0.2,0.6000000000000001,-125.0,703.6666666666666,-98.66666666666669,639.3333333333333,-107.0,801.0,-55.0,899.0,-4.0,10.0,-0.0883196848035573,-0.3044038990188937
202511807.0,2026-01-04T13:00:00,1,2025,18,CIN,CLE,HOME,18.0,20.0,38.0,Paycor Stadium,,,,,,40.0,56.0,,29.0,10.0,17.0,2.0,74.0,429.0,5.8,5.0,35.0,120.0,3.4,3.0,36.0,27.0,309.0,2.0,0.0,8.6,11.4,75.0,118.87,15.0,10.0,66.7,1.0,1.0,100.0,5.0,5.0,0.0,0.0,5.0,38.0,0.0,0.0,3.0,20.0,8.0,4.0,2.0,85.0,42.5,0.0,0.0,0.0,,,,,,19.0,4.0,,12.0,3.0,9.0,0.0,54.0,233.0,4.3,2.0,13.0,42.0,3.2,0.0,37.0,21.0,191.0,2.0,0.0,5.2,9.1,56.8,88.91,13.0,3.0,23.1,4.0,3.0,75.0,2.0,1.0,0.0,0.0,6.0,51.0,0.0,0.0,4.0,21.0,5.0,3.0,6.0,326.0,54.3,0.0,0.0,0.0,100.0,0.0,50.0,0.0,5.0,4.0,0.0,0.0,0.0,0.0,0.0,1.0,1.0,2.0,2.0,0.0,0.0,0.0,0.0,0.0,0.0,0.0,24.0,20.0,4.0,21.0,6.0,0.0,0.0,35.0,40.0,3.0,20.0,4.0,0.0,0.0,Sunday,,7,8,19290.0,-2.0,0,0.0,0.667,0.0,2025_18_CLE_CIN,0.2964715888075658,0.5111111111111111,0.4880880140198941,0.1042016442244251,0.0138985754051421,0.4459459459459459,0.0089017083413306,-0.1296808767275741,27.3,19.7,7.7,378.0,313.0,0.667,0.456,0.6,396.0,472.0,6.0,0.1267018934885977,0.4977111943404078,0.2276121431626842,-0.0112286375866212,0.0268812126494916,0.4541361769933198,0.0232067467505956,0.01023506392505,0.1230842961814185,0.0123230354927575,202511807.0,2026-01-04T13:00:00,1,2025,18,CLE,CIN,AWAY,20.0,18.0,38.0,Paycor Stadium,,,,,,29.0,21.0,,11.0,1.0,9.0,1.0,50.0,262.0,5.2,1.0,25.0,78.0,3.1,0.0,23.0,17.0,184.0,1.0,2.0,8.0,10.8,73.9,75.27,11.0,4.0,36.4,1.0,0.0,0.0,1.0,0.0,0.0,0.0,6.0,45.0,0.0,0.0,2.0,2.0,5.0,7.0,4.0,228.0,57.0,2.0,0.0,-2.0,,,,,,30.0,39.0,,15.0,5.0,9.0,1.0,65.0,291.0,4.5,0.0,24.0,131.0,5.5,0.0,39.0,21.0,160.0,0.0,0.0,4.1,7.6,53.8,64.05,15.0,3.0,20.0,3.0,0.0,0.0,2.0,0.0,0.0,0.0,4.0,34.0,3.0,0.0,2.0,8.0,4.0,5.0,5.0,203.0,40.6,0.0,2.0,2.0,0.0,0.0,0.0,0.0,1.0,1.0,0.0,0.0,0.0,0.0,0.0,2.0,2.0,0.0,0.0,0.0,0.0,0.0,0.0,0.0,3.0,2.0,36.0,26.0,2.0,8.0,4.0,3.0,0.0,29.0,27.0,2.0,2.0,4.0,0.0,0.0,Sunday,,8,7,19282.0,2.0,1,-2.0,0.364,0.0,2025_18_CLE_CIN,-0.1483655576796453,0.390625,-0.1008804771367613,-0.3455589615133684,-0.2098110150858169,0.4268292682926829,-0.3357612675198054,-0.0131180398191487,12.0,20.0,-8.0,249.33333333333337,303.6666666666667,-2.333,0.407,0.2,259.0,361.0,4.0,-0.196639499776139,0.3799890350877192,-0.2951029890393404,-0.1916853111597895,-0.0615997427491341,0.474108818011257,-0.1719160743307355,0.1154448770639577,-0.1859867651534822,-0.0314338913979753,15.7,-0.2999999999999998,0.39999999999999997,0.8,128.66666666666663,627.3333333333334,9.333333333333314,616.6666666666667,137.0,655.0,111.0,833.0,2.0,10.0,0.3233413932647367,0.0884809553986257
202511820.0,2026-01-04T13:00:00,1,2025,18,MIN,GB,HOME,16.0,3.0,19.0,U.S. Bank Stadium,,,,,,27.0,30.0,,11.0,6.0,2.0,3.0,51.0,161.0,3.2,2.0,28.0,158.0,5.6,2.0,16.0,9.0,3.0,0.0,0.0,0.2,0.3,56.2,61.46,13.0,3.0,23.1,0.0,0.0,0.0,1.0,1.0,0.0,0.0,3.0,20.0,1.0,0.0,7.0,48.0,8.0,8.0,7.0,358.0,51.1,0.0,6.0,6.0,,,,,,32.0,30.0,,16.0,4.0,12.0,0.0,64.0,231.0,3.6,1.0,30.0,68.0,2.3,0.0,29.0,18.0,163.0,1.0,2.0,5.6,9.1,62.1,59.99,14.0,5.0,35.7,2.0,2.0,100.0,1.0,1.0,0.0,0.0,5.0,25.0,4.0,4.0,5.0,34.0,8.0,6.0,3.0,159.0,53.0,6.0,0.0,-6.0,100.0,0.0,100.0,0.0,2.0,2.0,0.0,0.0,0.0,0.0,0.0,3.0,3.0,1.0,1.0,0.0,0.0,0.0,0.0,0.0,1.0,1.0,34.0,35.0,5.0,34.0,5.0,2.0,4.0,25.0,32.0,7.0,48.0,2.0,0.0,0.0,Sunday,,20,12,19053.0,13.0,1,6.0,0.231,0.0,2025_18_GB_MIN,-0.1633330034689984,0.3380281690140845,-0.5446070903001486,0.0620338253294574,-0.3462625633058465,0.3670886075949367,-0.233603494016384,-0.724514402965239,24.3,16.3,8.0,242.66666666666663,265.0,1.333,0.345,0.8,328.0,330.0,8.0,-0.0140401150224935,0.4582076936504873,-0.088376928409672,0.0124725866690348,-0.1624234628361972,0.4168276636631067,-0.2198909453728091,-0.1978023754479843,-0.065865830431294,-0.1709025374732158,202511820.0,2026-01-04T13:00:00,1,2025,18,GB,MIN,AWAY,3.0,16.0,19.0,U.S. Bank Stadium,,,,,,19.0,44.0,,18.0,4.0,12.0,2.0,44.0,363.0,8.2,3.0,17.0,79.0,4.6,2.0,25.0,19.0,284.0,1.0,1.0,11.4,14.9,76.0,109.42,6.0,3.0,50.0,2.0,0.0,0.0,2.0,1.0,0.0,0.0,5.0,38.0,1.0,1.0,2.0,12.0,4.0,2.0,0.0,0.0,0.0,2.0,0.0,-2.0,,,,,,40.0,16.0,,30.0,22.0,6.0,2.0,74.0,414.0,5.6,5.0,53.0,307.0,5.8,4.0,20.0,16.0,107.0,1.0,0.0,5.4,6.7,80.0,105.62,14.0,10.0,71.4,0.0,0.0,0.0,6.0,4.0,0.0,0.0,6.0,45.0,0.0,0.0,1.0,0.0,4.0,1.0,1.0,42.0,42.0,0.0,2.0,2.0,50.0,0.0,66.7,0.0,3.0,3.0,0.0,0.0,0.0,0.0,0.0,1.0,1.0,5.0,5.0,0.0,0.0,0.0,0.0,0.0,2.0,2.0,44.0,40.0,1.0,0.0,2.0,0.0,0.0,20.0,26.0,2.0,12.0,1.0,0.0,1.0,Sunday,,12,20,19291.0,-13.0,0,-2.0,0.5,0.0,2025_18_GB_MIN,0.0893248359025431,0.55,0.4268006199588175,-0.8389068539571863,0.28778417598536,0.5913978494623656,0.4098711689452872,0.3037211473537015,22.0,32.3,-10.3,369.6666666666667,401.6666666666667,-1.333,0.487,0.4,388.0,344.0,9.0,0.0738100604843207,0.5007936507936507,0.3359410705171157,-0.4218975624287014,0.192072792768381,0.5383964058220087,0.3929824573485447,-0.048049588167352,0.132375863680965,0.1519616917087745,18.3,-2.3000000000000007,0.4,1.2000000000000002,-127.00000000000006,612.3333333333333,-136.66666666666669,666.6666666666667,-60.0,716.0,-14.0,674.0,-1.0,17.0,-0.0878501755068142,-0.3544962556045782
202511815.0,2026-01-04T13:00:00,1,2025,18,JAX,TEN,HOME,41.0,7.0,48.0,TIAA Bank Stadium,,,,,,32.0,19.0,,21.0,9.0,12.0,0.0,68.0,370.0,5.4,2.0,29.0,121.0,4.2,2.0,37.0,23.0,249.0,0.0,1.0,6.7,10.8,62.2,70.66,14.0,7.0,50.0,2.0,1.0,50.0,5.0,2.0,0.0,0.0,6.0,55.0,1.0,1.0,2.0,14.0,5.0,4.0,2.0,127.0,63.5,2.0,2.0,0.0,,,,,,27.0,41.0,,16.0,5.0,9.0,2.0,55.0,204.0,3.7,2.0,22.0,69.0,3.1,1.0,31.0,17.0,135.0,1.0,2.0,4.4,7.9,54.8,49.8,11.0,4.0,36.4,1.0,0.0,0.0,3.0,2.0,0.0,0.0,5.0,45.0,0.0,0.0,2.0,12.0,7.0,6.0,4.0,192.0,48.0,2.0,2.0,0.0,40.0,0.0,66.7,0.0,2.0,2.0,0.0,0.0,0.0,0.0,0.0,3.0,3.0,2.0,2.0,0.0,0.0,0.0,0.0,0.0,1.0,1.0,25.0,26.0,2.0,12.0,8.0,0.0,0.0,38.0,24.0,2.0,14.0,7.0,0.0,1.0,Sunday,,15,34,19283.0,34.0,1,0.0,0.5,0.0,2025_18_TEN_JAX,0.0404425940020709,0.4878048780487805,0.0852797777285461,-0.151734137806011,-0.081593935033143,0.4,-0.2707550355817454,-0.0120837325918149,35.0,19.0,16.0,384.6666666666667,311.0,1.333,0.493,1.0,433.0,329.0,12.0,0.1773966142084213,0.5164861933839736,0.3824357977975576,-0.2983544481206006,-0.0567837189474077,0.4487344727748202,-0.1486212092419693,-0.0836771876894498,0.1161299392213651,-0.1349114948805165,202511815.0,2026-01-04T13:00:00,1,2025,18,TEN,JAX,AWAY,7.0,41.0,48.0,TIAA Bank Stadium,,,,,,31.0,41.0,,18.0,5.0,12.0,1.0,72.0,336.0,4.7,2.0,28.0,108.0,3.9,0.0,40.0,21.0,228.0,2.0,0.0,5.7,10.9,52.5,86.25,15.0,5.0,33.3,3.0,2.0,66.7,2.0,1.0,0.0,0.0,4.0,35.0,2.0,1.0,4.0,23.0,6.0,4.0,3.0,151.0,50.3,1.0,1.0,0.0,,,,,,28.0,19.0,,16.0,5.0,11.0,0.0,52.0,423.0,8.1,4.0,23.0,103.0,4.5,1.0,27.0,22.0,320.0,2.0,0.0,11.9,14.5,81.5,140.74,11.0,5.0,45.5,0.0,0.0,0.0,2.0,2.0,0.0,0.0,6.0,84.0,2.0,1.0,2.0,13.0,8.0,6.0,3.0,96.0,32.0,1.0,1.0,0.0,50.0,0.0,100.0,0.0,2.0,2.0,0.0,0.0,0.0,0.0,0.0,4.0,4.0,4.0,4.0,0.0,0.0,0.0,0.0,0.0,3.0,2.0,35.0,19.0,2.0,13.0,1.0,2.0,1.0,37.0,29.0,4.0,23.0,7.0,2.0,1.0,Sunday,,34,15,19286.0,-34.0,0,0.0,0.333,0.0,2025_18_TEN_JAX,-0.0362814660262206,0.3870967741935484,-0.0935462667984335,-0.2008598523928042,0.0995951442256358,0.4520547945205479,0.2797714795010909,0.0660956601495854,25.3,26.7,-1.3,339.3333333333333,328.6666666666667,0.333,0.399,0.4,277.0,437.0,3.0,0.0465338311018819,0.4709961076004223,0.0787884570961564,-0.018753046167359,0.0503971786524997,0.4734190868172538,0.1505332244547441,-0.0242234737212342,-0.0589242699273203,0.0071531635362387,17.3,14.7,0.6,1.4,45.33333333333337,724.0,-17.666666666666686,639.6666666666667,156.0,710.0,-108.0,766.0,9.0,15.0,0.13086278310653937,-0.1071808975999074
202511802.0,2026-01-04T13:00:00,1,2025,18,ATL,NO,HOME,19.0,17.0,36.0,Mercedes-Benz Stadium,,,,,,29.0,45.0,,15.0,5.0,9.0,1.0,53.0,345.0,6.5,3.0,33.0,219.0,6.6,1.0,20.0,13.0,126.0,1.0,0.0,6.3,9.7,65.0,99.17,13.0,5.0,38.5,0.0,0.0,0.0,2.0,1.0,0.0,0.0,7.0,42.0,0.0,0.0,0.0,0.0,5.0,4.0,5.0,246.0,49.2,0.0,3.0,3.0,,,,,,30.0,15.0,,16.0,5.0,10.0,1.0,61.0,363.0,6.0,3.0,20.0,115.0,5.8,0.0,38.0,22.0,248.0,2.0,3.0,6.5,11.3,57.9,62.17,13.0,5.0,38.5,4.0,1.0,25.0,3.0,1.0,0.0,0.0,4.0,35.0,0.0,0.0,3.0,21.0,7.0,3.0,2.0,90.0,45.0,3.0,0.0,-3.0,50.0,0.0,33.3,0.0,3.0,3.0,0.0,0.0,0.0,0.0,0.0,3.0,2.0,3.0,3.0,0.0,0.0,0.0,0.0,0.0,1.0,1.0,33.0,20.0,3.0,21.0,8.0,0.0,0.0,23.0,44.0,0.0,0.0,1.0,0.0,0.0,Sunday,,2,22,19289.0,2.0,1,3.0,0.385,0.0,2025_18_NO_ATL,-0.0352301983389258,0.4533333333333333,0.2461747934659826,0.0365341218841115,-0.0535752319599163,0.4675324675324675,-0.0876230973846128,-0.1309962076678251,27.3,23.7,3.7,387.6666666666667,340.3333333333333,0.667,0.446,0.6,334.0,384.0,7.0,0.0764326491594196,0.4713358302122346,0.2575373049576754,-0.0211404401257701,0.0357494715217945,0.4912680431742984,0.0321016723956186,-0.0074754471541585,0.0230428893463625,0.0916376868015545,202511802.0,2026-01-04T13:00:00,1,2025,18,NO,ATL,AWAY,17.0,19.0,36.0,Mercedes-Benz Stadium,,,,,,28.0,19.0,,16.0,5.0,11.0,0.0,52.0,423.0,8.1,4.0,23.0,103.0,4.5,1.0,27.0,22.0,320.0,2.0,0.0,11.9,14.5,81.5,140.74,11.0,5.0,45.5,0.0,0.0,0.0,2.0,2.0,0.0,0.0,6.0,84.0,2.0,1.0,2.0,13.0,8.0,6.0,3.0,96.0,32.0,1.0,1.0,0.0,,,,,,31.0,41.0,,18.0,5.0,12.0,1.0,72.0,336.0,4.7,2.0,28.0,108.0,3.9,0.0,40.0,21.0,228.0,2.0,0.0,5.7,10.9,52.5,86.25,15.0,5.0,33.3,3.0,2.0,66.7,2.0,1.0,0.0,0.0,4.0,35.0,2.0,1.0,4.0,23.0,6.0,4.0,3.0,151.0,50.3,1.0,1.0,0.0,100.0,0.0,50.0,0.0,4.0,4.0,0.0,0.0,0.0,0.0,0.0,3.0,2.0,2.0,2.0,0.0,0.0,0.0,0.0,0.0,4.0,4.0,37.0,29.0,4.0,23.0,7.0,2.0,1.0,35.0,19.0,2.0,13.0,1.0,2.0,1.0,Sunday,,22,2,19286.0,-2.0,0,0.0,0.455,0.0,2025_18_NO_ATL,0.0995951442256358,0.4520547945205479,0.2797714795010909,0.0660956601495854,-0.0362814660262206,0.3870967741935484,-0.0935462667984335,-0.2008598523928042,27.7,16.3,11.3,390.6666666666667,270.6666666666667,0.667,0.49,0.8,289.0,364.0,6.0,0.0746915602258114,0.4719264191967393,0.2311422374755848,-0.1681278187332782,-0.082300507089012,0.3843870104072203,-0.1011444115360569,-0.1849497769581054,0.0153493472812348,-0.0849292749484707,-7.6000000000000005,15.0,-0.20000000000000007,1.4,-3.0,778.3333333333334,69.66666666666663,611.0,45.0,623.0,20.0,748.0,1.0,13.0,0.0017410889336081925,0.1180499786108065
202511832.0,2026-01-04T16:25:00,1,2025,18,LAR,ARI,HOME,37.0,20.0,57.0,SoFi Stadium,,,,,,30.0,15.0,,16.0,5.0,10.0,1.0,61.0,363.0,6.0,3.0,20.0,115.0,5.8,0.0,38.0,22.0,248.0,2.0,3.0,6.5,11.3,57.9,62.17,13.0,5.0,38.5,4.0,1.0,25.0,3.0,1.0,0.0,0.0,4.0,35.0,0.0,0.0,3.0,21.0,7.0,3.0,2.0,90.0,45.0,3.0,0.0,-3.0,,,,,,29.0,45.0,,15.0,5.0,9.0,1.0,53.0,345.0,6.5,3.0,33.0,219.0,6.6,1.0,20.0,13.0,126.0,1.0,0.0,6.3,9.7,65.0,99.17,13.0,5.0,38.5,0.0,0.0,0.0,2.0,1.0,0.0,0.0,7.0,42.0,0.0,0.0,0.0,0.0,5.0,4.0,5.0,246.0,49.2,0.0,3.0,3.0,33.3,0.0,50.0,0.0,3.0,3.0,0.0,0.0,0.0,0.0,0.0,1.0,1.0,3.0,3.0,0.0,0.0,0.0,0.0,0.0,3.0,2.0,23.0,44.0,0.0,0.0,1.0,0.0,0.0,33.0,20.0,3.0,21.0,8.0,0.0,0.0,Sunday,,32,1,19289.0,17.0,1,-3.0,0.385,0.0,2025_18_ARI_LA,-0.0535752319599163,0.4675324675324675,-0.0876230973846128,-0.1309962076678251,-0.0352301983389258,0.4533333333333333,0.2461747934659826,0.0365341218841115,34.0,33.0,1.0,487.6666666666667,385.3333333333333,-0.333,0.336,0.4,481.0,326.0,11.0,0.0708280225225344,0.5160780739728108,0.1920794213018016,-0.0240061047239418,0.0520559815161434,0.47206551696984,0.1663461105600094,0.0557346088848348,0.1436461282865464,0.0511331851560795,202511832.0,2026-01-04T16:25:00,1,2025,18,ARI,LAR,AWAY,20.0,37.0,57.0,SoFi Stadium,,,,,,19.0,4.0,,12.0,3.0,9.0,0.0,54.0,233.0,4.3,2.0,13.0,42.0,3.2,0.0,37.0,21.0,191.0,2.0,0.0,5.2,9.1,56.8,88.91,13.0,3.0,23.1,4.0,3.0,75.0,2.0,1.0,0.0,0.0,6.0,51.0,0.0,0.0,4.0,21.0,5.0,3.0,6.0,326.0,54.3,0.0,0.0,0.0,,,,,,40.0,56.0,,29.0,10.0,17.0,2.0,74.0,429.0,5.8,5.0,35.0,120.0,3.4,3.0,36.0,27.0,309.0,2.0,0.0,8.6,11.4,75.0,118.87,15.0,10.0,66.7,1.0,1.0,100.0,5.0,5.0,0.0,0.0,5.0,38.0,0.0,0.0,3.0,20.0,8.0,4.0,2.0,85.0,42.5,0.0,0.0,0.0,50.0,0.0,100.0,0.0,2.0,2.0,0.0,0.0,0.0,0.0,0.0,0.0,0.0,5.0,4.0,0.0,0.0,0.0,0.0,0.0,1.0,1.0,35.0,40.0,3.0,20.0,4.0,0.0,0.0,24.0,20.0,4.0,21.0,6.0,0.0,0.0,Sunday,,1,32,19290.0,-17.0,0,0.0,0.231,0.0,2025_18_ARI_LA,0.0138985754051421,0.4459459459459459,0.0089017083413306,-0.1296808767275741,0.2964715888075658,0.5111111111111111,0.4880880140198941,0.1042016442244251,17.7,34.3,-16.7,286.6666666666667,390.0,-0.333,0.395,0.0,335.0,451.0,3.0,-0.0090298004805284,0.4639426336534402,-0.0075157111804664,0.0355136088785233,0.215287126943567,0.498725170772307,0.4073079307941065,-0.0249344069892687,-0.0316102006794535,0.1934034419991096,17.7,-15.7,0.4,0.4,201.0,774.3333333333334,-4.666666666666686,775.3333333333333,146.0,816.0,-125.0,777.0,8.0,14.0,0.0798578230030628,-0.1632311454274236
202511806.0,2026-01-04T16:25:00,1,2025,18,CHI,DET,HOME,16.0,19.0,35.0,Soldier Field,,,,,,26.0,27.0,,26.0,7.0,16.0,3.0,64.0,440.0,6.9,5.0,22.0,110.0,5.0,2.0,42.0,25.0,330.0,2.0,0.0,7.9,13.2,59.5,100.3,12.0,6.0,50.0,2.0,2.0,100.0,3.0,1.0,0.0,0.0,7.0,39.0,0.0,0.0,0.0,0.0,1.0,3.0,3.0,176.0,58.7,0.0,1.0,1.0,,,,,,33.0,33.0,,32.0,13.0,17.0,2.0,68.0,496.0,7.3,6.0,34.0,200.0,5.9,3.0,33.0,24.0,296.0,3.0,1.0,9.0,12.3,72.7,117.74,10.0,7.0,70.0,1.0,1.0,100.0,5.0,5.0,0.0,0.0,5.0,55.0,0.0,0.0,1.0,7.0,3.0,4.0,2.0,81.0,40.5,1.0,0.0,-1.0,33.3,0.0,100.0,0.0,5.0,5.0,0.0,0.0,0.0,0.0,0.0,1.0,1.0,6.0,6.0,0.0,0.0,0.0,0.0,0.0,0.0,0.0,37.0,33.0,1.0,7.0,6.0,0.0,0.0,32.0,21.0,0.0,0.0,5.0,0.0,0.0,Sunday,,6,11,19288.0,-3.0,0,1.0,0.5,0.0,2025_18_DET_CHI,0.260272471540344,0.5119047619047619,0.3957507136138503,0.1645044979614842,0.2614771997875935,0.5681818181818182,0.4123734271099859,0.1350024677662839,30.3,20.3,10.0,400.3333333333333,357.3333333333333,1.667,0.355,0.6,425.0,396.0,11.0,0.1459041698022668,0.4977935086764971,0.2654795224113256,-0.009573428677401,-0.0109718551713011,0.4389762284499126,0.1109460128493872,-0.1303322738707016,0.1193107667225011,0.0161549213469979,202511806.0,2026-01-04T16:25:00,1,2025,18,DET,CHI,AWAY,19.0,16.0,35.0,Soldier Field,,,,,,32.0,30.0,,16.0,4.0,12.0,0.0,64.0,231.0,3.6,1.0,30.0,68.0,2.3,0.0,29.0,18.0,163.0,1.0,2.0,5.6,9.1,62.1,59.99,14.0,5.0,35.7,2.0,2.0,100.0,1.0,1.0,0.0,0.0,5.0,25.0,4.0,4.0,5.0,34.0,8.0,6.0,3.0,159.0,53.0,6.0,0.0,-6.0,,,,,,27.0,30.0,,11.0,6.0,2.0,3.0,51.0,161.0,3.2,2.0,28.0,158.0,5.6,2.0,16.0,9.0,3.0,0.0,0.0,0.2,0.3,56.2,61.46,13.0,3.0,23.1,0.0,0.0,0.0,1.0,1.0,0.0,0.0,3.0,20.0,1.0,0.0,7.0,48.0,8.0,8.0,7.0,358.0,51.1,0.0,6.0,6.0,100.0,0.0,100.0,0.0,1.0,1.0,0.0,0.0,0.0,0.0,0.0,1.0,1.0,2.0,2.0,0.0,0.0,0.0,0.0,0.0,3.0,3.0,25.0,32.0,7.0,48.0,2.0,0.0,0.0,34.0,35.0,5.0,34.0,5.0,2.0,4.0,Sunday,,11,6,19053.0,3.0,1,-6.0,0.357,0.0,2025_18_DET_CHI,-0.3462625633058465,0.3670886075949367,-0.233603494016384,-0.724514402965239,-0.1633330034689984,0.3380281690140845,-0.5446070903001486,0.0620338253294574,22.7,31.0,-8.3,329.3333333333333,387.0,-1.333,0.371,0.2,462.0,397.0,8.0,-0.0550813317162008,0.416483170628753,0.0896902530138744,-0.4320459944099226,0.0442780949781866,0.466644310306282,-0.1076357027111975,0.2253911242951769,0.0251088055668203,0.0866898087814166,18.3,1.6999999999999993,0.39999999999999997,0.8,71.0,729.6666666666666,-29.666666666666686,744.3333333333333,-37.0,887.0,-1.0,793.0,3.0,19.0,0.2009855015184676,-0.0552499501494877
202511826.0,2026-01-04T16:25:00,1,2025,18,PHI,WAS,HOME,17.0,24.0,41.0,Lincoln Financial Field,,,,,,24.0,45.0,,11.0,4.0,6.0,1.0,54.0,190.0,3.5,1.0,26.0,82.0,3.2,0.0,27.0,13.0,108.0,1.0,0.0,4.0,8.3,48.1,71.22,13.0,3.0,23.1,0.0,0.0,0.0,2.0,1.0,0.0,0.0,3.0,36.0,0.0,0.0,1.0,2.0,6.0,7.0,7.0,388.0,55.4,0.0,1.0,1.0,,,,,,35.0,15.0,,20.0,7.0,11.0,2.0,73.0,331.0,4.5,2.0,33.0,120.0,3.6,2.0,35.0,23.0,211.0,0.0,0.0,6.0,9.2,65.7,81.96,15.0,6.0,40.0,3.0,2.0,66.7,3.0,2.0,0.0,0.0,4.0,40.0,2.0,1.0,5.0,51.0,4.0,4.0,6.0,262.0,43.7,1.0,0.0,-1.0,50.0,0.0,66.7,0.0,1.0,1.0,0.0,0.0,0.0,0.0,0.0,2.0,2.0,1.0,0.0,1.0,2.0,0.0,0.0,0.0,0.0,0.0,44.0,25.0,5.0,51.0,3.0,1.0,1.0,29.0,16.0,1.0,2.0,3.0,0.0,0.0,Sunday,,26,35,19287.0,-7.0,0,1.0,0.231,0.0,2025_18_WAS_PHI,-0.060795169809535,0.3880597014925373,-0.0958582453356158,-0.1482720176233366,-0.0823810548051265,0.3707865168539326,-0.1566192892435007,0.0787898612034041,24.3,10.0,14.3,320.6666666666667,208.66666666666663,0.667,0.481,0.6,362.0,301.0,11.0,0.1067758692482564,0.4883275928052047,0.4517561613772869,0.0060030518067919,-0.1409555276144462,0.3726706073567862,-0.292467822290341,0.0067496323078347,0.0175495456851193,-0.1020783173779342,202511826.0,2026-01-04T16:25:00,1,2025,18,WAS,PHI,AWAY,24.0,17.0,41.0,Lincoln Financial Field,,,,,,21.0,16.0,,17.0,4.0,10.0,3.0,41.0,328.0,8.0,2.0,16.0,138.0,8.6,2.0,23.0,15.0,190.0,0.0,0.0,8.3,12.7,65.2,90.85,6.0,1.0,16.7,0.0,0.0,0.0,3.0,1.0,0.0,0.0,10.0,71.0,0.0,0.0,2.0,8.0,11.0,4.0,3.0,130.0,43.3,0.0,0.0,0.0,,,,,,38.0,44.0,,28.0,10.0,13.0,5.0,87.0,480.0,5.5,3.0,44.0,211.0,4.8,1.0,37.0,19.0,269.0,2.0,0.0,7.3,14.2,51.4,93.19,20.0,8.0,40.0,6.0,6.0,100.0,2.0,2.0,0.0,0.0,11.0,89.0,0.0,0.0,6.0,38.0,6.0,6.0,1.0,53.0,53.0,0.0,0.0,0.0,33.3,0.0,100.0,0.0,2.0,2.0,0.0,0.0,0.0,0.0,0.0,3.0,3.0,3.0,3.0,0.0,0.0,0.0,0.0,0.0,4.0,3.0,41.0,48.0,6.0,38.0,8.0,0.0,0.0,20.0,23.0,2.0,8.0,3.0,0.0,0.0,Sunday,,35,26,19052.0,7.0,1,0.0,0.167,0.0,2025_18_WAS_PHI,0.1973460400115773,0.5161290322580645,0.2082075582078133,0.2719894126021245,0.1893812519429355,0.4954954954954955,0.3143432908905283,0.1150673059289768,23.3,26.7,-3.3,296.0,416.3333333333333,-0.333,0.213,0.2,332.0,434.0,4.0,0.0446337188590497,0.4745374262404023,0.0332650322966137,0.0801275700648341,0.0612808567011615,0.4774257015636325,0.2811667107167986,0.0898105056394338,-0.0265530147081532,0.1047741166880791,17.6,11.0,0.39999999999999997,0.8,24.666666666666686,616.6666666666667,-207.66666666666669,625.0,30.0,694.0,-133.0,735.0,7.0,15.0,0.062142150389206695,-0.2022363843156077
202511804.0,2026-01-04T16:25:00,1,2025,18,BUF,NYJ,HOME,35.0,8.0,43.0,New Era Field,,,,,,35.0,15.0,,20.0,7.0,11.0,2.0,73.0,331.0,4.5,2.0,33.0,120.0,3.6,2.0,35.0,23.0,211.0,0.0,0.0,6.0,9.2,65.7,81.96,15.0,6.0,40.0,3.0,2.0,66.7,3.0,2.0,0.0,0.0,4.0,40.0,2.0,1.0,5.0,51.0,4.0,4.0,6.0,262.0,43.7,1.0,0.0,-1.0,,,,,,24.0,45.0,,11.0,4.0,6.0,1.0,54.0,190.0,3.5,1.0,26.0,82.0,3.2,0.0,27.0,13.0,108.0,1.0,0.0,4.0,8.3,48.1,71.22,13.0,3.0,23.1,0.0,0.0,0.0,2.0,1.0,0.0,0.0,3.0,36.0,0.0,0.0,1.0,2.0,6.0,7.0,7.0,388.0,55.4,0.0,1.0,1.0,66.7,0.0,50.0,0.0,1.0,0.0,1.0,2.0,0.0,0.0,0.0,0.0,0.0,1.0,1.0,0.0,0.0,0.0,0.0,0.0,2.0,2.0,29.0,16.0,1.0,2.0,3.0,0.0,0.0,44.0,25.0,5.0,51.0,3.0,1.0,1.0,Sunday,,4,24,19287.0,27.0,1,-1.0,0.4,0.0,2025_18_NYJ_BUF,-0.0823810548051265,0.3707865168539326,-0.1566192892435007,0.0787898612034041,-0.060795169809535,0.3880597014925373,-0.0958582453356158,-0.1482720176233366,23.3,21.3,2.0,313.0,289.6666666666667,0.667,0.407,0.8,446.0,357.0,11.0,0.0488416154015636,0.4537458150786317,-0.0617655048516618,0.247521562660163,0.019637487296799,0.496264998536728,-0.1321595149244633,0.1757291403465124,0.0887966933032004,-0.0201653207478263,202511804.0,2026-01-04T16:25:00,1,2025,18,NYJ,BUF,AWAY,8.0,35.0,43.0,New Era Field,,,,,,28.0,5.0,,14.0,7.0,6.0,1.0,63.0,307.0,4.9,1.0,28.0,164.0,5.9,1.0,34.0,20.0,143.0,0.0,1.0,4.2,7.2,58.8,56.37,16.0,5.0,31.2,6.0,2.0,33.3,2.0,0.0,0.0,0.0,5.0,53.0,1.0,0.0,1.0,12.0,3.0,5.0,2.0,98.0,49.0,1.0,0.0,-1.0,,,,,,31.0,55.0,,28.0,9.0,16.0,3.0,62.0,440.0,7.1,6.0,36.0,155.0,4.3,1.0,25.0,22.0,285.0,5.0,0.0,11.4,13.0,88.0,153.75,9.0,4.0,44.4,2.0,2.0,100.0,5.0,5.0,0.0,0.0,2.0,20.0,0.0,0.0,1.0,1.0,5.0,5.0,2.0,93.0,46.5,0.0,1.0,1.0,0.0,0.0,100.0,0.0,1.0,1.0,0.0,0.0,0.0,0.0,0.0,1.0,1.0,6.0,6.0,0.0,0.0,0.0,0.0,0.0,1.0,0.0,39.0,24.0,1.0,1.0,2.0,0.0,0.0,37.0,21.0,1.0,12.0,3.0,0.0,0.0,Sunday,,24,4,19285.0,-27.0,0,-1.0,0.312,0.0,2025_18_NYJ_BUF,-0.0996739131796434,0.4415584415584415,-0.3129880249338086,-0.0069294863559272,0.3779995728426729,0.5949367088607594,1.0791337899413165,-0.0697501563208788,12.0,39.7,-27.7,262.0,430.0,-1.333,0.326,0.2,292.0,468.0,3.0,-0.152023824170331,0.4264427083143811,-0.3424136532324637,-0.0910204089185043,0.2395442761700013,0.5434441575057976,0.649990163028556,-0.3241619201546753,-0.1212779472653904,0.1903432538200949,29.7,-25.7,0.6000000000000001,1.0,51.0,575.0,-140.33333333333331,719.6666666666667,154.0,738.0,-111.0,825.0,8.0,14.0,0.2008654395718946,-0.21990678887320228
202511825.0,2026-01-04T16:25:00,1,2025,18,LV,KC,HOME,14.0,12.0,26.0,Allegiant Stadium,,,,,,29.0,12.0,,14.0,5.0,8.0,1.0,54.0,231.0,4.3,1.0,20.0,63.0,3.2,0.0,30.0,22.0,168.0,1.0,2.0,5.6,7.6,73.3,69.86,13.0,3.0,23.1,5.0,4.0,80.0,2.0,1.0,0.0,0.0,5.0,41.0,0.0,0.0,4.0,24.0,7.0,4.0,3.0,171.0,57.0,2.0,0.0,-2.0,,,,,,30.0,48.0,,22.0,11.0,9.0,2.0,63.0,343.0,5.4,4.0,31.0,155.0,5.0,3.0,30.0,22.0,188.0,0.0,0.0,6.3,8.5,73.3,89.31,13.0,6.0,46.2,1.0,1.0,100.0,5.0,3.0,0.0,0.0,8.0,58.0,0.0,0.0,2.0,19.0,9.0,9.0,2.0,88.0,44.0,0.0,2.0,2.0,50.0,0.0,60.0,0.0,1.0,1.0,0.0,0.0,0.0,0.0,0.0,1.0,1.0,4.0,4.0,0.0,0.0,0.0,0.0,0.0,2.0,2.0,37.0,24.0,2.0,19.0,4.0,0.0,0.0,34.0,24.0,4.0,24.0,5.0,0.0,0.0,Sunday,,25,16,19292.0,2.0,1,-2.0,0.231,0.0,2025_18_KC_LV,-0.1149981568945134,0.410958904109589,-0.211695035489291,-0.2561038677871693,0.2654593466619008,0.5,0.2172554370578829,0.260871961703524,10.3,29.3,-19.0,207.0,333.3333333333333,-1.333,0.303,0.0,227.0,420.0,2.0,-0.154018123267054,0.3816823181413514,-0.2160027245715149,-0.173484333960575,0.1635983672908703,0.5112377334599557,0.4780186275898175,-0.1312260085493143,-0.1257189536622268,0.1466239618704209,202511825.0,2026-01-04T16:25:00,1,2025,18,KC,LV,AWAY,12.0,14.0,26.0,Allegiant Stadium,,,,,,20.0,32.0,,10.0,5.0,4.0,1.0,42.0,139.0,3.3,1.0,19.0,82.0,4.3,0.0,22.0,13.0,57.0,1.0,0.0,2.6,4.4,59.1,78.98,11.0,4.0,36.4,2.0,1.0,50.0,1.0,1.0,0.0,0.0,2.0,10.0,1.0,0.0,1.0,9.0,6.0,4.0,3.0,171.0,57.0,0.0,1.0,1.0,,,,,,39.0,28.0,,22.0,9.0,12.0,1.0,71.0,303.0,4.3,2.0,32.0,128.0,4.0,1.0,38.0,26.0,175.0,1.0,1.0,4.6,6.7,68.4,76.1,18.0,11.0,61.1,1.0,1.0,100.0,4.0,2.0,0.0,0.0,5.0,57.0,0.0,0.0,1.0,7.0,7.0,2.0,2.0,103.0,51.5,1.0,0.0,-1.0,100.0,0.0,50.0,0.0,1.0,1.0,0.0,0.0,0.0,0.0,0.0,2.0,2.0,2.0,2.0,0.0,0.0,0.0,0.0,0.0,2.0,2.0,41.0,29.0,1.0,7.0,5.0,0.0,0.0,23.0,18.0,1.0,9.0,1.0,0.0,0.0,Sunday,,16,25,19043.0,-2.0,0,1.0,0.364,0.0,2025_18_KC_LV,-0.0121144368787352,0.396551724137931,-0.2542961524661845,-0.0032154626165078,0.0994396375466702,0.5357142857142857,0.1440478677107574,-0.0181775052624288,11.7,20.7,-9.0,170.33333333333334,324.6666666666667,0.0,0.312,0.0,350.0,314.0,6.0,-0.0855524963483689,0.4265122662549321,-0.2191796522861116,-0.0921024662562855,0.0560141231998047,0.4987961476725521,0.1648390296324639,-0.1020923022931139,-0.0677981410977504,0.0585754076645493,-10.0,-28.0,0.0,0.0,36.66666666666666,377.33333333333337,8.666666666666629,658.0,-123.0,577.0,106.0,734.0,-4.0,8.0,-0.0684656269186851,0.1075842440910656
202511810.0,2026-01-04T16:25:00,1,2025,18,DEN,LAC,HOME,19.0,3.0,22.0,Empower Field at Mile High,,,,,,39.0,28.0,,22.0,9.0,12.0,1.0,71.0,303.0,4.3,2.0,32.0,128.0,4.0,1.0,38.0,26.0,175.0,1.0,1.0,4.6,6.7,68.4,76.1,18.0,11.0,61.1,1.0,1.0,100.0,4.0,2.0,0.0,0.0,5.0,57.0,0.0,0.0,1.0,7.0,7.0,2.0,2.0,103.0,51.5,1.0,0.0,-1.0,,,,,,20.0,32.0,,10.0,5.0,4.0,1.0,42.0,139.0,3.3,1.0,19.0,82.0,4.3,0.0,22.0,13.0,57.0,1.0,0.0,2.6,4.4,59.1,78.98,11.0,4.0,36.4,2.0,1.0,50.0,1.0,1.0,0.0,0.0,2.0,10.0,1.0,0.0,1.0,9.0,6.0,4.0,3.0,171.0,57.0,0.0,1.0,1.0,50.0,0.0,100.0,0.0,2.0,2.0,0.0,0.0,0.0,0.0,0.0,2.0,2.0,1.0,1.0,0.0,0.0,0.0,0.0,0.0,2.0,2.0,23.0,18.0,1.0,9.0,1.0,0.0,0.0,41.0,29.0,1.0,7.0,5.0,0.0,0.0,Sunday,,10,29,19043.0,16.0,1,-1.0,0.611,0.0,2025_18_LAC_DEN,0.0994396375466702,0.5357142857142857,0.1440478677107574,-0.0181775052624288,-0.0121144368787352,0.396551724137931,-0.2542961524661845,-0.0032154626165078,24.7,24.3,0.3,379.6666666666667,282.3333333333333,-0.667,0.444,0.8,382.0,308.0,13.0,0.0688042726960936,0.5078886976477338,0.2331142982613505,-0.1638698671801185,0.0745629305086649,0.4363126756578906,0.0728535932051682,-0.1514330614620576,0.090801664706876,0.0587803306794037,202511810.0,2026-01-04T16:25:00,1,2025,18,LAC,DEN,AWAY,3.0,19.0,22.0,Empower Field at Mile High,,,,,,29.0,39.0,,16.0,2.0,11.0,3.0,59.0,275.0,4.7,2.0,22.0,74.0,3.4,1.0,32.0,21.0,201.0,1.0,1.0,6.3,9.6,65.6,80.34,15.0,6.0,40.0,0.0,0.0,0.0,5.0,2.0,0.0,0.0,3.0,25.0,2.0,0.0,5.0,35.0,1.0,5.0,7.0,273.0,39.0,1.0,2.0,1.0,,,,,,30.0,21.0,,16.0,5.0,8.0,3.0,62.0,362.0,5.8,2.0,34.0,118.0,3.5,0.0,28.0,16.0,244.0,2.0,2.0,8.7,15.2,57.1,80.06,11.0,3.0,27.3,0.0,0.0,0.0,0.0,0.0,0.0,0.0,8.0,70.0,1.0,0.0,0.0,0.0,8.0,8.0,5.0,252.0,50.4,2.0,1.0,-1.0,40.0,0.0,0.0,0.0,2.0,1.0,0.0,0.0,0.0,0.0,0.0,2.0,1.0,2.0,2.0,0.0,0.0,0.0,0.0,0.0,2.0,2.0,30.0,31.0,0.0,0.0,5.0,1.0,0.0,32.0,28.0,5.0,35.0,5.0,1.0,0.0,Sunday,,29,10,19293.0,-16.0,0,1.0,0.4,0.0,2025_18_LAC_DEN,-0.1695516311328746,0.379746835443038,-0.0532304478785259,-0.3827534620376194,-0.0661555497040768,0.425,-0.0350557465820521,-0.1214511278485588,22.0,16.7,5.3,340.6666666666667,313.6666666666667,1.0,0.465,0.8,365.0,321.0,11.0,0.0454924036402261,0.4770096289083631,0.2674043609594982,-0.1595643821478611,-0.0354568162639957,0.4544444444444444,0.0243074168831763,-0.2109866339983055,0.0238740942532519,-0.0818042416730168,-5.0,5.6,0.0,1.6,39.0,720.3333333333334,-31.33333333333337,596.0,17.0,747.0,-13.0,629.0,2.0,24.0,0.023311869055867497,0.1100197467726606
202511821.0,2026-01-04T16:25:00,1,2025,18,NE,MIA,HOME,38.0,10.0,48.0,Gillette Stadium,,,,,,31.0,55.0,,28.0,9.0,16.0,3.0,62.0,440.0,7.1,6.0,36.0,155.0,4.3,1.0,25.0,22.0,285.0,5.0,0.0,11.4,13.0,88.0,153.75,9.0,4.0,44.4,2.0,2.0,100.0,5.0,5.0,0.0,0.0,2.0,20.0,0.0,0.0,1.0,1.0,5.0,5.0,2.0,93.0,46.5,0.0,1.0,1.0,,,,,,28.0,5.0,,14.0,7.0,6.0,1.0,63.0,307.0,4.9,1.0,28.0,164.0,5.9,1.0,34.0,20.0,143.0,0.0,1.0,4.2,7.2,58.8,56.37,16.0,5.0,31.2,6.0,2.0,33.3,2.0,0.0,0.0,0.0,5.0,53.0,1.0,0.0,1.0,12.0,3.0,5.0,2.0,98.0,49.0,1.0,0.0,-1.0,100.0,0.0,0.0,0.0,6.0,6.0,0.0,0.0,0.0,0.0,0.0,1.0,0.0,1.0,1.0,0.0,0.0,0.0,0.0,0.0,1.0,1.0,37.0,21.0,1.0,12.0,3.0,0.0,0.0,39.0,24.0,1.0,1.0,2.0,0.0,0.0,Sunday,,21,19,19285.0,28.0,1,1.0,0.444,0.0,2025_18_MIA_NE,0.3779995728426729,0.5949367088607594,1.0791337899413165,-0.0697501563208788,-0.0996739131796434,0.4415584415584415,-0.3129880249338086,-0.0069294863559272,33.7,23.0,10.7,426.0,328.6666666666667,0.0,0.426,0.8,452.0,310.0,13.0,0.2330492838548925,0.5706358783874382,0.4284533504512531,0.2023032746150893,0.059933833691024,0.481621669151192,0.0465733721827339,0.0980339939782252,0.1676880807834739,-0.0162884060429511,202511821.0,2026-01-04T16:25:00,1,2025,18,MIA,NE,AWAY,10.0,38.0,48.0,Gillette Stadium,,,,,,27.0,54.0,,13.0,7.0,6.0,0.0,54.0,298.0,5.5,2.0,30.0,145.0,4.8,0.0,22.0,14.0,153.0,2.0,0.0,7.0,10.9,63.6,114.39,12.0,4.0,33.3,0.0,0.0,0.0,3.0,1.0,0.0,0.0,10.0,77.0,1.0,0.0,2.0,19.0,4.0,6.0,5.0,236.0,47.2,0.0,3.0,3.0,,,,,,32.0,6.0,,21.0,5.0,14.0,2.0,63.0,380.0,6.0,2.0,16.0,53.0,3.3,0.0,44.0,33.0,327.0,2.0,2.0,7.4,9.9,75.0,91.76,13.0,6.0,46.2,2.0,2.0,100.0,3.0,2.0,0.0,0.0,5.0,45.0,2.0,1.0,3.0,19.0,3.0,6.0,3.0,126.0,42.0,3.0,0.0,-3.0,33.3,0.0,66.7,0.0,2.0,2.0,0.0,0.0,0.0,0.0,0.0,2.0,2.0,2.0,2.0,0.0,0.0,0.0,0.0,0.0,2.0,1.0,38.0,25.0,3.0,19.0,6.0,1.0,1.0,28.0,27.0,2.0,19.0,3.0,0.0,0.0,Sunday,,19,21,19284.0,-28.0,0,3.0,0.333,0.0,2025_18_MIA_NE,0.0462769228698534,0.4189189189189189,0.168587022582586,-0.0406293322120351,0.0080435521556569,0.5185185185185185,0.0819283657017174,-0.1486745166431109,18.7,30.0,-11.3,324.0,374.3333333333333,-0.333,0.261,0.6,337.0,386.0,7.0,0.0087924258203383,0.4377758403564853,0.0682580484697986,-0.1485833639019086,0.1759851227736687,0.5497942386831275,0.3323781794323262,0.0096516283496836,0.0127676319323288,0.0257067993014456,22.0,-0.6000000000000014,0.20000000000000007,1.4,102.0,750.0,-45.66666666666663,703.0,115.0,789.0,-76.0,696.0,6.0,20.0,0.22425685803455422,-0.1160512890826447
202511828.0,2026-01-04T20:20:00,1,2025,18,PIT,BAL,HOME,26.0,24.0,50.0,Acrisure Stadium,,,,,,30.0,39.0,,15.0,5.0,9.0,1.0,65.0,291.0,4.5,0.0,24.0,131.0,5.5,0.0,39.0,21.0,160.0,0.0,0.0,4.1,7.6,53.8,64.05,15.0,3.0,20.0,3.0,0.0,0.0,2.0,0.0,0.0,0.0,4.0,34.0,3.0,0.0,2.0,8.0,4.0,5.0,5.0,203.0,40.6,0.0,2.0,2.0,,,,,,29.0,21.0,,11.0,1.0,9.0,1.0,50.0,262.0,5.2,1.0,25.0,78.0,3.1,0.0,23.0,17.0,184.0,1.0,2.0,8.0,10.8,73.9,75.27,11.0,4.0,36.4,1.0,0.0,0.0,1.0,0.0,0.0,0.0,6.0,45.0,0.0,0.0,2.0,2.0,5.0,7.0,4.0,228.0,57.0,2.0,0.0,-2.0,0.0,0.0,0.0,0.0,0.0,0.0,0.0,0.0,0.0,0.0,0.0,3.0,2.0,1.0,1.0,0.0,0.0,0.0,0.0,0.0,2.0,2.0,29.0,27.0,2.0,2.0,4.0,0.0,0.0,36.0,26.0,2.0,8.0,4.0,3.0,0.0,Sunday,,28,3,19282.0,2.0,1,2.0,0.2,0.0,2025_18_BAL_PIT,-0.2098110150858169,0.4268292682926829,-0.3357612675198054,-0.0131180398191487,-0.1483655576796453,0.390625,-0.1008804771367613,-0.3455589615133684,21.0,17.3,3.7,369.3333333333333,302.6666666666667,0.667,0.336,0.6,371.0,363.0,9.0,0.0285430644313002,0.4620882981316586,0.0192597974903846,0.146949873175861,-0.0226229374555828,0.4396803642624139,0.0209472429626383,-0.3124655163665245,-0.0093221537256617,0.0099461533688526,202511828.0,2026-01-04T20:20:00,1,2025,18,BAL,PIT,AWAY,24.0,26.0,50.0,Acrisure Stadium,,,,,,40.0,16.0,,30.0,22.0,6.0,2.0,74.0,414.0,5.6,5.0,53.0,307.0,5.8,4.0,20.0,16.0,107.0,1.0,0.0,5.4,6.7,80.0,105.62,14.0,10.0,71.4,0.0,0.0,0.0,6.0,4.0,0.0,0.0,6.0,45.0,0.0,0.0,1.0,0.0,4.0,1.0,1.0,42.0,42.0,0.0,2.0,2.0,,,,,,19.0,44.0,,18.0,4.0,12.0,2.0,44.0,363.0,8.2,3.0,17.0,79.0,4.6,2.0,25.0,19.0,284.0,1.0,1.0,11.4,14.9,76.0,109.42,6.0,3.0,50.0,2.0,0.0,0.0,2.0,1.0,0.0,0.0,5.0,38.0,1.0,1.0,2.0,12.0,4.0,2.0,0.0,0.0,0.0,2.0,0.0,-2.0,66.7,0.0,50.0,0.0,5.0,5.0,0.0,0.0,0.0,0.0,0.0,2.0,2.0,3.0,3.0,0.0,0.0,0.0,0.0,0.0,1.0,1.0,20.0,26.0,2.0,12.0,1.0,0.0,1.0,44.0,40.0,1.0,0.0,2.0,0.0,0.0,Sunday,,3,28,19291.0,-2.0,0,2.0,0.714,0.0,2025_18_BAL_PIT,0.28778417598536,0.5913978494623656,0.4098711689452872,0.3037211473537015,0.0893248359025431,0.55,0.4268006199588175,-0.8389068539571863,29.7,17.3,12.3,353.6666666666667,371.3333333333333,1.0,0.545,0.4,400.0,372.0,8.0,0.1530482037634531,0.5339139043450639,0.2047557802508308,0.2357878320422958,-0.011806893615905,0.4869193680313401,0.1034952372016897,-0.334877195531028,0.0520514219410746,0.0454788446601808,-8.600000000000001,16.0,0.19999999999999996,1.0,15.666666666666629,723.0,-68.66666666666663,674.0,-29.0,771.0,-9.0,735.0,1.0,17.0,-0.1245051393321529,-0.0108160438396778
,,1,2025,19,SF,SEA,HOME,,,,Levi's Stadium,,,,,,,,,9.0,1.0,8.0,0.0,,173.0,,,12.0,53.0,4.4,0.0,27.0,19.0,120.0,0.0,1.0,,,,,9.0,2.0,,2.0,0.0,,,,,,3.0,31.0,,0.0,3.0,7.0,3.0,5.0,,,,1.0,0.0,-1.0,,,,,,,,,23.0,10.0,11.0,2.0,,361.0,,,39.0,180.0,4.6,1.0,26.0,20.0,181.0,0.0,0.0,,,,,13.0,6.0,,1.0,0.0,,,,,,5.0,25.0,,0.0,2.0,17.0,8.0,4.0,,,,0.0,,,,,,,,,,,,,,1.0,1.0,,,,,,,,4.0,2.0,,,2.0,,3.0,0.0,,,,3.0,,5.0,0.0,,Saturday,,31,30,,,0,-1.0,0.222,1.0,2025_18_SEA_SF,-0.3192854031758365,0.3725490196078431,-0.3949613257643495,-0.2438847023877315,-0.0258770356233881,0.4691358024691358,0.2860613108268975,-0.0572365876886418,31.0,26.0,5.0,369.6666666666667,371.0,-0.333,0.52,0.8,437.0,371.0,12.0,0.0796155019547082,0.5069925837899695,0.1943157833390854,0.0255655887325663,0.0571737403683588,0.4978468547912992,0.2307081369766267,0.0064493995407922,0.1105961945686878,0.0103303449240798,,,1,2025,19,SEA,SF,AWAY,,,,Levi's Stadium,,,,,,,,,23.0,10.0,11.0,2.0,,361.0,,,39.0,180.0,4.6,1.0,26.0,20.0,181.0,0.0,0.0,,,,,13.0,6.0,,1.0,0.0,,,,,,5.0,25.0,,0.0,2.0,17.0,8.0,4.0,,,,0.0,1.0,1.0,,,,,,,,,9.0,1.0,8.0,0.0,,173.0,,,12.0,53.0,4.4,0.0,27.0,19.0,120.0,0.0,1.0,,,,,9.0,2.0,,2.0,0.0,,,,,,3.0,31.0,,0.0,3.0,7.0,3.0,5.0,,,,1.0,,,,,,,,,,,,,,4.0,2.0,,,,,,,,1.0,1.0,,,3.0,,5.0,0.0,,,,2.0,,3.0,0.0,,Saturday,,30,31,,,1,1.0,0.462,0.0,2025_18_SEA_SF,-0.0258770356233881,0.4691358024691358,0.2860613108268975,-0.0572365876886418,-0.3192854031758365,0.3725490196078431,-0.3949613257643495,-0.2438847023877315,26.0,16.7,9.3,354.6666666666667,297.6666666666667,-0.667,0.463,1.0,483.0,292.0,14.0,-0.0010702508895898,0.4951040910191236,-0.0374525109844266,0.143036105295233,-0.2095891029843292,0.4168955571432352,-0.1536659313531064,-0.2567351633753862,0.0547653054838747,-0.1624554430300646,-4.300000000000001,14.3,-0.19999999999999996,1.8,15.0,724.3333333333334,73.33333333333331,668.6666666666667,-46.0,920.0,79.0,663.0,-2.0,26.0,0.080685752844298,0.266762843352688
,,1,2025,19,PIT,BAL,HOME,,,,Acrisure Stadium,,,,,,,,,24.0,8.0,14.0,2.0,,390.0,,,24.0,100.0,4.2,2.0,47.0,31.0,290.0,1.0,0.0,,,,,16.0,9.0,,2.0,1.0,,,,,,5.0,45.0,,0.0,2.0,4.0,5.0,3.0,,,,0.0,1.0,1.0,,,,,,,,,12.0,6.0,5.0,1.0,,359.0,,,27.0,137.0,5.1,0.0,18.0,11.0,222.0,3.0,1.0,,,,,12.0,4.0,,2.0,2.0,,,,,,9.0,78.0,,0.0,3.0,16.0,3.0,3.0,,,,1.0,,,,,,,,,,,,,,2.0,2.0,,,,,,,,2.0,1.0,,,3.0,,4.0,0.0,,,,2.0,,5.0,0.0,,Sunday,,28,3,,,1,1.0,0.562,1.0,2025_18_BAL_PIT,0.0815992379226388,0.4835164835164835,0.1716601323763018,-0.220488403727675,0.0993018182157859,0.3970588235294117,0.3828799737859883,-0.0837941801157565,20.3,20.3,0.0,387.3333333333333,327.3333333333333,0.667,0.421,0.8,397.0,387.0,10.0,-0.0058124864691524,0.4463057267935317,-0.0456597178208,0.0535111141477651,-0.0014160977088891,0.4161193269442608,0.1346680402227739,-0.2631957688439512,0.0742357217957806,0.017407505287424,,,1,2025,19,BAL,PIT,AWAY,,,,Acrisure Stadium,,,,,,,,,12.0,6.0,5.0,1.0,,359.0,,,27.0,137.0,5.1,0.0,18.0,11.0,222.0,3.0,1.0,,,,,12.0,4.0,,2.0,2.0,,,,,,9.0,78.0,,0.0,3.0,16.0,3.0,3.0,,,,1.0,0.0,-1.0,,,,,,,,,24.0,8.0,14.0,2.0,,390.0,,,24.0,100.0,4.2,2.0,47.0,31.0,290.0,1.0,0.0,,,,,16.0,9.0,,2.0,1.0,,,,,,5.0,45.0,,0.0,2.0,4.0,5.0,3.0,,,,0.0,,,,,,,,,,,,,,2.0,1.0,,,,,,,,2.0,2.0,,,2.0,,5.0,0.0,,,,3.0,,4.0,0.0,,Sunday,,3,28,,,0,-1.0,0.333,0.0,2025_18_BAL_PIT,0.0993018182157859,0.3970588235294117,0.3828799737859883,-0.0837941801157565,0.0815992379226388,0.4835164835164835,0.1716601323763018,-0.220488403727675,29.7,26.0,3.7,367.6666666666667,402.0,0.333,0.561,0.4,424.0,398.0,8.0,0.1453734741927564,0.5030015393990855,0.310299441149751,0.096555303566064,0.0992634636526829,0.5207507052334638,0.2787283075995392,-0.3231436350003071,0.1228101900188456,0.0500257469674574,-3.7,3.7,0.4,1.2000000000000002,19.66666666666663,755.0,-74.66666666666669,729.3333333333333,-27.0,821.0,-11.0,785.0,2.0,18.0,-0.15118596066190879,-0.10067956136157201
,,1,2025,19,HOU,IND,HOME,,,,NRG Stadium,,,,,,,,,22.0,10.0,9.0,3.0,,339.0,,,32.0,134.0,4.2,1.0,32.0,17.0,205.0,1.0,0.0,,,,,13.0,4.0,,0.0,0.0,,,,,,7.0,77.0,,0.0,0.0,0.0,3.0,6.0,,,,0.0,3.0,3.0,,,,,,,,,19.0,7.0,11.0,1.0,,354.0,,,28.0,76.0,2.7,1.0,35.0,22.0,278.0,2.0,1.0,,,,,15.0,8.0,,1.0,1.0,,,,,,7.0,81.0,,2.0,1.0,8.0,2.0,3.0,,,,3.0,,,,,,,,,,,,,,6.0,6.0,,,,,,,,3.0,3.0,,,1.0,,6.0,2.0,,,,0.0,,3.0,0.0,,Sunday,,13,14,,,1,3.0,0.308,1.0,2025_18_IND_HOU,0.0860936121311405,0.5113636363636364,0.0032995987912292,0.008443848362762,0.009661881753019,0.4698795180722891,0.0885051021817222,-0.2061042934656143,27.0,22.3,4.7,323.6666666666667,314.6666666666667,1.0,0.349,1.0,404.0,295.0,12.0,-0.0020087303305733,0.4643845866068088,0.0414617210006384,-0.2075793177787002,-0.0722601258514703,0.4209865622828868,0.0418175880991756,-0.2445787209049429,0.0307175560613719,-0.1034693311274411,,,1,2025,19,IND,HOU,AWAY,,,,NRG Stadium,,,,,,,,,19.0,7.0,11.0,1.0,,354.0,,,28.0,76.0,2.7,1.0,35.0,22.0,278.0,2.0,1.0,,,,,15.0,8.0,,1.0,1.0,,,,,,7.0,81.0,,2.0,1.0,8.0,2.0,3.0,,,,3.0,0.0,-3.0,,,,,,,,,22.0,10.0,9.0,3.0,,339.0,,,32.0,134.0,4.2,1.0,32.0,17.0,205.0,1.0,0.0,,,,,13.0,4.0,,0.0,0.0,,,,,,7.0,77.0,,0.0,0.0,0.0,3.0,6.0,,,,0.0,,,,,,,,,,,,,,3.0,3.0,,,,,,,,6.0,6.0,,,0.0,,3.0,0.0,,,,1.0,,6.0,2.0,,Sunday,,14,13,,,0,-3.0,0.533,0.0,2025_18_IND_HOU,0.009661881753019,0.4698795180722891,0.0885051021817222,-0.2061042934656143,0.0860936121311405,0.5113636363636364,0.0032995987912292,0.008443848362762,24.7,36.3,-11.7,290.0,383.0,-1.333,0.466,0.0,466.0,412.0,8.0,-0.0449354226973344,0.460793172690763,-0.0573125156369635,-0.1020359125692982,0.1410636384618596,0.5264718093308879,0.2180382083971317,0.0140962371252992,-0.0375200555949515,0.1131845044084588,16.4,-6.999999999999999,1.0,1.0,33.666666666666686,613.6666666666667,-68.33333333333331,697.6666666666667,-62.0,870.0,-117.0,707.0,4.0,20.0,0.0429266923667611,-0.2133237643133299
,,1,2025,19,NYG,DAL,HOME,,,,MetLife Stadium,,,,,,,,,25.0,8.0,14.0,3.0,,380.0,,,32.0,161.0,5.0,1.0,33.0,22.0,219.0,2.0,0.0,,,,,14.0,8.0,,0.0,0.0,,,,,,7.0,63.0,,1.0,4.0,11.0,2.0,5.0,,,,1.0,2.0,1.0,,,,,,,,,18.0,9.0,8.0,1.0,,286.0,,,30.0,143.0,4.8,2.0,24.0,14.0,143.0,0.0,1.0,,,,,8.0,2.0,,2.0,1.0,,,,,,9.0,94.0,,1.0,0.0,0.0,9.0,7.0,,,,2.0,,,,,,,,,,,,,,4.0,4.0,,,,,,,,2.0,1.0,,,0.0,,4.0,0.0,,,,4.0,,2.0,2.0,,Sunday,,23,9,,,1,1.0,0.571,1.0,2025_18_DAL_NYG,0.1609429958001041,0.5108695652173914,0.2199457429969249,-0.0101481437825104,-0.0642348883802284,0.4428571428571428,-0.1480660233367988,-0.0306184009165951,27.0,14.3,12.7,288.0,252.33333333333337,1.333,0.411,0.4,381.0,439.0,4.0,0.0836557132399576,0.4665861513687601,0.0030968151251027,0.0465521248983033,-0.0920507274660978,0.444422700587084,-0.1854089144115623,-0.0827679931515264,-0.0186195356867181,-0.0440785466683423,,,1,2025,19,DAL,NYG,AWAY,,,,MetLife Stadium,,,,,,,,,18.0,9.0,8.0,1.0,,286.0,,,30.0,143.0,4.8,2.0,24.0,14.0,143.0,0.0,1.0,,,,,8.0,2.0,,2.0,1.0,,,,,,9.0,94.0,,1.0,0.0,0.0,9.0,7.0,,,,2.0,1.0,-1.0,,,,,,,,,25.0,8.0,14.0,3.0,,380.0,,,32.0,161.0,5.0,1.0,33.0,22.0,219.0,2.0,0.0,,,,,14.0,8.0,,0.0,0.0,,,,,,7.0,63.0,,1.0,4.0,11.0,2.0,5.0,,,,1.0,,,,,,,,,,,,,,2.0,1.0,,,,,,,,4.0,4.0,,,4.0,,2.0,2.0,,,,0.0,,4.0,0.0,,Sunday,,9,23,,,0,-1.0,0.25,0.0,2025_18_DAL_NYG,-0.0642348883802284,0.4428571428571428,-0.1480660233367988,-0.0306184009165951,0.1609429958001041,0.5108695652173914,0.2199457429969249,-0.0101481437825104,21.3,30.3,-9.0,368.6666666666667,386.6666666666667,-0.667,0.365,0.2,471.0,511.0,7.0,0.0403198272155215,0.4655619905619906,0.1150268453452095,-0.0731839964943402,0.2103268877284471,0.5260935495858358,0.4008057226134912,0.0940927392391193,0.0444627296917295,0.2130359984984832,21.7,3.6999999999999993,0.2,0.6000000000000001,-80.66666666666669,656.6666666666667,-134.33333333333331,639.0,-90.0,852.0,-72.0,950.0,-3.0,11.0,0.0433358860244361,-0.30237761519454487
,,1,2025,19,CIN,CLE,HOME,,,,Paycor Stadium,,,,,,,,,24.0,8.0,16.0,0.0,,364.0,,,25.0,142.0,5.7,0.0,39.0,29.0,222.0,3.0,1.0,,,,,11.0,5.0,,1.0,1.0,,,,,,6.0,40.0,,1.0,2.0,14.0,9.0,4.0,,,,2.0,1.0,-1.0,,,,,,,,,11.0,6.0,4.0,1.0,,200.0,,,24.0,118.0,4.9,0.0,22.0,11.0,82.0,0.0,0.0,,,,,14.0,5.0,,1.0,1.0,,,,,,4.0,40.0,,1.0,6.0,29.0,5.0,2.0,,,,1.0,,,,,,,,,,,,,,0.0,0.0,,,,,,,,2.0,2.0,,,6.0,,5.0,1.0,,,,2.0,,7.0,1.0,,Sunday,,7,8,,,0,-1.0,0.455,1.0,2025_18_CLE_CIN,-0.1336905765040412,0.5476190476190477,-0.275368822592668,0.1979205807554535,-0.0949061428071615,0.3582089552238806,-0.2802447473894718,0.085755604865484,33.3,18.3,15.0,400.0,274.0,0.667,0.54,0.4,414.0,492.0,6.0,0.1660089792816256,0.5529100529100529,0.2538355619042106,0.1399745844384758,-0.0455295039288542,0.4102738559454977,-0.0922911660756376,-0.0724808695574349,0.0845732356033591,0.044240211365939,,,1,2025,19,CLE,CIN,AWAY,,,,Paycor Stadium,,,,,,,,,11.0,6.0,4.0,1.0,,200.0,,,24.0,118.0,4.9,0.0,22.0,11.0,82.0,0.0,0.0,,,,,14.0,5.0,,1.0,1.0,,,,,,4.0,40.0,,1.0,6.0,29.0,5.0,2.0,,,,1.0,2.0,1.0,,,,,,,,,24.0,8.0,16.0,0.0,,364.0,,,25.0,142.0,5.7,0.0,39.0,29.0,222.0,3.0,1.0,,,,,11.0,5.0,,1.0,1.0,,,,,,6.0,40.0,,1.0,2.0,14.0,9.0,4.0,,,,2.0,,,,,,,,,,,,,,2.0,2.0,,,,,,,,0.0,0.0,,,2.0,,7.0,1.0,,,,6.0,,5.0,1.0,,Sunday,,8,7,,,1,1.0,0.357,0.0,2025_18_CLE_CIN,-0.0949061428071615,0.3582089552238806,-0.2802447473894718,0.085755604865484,-0.1336905765040412,0.5476190476190477,-0.275368822592668,0.1979205807554535,17.7,15.7,2.0,252.0,304.6666666666667,-1.0,0.431,0.4,279.0,379.0,5.0,-0.1059486767920042,0.4204446517412936,-0.2167492049709838,-0.0570131818224056,-0.1150122254852109,0.4940468745346794,-0.3181227587293304,0.2057616142943446,-0.1528706060261759,-0.0689766147493529,13.0,17.0,0.0,0.8,148.0,652.0,-30.666666666666686,578.6666666666667,135.0,693.0,113.0,871.0,1.0,11.0,0.2719576560736298,0.0694827215563567
,,1,2025,19,MIN,GB,HOME,,,,U.S. Bank Stadium,,,,,,,,,23.0,8.0,14.0,1.0,,363.0,,,31.0,137.0,4.4,1.0,31.0,21.0,226.0,0.0,0.0,,,,,10.0,2.0,,1.0,1.0,,,,,,2.0,20.0,,1.0,2.0,13.0,5.0,8.0,,,,1.0,0.0,-1.0,,,,,,,,,12.0,10.0,1.0,1.0,,121.0,,,35.0,128.0,3.7,0.0,11.0,6.0,-7.0,0.0,0.0,,,,,12.0,3.0,,0.0,0.0,,,,,,4.0,47.0,,0.0,4.0,41.0,7.0,4.0,,,,0.0,,,,,,,,,,,,,,3.0,3.0,,,,,,,,1.0,1.0,,,4.0,,3.0,1.0,,,,2.0,,2.0,1.0,,Sunday,,20,12,,,1,-1.0,0.2,1.0,2025_18_GB_MIN,0.0303991811974654,0.5064935064935064,0.09850436110133,-0.0825008966578846,-0.2039053502801889,0.4328358208955223,-0.6548304625094816,-0.1253799488700729,18.3,8.7,9.7,254.66666666666663,164.33333333333334,1.333,0.338,1.0,344.0,333.0,9.0,-0.0766176531316949,0.4413245767673705,-0.2141894712024719,0.0059837393069193,-0.2418677054427223,0.396271105793116,-0.4387815637351216,-0.3203205983538051,0.0405292107881404,-0.2062906708061249,,,1,2025,19,GB,MIN,AWAY,,,,U.S. Bank Stadium,,,,,,,,,12.0,10.0,1.0,1.0,,121.0,,,35.0,128.0,3.7,0.0,11.0,6.0,-7.0,0.0,0.0,,,,,12.0,3.0,,0.0,0.0,,,,,,4.0,47.0,,0.0,4.0,41.0,7.0,4.0,,,,0.0,1.0,1.0,,,,,,,,,23.0,8.0,14.0,1.0,,363.0,,,31.0,137.0,4.4,1.0,31.0,21.0,226.0,0.0,0.0,,,,,10.0,2.0,,1.0,1.0,,,,,,2.0,20.0,,1.0,2.0,13.0,5.0,8.0,,,,1.0,,,,,,,,,,,,,,1.0,1.0,,,,,,,,3.0,3.0,,,2.0,,2.0,1.0,,,,4.0,,3.0,1.0,,Sunday,,12,20,,,0,1.0,0.25,0.0,2025_18_GB_MIN,-0.2039053502801889,0.4328358208955223,-0.6548304625094816,-0.1253799488700729,0.0303991811974654,0.5064935064935064,0.09850436110133,-0.0825008966578846,14.3,26.3,-12.0,289.3333333333333,392.3333333333333,-0.667,0.417,0.2,391.0,360.0,9.0,-0.013998222639859,0.498246860933428,0.0692469561606844,-0.3906751030196602,0.1563588411150309,0.5305207473439405,0.2486040510212089,0.0336750325459455,0.0448571996849619,0.1430974301081278,21.7,-2.3000000000000007,0.8,1.2,-34.666666666666686,544.0,-227.99999999999997,556.6666666666666,-47.0,735.0,-27.0,693.0,0.0,18.0,-0.0626194304918359,-0.3982265465577532
,,1,2025,19,LAR,ARI,HOME,,,,SoFi Stadium,,,,,,,,,25.0,9.0,16.0,0.0,,395.0,,,31.0,143.0,4.6,0.0,40.0,25.0,252.0,4.0,0.0,,,,,16.0,9.0,,1.0,1.0,,,,,,4.0,20.0,,0.0,1.0,7.0,12.0,7.0,,,,0.0,2.0,2.0,,,,,,,,,17.0,4.0,13.0,0.0,,317.0,,,15.0,79.0,5.3,0.0,32.0,23.0,238.0,2.0,1.0,,,,,11.0,4.0,,2.0,1.0,,,,,,6.0,45.0,,1.0,6.0,33.0,4.0,4.0,,,,2.0,,,,,,,,,,,,,,3.0,3.0,,,,,,,,2.0,2.0,,,6.0,,3.0,1.0,,,,1.0,,4.0,0.0,,Sunday,,32,1,,,1,2.0,0.562,1.0,2025_18_ARI_LA,0.1918605815660582,0.5543478260869565,0.3661313752533698,-0.0038055411827264,0.0177379416681934,0.4520547945205479,-0.0013789445713243,-0.1024510967046288,32.7,28.3,4.3,446.3333333333333,359.0,0.667,0.449,0.6,518.0,346.0,12.0,0.072983892828608,0.4897495715573519,0.249263879557774,-0.0986078723068354,0.0125675881321904,0.4821881994807055,0.0389965860232637,0.0920473817705585,0.1452518931012672,0.0202988196077595,,,1,2025,19,ARI,LAR,AWAY,,,,SoFi Stadium,,,,,,,,,17.0,4.0,13.0,0.0,,317.0,,,15.0,79.0,5.3,0.0,32.0,23.0,238.0,2.0,1.0,,,,,11.0,4.0,,2.0,1.0,,,,,,6.0,45.0,,1.0,6.0,33.0,4.0,4.0,,,,2.0,0.0,-2.0,,,,,,,,,25.0,9.0,16.0,0.0,,395.0,,,31.0,143.0,4.6,0.0,40.0,25.0,252.0,4.0,0.0,,,,,16.0,9.0,,1.0,1.0,,,,,,4.0,20.0,,0.0,1.0,7.0,12.0,7.0,,,,0.0,,,,,,,,,,,,,,2.0,2.0,,,,,,,,3.0,3.0,,,1.0,,4.0,0.0,,,,6.0,,3.0,1.0,,Sunday,,1,32,,,0,-2.0,0.364,0.0,2025_18_ARI_LA,0.0177379416681934,0.4520547945205479,-0.0013789445713243,-0.1024510967046288,0.1918605815660582,0.5543478260869565,0.3661313752533698,-0.0038055411827264,17.7,33.3,-15.7,290.0,388.6666666666667,-0.333,0.378,0.0,355.0,488.0,3.0,0.0123457312187598,0.4500185116623472,-0.0049027541045101,-0.0460980615838303,0.1978361912625544,0.5087110315004795,0.3785065025466005,-0.0192436130862803,-0.0163526495902436,0.2319273557538868,20.0,-11.399999999999999,0.6,0.6,156.33333333333331,736.3333333333333,-29.666666666666686,747.6666666666667,163.0,873.0,-142.0,834.0,9.0,15.0,0.060638161609848196,-0.185268603130364
,,1,2025,19,CHI,DET,HOME,,,,Soldier Field,,,,,,,,,16.0,4.0,10.0,2.0,,270.0,,,18.0,65.0,3.6,0.0,33.0,20.0,205.0,2.0,1.0,,,,,11.0,4.0,,2.0,1.0,,,,,,4.0,25.0,,0.0,1.0,7.0,8.0,3.0,,,,1.0,1.0,0.0,,,,,,,,,26.0,7.0,17.0,2.0,,433.0,,,27.0,122.0,4.5,0.0,42.0,27.0,311.0,1.0,1.0,,,,,13.0,6.0,,0.0,0.0,,,,,,6.0,35.0,,0.0,3.0,20.0,4.0,3.0,,,,1.0,,,,,,,,,,,,,,0.0,0.0,,,,,,,,5.0,4.0,,,3.0,,6.0,0.0,,,,1.0,,5.0,0.0,,Sunday,,6,11,,,0,0.0,0.364,1.0,2025_18_DET_CHI,0.0312789590562791,0.4925373134328358,0.0263970151840193,0.0497989235195305,0.1171616101331622,0.5568181818181818,0.2131793494772913,-0.0129303237096945,25.3,25.7,-0.3,370.0,437.6666666666667,0.667,0.348,0.4,441.0,415.0,11.0,0.1474815322529635,0.4993709871378489,0.2198614506049597,0.0313694228076781,0.1504082187929414,0.5456349206349206,0.3537744958733315,-0.0285554540583772,0.115572211900222,0.0582014423742589,,,1,2025,19,DET,CHI,AWAY,,,,Soldier Field,,,,,,,,,26.0,7.0,17.0,2.0,,433.0,,,27.0,122.0,4.5,0.0,42.0,27.0,311.0,1.0,1.0,,,,,13.0,6.0,,0.0,0.0,,,,,,6.0,35.0,,0.0,3.0,20.0,4.0,3.0,,,,1.0,1.0,0.0,,,,,,,,,16.0,4.0,10.0,2.0,,270.0,,,18.0,65.0,3.6,0.0,33.0,20.0,205.0,2.0,1.0,,,,,11.0,4.0,,2.0,1.0,,,,,,4.0,25.0,,0.0,1.0,7.0,8.0,3.0,,,,1.0,,,,,,,,,,,,,,5.0,4.0,,,,,,,,0.0,0.0,,,1.0,,5.0,0.0,,,,3.0,,6.0,0.0,,Sunday,,11,6,,,1,0.0,0.462,0.0,2025_18_DET_CHI,0.1171616101331622,0.5568181818181818,0.2131793494772913,-0.0129303237096945,0.0312789590562791,0.4925373134328358,0.0263970151840193,0.0497989235195305,17.7,22.7,-5.0,341.6666666666667,304.0,-1.667,0.406,0.4,481.0,413.0,9.0,-0.0614285022784974,0.4615269822388297,0.0338601598266673,-0.3658929638592207,-0.0070932422189994,0.4197123036727829,-0.1636960311450086,0.1686575116130356,0.033597029753313,0.046208006652707,4.7,-5.3,0.0,0.8,28.333333333333314,711.6666666666667,133.66666666666669,741.6666666666667,-40.0,922.0,2.0,828.0,2.0,20.0,0.2089100345314609,0.1575014610119408
,,1,2025,19,PHI,WAS,HOME,,,,Lincoln Financial Field,,,,,,,,,18.0,5.0,13.0,0.0,,307.0,,,19.0,80.0,4.2,1.0,40.0,21.0,227.0,1.0,1.0,,,,,14.0,6.0,,3.0,0.0,,,,,,9.0,123.0,,0.0,3.0,14.0,4.0,2.0,,,,1.0,2.0,1.0,,,,,,,,,25.0,10.0,9.0,6.0,,274.0,,,41.0,143.0,3.5,2.0,22.0,14.0,131.0,1.0,1.0,,,,,11.0,6.0,,1.0,1.0,,,,,,4.0,19.0,,1.0,0.0,0.0,6.0,3.0,,,,2.0,,,,,,,,,,,,,,1.0,1.0,,,,,,,,2.0,1.0,,,0.0,,5.0,1.0,,,,3.0,,3.0,0.0,,Sunday,,26,35,,,0,1.0,0.429,1.0,2025_18_WAS_PHI,-0.0701828703836719,0.4675324675324675,-0.1548113634820186,0.0877240845325609,0.0421809001375684,0.5176470588235295,0.5761465341838334,-0.308724974772571,19.7,18.0,1.7,294.0,275.0,0.667,0.368,0.6,379.0,325.0,11.0,-0.0003850904227988,0.4518640563416683,0.0465993285770036,0.0835175178180333,-0.0301733659912257,0.4383013879709187,0.0750781051774649,-0.0563351169887018,0.0221271706090135,-0.1036364839839554,,,1,2025,19,WAS,PHI,AWAY,,,,Lincoln Financial Field,,,,,,,,,25.0,10.0,9.0,6.0,,274.0,,,41.0,143.0,3.5,2.0,22.0,14.0,131.0,1.0,1.0,,,,,11.0,6.0,,1.0,1.0,,,,,,4.0,19.0,,1.0,0.0,0.0,6.0,3.0,,,,2.0,1.0,-1.0,,,,,,,,,18.0,5.0,13.0,0.0,,307.0,,,19.0,80.0,4.2,1.0,40.0,21.0,227.0,1.0,1.0,,,,,14.0,6.0,,3.0,0.0,,,,,,9.0,123.0,,0.0,3.0,14.0,4.0,2.0,,,,1.0,,,,,,,,,,,,,,2.0,1.0,,,,,,,,1.0,1.0,,,3.0,,3.0,0.0,,,,0.0,,5.0,1.0,,Sunday,,35,26,,,1,-1.0,0.545,0.0,2025_18_WAS_PHI,0.0421809001375684,0.5176470588235295,0.5761465341838334,-0.308724974772571,-0.0701828703836719,0.4675324675324675,-0.1548113634820186,0.0877240845325609,21.7,25.3,-3.7,274.0,390.6666666666667,-0.333,0.304,0.4,356.0,451.0,5.0,0.0630689989476755,0.4867488931056294,0.1966870543279029,0.0080647334775382,0.0830070501613579,0.4876759876759877,0.1833331739857183,0.1712972923354711,-0.0328391117054252,0.065605383506106,5.4,-2.0,0.19999999999999996,1.0,20.0,568.0,-115.66666666666669,665.6666666666667,23.0,735.0,-126.0,776.0,6.0,16.0,-0.0634540893704743,-0.11318041615258359
,,1,2025,19,BUF,NYJ,HOME,,,,New Era Field,,,,,,,,,30.0,13.0,16.0,1.0,,470.0,,,43.0,211.0,4.9,1.0,29.0,22.0,259.0,4.0,0.0,,,,,13.0,6.0,,5.0,3.0,,,,,,3.0,28.0,,0.0,0.0,0.0,4.0,5.0,,,,0.0,0.0,0.0,,,,,,,,,9.0,3.0,5.0,1.0,,122.0,,,23.0,69.0,3.0,0.0,22.0,11.0,53.0,1.0,0.0,,,,,13.0,5.0,,3.0,1.0,,,,,,4.0,27.0,,0.0,1.0,7.0,0.0,2.0,,,,0.0,,,,,,,,,,,,,,0.0,0.0,,,,,,,,0.0,0.0,,,1.0,,2.0,0.0,,,,0.0,,2.0,0.0,,Sunday,,4,24,,,1,0.0,0.462,1.0,2025_18_NYJ_BUF,0.2381867118392621,0.5609756097560976,0.7218993530932567,0.010508914344544,-0.1828302721863643,0.3934426229508196,-0.2492178938182722,-0.2632968284266429,23.3,13.7,9.7,353.3333333333333,202.0,0.333,0.371,0.8,481.0,365.0,12.0,0.0514235240561203,0.4798181447674459,0.0740139592580794,0.1739270258315591,-0.1060665906283684,0.4313341081477855,-0.2047328431802021,-0.1076016782897707,0.124035023946467,0.0105066527518153,,,1,2025,19,NYJ,BUF,AWAY,,,,New Era Field,,,,,,,,,9.0,3.0,5.0,1.0,,122.0,,,23.0,69.0,3.0,0.0,22.0,11.0,53.0,1.0,0.0,,,,,13.0,5.0,,3.0,1.0,,,,,,4.0,27.0,,0.0,1.0,7.0,0.0,2.0,,,,0.0,0.0,0.0,,,,,,,,,30.0,13.0,16.0,1.0,,470.0,,,43.0,211.0,4.9,1.0,29.0,22.0,259.0,4.0,0.0,,,,,13.0,6.0,,5.0,3.0,,,,,,3.0,28.0,,0.0,0.0,0.0,4.0,5.0,,,,0.0,,,,,,,,,,,,,,0.0,0.0,,,,,,,,0.0,0.0,,,0.0,,2.0,0.0,,,,1.0,,2.0,0.0,,Sunday,,24,4,,,0,0.0,0.385,0.0,2025_18_NYJ_BUF,-0.1828302721863643,0.3934426229508196,-0.2492178938182722,-0.2632968284266429,0.2381867118392621,0.5609756097560976,0.7218993530932567,0.010508914344544,8.0,35.3,-27.3,208.0,440.6666666666667,-0.667,0.277,0.0,300.0,503.0,3.0,-0.1935707928347273,0.3947995516235689,-0.3592316047938479,-0.1477225207285901,0.2137853403461508,0.5338548308433002,0.6458157593455585,-0.1502280114120531,-0.1842994341523423,0.2153787683516338,37.0,-17.6,0.8,0.8,145.33333333333331,561.3333333333333,-238.66666666666669,642.6666666666667,181.0,781.0,-138.0,868.0,9.0,15.0,0.2449943168908476,-0.3198519309745192
,,1,2025,19,TB,CAR,HOME,,,,Raymond James Stadium,,,,,,,,,21.0,7.0,12.0,2.0,,338.0,,,42.0,140.0,3.3,0.0,22.0,16.0,198.0,1.0,1.0,,,,,15.0,8.0,,0.0,0.0,,,,,,6.0,45.0,,0.0,2.0,5.0,1.0,3.0,,,,1.0,3.0,2.0,,,,,,,,,16.0,1.0,13.0,2.0,,285.0,,,14.0,19.0,1.4,0.0,35.0,24.0,266.0,2.0,1.0,,,,,8.0,1.0,,2.0,2.0,,,,,,5.0,46.0,,2.0,0.0,0.0,4.0,5.0,,,,3.0,,,,,,,,,,,,,,4.0,3.0,,,,,,,,1.0,0.0,,,0.0,,2.0,0.0,,,,2.0,,3.0,1.0,,Saturday,,33,5,,,1,2.0,0.533,1.0,2025_18_CAR_TB,-0.0218956735169254,0.4634146341463415,0.3504787605055644,-0.2352042748774764,-0.0535790085219255,0.4615384615384615,0.1567137934363022,-0.567876300322286,17.7,19.0,-1.3,338.0,286.0,-0.667,0.522,0.2,380.0,411.0,8.0,0.0327843745830601,0.4701681937454294,0.2028712356163877,-0.1371413558293925,0.0460230822928242,0.4625679190896583,0.1453846985123079,-0.1765491684750501,0.0317289318848984,0.0533837981519563,,,1,2025,19,CAR,TB,AWAY,,,,Raymond James Stadium,,,,,,,,,16.0,1.0,13.0,2.0,,285.0,,,14.0,19.0,1.4,0.0,35.0,24.0,266.0,2.0,1.0,,,,,8.0,1.0,,2.0,2.0,,,,,,5.0,46.0,,2.0,0.0,0.0,4.0,5.0,,,,3.0,1.0,-2.0,,,,,,,,,21.0,7.0,12.0,2.0,,338.0,,,42.0,140.0,3.3,0.0,22.0,16.0,198.0,1.0,1.0,,,,,15.0,8.0,,0.0,0.0,,,,,,6.0,45.0,,0.0,2.0,5.0,1.0,3.0,,,,1.0,,,,,,,,,,,,,,1.0,0.0,,,,,,,,4.0,3.0,,,2.0,,3.0,1.0,,,,0.0,,2.0,0.0,,Saturday,,5,33,,,0,-2.0,0.125,0.0,2025_18_CAR_TB,-0.0535790085219255,0.4615384615384615,0.1567137934363022,-0.567876300322286,-0.0218956735169254,0.4634146341463415,0.3504787605055644,-0.2352042748774764,15.7,21.0,-5.3,233.0,307.3333333333333,-0.333,0.239,0.4,311.0,380.0,8.0,-0.0994519702160713,0.4665180230397621,-0.0892509187150657,-0.2847723642938625,0.019260277826946,0.4556620209059233,0.0853575293973785,-0.0394879224676394,-0.0077716006682123,0.0681844782137147,4.0,-6.6,-0.2,0.6000000000000001,105.0,571.0,-21.333333333333314,593.3333333333333,69.0,691.0,31.0,791.0,0.0,16.0,0.1322363447991314,0.026762804465878202
,,1,2025,19,LV,KC,HOME,,,,Allegiant Stadium,,,,,,,,,12.0,5.0,5.0,2.0,,204.0,,,32.0,118.0,3.7,0.0,26.0,11.0,86.0,0.0,1.0,,,,,16.0,4.0,,2.0,0.0,,,,,,2.0,10.0,,1.0,3.0,19.0,14.0,7.0,,,,2.0,2.0,0.0,,,,,,,,,10.0,4.0,6.0,0.0,,168.0,,,23.0,84.0,3.7,0.0,31.0,18.0,84.0,0.0,0.0,,,,,17.0,3.0,,1.0,1.0,,,,,,7.0,45.0,,2.0,8.0,62.0,5.0,8.0,,,,2.0,,,,,,,,,,,,,,4.0,4.0,,,,,,,,4.0,4.0,,,8.0,,5.0,3.0,,,,3.0,,7.0,1.0,,Sunday,,25,16,,,1,0.0,0.25,1.0,2025_18_KC_LV,-0.3474163107706018,0.4024390243902439,-0.4398589475927632,-0.4744141667177776,-0.3338435824886646,0.3292682926829268,-0.5927437289358973,-0.2534243915923236,15.0,23.0,-8.0,250.0,260.3333333333333,-1.0,0.303,0.2,241.0,432.0,3.0,-0.1731016986132235,0.4089104206110554,-0.1871252910292412,-0.2917988139055139,-0.0314494964151825,0.4286861387132389,-0.0731156603617588,-0.1674277012463677,-0.1625738407649336,0.0557772458607703,,,1,2025,19,KC,LV,AWAY,,,,Allegiant Stadium,,,,,,,,,10.0,4.0,6.0,0.0,,168.0,,,23.0,84.0,3.7,0.0,31.0,18.0,84.0,0.0,0.0,,,,,17.0,3.0,,1.0,1.0,,,,,,7.0,45.0,,2.0,8.0,62.0,5.0,8.0,,,,2.0,2.0,0.0,,,,,,,,,12.0,5.0,5.0,2.0,,204.0,,,32.0,118.0,3.7,0.0,26.0,11.0,86.0,0.0,1.0,,,,,16.0,4.0,,2.0,0.0,,,,,,2.0,10.0,,1.0,3.0,19.0,14.0,7.0,,,,2.0,,,,,,,,,,,,,,4.0,4.0,,,,,,,,4.0,4.0,,,3.0,,7.0,1.0,,,,8.0,,5.0,3.0,,Sunday,,16,25,,,0,0.0,0.176,0.0,2025_18_KC_LV,-0.3338435824886646,0.3292682926829268,-0.5927437289358973,-0.2534243915923236,-0.3474163107706018,0.4024390243902439,-0.4398589475927632,-0.4744141667177776,11.3,20.0,-8.7,146.66666666666666,294.3333333333333,0.333,0.217,0.0,362.0,328.0,6.0,-0.1848243514540012,0.3762683638159078,-0.393152471514638,-0.1074079702367415,-0.0709037186170269,0.4662758224693,-0.0088405076055522,-0.2214381467644705,-0.1689357392373789,-0.0527946716963407,0.6999999999999993,-16.7,0.2,0.2,103.33333333333334,396.66666666666663,-34.0,554.6666666666666,-121.0,603.0,104.0,760.0,-3.0,9.0,0.011722652840777698,0.039454222201844406
,,1,2025,19,DEN,LAC,HOME,,,,Empower Field at Mile High,,,,,,,,,13.0,7.0,6.0,0.0,,240.0,,,31.0,116.0,3.7,0.0,23.0,14.0,124.0,0.0,0.0,,,,,15.0,5.0,,0.0,0.0,,,,,,1.0,5.0,,0.0,4.0,17.0,8.0,5.0,,,,0.0,2.0,2.0,,,,,,,,,13.0,6.0,7.0,0.0,,217.0,,,21.0,113.0,5.4,0.0,44.0,20.0,104.0,0.0,1.0,,,,,20.0,7.0,,5.0,3.0,,,,,,5.0,25.0,,1.0,4.0,32.0,7.0,7.0,,,,2.0,,,,,,,,,,,,,,4.0,4.0,,,,,,,,1.0,1.0,,,4.0,,8.0,1.0,,,,4.0,,3.0,0.0,,Sunday,,10,29,,,1,2.0,0.333,1.0,2025_18_LAC_DEN,-0.1303613731533467,0.3972602739726027,-0.0881674676687348,-0.3502681902502067,-0.3233878494500643,0.348314606741573,-0.5215795612546347,-0.0928419065530761,19.7,16.7,3.0,329.3333333333333,234.0,-0.333,0.434,0.8,401.0,311.0,14.0,-0.0204965304075271,0.4636019616626977,0.0265119490106599,-0.1714010109975949,-0.0530728523388067,0.4055921477463515,-0.149423554066314,-0.1093645879473507,0.0395972309709679,-0.0206195162353948,,,1,2025,19,LAC,DEN,AWAY,,,,Empower Field at Mile High,,,,,,,,,13.0,6.0,7.0,0.0,,217.0,,,21.0,113.0,5.4,0.0,44.0,20.0,104.0,0.0,1.0,,,,,20.0,7.0,,5.0,3.0,,,,,,5.0,25.0,,1.0,4.0,32.0,7.0,7.0,,,,2.0,0.0,-2.0,,,,,,,,,13.0,7.0,6.0,0.0,,240.0,,,31.0,116.0,3.7,0.0,23.0,14.0,124.0,0.0,0.0,,,,,15.0,5.0,,0.0,0.0,,,,,,1.0,5.0,,0.0,4.0,17.0,8.0,5.0,,,,0.0,,,,,,,,,,,,,,1.0,1.0,,,,,,,,4.0,4.0,,,4.0,,3.0,0.0,,,,4.0,,8.0,1.0,,Sunday,,29,10,,,0,-2.0,0.35,0.0,2025_18_LAC_DEN,-0.3233878494500643,0.348314606741573,-0.5215795612546347,-0.0928419065530761,-0.1303613731533467,0.3972602739726027,-0.0881674676687348,-0.3502681902502067,17.7,18.7,-1.0,314.6666666666667,314.0,0.0,0.462,0.6,368.0,340.0,11.0,-0.0734159510697596,0.4264478311555541,0.0664846191675249,-0.1517194732309838,-0.0669012682578553,0.4268645357686453,0.018526684743704,-0.2585734041980559,-0.0648814751486785,-0.0752481412522727,4.0,2.0,0.20000000000000007,1.4,14.666666666666629,644.0,-80.0,548.0,33.0,769.0,-29.0,651.0,3.0,25.0,0.05291942066223249,0.013828415919048605
,,1,2025,19,JAX,TEN,HOME,,,,TIAA Bank Stadium,,,,,,,,,23.0,4.0,17.0,2.0,,319.0,,,24.0,64.0,2.7,1.0,32.0,24.0,255.0,3.0,0.0,,,,,9.0,4.0,,0.0,0.0,,,,,,3.0,20.0,,0.0,2.0,16.0,5.0,5.0,,,,0.0,1.0,1.0,,,,,,,,,10.0,5.0,5.0,0.0,,194.0,,,19.0,77.0,4.1,1.0,33.0,20.0,117.0,0.0,1.0,,,,,14.0,4.0,,3.0,1.0,,,,,,6.0,67.0,,0.0,1.0,7.0,2.0,5.0,,,,1.0,,,,,,,,,,,,,,2.0,2.0,,,,,,,,1.0,0.0,,,1.0,,4.0,0.0,,,,2.0,,3.0,0.0,,Sunday,,15,34,,,1,1.0,0.444,1.0,2025_18_TEN_JAX,0.2707103560533803,0.5333333333333333,0.4486651832383353,-0.1563917287168902,-0.2442426443963264,0.380281690140845,-0.5825124651275467,0.0793299081431339,32.7,14.7,18.0,345.0,281.0,1.0,0.493,1.0,474.0,336.0,13.0,0.1624788931226102,0.4976827745805548,0.2871833374962528,-0.1800540870651231,-0.1188014783484581,0.4127043384806833,-0.2765373512397783,-0.02617038730961,0.177451476488242,-0.1021941089703965,,,1,2025,19,TEN,JAX,AWAY,,,,TIAA Bank Stadium,,,,,,,,,10.0,5.0,5.0,0.0,,194.0,,,19.0,77.0,4.1,1.0,33.0,20.0,117.0,0.0,1.0,,,,,14.0,4.0,,3.0,1.0,,,,,,6.0,67.0,,0.0,1.0,7.0,2.0,5.0,,,,1.0,0.0,-1.0,,,,,,,,,23.0,4.0,17.0,2.0,,319.0,,,24.0,64.0,2.7,1.0,32.0,24.0,255.0,3.0,0.0,,,,,9.0,4.0,,0.0,0.0,,,,,,3.0,20.0,,0.0,2.0,16.0,5.0,5.0,,,,0.0,,,,,,,,,,,,,,1.0,0.0,,,,,,,,2.0,2.0,,,2.0,,3.0,0.0,,,,1.0,,4.0,0.0,,Sunday,,34,15,,,0,-1.0,0.286,0.0,2025_18_TEN_JAX,-0.2442426443963264,0.380281690140845,-0.5825124651275467,0.0793299081431339,0.2707103560533803,0.5333333333333333,0.4486651832383353,-0.1563917287168902,19.7,28.0,-8.3,302.0,291.6666666666667,-0.333,0.383,0.4,284.0,478.0,3.0,-0.0817528643498987,0.4093508738792548,-0.1355897249535437,-0.0977509041876251,0.053930155094804,0.4627910674935823,0.1320063765325312,-0.051960041689566,-0.0262068840172003,0.0684747008031156,26.3,9.7,0.6,1.4,43.0,647.0,-10.666666666666686,572.6666666666667,190.0,758.0,-142.0,814.0,10.0,16.0,0.24423175747250891,-0.1727316334432621
,,1,2025,19,ATL,NO,HOME,,,,Mercedes-Benz Stadium,,,,,,,,,14.0,2.0,11.0,1.0,,208.0,,,25.0,49.0,2.0,0.0,32.0,18.0,159.0,1.0,1.0,,,,,14.0,4.0,,1.0,1.0,,,,,,5.0,42.0,,0.0,4.0,21.0,4.0,6.0,,,,1.0,2.0,1.0,,,,,,,,,16.0,5.0,10.0,1.0,,340.0,,,26.0,108.0,4.2,1.0,35.0,23.0,232.0,1.0,1.0,,,,,16.0,5.0,,3.0,3.0,,,,,,6.0,40.0,,1.0,4.0,27.0,9.0,9.0,,,,2.0,,,,,,,,,,,,,,4.0,4.0,,,,,,,,2.0,1.0,,,4.0,,8.0,1.0,,,,4.0,,8.0,0.0,,Sunday,,2,22,,,1,1.0,0.286,1.0,2025_18_NO_ATL,-0.1243792916449547,0.4102564102564102,-0.1286488302865712,-0.4276659496384806,-0.1617669850805885,0.3908045977011494,-0.1213020949924917,-0.0755391137841481,24.0,20.0,4.0,298.3333333333333,341.0,1.0,0.39,0.8,353.0,401.0,8.0,-0.018144362189947,0.4414213002977047,0.132942027181983,-0.1830862566849695,-0.0699805134858535,0.4367972865847216,-0.0770520728202137,-0.037565844257087,-0.0244347968189419,0.0328288573357577,,,1,2025,19,NO,ATL,AWAY,,,,Mercedes-Benz Stadium,,,,,,,,,16.0,5.0,10.0,1.0,,340.0,,,26.0,108.0,4.2,1.0,35.0,23.0,232.0,1.0,1.0,,,,,16.0,5.0,,3.0,3.0,,,,,,6.0,40.0,,1.0,4.0,27.0,9.0,9.0,,,,2.0,1.0,-1.0,,,,,,,,,14.0,2.0,11.0,1.0,,208.0,,,25.0,49.0,2.0,0.0,32.0,18.0,159.0,1.0,1.0,,,,,14.0,4.0,,1.0,1.0,,,,,,5.0,42.0,,0.0,4.0,21.0,4.0,6.0,,,,1.0,,,,,,,,,,,,,,2.0,1.0,,,,,,,,4.0,4.0,,,4.0,,8.0,0.0,,,,4.0,,8.0,1.0,,Sunday,,22,2,,,0,-1.0,0.312,0.0,2025_18_NO_ATL,-0.1617669850805885,0.3908045977011494,-0.1213020949924917,-0.0755391137841481,-0.1243792916449547,0.4102564102564102,-0.1286488302865712,-0.4276659496384806,26.7,17.0,9.7,391.6666666666667,246.33333333333337,0.0,0.413,0.8,306.0,383.0,6.0,-0.0123340348328117,0.4295038553782469,0.0982945065035671,-0.1336287486314624,-0.1529563169364499,0.3822502582704681,-0.2458946642381558,-0.2671556831448283,0.0063611394150018,-0.0932824494358069,-5.699999999999999,13.7,0.0,1.6,-93.33333333333337,690.0,94.66666666666663,587.3333333333334,47.0,659.0,18.0,784.0,2.0,14.0,-0.005810327357135299,0.0829758034505964
,,1,2025,19,NE,MIA,HOME,,,,Gillette Stadium,,,,,,,,,22.0,12.0,8.0,2.0,,457.0,,,34.0,243.0,7.1,4.0,22.0,17.0,214.0,1.0,0.0,,,,,10.0,5.0,,1.0,0.0,,,,,,4.0,52.0,,0.0,0.0,0.0,9.0,10.0,,,,0.0,2.0,2.0,,,,,,,,,13.0,5.0,7.0,1.0,,180.0,,,25.0,63.0,2.5,0.0,25.0,16.0,117.0,1.0,1.0,,,,,13.0,5.0,,1.0,0.0,,,,,,7.0,52.0,,1.0,4.0,20.0,3.0,1.0,,,,2.0,,,,,,,,,,,,,,2.0,1.0,,,,,,,,1.0,1.0,,,4.0,,4.0,2.0,,,,0.0,,1.0,0.0,,Sunday,,21,19,,,1,2.0,0.5,1.0,2025_18_MIA_NE,0.1838457910396747,0.6266666666666667,0.4357344011601672,0.1997916312840836,-0.2355724896254516,0.4722222222222222,-0.2312296302213883,-0.4174437144491821,36.0,14.7,21.3,450.0,272.3333333333333,1.0,0.426,0.8,490.0,320.0,14.0,0.2295705603384047,0.583446335903778,0.584197453854994,0.0733352758823816,-0.0954039914759905,0.4781095363287144,-0.1353568248124065,-0.118211419114954,0.1903756063578486,-0.0528948711883163,,,1,2025,19,MIA,NE,AWAY,,,,Gillette Stadium,,,,,,,,,13.0,5.0,7.0,1.0,,180.0,,,25.0,63.0,2.5,0.0,25.0,16.0,117.0,1.0,1.0,,,,,13.0,5.0,,1.0,0.0,,,,,,7.0,52.0,,1.0,4.0,20.0,3.0,1.0,,,,2.0,0.0,-2.0,,,,,,,,,22.0,12.0,8.0,2.0,,457.0,,,34.0,243.0,7.1,4.0,22.0,17.0,214.0,1.0,0.0,,,,,10.0,5.0,,1.0,0.0,,,,,,4.0,52.0,,0.0,0.0,0.0,9.0,10.0,,,,0.0,,,,,,,,,,,,,,1.0,1.0,,,,,,,,2.0,1.0,,,0.0,,1.0,0.0,,,,4.0,,4.0,2.0,,Sunday,,19,21,,,0,-2.0,0.385,0.0,2025_18_MIA_NE,-0.2355724896254516,0.4722222222222222,-0.2312296302213883,-0.4174437144491821,0.1838457910396747,0.6266666666666667,0.4357344011601672,0.1997916312840836,17.0,33.3,-16.3,289.0,414.6666666666667,-0.667,0.306,0.4,347.0,424.0,7.0,-0.0816255037133805,0.4392692692692692,-0.0227243556058579,-0.2105301278238106,0.1757117562455613,0.5817283950617284,0.35548342038243,0.0563062143255072,-0.0178241821511067,0.0858411466592653,37.6,5.0,0.4,1.2000000000000002,161.0,739.0,-142.33333333333337,687.0,143.0,837.0,-104.0,744.0,7.0,21.0,0.3111960640517852,-0.2711157477215518
