gamekey,date,seasontype,season,week,team,opponent,home_away,points_for,points_against,totalscore,stadium,scorequarter1,scorequarter2,scorequarter3,scorequarter4,scoreovertime,timeofpossessionminutes,timeofpossessionseconds,timeofpossession,firstdowns,firstdownsbyrushing,firstdownsbypassing,firstdownsbypenalty,offensiveplays,offensiveyards,offensiveyardsperplay,touchdowns,rushingattempts,rushingyards,rushingyardsperattempt,rushingtouchdowns,passingattempts,passingcompletions,passingyards,passingtouchdowns,passinginterceptions,passingyardsperattempt,passingyardspercompletion,completionpercentage,passerrating,thirddownattempts,thirddownconversions,thirddownpercentage,fourthdownattempts,fourthdownconversions,fourthdownpercentage,redzoneattempts,redzoneconversions,goaltogoattempts,goaltogoconversions,penalties,penaltyyards,fumbles,fumbleslost,timessacked,timessackedyards,quarterbackhits,tacklesforloss,punts,puntyards,puntaverage,giveaways,takeaways,turnoverdifferential,opponentscorequarter1,opponentscorequarter2,opponentscorequarter3,opponentscorequarter4,opponentscoreovertime,opponenttimeofpossessionminutes,opponenttimeofpossessionseconds,opponenttimeofpossession,opponentfirstdowns,opponentfirstdownsbyrushing,opponentfirstdownsbypassing,opponentfirstdownsbypenalty,opponentoffensiveplays,opponentoffensiveyards,opponentoffensiveyardsperplay,opponenttouchdowns,opponentrushingattempts,opponentrushingyards,opponentrushingyardsperattempt,opponentrushingtouchdowns,opponentpassingattempts,opponentpassingcompletions,opponentpassingyards,opponentpassingtouchdowns,opponentpassinginterceptions,opponentpassingyardsperattempt,opponentpassingyardspercompletion,opponentcompletionpercentage,opponentpasserrating,opponentthirddownattempts,opponentthirddownconversions,opponentthirddownpercentage,opponentfourthdownattempts,opponentfourthdownconversions,opponentfourthdownpercentage,opponentredzoneattempts,opponentredzoneconversions,opponentgoaltogoattempts,opponentgoaltogoconversions,opponentpenalties,opponentpenaltyyards,opponentfumbles,opponentfumbleslost,opponenttimessacked,opponenttimessackedyards,opponentquarterbackhits,opponenttacklesforloss,opponentpunts,opponentpuntyards,opponentpuntaverage,opponentgiveaways,opponenttakeaways,opponentturnoverdifferential,redzonepercentage,goaltogopercentage,opponentredzonepercentage,opponentgoaltogopercentage,extrapointkickingattempts,extrapointkickingconversions,extrapointshadblocked,extrapointpassingattempts,extrapointpassingconversions,extrapointrushingattempts,extrapointrushingconversions,fieldgoalattempts,fieldgoalsmade,opponentextrapointkickingattempts,opponentextrapointkickingconversions,opponentextrapointshadblocked,opponentextrapointpassingattempts,opponentextrapointpassingconversions,opponentextrapointrushingattempts,opponentextrapointrushingconversions,opponentfieldgoalattempts,opponentfieldgoalsmade,solotackles,assistedtackles,sacks,sackyards,passesdefended,fumblesforced,fumblesrecovered,opponentsolotackles,opponentassistedtackles,opponentsacks,opponentsackyards,opponentpassesdefended,opponentfumblesforced,opponentfumblesrecovered,dayofweek,teamgameid,teamid,opponentid,scoreid,point_diff,win,turnover_diff,third_down_pct,home,nflverse_game_id
202510102,2025-09-07T13:00:00,1,2025,1,ATL,TB,HOME,20.0,23.0,43.0,Mercedes-Benz Stadium,7.0,3.0,3.0,7.0,0.0,35.0,12.0,35:12,23.0,4.0,16.0,3.0,71.0,358,5.0,2.0,28,69,2.5,1,42,27,289,1,0,6.9,10.7,64.3,92.26,15.0,6.0,40.0,4.0,3.0,75.0,2.0,1.0,0.0,0.0,8,55,1.0,0,1,9,3,2,3.0,140.0,46.7,0,0,0,0.0,10.0,7.0,6.0,0.0,24.0,48.0,24:48,16.0,5.0,10.0,1.0,56.0,260,4.6,3.0,23,101,4.4,0,32,17,159,3,0,5.0,9.4,53.1,98.31,14.0,7.0,50.0,1.0,1.0,100.0,1.0,1.0,0.0,0.0,5,60,0.0,0,1,8,5,7,4.0,205.0,51.2,0,0.0,0.0,50.0,0.0,100.0,0.0,2.0,2.0,0.0,0.0,0.0,0.0,0.0,3,2,3.0,2.0,0.0,0.0,0.0,0.0,0.0,2,1,26.0,27.0,1.0,8.0,7,0,0.0,43.0,27.0,1.0,9.0,7,0,0.0,Sunday,993005136.0,2,33,19055.0,-3.0,0,0,0.4,0,
202510102,2025-09-07T13:00:00,1,2025,1,TB,ATL,AWAY,23.0,20.0,43.0,Mercedes-Benz Stadium,0.0,10.0,7.0,6.0,0.0,24.0,48.0,24:48,16.0,5.0,10.0,1.0,56.0,260,4.6,3.0,23,101,4.4,0,32,17,159,3,0,5.0,9.4,53.1,98.31,14.0,7.0,50.0,1.0,1.0,100.0,1.0,1.0,0.0,0.0,5,60,0.0,0,1,8,5,7,4.0,205.0,51.2,0,0,0,7.0,3.0,3.0,7.0,0.0,35.0,12.0,35:12,23.0,4.0,16.0,3.0,71.0,358,5.0,2.0,28,69,2.5,1,42,27,289,1,0,6.9,10.7,64.3,92.26,15.0,6.0,40.0,4.0,3.0,75.0,2.0,1.0,0.0,0.0,8,55,1.0,0,1,9,3,2,3.0,140.0,46.7,0,0.0,0.0,100.0,0.0,50.0,0.0,3.0,2.0,0.0,0.0,0.0,0.0,0.0,2,1,2.0,2.0,0.0,0.0,0.0,0.0,0.0,3,2,43.0,27.0,1.0,9.0,7,0,0.0,26.0,27.0,1.0,8.0,7,0,0.0,Sunday,993005134.0,33,2,19055.0,3.0,1,0,0.5,0,
202510104,2025-09-07T20:20:00,1,2025,1,BAL,BUF,AWAY,40.0,41.0,81.0,Highmark Stadium,3.0,17.0,14.0,6.0,0.0,25.0,11.0,25:11,19.0,10.0,8.0,1.0,50.0,432,8.6,5.0,29,238,8.2,3,19,14,194,2,0,10.2,13.9,73.7,141.12,11.0,6.0,54.5,0.0,0.0,0.0,3.0,1.0,0.0,0.0,7,51,2.0,1,2,15,3,3,3.0,152.0,50.7,1,0,-1,7.0,6.0,6.0,22.0,0.0,34.0,49.0,34:49,29.0,9.0,18.0,2.0,78.0,497,6.4,5.0,31,108,3.5,3,46,33,389,2,0,8.5,11.8,71.7,111.59,15.0,7.0,46.7,1.0,1.0,100.0,7.0,5.0,0.0,0.0,5,38,1.0,0,1,5,4,5,4.0,158.0,39.5,0,1.0,1.0,33.3,0.0,71.4,0.0,5.0,4.0,0.0,0.0,0.0,0.0,0.0,2,2,2.0,2.0,0.0,6.0,0.0,0.0,0.0,3,3,47.0,22.0,1.0,5.0,4,1,0.0,38.0,6.0,2.0,15.0,1,2,1.0,Sunday,993005145.0,3,4,19067.0,-1.0,0,-1,0.5454545454545454,0,
202510104,2025-09-07T20:20:00,1,2025,1,BUF,BAL,HOME,41.0,40.0,81.0,Highmark Stadium,7.0,6.0,6.0,22.0,0.0,34.0,49.0,34:49,29.0,9.0,18.0,2.0,78.0,497,6.4,5.0,31,108,3.5,3,46,33,389,2,0,8.5,11.8,71.7,111.59,15.0,7.0,46.7,1.0,1.0,100.0,7.0,5.0,0.0,0.0,5,38,1.0,0,1,5,4,5,4.0,158.0,39.5,0,1,1,3.0,17.0,14.0,6.0,0.0,25.0,11.0,25:11,19.0,10.0,8.0,1.0,50.0,432,8.6,5.0,29,238,8.2,3,19,14,194,2,0,10.2,13.9,73.7,141.12,11.0,6.0,54.5,0.0,0.0,0.0,3.0,1.0,0.0,0.0,7,51,2.0,1,2,15,3,3,3.0,152.0,50.7,1,0.0,-1.0,71.4,0.0,33.3,0.0,2.0,2.0,0.0,6.0,0.0,0.0,0.0,3,3,5.0,4.0,0.0,0.0,0.0,0.0,0.0,2,2,38.0,6.0,2.0,15.0,1,2,1.0,47.0,22.0,1.0,5.0,4,1,0.0,Sunday,993005146.0,4,3,19067.0,1.0,1,1,0.4666666666666667,0,
202510106,2025-09-08T20:15:00,1,2025,1,CHI,MIN,HOME,24.0,27.0,51.0,Soldier Field,7.0,3.0,7.0,7.0,0.0,32.0,53.0,32:53,20.0,7.0,10.0,3.0,63.0,317,5.0,3.0,26,119,4.6,1,35,21,198,1,0,5.7,9.4,60.0,85.18,12.0,3.0,25.0,1.0,0.0,0.0,2.0,2.0,0.0,0.0,12,127,1.0,1,2,12,5,6,6.0,266.0,44.3,1,1,0,0.0,6.0,0.0,21.0,0.0,27.0,7.0,27:07,14.0,6.0,5.0,3.0,49.0,254,5.2,3.0,26,120,4.6,1,20,13,134,2,1,6.7,10.3,65.0,96.67,12.0,3.0,25.0,0.0,0.0,0.0,3.0,2.0,0.0,0.0,8,50,0.0,0,3,9,3,6,7.0,333.0,47.6,1,1.0,0.0,100.0,0.0,66.7,0.0,3.0,3.0,0.0,0.0,0.0,0.0,0.0,2,1,1.0,1.0,0.0,4.0,1.0,0.0,0.0,2,2,33.0,14.0,3.0,9.0,5,0,0.0,38.0,21.0,2.0,12.0,3,1,1.0,Monday,993005148.0,6,20,19068.0,-3.0,0,0,0.25,0,
202510106,2025-09-08T20:15:00,1,2025,1,MIN,CHI,AWAY,27.0,24.0,51.0,Soldier Field,0.0,6.0,0.0,21.0,0.0,27.0,7.0,27:07,14.0,6.0,5.0,3.0,49.0,254,5.2,3.0,26,120,4.6,1,20,13,134,2,1,6.7,10.3,65.0,96.67,12.0,3.0,25.0,0.0,0.0,0.0,3.0,2.0,0.0,0.0,8,50,0.0,0,3,9,3,6,7.0,333.0,47.6,1,1,0,7.0,3.0,7.0,7.0,0.0,32.0,53.0,32:53,20.0,7.0,10.0,3.0,63.0,317,5.0,3.0,26,119,4.6,1,35,21,198,1,0,5.7,9.4,60.0,85.18,12.0,3.0,25.0,1.0,0.0,0.0,2.0,2.0,0.0,0.0,12,127,1.0,1,2,12,5,6,6.0,266.0,44.3,1,1.0,0.0,66.7,0.0,100.0,0.0,1.0,1.0,0.0,4.0,1.0,0.0,0.0,2,2,3.0,3.0,0.0,0.0,0.0,0.0,0.0,2,1,38.0,21.0,2.0,12.0,3,1,1.0,33.0,14.0,3.0,9.0,5,0,0.0,Monday,993005147.0,20,6,19068.0,3.0,1,0,0.25,0,
202510108,2025-09-07T13:00:00,1,2025,1,CIN,CLE,AWAY,17.0,16.0,33.0,Huntington Bank Field,7.0,7.0,3.0,0.0,0.0,24.0,11.0,24:11,11.0,3.0,7.0,1.0,49.0,141,2.9,2.0,23,46,2.0,1,23,14,95,1,0,4.1,6.8,60.9,84.51,14.0,7.0,50.0,0.0,0.0,0.0,3.0,2.0,0.0,0.0,7,33,0.0,0,3,18,5,4,6.0,316.0,52.7,0,2,2,0.0,10.0,6.0,0.0,0.0,35.0,49.0,35:49,22.0,5.0,13.0,4.0,71.0,327,4.6,2.0,24,49,2.0,1,45,31,278,1,2,6.2,9.0,68.9,74.12,16.0,9.0,56.2,3.0,2.0,66.7,3.0,2.0,0.0,0.0,7,53,0.0,0,2,12,7,8,2.0,97.0,48.5,2,0.0,-2.0,66.7,0.0,66.7,0.0,2.0,2.0,0.0,0.0,0.0,0.0,0.0,1,1,2.0,1.0,0.0,0.0,0.0,0.0,0.0,2,1,40.0,40.0,2.0,12.0,6,0,0.0,31.0,22.0,3.0,18.0,5,0,0.0,Sunday,993005121.0,7,8,19056.0,1.0,1,2,0.5,0,
202510108,2025-09-07T13:00:00,1,2025,1,CLE,CIN,HOME,16.0,17.0,33.0,Huntington Bank Field,0.0,10.0,6.0,0.0,0.0,35.0,49.0,35:49,22.0,5.0,13.0,4.0,71.0,327,4.6,2.0,24,49,2.0,1,45,31,278,1,2,6.2,9.0,68.9,74.12,16.0,9.0,56.2,3.0,2.0,66.7,3.0,2.0,0.0,0.0,7,53,0.0,0,2,12,7,8,2.0,97.0,48.5,2,0,-2,7.0,7.0,3.0,0.0,0.0,24.0,11.0,24:11,11.0,3.0,7.0,1.0,49.0,141,2.9,2.0,23,46,2.0,1,23,14,95,1,0,4.1,6.8,60.9,84.51,14.0,7.0,50.0,0.0,0.0,0.0,3.0,2.0,0.0,0.0,7,33,0.0,0,3,18,5,4,6.0,316.0,52.7,0,2.0,2.0,66.7,0.0,66.7,0.0,2.0,1.0,0.0,0.0,0.0,0.0,0.0,2,1,2.0,2.0,0.0,0.0,0.0,0.0,0.0,1,1,31.0,22.0,3.0,18.0,5,0,0.0,40.0,40.0,2.0,12.0,6,0,0.0,Sunday,993005122.0,8,7,19056.0,-1.0,0,-2,0.5625,0,
202510110,2025-09-07T16:05:00,1,2025,1,DEN,TEN,HOME,20.0,12.0,32.0,Empower Field at Mile High,3.0,7.0,3.0,7.0,0.0,31.0,56.0,31:56,20.0,5.0,9.0,6.0,71.0,317,4.5,2.0,30,151,5.0,1,40,25,166,1,2,4.2,6.6,62.5,58.96,15.0,6.0,40.0,2.0,0.0,0.0,3.0,1.0,0.0,0.0,6,45,2.0,2,1,10,14,7,3.0,144.0,48.0,4,2,-2,3.0,6.0,3.0,0.0,0.0,28.0,4.0,28:04,7.0,2.0,5.0,0.0,55.0,133,2.4,0.0,21,71,3.4,0,28,12,62,0,0,2.2,5.2,42.9,50.3,14.0,2.0,14.3,1.0,0.0,0.0,2.0,0.0,0.0,0.0,13,131,2.0,2,6,50,5,4,8.0,395.0,49.4,2,4.0,2.0,33.3,0.0,0.0,0.0,2.0,2.0,0.0,0.0,0.0,0.0,0.0,2,2,0.0,0.0,0.0,0.0,0.0,0.0,0.0,4,4,32.0,26.0,6.0,50.0,4,2,2.0,42.0,28.0,1.0,10.0,5,1,2.0,Sunday,993005140.0,10,34,19063.0,8.0,1,-2,0.4,0,
202510110,2025-09-07T16:05:00,1,2025,1,TEN,DEN,AWAY,12.0,20.0,32.0,Empower Field at Mile High,3.0,6.0,3.0,0.0,0.0,28.0,4.0,28:04,7.0,2.0,5.0,0.0,55.0,133,2.4,0.0,21,71,3.4,0,28,12,62,0,0,2.2,5.2,42.9,50.3,14.0,2.0,14.3,1.0,0.0,0.0,2.0,0.0,0.0,0.0,13,131,2.0,2,6,50,5,4,8.0,395.0,49.4,2,4,2,3.0,7.0,3.0,7.0,0.0,31.0,56.0,31:56,20.0,5.0,9.0,6.0,71.0,317,4.5,2.0,30,151,5.0,1,40,25,166,1,2,4.2,6.6,62.5,58.96,15.0,6.0,40.0,2.0,0.0,0.0,3.0,1.0,0.0,0.0,6,45,2.0,2,1,10,14,7,3.0,144.0,48.0,4,2.0,-2.0,0.0,0.0,33.3,0.0,0.0,0.0,0.0,0.0,0.0,0.0,0.0,4,4,2.0,2.0,0.0,0.0,0.0,0.0,0.0,2,2,42.0,28.0,1.0,10.0,5,1,2.0,32.0,26.0,6.0,50.0,4,2,2.0,Sunday,993005139.0,34,10,19063.0,-8.0,0,2,0.1428571428571428,0,
202510112,2025-09-07T16:25:00,1,2025,1,DET,GB,AWAY,13.0,27.0,40.0,Lambeau Field,0.0,3.0,3.0,7.0,0.0,35.0,25.0,35:25,16.0,2.0,13.0,1.0,65.0,246,3.8,1.0,22,46,2.1,0,39,31,200,1,1,5.1,6.5,79.5,85.9,15.0,5.0,33.3,4.0,3.0,75.0,4.0,1.0,0.0,0.0,7,40,0.0,0,4,25,2,2,3.0,142.0,47.3,1,0,-1,10.0,7.0,0.0,10.0,0.0,24.0,35.0,24:35,14.0,4.0,8.0,2.0,47.0,266,5.7,3.0,25,78,3.1,1,22,16,188,2,0,8.5,11.8,72.7,128.6,10.0,4.0,40.0,1.0,1.0,100.0,5.0,3.0,0.0,0.0,4,40,0.0,0,0,0,9,9,3.0,164.0,54.7,0,1.0,1.0,25.0,0.0,60.0,0.0,1.0,1.0,0.0,0.0,0.0,0.0,0.0,2,2,3.0,3.0,0.0,0.0,0.0,0.0,0.0,2,2,31.0,18.0,0.0,0.0,1,0,0.0,41.0,34.0,4.0,25.0,2,0,0.0,Sunday,993005143.0,11,12,19065.0,-14.0,0,-1,0.3333333333333333,0,
202510112,2025-09-07T16:25:00,1,2025,1,GB,DET,HOME,27.0,13.0,40.0,Lambeau Field,10.0,7.0,0.0,10.0,0.0,24.0,35.0,24:35,14.0,4.0,8.0,2.0,47.0,266,5.7,3.0,25,78,3.1,1,22,16,188,2,0,8.5,11.8,72.7,128.6,10.0,4.0,40.0,1.0,1.0,100.0,5.0,3.0,0.0,0.0,4,40,0.0,0,0,0,9,9,3.0,164.0,54.7,0,1,1,0.0,3.0,3.0,7.0,0.0,35.0,25.0,35:25,16.0,2.0,13.0,1.0,65.0,246,3.8,1.0,22,46,2.1,0,39,31,200,1,1,5.1,6.5,79.5,85.9,15.0,5.0,33.3,4.0,3.0,75.0,4.0,1.0,0.0,0.0,7,40,0.0,0,4,25,2,2,3.0,142.0,47.3,1,0.0,-1.0,60.0,0.0,25.0,0.0,3.0,3.0,0.0,0.0,0.0,0.0,0.0,2,2,1.0,1.0,0.0,0.0,0.0,0.0,0.0,2,2,41.0,34.0,4.0,25.0,2,0,0.0,31.0,18.0,0.0,0.0,1,0,0.0,Sunday,993005144.0,12,11,19065.0,14.0,1,1,0.4,0,
202510114,2025-09-07T13:00:00,1,2025,1,IND,MIA,HOME,33.0,8.0,41.0,Lucas Oil Stadium,3.0,17.0,3.0,10.0,0.0,38.0,43.0,38:43,27.0,11.0,14.0,2.0,70.0,418,6.0,3.0,40,156,3.9,2,29,22,262,1,0,9.0,11.9,75.9,114.44,15.0,7.0,46.7,3.0,3.0,100.0,6.0,3.0,0.0,0.0,4,45,0.0,0,1,10,6,4,0.0,0.0,0.0,0,3,3,0.0,0.0,0.0,8.0,0.0,21.0,17.0,21:17,12.0,3.0,9.0,0.0,46.0,211,4.6,1.0,12,78,6.5,0,31,19,133,1,2,4.3,7.0,61.3,54.91,10.0,5.0,50.0,2.0,1.0,50.0,1.0,1.0,0.0,0.0,3,15,1.0,1,3,13,2,4,1.0,42.0,42.0,3,0.0,-3.0,50.0,0.0,100.0,0.0,3.0,3.0,0.0,0.0,0.0,0.0,0.0,4,4,0.0,0.0,0.0,2.0,1.0,0.0,0.0,0,0,25.0,20.0,3.0,13.0,5,1,1.0,46.0,35.0,1.0,10.0,4,0,0.0,Sunday,993005124.0,14,19,19057.0,25.0,1,3,0.4666666666666667,0,
202510114,2025-09-07T13:00:00,1,2025,1,MIA,IND,AWAY,8.0,33.0,41.0,Lucas Oil Stadium,0.0,0.0,0.0,8.0,0.0,21.0,17.0,21:17,12.0,3.0,9.0,0.0,46.0,211,4.6,1.0,12,78,6.5,0,31,19,133,1,2,4.3,7.0,61.3,54.91,10.0,5.0,50.0,2.0,1.0,50.0,1.0,1.0,0.0,0.0,3,15,1.0,1,3,13,2,4,1.0,42.0,42.0,3,0,-3,3.0,17.0,3.0,10.0,0.0,38.0,43.0,38:43,27.0,11.0,14.0,2.0,70.0,418,6.0,3.0,40,156,3.9,2,29,22,262,1,0,9.0,11.9,75.9,114.44,15.0,7.0,46.7,3.0,3.0,100.0,6.0,3.0,0.0,0.0,4,45,0.0,0,1,10,6,4,0.0,0.0,0.0,0,3.0,3.0,100.0,0.0,50.0,0.0,0.0,0.0,0.0,2.0,1.0,0.0,0.0,0,0,3.0,3.0,0.0,0.0,0.0,0.0,0.0,4,4,46.0,35.0,1.0,10.0,4,0,0.0,25.0,20.0,3.0,13.0,5,1,1.0,Sunday,993005123.0,19,14,19057.0,-25.0,0,-3,0.5,0,
202510115,2025-09-07T13:00:00,1,2025,1,CAR,JAX,AWAY,10.0,26.0,36.0,EverBank Stadium,3.0,0.0,0.0,7.0,0.0,29.0,0.0,29:00,15.0,5.0,8.0,2.0,61.0,255,4.2,1.0,25,113,4.5,0,35,18,142,1,2,4.1,7.9,51.4,47.56,15.0,8.0,53.3,2.0,0.0,0.0,1.0,0.0,0.0,0.0,4,35,1.0,1,1,12,1,1,2.0,86.0,43.0,3,1,-2,3.0,17.0,0.0,6.0,0.0,31.0,0.0,31:00,19.0,10.0,9.0,0.0,63.0,378,6.0,2.0,32,200,6.2,1,31,19,178,1,1,5.7,9.4,61.3,74.4,12.0,5.0,41.7,2.0,2.0,100.0,5.0,2.0,0.0,0.0,11,93,0.0,0,0,0,5,2,2.0,111.0,55.5,1,3.0,2.0,0.0,0.0,40.0,0.0,1.0,1.0,0.0,0.0,0.0,0.0,0.0,1,1,2.0,2.0,0.0,0.0,0.0,0.0,0.0,4,4,41.0,19.0,0.0,0.0,4,0,0.0,27.0,30.0,1.0,12.0,9,1,1.0,Sunday,993005129.0,5,15,19058.0,-16.0,0,-2,0.5333333333333333,0,
202510115,2025-09-07T13:00:00,1,2025,1,JAX,CAR,HOME,26.0,10.0,36.0,EverBank Stadium,3.0,17.0,0.0,6.0,0.0,31.0,0.0,31:00,19.0,10.0,9.0,0.0,63.0,378,6.0,2.0,32,200,6.2,1,31,19,178,1,1,5.7,9.4,61.3,74.4,12.0,5.0,41.7,2.0,2.0,100.0,5.0,2.0,0.0,0.0,11,93,0.0,0,0,0,5,2,2.0,111.0,55.5,1,3,2,3.0,0.0,0.0,7.0,0.0,29.0,0.0,29:00,15.0,5.0,8.0,2.0,61.0,255,4.2,1.0,25,113,4.5,0,35,18,142,1,2,4.1,7.9,51.4,47.56,15.0,8.0,53.3,2.0,0.0,0.0,1.0,0.0,0.0,0.0,4,35,1.0,1,1,12,1,1,2.0,86.0,43.0,3,1.0,-2.0,40.0,0.0,0.0,0.0,2.0,2.0,0.0,0.0,0.0,0.0,0.0,4,4,1.0,1.0,0.0,0.0,0.0,0.0,0.0,1,1,27.0,30.0,1.0,12.0,9,1,1.0,41.0,19.0,0.0,0.0,4,0,0.0,Sunday,993005130.0,15,5,19058.0,16.0,1,2,0.4166666666666667,0,
202510121,2025-09-07T13:00:00,1,2025,1,LV,NE,AWAY,20.0,13.0,33.0,Gillette Stadium,7.0,0.0,10.0,3.0,0.0,29.0,55.0,29:55,21.0,3.0,17.0,1.0,62.0,389,6.3,2.0,24,56,2.3,1,34,24,333,1,1,9.8,13.9,70.6,99.26,13.0,5.0,38.5,1.0,1.0,100.0,1.0,1.0,0.0,0.0,9,77,0.0,0,4,29,9,6,5.0,249.0,49.8,1,1,0,7.0,3.0,0.0,3.0,0.0,30.0,5.0,30:05,18.0,2.0,15.0,1.0,68.0,336,4.9,1.0,18,60,3.3,0,46,30,276,1,1,6.0,9.2,65.2,79.62,14.0,4.0,28.6,1.0,1.0,100.0,3.0,1.0,0.0,0.0,8,70,1.0,0,4,11,9,10,6.0,244.0,40.7,1,1.0,0.0,100.0,0.0,33.3,0.0,2.0,2.0,0.0,0.0,0.0,0.0,0.0,3,2,1.0,1.0,0.0,0.0,0.0,0.0,0.0,3,2,39.0,31.0,4.0,11.0,4,1,0.0,38.0,27.0,4.0,29.0,5,0,0.0,Sunday,993005127.0,25,21,19059.0,7.0,1,0,0.3846153846153846,0,
202510121,2025-09-07T13:00:00,1,2025,1,NE,LV,HOME,13.0,20.0,33.0,Gillette Stadium,7.0,3.0,0.0,3.0,0.0,30.0,5.0,30:05,18.0,2.0,15.0,1.0,68.0,336,4.9,1.0,18,60,3.3,0,46,30,276,1,1,6.0,9.2,65.2,79.62,14.0,4.0,28.6,1.0,1.0,100.0,3.0,1.0,0.0,0.0,8,70,1.0,0,4,11,9,10,6.0,244.0,40.7,1,1,0,7.0,0.0,10.0,3.0,0.0,29.0,55.0,29:55,21.0,3.0,17.0,1.0,62.0,389,6.3,2.0,24,56,2.3,1,34,24,333,1,1,9.8,13.9,70.6,99.26,13.0,5.0,38.5,1.0,1.0,100.0,1.0,1.0,0.0,0.0,9,77,0.0,0,4,29,9,6,5.0,249.0,49.8,1,1.0,0.0,33.3,0.0,100.0,0.0,1.0,1.0,0.0,0.0,0.0,0.0,0.0,3,2,2.0,2.0,0.0,0.0,0.0,0.0,0.0,3,2,38.0,27.0,4.0,29.0,5,0,0.0,39.0,31.0,4.0,11.0,4,1,0.0,Sunday,993005128.0,21,25,19059.0,-7.0,0,0,0.2857142857142857,0,
202510122,2025-09-07T13:00:00,1,2025,1,ARI,NO,AWAY,20.0,13.0,33.0,Caesars Superdome,3.0,14.0,3.0,0.0,0.0,33.0,46.0,33:46,19.0,5.0,11.0,3.0,61.0,276,4.5,2.0,27,146,5.4,0,29,21,130,2,0,4.5,6.2,72.4,104.09,13.0,6.0,46.2,0.0,0.0,0.0,3.0,2.0,0.0,0.0,9,54,0.0,0,5,33,2,3,4.0,188.0,47.0,0,0,0,0.0,10.0,0.0,3.0,0.0,26.0,14.0,26:14,21.0,5.0,12.0,4.0,69.0,315,4.6,1.0,22,107,4.9,1,46,27,208,0,0,4.5,7.7,58.7,69.84,14.0,5.0,35.7,2.0,1.0,50.0,4.0,1.0,0.0,0.0,13,89,0.0,0,1,6,5,7,4.0,202.0,50.5,0,0.0,0.0,66.7,0.0,25.0,0.0,2.0,2.0,0.0,0.0,0.0,0.0,0.0,3,2,1.0,1.0,0.0,0.0,0.0,0.0,0.0,3,2,38.0,33.0,1.0,6.0,10,0,0.0,40.0,26.0,5.0,33.0,5,0,0.0,Sunday,993005125.0,1,22,19060.0,7.0,1,0,0.4615384615384615,0,
202510122,2025-09-07T13:00:00,1,2025,1,NO,ARI,HOME,13.0,20.0,33.0,Caesars Superdome,0.0,10.0,0.0,3.0,0.0,26.0,14.0,26:14,21.0,5.0,12.0,4.0,69.0,315,4.6,1.0,22,107,4.9,1,46,27,208,0,0,4.5,7.7,58.7,69.84,14.0,5.0,35.7,2.0,1.0,50.0,4.0,1.0,0.0,0.0,13,89,0.0,0,1,6,5,7,4.0,202.0,50.5,0,0,0,3.0,14.0,3.0,0.0,0.0,33.0,46.0,33:46,19.0,5.0,11.0,3.0,61.0,276,4.5,2.0,27,146,5.4,0,29,21,130,2,0,4.5,6.2,72.4,104.09,13.0,6.0,46.2,0.0,0.0,0.0,3.0,2.0,0.0,0.0,9,54,0.0,0,5,33,2,3,4.0,188.0,47.0,0,0.0,0.0,25.0,0.0,66.7,0.0,1.0,1.0,0.0,0.0,0.0,0.0,0.0,3,2,2.0,2.0,0.0,0.0,0.0,0.0,0.0,3,2,40.0,26.0,5.0,33.0,5,0,0.0,38.0,33.0,1.0,6.0,10,0,0.0,Sunday,993005126.0,22,1,19060.0,-7.0,0,0,0.3571428571428571,0,
202510124,2025-09-07T13:00:00,1,2025,1,NYJ,PIT,HOME,32.0,34.0,66.0,MetLife Stadium,9.0,10.0,7.0,6.0,0.0,34.0,43.0,34:43,23.0,13.0,9.0,1.0,62.0,394,6.4,4.0,39,182,4.7,3,22,16,212,1,0,9.6,13.2,72.7,117.99,14.0,7.0,50.0,2.0,1.0,50.0,4.0,3.0,0.0,0.0,7,74,1.0,1,1,6,7,7,2.0,94.0,47.0,1,0,-1,7.0,10.0,0.0,17.0,0.0,25.0,17.0,25:17,19.0,2.0,14.0,3.0,54.0,271,5.0,4.0,20,53,2.6,0,30,22,218,4,0,7.3,9.9,73.3,133.06,10.0,4.0,40.0,0.0,0.0,0.0,3.0,3.0,0.0,0.0,4,26,2.0,0,4,26,6,6,4.0,190.0,47.5,0,1.0,1.0,75.0,0.0,100.0,0.0,2.0,2.0,0.0,3.0,0.0,0.0,0.0,2,2,4.0,4.0,0.0,0.0,0.0,0.0,0.0,2,2,31.0,24.0,4.0,26.0,4,2,0.0,45.0,21.0,1.0,6.0,4,1,1.0,Sunday,993005135.0,24,28,19061.0,-2.0,0,-1,0.5,0,
202510124,2025-09-07T13:00:00,1,2025,1,PIT,NYJ,AWAY,34.0,32.0,66.0,MetLife Stadium,7.0,10.0,0.0,17.0,0.0,25.0,17.0,25:17,19.0,2.0,14.0,3.0,54.0,271,5.0,4.0,20,53,2.6,0,30,22,218,4,0,7.3,9.9,73.3,133.06,10.0,4.0,40.0,0.0,0.0,0.0,3.0,3.0,0.0,0.0,4,26,2.0,0,4,26,6,6,4.0,190.0,47.5,0,1,1,9.0,10.0,7.0,6.0,0.0,34.0,43.0,34:43,23.0,13.0,9.0,1.0,62.0,394,6.4,4.0,39,182,4.7,3,22,16,212,1,0,9.6,13.2,72.7,117.99,14.0,7.0,50.0,2.0,1.0,50.0,4.0,3.0,0.0,0.0,7,74,1.0,1,1,6,7,7,2.0,94.0,47.0,1,0.0,-1.0,100.0,0.0,75.0,0.0,4.0,4.0,0.0,0.0,0.0,0.0,0.0,2,2,2.0,2.0,0.0,3.0,0.0,0.0,0.0,2,2,45.0,21.0,1.0,6.0,4,1,1.0,31.0,24.0,4.0,26.0,4,2,0.0,Sunday,993005133.0,28,24,19061.0,2.0,1,1,0.4,0,
202510126,2025-09-04T20:20:00,1,2025,1,DAL,PHI,AWAY,20.0,24.0,44.0,Lincoln Financial Field,7.0,13.0,0.0,0.0,0.0,25.0,8.0,25:08,22.0,7.0,9.0,6.0,56.0,307,5.5,2.0,22,119,5.4,2,34,21,188,0,0,5.5,9.0,61.8,76.59,11.0,7.0,63.6,1.0,0.0,0.0,3.0,2.0,0.0,0.0,4,42,1.0,1,0,0,5,5,2.0,87.0,43.5,1,0,-1,7.0,14.0,3.0,0.0,0.0,34.0,52.0,34:52,20.0,14.0,6.0,0.0,62.0,302,4.9,3.0,38,158,4.2,3,23,19,144,0,0,6.3,7.6,82.6,92.75,13.0,8.0,61.5,0.0,0.0,0.0,3.0,3.0,0.0,0.0,9,110,0.0,0,1,8,1,3,3.0,146.0,48.7,0,1.0,1.0,66.7,0.0,100.0,0.0,2.0,2.0,0.0,0.0,0.0,0.0,0.0,2,2,3.0,3.0,0.0,0.0,0.0,0.0,0.0,1,1,36.0,33.0,1.0,8.0,0,0,0.0,34.0,23.0,0.0,0.0,6,1,1.0,Thursday,993005117.0,9,26,19039.0,-4.0,0,-1,0.6363636363636364,0,
202510126,2025-09-04T20:20:00,1,2025,1,PHI,DAL,HOME,24.0,20.0,44.0,Lincoln Financial Field,7.0,14.0,3.0,0.0,0.0,34.0,52.0,34:52,20.0,14.0,6.0,0.0,62.0,302,4.9,3.0,38,158,4.2,3,23,19,144,0,0,6.3,7.6,82.6,92.75,13.0,8.0,61.5,0.0,0.0,0.0,3.0,3.0,0.0,0.0,9,110,0.0,0,1,8,1,3,3.0,146.0,48.7,0,1,1,7.0,13.0,0.0,0.0,0.0,25.0,8.0,25:08,22.0,7.0,9.0,6.0,56.0,307,5.5,2.0,22,119,5.4,2,34,21,188,0,0,5.5,9.0,61.8,76.59,11.0,7.0,63.6,1.0,0.0,0.0,3.0,2.0,0.0,0.0,4,42,1.0,1,0,0,5,5,2.0,87.0,43.5,1,0.0,-1.0,100.0,0.0,66.7,0.0,3.0,3.0,0.0,0.0,0.0,0.0,0.0,1,1,2.0,2.0,0.0,0.0,0.0,0.0,0.0,2,2,34.0,23.0,0.0,0.0,6,1,1.0,36.0,33.0,1.0,8.0,0,0,0.0,Thursday,993005118.0,26,9,19039.0,4.0,1,1,0.6153846153846154,0,
202510129,2025-09-05T20:00:00,1,2025,1,KC,LAC,AWAY,21.0,27.0,48.0,Arena Corinthians,0.0,6.0,6.0,9.0,0.0,27.0,16.0,27:16,18.0,8.0,9.0,1.0,58.0,347,6.0,2.0,17,98,5.8,1,39,24,249,1,0,6.4,10.4,61.5,88.51,14.0,5.0,35.7,3.0,3.0,100.0,3.0,1.0,0.0,0.0,10,71,1.0,0,2,9,4,6,3.0,116.0,38.7,0,0,0,7.0,6.0,7.0,7.0,0.0,32.0,44.0,32:44,22.0,6.0,16.0,0.0,62.0,394,6.4,3.0,25,90,3.6,0,34,25,304,3,0,8.9,12.2,73.5,130.02,13.0,7.0,53.8,1.0,1.0,100.0,4.0,2.0,0.0,0.0,6,49,1.0,0,3,14,8,3,2.0,106.0,53.0,0,0.0,0.0,33.3,0.0,50.0,0.0,1.0,0.0,0.0,2.0,0.0,0.0,0.0,3,3,3.0,3.0,0.0,0.0,0.0,0.0,0.0,2,2,41.0,14.0,3.0,14.0,2,1,0.0,33.0,16.0,2.0,9.0,4,0,0.0,Friday,993005119.0,16,29,19054.0,-6.0,0,0,0.3571428571428571,0,
202510129,2025-09-05T20:00:00,1,2025,1,LAC,KC,HOME,27.0,21.0,48.0,Arena Corinthians,7.0,6.0,7.0,7.0,0.0,32.0,44.0,32:44,22.0,6.0,16.0,0.0,62.0,394,6.4,3.0,25,90,3.6,0,34,25,304,3,0,8.9,12.2,73.5,130.02,13.0,7.0,53.8,1.0,1.0,100.0,4.0,2.0,0.0,0.0,6,49,1.0,0,3,14,8,3,2.0,106.0,53.0,0,0,0,0.0,6.0,6.0,9.0,0.0,27.0,16.0,27:16,18.0,8.0,9.0,1.0,58.0,347,6.0,2.0,17,98,5.8,1,39,24,249,1,0,6.4,10.4,61.5,88.51,14.0,5.0,35.7,3.0,3.0,100.0,3.0,1.0,0.0,0.0,10,71,1.0,0,2,9,4,6,3.0,116.0,38.7,0,0.0,0.0,50.0,0.0,33.3,0.0,3.0,3.0,0.0,0.0,0.0,0.0,0.0,2,2,1.0,0.0,0.0,2.0,0.0,0.0,0.0,3,3,33.0,16.0,2.0,9.0,4,0,0.0,41.0,14.0,3.0,14.0,2,1,0.0,Friday,993005120.0,29,16,19054.0,6.0,1,0,0.5384615384615384,0,
202510130,2025-09-07T16:05:00,1,2025,1,SEA,SF,HOME,13.0,17.0,30.0,Lumen Field,0.0,10.0,0.0,3.0,0.0,22.0,2.0,22:02,14.0,6.0,6.0,2.0,50.0,230,4.6,1.0,26,84,3.2,1,23,16,146,0,0,6.3,9.1,69.6,86.5,10.0,3.0,30.0,0.0,0.0,0.0,3.0,1.0,0.0,0.0,4,30,3.0,2,1,4,8,7,5.0,259.0,51.8,2,2,0,7.0,0.0,0.0,10.0,0.0,37.0,58.0,37:58,24.0,7.0,15.0,2.0,72.0,384,5.3,2.0,36,119,3.3,0,35,26,265,2,2,7.6,10.2,74.3,90.77,14.0,7.0,50.0,2.0,2.0,100.0,5.0,2.0,0.0,0.0,9,61,2.0,0,1,12,2,7,2.0,96.0,48.0,2,2.0,0.0,33.3,0.0,40.0,0.0,1.0,1.0,0.0,0.0,0.0,0.0,0.0,2,2,2.0,2.0,0.0,0.0,0.0,0.0,0.0,3,1,46.0,35.0,1.0,12.0,4,0,0.0,34.0,19.0,1.0,4.0,3,2,2.0,Sunday,993005138.0,30,31,19064.0,-4.0,0,0,0.3,0,
202510130,2025-09-07T16:05:00,1,2025,1,SF,SEA,AWAY,17.0,13.0,30.0,Lumen Field,7.0,0.0,0.0,10.0,0.0,37.0,58.0,37:58,24.0,7.0,15.0,2.0,72.0,384,5.3,2.0,36,119,3.3,0,35,26,265,2,2,7.6,10.2,74.3,90.77,14.0,7.0,50.0,2.0,2.0,100.0,5.0,2.0,0.0,0.0,9,61,2.0,0,1,12,2,7,2.0,96.0,48.0,2,2,0,0.0,10.0,0.0,3.0,0.0,22.0,2.0,22:02,14.0,6.0,6.0,2.0,50.0,230,4.6,1.0,26,84,3.2,1,23,16,146,0,0,6.3,9.1,69.6,86.5,10.0,3.0,30.0,0.0,0.0,0.0,3.0,1.0,0.0,0.0,4,30,3.0,2,1,4,8,7,5.0,259.0,51.8,2,2.0,0.0,40.0,0.0,33.3,0.0,2.0,2.0,0.0,0.0,0.0,0.0,0.0,3,1,1.0,1.0,0.0,0.0,0.0,0.0,0.0,2,2,34.0,19.0,1.0,4.0,3,2,2.0,46.0,35.0,1.0,12.0,4,0,0.0,Sunday,993005137.0,31,30,19064.0,4.0,1,0,0.5,0,
202510132,2025-09-07T16:25:00,1,2025,1,HOU,LAR,AWAY,9.0,14.0,23.0,SoFi Stadium,3.0,6.0,0.0,0.0,0.0,31.0,25.0,31:25,18.0,8.0,7.0,3.0,57.0,265,4.6,0.0,27,114,4.2,0,27,19,151,0,1,5.6,7.9,70.4,68.6,9.0,2.0,22.2,1.0,1.0,100.0,1.0,0.0,0.0,0.0,11,80,1.0,1,3,37,6,5,4.0,208.0,52.0,2,1,-1,0.0,7.0,7.0,0.0,0.0,28.0,35.0,28:35,18.0,3.0,13.0,2.0,57.0,296,5.2,2.0,25,72,2.9,1,29,21,224,1,0,7.7,10.7,72.4,106.11,13.0,7.0,53.8,1.0,1.0,100.0,3.0,2.0,0.0,0.0,7,60,2.0,1,3,21,7,3,5.0,220.0,44.0,1,2.0,1.0,0.0,0.0,66.7,0.0,0.0,0.0,0.0,0.0,0.0,0.0,0.0,3,3,2.0,2.0,0.0,0.0,0.0,0.0,0.0,0,0,35.0,23.0,3.0,21.0,1,1,1.0,38.0,24.0,3.0,37.0,4,1,1.0,Sunday,993005141.0,13,32,19066.0,-5.0,0,-1,0.2222222222222222,0,
202510132,2025-09-07T16:25:00,1,2025,1,LAR,HOU,HOME,14.0,9.0,23.0,SoFi Stadium,0.0,7.0,7.0,0.0,0.0,28.0,35.0,28:35,18.0,3.0,13.0,2.0,57.0,296,5.2,2.0,25,72,2.9,1,29,21,224,1,0,7.7,10.7,72.4,106.11,13.0,7.0,53.8,1.0,1.0,100.0,3.0,2.0,0.0,0.0,7,60,2.0,1,3,21,7,3,5.0,220.0,44.0,1,2,1,3.0,6.0,0.0,0.0,0.0,31.0,25.0,31:25,18.0,8.0,7.0,3.0,57.0,265,4.6,0.0,27,114,4.2,0,27,19,151,0,1,5.6,7.9,70.4,68.6,9.0,2.0,22.2,1.0,1.0,100.0,1.0,0.0,0.0,0.0,11,80,1.0,1,3,37,6,5,4.0,208.0,52.0,2,1.0,-1.0,66.7,0.0,0.0,0.0,2.0,2.0,0.0,0.0,0.0,0.0,0.0,0,0,0.0,0.0,0.0,0.0,0.0,0.0,0.0,3,3,38.0,24.0,3.0,37.0,4,1,1.0,35.0,23.0,3.0,21.0,1,1,1.0,Sunday,993005142.0,32,13,19066.0,5.0,1,1,0.5384615384615384,0,
202510135,2025-09-07T13:00:00,1,2025,1,NYG,WAS,AWAY,6.0,21.0,27.0,Northwest Stadium,0.0,3.0,3.0,0.0,0.0,30.0,32.0,30:32,17.0,4.0,9.0,4.0,62.0,231,3.7,0.0,23,74,3.2,0,37,17,157,0,0,4.2,9.2,45.9,58.05,16.0,4.0,25.0,2.0,1.0,50.0,2.0,0.0,0.0,0.0,6,35,1.0,0,2,11,5,3,6.0,287.0,47.8,0,0,0,7.0,7.0,0.0,7.0,0.0,29.0,28.0,29:28,25.0,11.0,11.0,3.0,65.0,432,6.6,3.0,32,220,6.9,2,30,19,212,1,0,7.1,11.2,63.3,95.42,11.0,4.0,36.4,0.0,0.0,0.0,4.0,3.0,0.0,0.0,12,89,0.0,0,3,21,8,7,5.0,245.0,49.0,0,0.0,0.0,0.0,0.0,75.0,0.0,0.0,0.0,0.0,0.0,0.0,0.0,0.0,2,2,3.0,3.0,0.0,0.0,0.0,0.0,0.0,0,0,28.0,37.0,3.0,21.0,3,0,0.0,31.0,25.0,2.0,11.0,7,1,0.0,Sunday,993005131.0,23,35,19062.0,-15.0,0,0,0.25,0,
202510135,2025-09-07T13:00:00,1,2025,1,WAS,NYG,HOME,21.0,6.0,27.0,Northwest Stadium,7.0,7.0,0.0,7.0,0.0,29.0,28.0,29:28,25.0,11.0,11.0,3.0,65.0,432,6.6,3.0,32,220,6.9,2,30,19,212,1,0,7.1,11.2,63.3,95.42,11.0,4.0,36.4,0.0,0.0,0.0,4.0,3.0,0.0,0.0,12,89,0.0,0,3,21,8,7,5.0,245.0,49.0,0,0,0,0.0,3.0,3.0,0.0,0.0,30.0,32.0,30:32,17.0,4.0,9.0,4.0,62.0,231,3.7,0.0,23,74,3.2,0,37,17,157,0,0,4.2,9.2,45.9,58.05,16.0,4.0,25.0,2.0,1.0,50.0,2.0,0.0,0.0,0.0,6,35,1.0,0,2,11,5,3,6.0,287.0,47.8,0,0.0,0.0,75.0,0.0,0.0,0.0,3.0,3.0,0.0,0.0,0.0,0.0,0.0,0,0,0.0,0.0,0.0,0.0,0.0,0.0,0.0,2,2,31.0,25.0,2.0,11.0,7,1,0.0,28.0,37.0,3.0,21.0,3,0,0.0,Sunday,993005132.0,35,23,19062.0,15.0,1,0,0.3636363636363636,0,
202510201,2025-09-14T16:05:00,1,2025,2,ARI,CAR,HOME,27.0,22.0,49.0,State Farm Stadium,10.0,10.0,7.0,0.0,0.0,26.0,45.0,26:45,16.0,5.0,10.0,1.0,48.0,293,6.1,3.0,22,82,3.7,1,25,17,211,1,1,8.4,12.4,68.0,90.58,9.0,3.0,33.3,1.0,1.0,100.0,4.0,2.0,0.0,0.0,12,96,0.0,0,1,9,10,6,2.0,123.0,61.5,1,2,1,3.0,0.0,6.0,13.0,0.0,33.0,15.0,33:15,26.0,4.0,19.0,3.0,77.0,352,4.6,3.0,19,49,2.6,0,55,35,303,3,1,5.5,8.7,63.6,88.67,15.0,5.0,33.3,4.0,3.0,75.0,4.0,3.0,0.0,0.0,7,83,1.0,1,3,25,4,4,2.0,95.0,47.5,2,1.0,-1.0,50.0,0.0,75.0,0.0,3.0,3.0,0.0,0.0,0.0,0.0,0.0,2,2,1.0,1.0,0.0,2.0,0.0,0.0,0.0,1,1,42.0,29.0,3.0,25.0,9,1,1.0,30.0,22.0,1.0,9.0,5,0,0.0,Sunday,993005170.0,1,5,19093.0,5.0,1,1,0.3333333333333333,0,
202510201,2025-09-14T16:05:00,1,2025,2,CAR,ARI,AWAY,22.0,27.0,49.0,State Farm Stadium,3.0,0.0,6.0,13.0,0.0,33.0,15.0,33:15,26.0,4.0,19.0,3.0,77.0,352,4.6,3.0,19,49,2.6,0,55,35,303,3,1,5.5,8.7,63.6,88.67,15.0,5.0,33.3,4.0,3.0,75.0,4.0,3.0,0.0,0.0,7,83,1.0,1,3,25,4,4,2.0,95.0,47.5,2,1,-1,10.0,10.0,7.0,0.0,0.0,26.0,45.0,26:45,16.0,5.0,10.0,1.0,48.0,293,6.1,3.0,22,82,3.7,1,25,17,211,1,1,8.4,12.4,68.0,90.58,9.0,3.0,33.3,1.0,1.0,100.0,4.0,2.0,0.0,0.0,12,96,0.0,0,1,9,10,6,2.0,123.0,61.5,1,2.0,1.0,75.0,0.0,50.0,0.0,1.0,1.0,0.0,2.0,0.0,0.0,0.0,1,1,3.0,3.0,0.0,0.0,0.0,0.0,0.0,2,2,30.0,22.0,1.0,9.0,5,0,0.0,42.0,29.0,3.0,25.0,9,1,1.0,Sunday,993005169.0,5,1,19093.0,-5.0,0,-1,0.3333333333333333,0,
202510203,2025-09-14T13:00:00,1,2025,2,BAL,CLE,HOME,41.0,17.0,58.0,M&T Bank Stadium,3.0,7.0,10.0,21.0,0.0,28.0,11.0,28:11,14.0,2.0,10.0,2.0,53.0,242,4.6,5.0,21,45,2.1,0,29,19,197,4,0,6.8,10.4,65.5,124.57,12.0,3.0,25.0,1.0,1.0,100.0,4.0,3.0,0.0,0.0,6,28,1.0,0,3,28,9,7,5.0,259.0,51.8,0,2,2,0.0,3.0,7.0,7.0,0.0,31.0,49.0,31:49,17.0,7.0,10.0,0.0,72.0,323,4.5,2.0,22,115,5.2,0,48,28,208,2,1,4.3,7.4,58.3,73.96,18.0,7.0,38.9,3.0,1.0,33.3,2.0,2.0,0.0,0.0,6,42,2.0,1,2,11,5,5,5.0,223.0,44.6,2,0.0,-2.0,75.0,0.0,100.0,0.0,5.0,5.0,0.0,0.0,0.0,0.0,0.0,2,2,2.0,2.0,0.0,0.0,0.0,0.0,0.0,1,1,40.0,25.0,2.0,11.0,5,1,1.0,25.0,25.0,3.0,28.0,5,1,0.0,Sunday,993005168.0,3,8,19084.0,24.0,1,2,0.25,0,
202510203,2025-09-14T13:00:00,1,2025,2,CLE,BAL,AWAY,17.0,41.0,58.0,M&T Bank Stadium,0.0,3.0,7.0,7.0,0.0,31.0,49.0,31:49,17.0,7.0,10.0,0.0,72.0,323,4.5,2.0,22,115,5.2,0,48,28,208,2,1,4.3,7.4,58.3,73.96,18.0,7.0,38.9,3.0,1.0,33.3,2.0,2.0,0.0,0.0,6,42,2.0,1,2,11,5,5,5.0,223.0,44.6,2,0,-2,3.0,7.0,10.0,21.0,0.0,28.0,11.0,28:11,14.0,2.0,10.0,2.0,53.0,242,4.6,5.0,21,45,2.1,0,29,19,197,4,0,6.8,10.4,65.5,124.57,12.0,3.0,25.0,1.0,1.0,100.0,4.0,3.0,0.0,0.0,6,28,1.0,0,3,28,9,7,5.0,259.0,51.8,0,2.0,2.0,100.0,0.0,75.0,0.0,2.0,2.0,0.0,0.0,0.0,0.0,0.0,1,1,5.0,5.0,0.0,0.0,0.0,0.0,0.0,2,2,25.0,25.0,3.0,28.0,5,1,0.0,40.0,25.0,2.0,11.0,5,1,1.0,Sunday,993005167.0,8,3,19084.0,-24.0,0,-2,0.3888888888888889,0,
202510207,2025-09-14T13:00:00,1,2025,2,CIN,JAX,HOME,31.0,27.0,58.0,Paycor Stadium,7.0,3.0,14.0,7.0,0.0,26.0,49.0,26:49,24.0,5.0,17.0,2.0,65.0,350,5.4,4.0,17,48,2.8,1,45,28,302,3,3,6.7,10.8,62.2,76.34,14.0,6.0,42.9,1.0,1.0,100.0,4.0,3.0,0.0,0.0,3,29,1.0,0,3,15,4,2,3.0,166.0,55.3,3,2,-1,7.0,10.0,7.0,3.0,0.0,33.0,11.0,33:11,21.0,5.0,15.0,1.0,70.0,400,5.7,3.0,27,139,5.1,0,42,24,261,3,2,6.2,10.9,57.1,79.56,13.0,6.0,46.2,1.0,0.0,0.0,6.0,3.0,0.0,0.0,6,55,1.0,0,1,10,9,6,2.0,95.0,47.5,2,3.0,1.0,75.0,0.0,50.0,0.0,4.0,4.0,0.0,0.0,0.0,0.0,0.0,1,1,3.0,3.0,0.0,0.0,0.0,0.0,0.0,2,2,40.0,23.0,1.0,10.0,8,0,0.0,36.0,20.0,3.0,15.0,12,0,0.0,Sunday,993005154.0,7,15,19085.0,4.0,1,-1,0.4285714285714285,0,
202510207,2025-09-14T13:00:00,1,2025,2,JAX,CIN,AWAY,27.0,31.0,58.0,Paycor Stadium,7.0,10.0,7.0,3.0,0.0,33.0,11.0,33:11,21.0,5.0,15.0,1.0,70.0,400,5.7,3.0,27,139,5.1,0,42,24,261,3,2,6.2,10.9,57.1,79.56,13.0,6.0,46.2,1.0,0.0,0.0,6.0,3.0,0.0,0.0,6,55,1.0,0,1,10,9,6,2.0,95.0,47.5,2,3,1,7.0,3.0,14.0,7.0,0.0,26.0,49.0,26:49,24.0,5.0,17.0,2.0,65.0,350,5.4,4.0,17,48,2.8,1,45,28,302,3,3,6.7,10.8,62.2,76.34,14.0,6.0,42.9,1.0,1.0,100.0,4.0,3.0,0.0,0.0,3,29,1.0,0,3,15,4,2,3.0,166.0,55.3,3,2.0,-1.0,50.0,0.0,75.0,0.0,3.0,3.0,0.0,0.0,0.0,0.0,0.0,2,2,4.0,4.0,0.0,0.0,0.0,0.0,0.0,1,1,36.0,20.0,3.0,15.0,12,0,0.0,40.0,23.0,1.0,10.0,8,0,0.0,Sunday,993005153.0,15,7,19085.0,-4.0,0,1,0.4615384615384615,0,
202510209,2025-09-14T13:00:00,1,2025,2,DAL,NYG,HOME,40.0,37.0,77.0,AT&T Stadium,0.0,10.0,7.0,20.0,3.0,37.0,21.0,37:21,32.0,8.0,18.0,6.0,83.0,478,5.8,4.0,28,135,4.8,2,52,38,343,2,1,6.6,9.0,73.1,95.27,14.0,6.0,42.9,1.0,1.0,100.0,3.0,3.0,0.0,0.0,12,106,2.0,0,3,18,6,4,4.0,191.0,47.8,1,1,0,6.0,7.0,3.0,21.0,0.0,32.0,39.0,32:39,22.0,6.0,15.0,1.0,65.0,506,7.8,4.0,21,84,4.0,1,41,30,422,3,1,10.3,14.1,73.2,120.17,14.0,6.0,42.9,2.0,1.0,50.0,5.0,1.0,0.0,0.0,14,160,1.0,0,3,28,7,8,3.0,135.0,45.0,1,1.0,0.0,100.0,0.0,20.0,0.0,4.0,4.0,0.0,0.0,0.0,0.0,0.0,4,4,4.0,4.0,0.0,0.0,0.0,0.0,0.0,3,3,37.0,36.0,3.0,28.0,2,0,0.0,57.0,21.0,3.0,18.0,9,0,0.0,Sunday,993005158.0,9,23,19086.0,3.0,1,0,0.4285714285714285,0,
202510209,2025-09-14T13:00:00,1,2025,2,NYG,DAL,AWAY,37.0,40.0,77.0,AT&T Stadium,6.0,7.0,3.0,21.0,0.0,32.0,39.0,32:39,22.0,6.0,15.0,1.0,65.0,506,7.8,4.0,21,84,4.0,1,41,30,422,3,1,10.3,14.1,73.2,120.17,14.0,6.0,42.9,2.0,1.0,50.0,5.0,1.0,0.0,0.0,14,160,1.0,0,3,28,7,8,3.0,135.0,45.0,1,1,0,0.0,10.0,7.0,20.0,3.0,37.0,21.0,37:21,32.0,8.0,18.0,6.0,83.0,478,5.8,4.0,28,135,4.8,2,52,38,343,2,1,6.6,9.0,73.1,95.27,14.0,6.0,42.9,1.0,1.0,100.0,3.0,3.0,0.0,0.0,12,106,2.0,0,3,18,6,4,4.0,191.0,47.8,1,1.0,0.0,20.0,0.0,100.0,0.0,4.0,4.0,0.0,0.0,0.0,0.0,0.0,3,3,4.0,4.0,0.0,0.0,0.0,0.0,0.0,4,4,57.0,21.0,3.0,18.0,9,0,0.0,37.0,36.0,3.0,28.0,2,0,0.0,Sunday,993005157.0,23,9,19086.0,-3.0,0,0,0.4285714285714285,0,
202510211,2025-09-14T13:00:00,1,2025,2,CHI,DET,AWAY,21.0,52.0,73.0,Ford Field,7.0,7.0,0.0,7.0,0.0,29.0,40.0,29:40,19.0,7.0,11.0,1.0,64.0,339,5.3,3.0,27,134,5.0,1,33,21,205,2,1,6.2,9.8,63.6,88.57,13.0,7.0,53.8,2.0,0.0,0.0,2.0,2.0,0.0,0.0,8,50,2.0,1,4,29,4,4,4.0,212.0,53.0,2,0,-2,14.0,14.0,10.0,14.0,0.0,30.0,20.0,30:20,25.0,10.0,15.0,0.0,58.0,511,8.8,7.0,30,177,5.9,2,28,23,334,5,0,11.9,14.5,82.1,155.95,10.0,4.0,40.0,1.0,1.0,100.0,7.0,6.0,0.0,0.0,3,28,0.0,0,0,0,4,5,3.0,147.0,49.0,0,2.0,2.0,100.0,0.0,85.7,0.0,3.0,3.0,0.0,0.0,0.0,0.0,0.0,0,0,7.0,7.0,0.0,0.0,0.0,0.0,0.0,2,1,40.0,22.0,0.0,0.0,0,0,0.0,42.0,20.0,4.0,29.0,5,1,1.0,Sunday,993005151.0,6,11,19087.0,-31.0,0,-2,0.5384615384615384,0,
202510211,2025-09-14T13:00:00,1,2025,2,DET,CHI,HOME,52.0,21.0,73.0,Ford Field,14.0,14.0,10.0,14.0,0.0,30.0,20.0,30:20,25.0,10.0,15.0,0.0,58.0,511,8.8,7.0,30,177,5.9,2,28,23,334,5,0,11.9,14.5,82.1,155.95,10.0,4.0,40.0,1.0,1.0,100.0,7.0,6.0,0.0,0.0,3,28,0.0,0,0,0,4,5,3.0,147.0,49.0,0,2,2,7.0,7.0,0.0,7.0,0.0,29.0,40.0,29:40,19.0,7.0,11.0,1.0,64.0,339,5.3,3.0,27,134,5.0,1,33,21,205,2,1,6.2,9.8,63.6,88.57,13.0,7.0,53.8,2.0,0.0,0.0,2.0,2.0,0.0,0.0,8,50,2.0,1,4,29,4,4,4.0,212.0,53.0,2,0.0,-2.0,85.7,0.0,100.0,0.0,7.0,7.0,0.0,0.0,0.0,0.0,0.0,2,1,3.0,3.0,0.0,0.0,0.0,0.0,0.0,0,0,42.0,20.0,4.0,29.0,5,1,1.0,40.0,22.0,0.0,0.0,0,0,0.0,Sunday,993005152.0,11,6,19087.0,31.0,1,2,0.4,0,
202510212,2025-09-11T20:15:00,1,2025,2,GB,WAS,HOME,27.0,18.0,45.0,Lambeau Field,7.0,7.0,3.0,10.0,0.0,32.0,26.0,32:26,22.0,6.0,14.0,2.0,63.0,404,6.4,3.0,30,135,4.5,1,31,19,269,2,0,8.7,14.2,61.3,110.82,12.0,5.0,41.7,1.0,0.0,0.0,4.0,3.0,0.0,0.0,10,77,0.0,0,2,23,12,3,4.0,213.0,53.2,0,0,0,0.0,3.0,0.0,15.0,0.0,27.0,34.0,27:34,15.0,3.0,10.0,2.0,65.0,230,3.5,2.0,19,51,2.7,0,42,24,179,2,0,4.3,7.5,57.1,83.33,16.0,5.0,31.2,3.0,1.0,33.3,1.0,1.0,0.0,0.0,5,30,0.0,0,4,21,4,2,4.0,187.0,46.8,0,0.0,0.0,75.0,0.0,100.0,0.0,3.0,3.0,0.0,0.0,0.0,0.0,0.0,3,2,1.0,1.0,0.0,2.0,1.0,0.0,0.0,3,1,38.0,17.0,4.0,21.0,8,0,0.0,31.0,28.0,2.0,23.0,3,0,0.0,Thursday,993005150.0,12,35,19083.0,9.0,1,0,0.4166666666666667,0,
202510212,2025-09-11T20:15:00,1,2025,2,WAS,GB,AWAY,18.0,27.0,45.0,Lambeau Field,0.0,3.0,0.0,15.0,0.0,27.0,34.0,27:34,15.0,3.0,10.0,2.0,65.0,230,3.5,2.0,19,51,2.7,0,42,24,179,2,0,4.3,7.5,57.1,83.33,16.0,5.0,31.2,3.0,1.0,33.3,1.0,1.0,0.0,0.0,5,30,0.0,0,4,21,4,2,4.0,187.0,46.8,0,0,0,7.0,7.0,3.0,10.0,0.0,32.0,26.0,32:26,22.0,6.0,14.0,2.0,63.0,404,6.4,3.0,30,135,4.5,1,31,19,269,2,0,8.7,14.2,61.3,110.82,12.0,5.0,41.7,1.0,0.0,0.0,4.0,3.0,0.0,0.0,10,77,0.0,0,2,23,12,3,4.0,213.0,53.2,0,0.0,0.0,100.0,0.0,75.0,0.0,1.0,1.0,0.0,2.0,1.0,0.0,0.0,3,1,3.0,3.0,0.0,0.0,0.0,0.0,0.0,3,2,31.0,28.0,2.0,23.0,3,0,0.0,38.0,17.0,4.0,21.0,8,0,0.0,Thursday,993005149.0,35,12,19083.0,-9.0,0,0,0.3125,0,
202510213,2025-09-15T19:00:00,1,2025,2,HOU,TB,HOME,19.0,20.0,39.0,NRG Stadium,10.0,0.0,0.0,9.0,0.0,22.0,51.0,22:51,12.0,3.0,7.0,2.0,46.0,266,5.8,2.0,19,84,4.4,1,24,13,182,1,0,7.6,14.0,54.2,92.71,9.0,2.0,22.2,1.0,0.0,0.0,2.0,0.0,0.0,0.0,6,45,0.0,0,3,25,6,6,4.0,203.0,50.8,0,0,0,7.0,7.0,0.0,6.0,0.0,37.0,9.0,37:09,25.0,9.0,12.0,4.0,72.0,360,5.0,3.0,30,169,5.6,1,38,25,191,2,0,5.0,7.6,65.8,95.39,14.0,6.0,42.9,1.0,1.0,100.0,3.0,2.0,0.0,0.0,7,45,1.0,0,4,24,6,5,5.0,253.0,50.6,0,0.0,0.0,0.0,0.0,66.7,0.0,1.0,1.0,0.0,1.0,0.0,0.0,0.0,2,2,2.0,2.0,0.0,1.0,0.0,0.0,0.0,1,0,51.0,14.0,4.0,24.0,3,1,0.0,30.0,8.0,3.0,25.0,2,0,0.0,Monday,993005178.0,13,33,19097.0,-1.0,0,0,0.2222222222222222,0,
202510213,2025-09-15T19:00:00,1,2025,2,TB,HOU,AWAY,20.0,19.0,39.0,NRG Stadium,7.0,7.0,0.0,6.0,0.0,37.0,9.0,37:09,25.0,9.0,12.0,4.0,72.0,360,5.0,3.0,30,169,5.6,1,38,25,191,2,0,5.0,7.6,65.8,95.39,14.0,6.0,42.9,1.0,1.0,100.0,3.0,2.0,0.0,0.0,7,45,1.0,0,4,24,6,5,5.0,253.0,50.6,0,0,0,10.0,0.0,0.0,9.0,0.0,22.0,51.0,22:51,12.0,3.0,7.0,2.0,46.0,266,5.8,2.0,19,84,4.4,1,24,13,182,1,0,7.6,14.0,54.2,92.71,9.0,2.0,22.2,1.0,0.0,0.0,2.0,0.0,0.0,0.0,6,45,0.0,0,3,25,6,6,4.0,203.0,50.8,0,0.0,0.0,66.7,0.0,0.0,0.0,2.0,2.0,0.0,1.0,0.0,0.0,0.0,1,0,1.0,1.0,0.0,1.0,0.0,0.0,0.0,2,2,30.0,8.0,3.0,25.0,2,0,0.0,51.0,14.0,4.0,24.0,3,1,0.0,Monday,993005177.0,33,13,19097.0,1.0,1,0,0.4285714285714285,0,
202510214,2025-09-14T16:05:00,1,2025,2,DEN,IND,AWAY,28.0,29.0,57.0,Lucas Oil Stadium,7.0,14.0,7.0,0.0,0.0,27.0,53.0,27:53,23.0,7.0,11.0,5.0,54.0,324,6.0,4.0,24,118,4.9,1,30,22,206,3,1,6.9,9.4,73.3,111.25,9.0,4.0,44.4,0.0,0.0,0.0,3.0,3.0,0.0,0.0,8,83,0.0,0,0,0,6,3,3.0,134.0,44.7,1,0,-1,6.0,14.0,3.0,6.0,0.0,32.0,7.0,32:07,26.0,6.0,16.0,4.0,67.0,473,7.1,2.0,32,167,5.2,1,34,23,306,1,0,9.0,13.3,67.6,105.76,13.0,6.0,46.2,2.0,0.0,0.0,6.0,2.0,0.0,0.0,11,68,0.0,0,1,10,0,5,0.0,0.0,0.0,0,1.0,1.0,100.0,0.0,33.3,0.0,4.0,4.0,0.0,0.0,0.0,0.0,0.0,1,0,2.0,2.0,0.0,0.0,0.0,0.0,0.0,5,5,39.0,33.0,1.0,10.0,5,0,0.0,34.0,17.0,0.0,0.0,4,0,0.0,Sunday,993005171.0,10,14,19094.0,-1.0,0,-1,0.4444444444444444,0,
202510214,2025-09-14T16:05:00,1,2025,2,IND,DEN,HOME,29.0,28.0,57.0,Lucas Oil Stadium,6.0,14.0,3.0,6.0,0.0,32.0,7.0,32:07,26.0,6.0,16.0,4.0,67.0,473,7.1,2.0,32,167,5.2,1,34,23,306,1,0,9.0,13.3,67.6,105.76,13.0,6.0,46.2,2.0,0.0,0.0,6.0,2.0,0.0,0.0,11,68,0.0,0,1,10,0,5,0.0,0.0,0.0,0,1,1,7.0,14.0,7.0,0.0,0.0,27.0,53.0,27:53,23.0,7.0,11.0,5.0,54.0,324,6.0,4.0,24,118,4.9,1,30,22,206,3,1,6.9,9.4,73.3,111.25,9.0,4.0,44.4,0.0,0.0,0.0,3.0,3.0,0.0,0.0,8,83,0.0,0,0,0,6,3,3.0,134.0,44.7,1,0.0,-1.0,33.3,0.0,100.0,0.0,2.0,2.0,0.0,0.0,0.0,0.0,0.0,5,5,4.0,4.0,0.0,0.0,0.0,0.0,0.0,1,0,34.0,17.0,0.0,0.0,4,0,0.0,39.0,33.0,1.0,10.0,5,0,0.0,Sunday,993005172.0,14,10,19094.0,1.0,1,1,0.4615384615384615,0,
202510216,2025-09-14T16:25:00,1,2025,2,KC,PHI,HOME,17.0,20.0,37.0,Arrowhead Stadium,0.0,10.0,0.0,7.0,0.0,27.0,26.0,27:26,17.0,9.0,7.0,1.0,57.0,294,5.2,2.0,26,121,4.7,1,29,16,173,1,1,6.0,10.8,55.2,70.04,12.0,4.0,33.3,3.0,2.0,66.7,2.0,1.0,0.0,0.0,6,45,1.0,0,2,14,3,5,3.0,178.0,59.3,1,0,-1,7.0,3.0,3.0,7.0,0.0,32.0,34.0,32:34,16.0,9.0,4.0,3.0,58.0,216,3.7,2.0,34,122,3.6,2,22,15,94,0,0,4.3,6.3,68.2,76.7,14.0,5.0,35.7,1.0,1.0,100.0,2.0,2.0,0.0,0.0,6,48,1.0,0,2,7,10,4,5.0,274.0,54.8,0,1.0,1.0,50.0,0.0,100.0,0.0,2.0,2.0,0.0,0.0,0.0,0.0,0.0,2,1,2.0,2.0,0.0,0.0,0.0,0.0,0.0,2,2,33.0,30.0,2.0,7.0,4,0,0.0,36.0,20.0,2.0,14.0,4,1,0.0,Sunday,993005174.0,16,26,19095.0,-3.0,0,-1,0.3333333333333333,0,
202510216,2025-09-14T16:25:00,1,2025,2,PHI,KC,AWAY,20.0,17.0,37.0,Arrowhead Stadium,7.0,3.0,3.0,7.0,0.0,32.0,34.0,32:34,16.0,9.0,4.0,3.0,58.0,216,3.7,2.0,34,122,3.6,2,22,15,94,0,0,4.3,6.3,68.2,76.7,14.0,5.0,35.7,1.0,1.0,100.0,2.0,2.0,0.0,0.0,6,48,1.0,0,2,7,10,4,5.0,274.0,54.8,0,1,1,0.0,10.0,0.0,7.0,0.0,27.0,26.0,27:26,17.0,9.0,7.0,1.0,57.0,294,5.2,2.0,26,121,4.7,1,29,16,173,1,1,6.0,10.8,55.2,70.04,12.0,4.0,33.3,3.0,2.0,66.7,2.0,1.0,0.0,0.0,6,45,1.0,0,2,14,3,5,3.0,178.0,59.3,1,0.0,-1.0,100.0,0.0,50.0,0.0,2.0,2.0,0.0,0.0,0.0,0.0,0.0,2,2,2.0,2.0,0.0,0.0,0.0,0.0,0.0,2,1,36.0,20.0,2.0,14.0,4,1,0.0,33.0,30.0,2.0,7.0,4,0,0.0,Sunday,993005173.0,26,16,19095.0,3.0,1,1,0.3571428571428571,0,
202510219,2025-09-14T13:00:00,1,2025,2,MIA,NE,HOME,27.0,33.0,60.0,Hard Rock Stadium,0.0,14.0,6.0,7.0,0.0,26.0,15.0,26:15,16.0,1.0,15.0,0.0,52.0,358,6.9,3.0,15,61,4.1,0,32,26,297,2,1,9.3,11.4,81.2,113.15,10.0,4.0,40.0,2.0,0.0,0.0,2.0,1.0,0.0,0.0,10,65,1.0,0,5,18,3,4,2.0,88.0,44.0,1,0,-1,12.0,3.0,8.0,10.0,0.0,33.0,45.0,33:45,18.0,8.0,9.0,1.0,55.0,333,6.1,4.0,29,122,4.2,1,23,19,211,2,0,9.2,11.1,82.6,133.88,12.0,7.0,58.3,1.0,1.0,100.0,4.0,3.0,0.0,0.0,12,75,2.0,0,3,19,5,6,2.0,136.0,68.0,0,1.0,1.0,50.0,0.0,75.0,0.0,3.0,3.0,0.0,0.0,0.0,0.0,0.0,2,2,3.0,1.0,0.0,0.0,0.0,1.0,1.0,2,2,31.0,29.0,3.0,19.0,2,0,0.0,37.0,15.0,5.0,18.0,2,0,0.0,Sunday,993005156.0,19,21,19088.0,-6.0,0,-1,0.4,0,
202510219,2025-09-14T13:00:00,1,2025,2,NE,MIA,AWAY,33.0,27.0,60.0,Hard Rock Stadium,12.0,3.0,8.0,10.0,0.0,33.0,45.0,33:45,18.0,8.0,9.0,1.0,55.0,333,6.1,4.0,29,122,4.2,1,23,19,211,2,0,9.2,11.1,82.6,133.88,12.0,7.0,58.3,1.0,1.0,100.0,4.0,3.0,0.0,0.0,12,75,2.0,0,3,19,5,6,2.0,136.0,68.0,0,1,1,0.0,14.0,6.0,7.0,0.0,26.0,15.0,26:15,16.0,1.0,15.0,0.0,52.0,358,6.9,3.0,15,61,4.1,0,32,26,297,2,1,9.3,11.4,81.2,113.15,10.0,4.0,40.0,2.0,0.0,0.0,2.0,1.0,0.0,0.0,10,65,1.0,0,5,18,3,4,2.0,88.0,44.0,1,0.0,-1.0,75.0,0.0,50.0,0.0,3.0,1.0,0.0,0.0,0.0,1.0,1.0,2,2,3.0,3.0,0.0,0.0,0.0,0.0,0.0,2,2,37.0,15.0,5.0,18.0,2,0,0.0,31.0,29.0,3.0,19.0,2,0,0.0,Sunday,993005155.0,21,19,19088.0,6.0,1,1,0.5833333333333334,0,
202510220,2025-09-14T20:20:00,1,2025,2,ATL,MIN,AWAY,22.0,6.0,28.0,U.S. Bank Stadium,6.0,3.0,3.0,10.0,0.0,36.0,32.0,36:32,19.0,12.0,5.0,2.0,63.0,326,5.2,1.0,39,218,5.6,1,21,13,108,0,0,5.1,8.3,61.9,75.1,15.0,6.0,40.0,0.0,0.0,0.0,5.0,1.0,0.0,0.0,5,29,1.0,1,3,27,11,5,3.0,137.0,45.7,1,4,3,0.0,6.0,0.0,0.0,0.0,23.0,28.0,23:28,10.0,3.0,7.0,0.0,46.0,198,4.3,0.0,19,78,4.1,0,21,11,120,0,2,5.7,10.9,52.4,29.96,11.0,4.0,36.4,2.0,1.0,50.0,1.0,0.0,0.0,0.0,8,50,4.0,2,6,38,5,6,4.0,204.0,51.0,4,1.0,-3.0,20.0,0.0,0.0,0.0,1.0,1.0,0.0,0.0,0.0,0.0,0.0,5,5,0.0,0.0,0.0,0.0,0.0,0.0,0.0,2,2,29.0,28.0,6.0,38.0,4,1,2.0,40.0,32.0,3.0,27.0,1,1,1.0,Sunday,993005175.0,2,20,19096.0,16.0,1,3,0.4,0,
202510220,2025-09-14T20:20:00,1,2025,2,MIN,ATL,HOME,6.0,22.0,28.0,U.S. Bank Stadium,0.0,6.0,0.0,0.0,0.0,23.0,28.0,23:28,10.0,3.0,7.0,0.0,46.0,198,4.3,0.0,19,78,4.1,0,21,11,120,0,2,5.7,10.9,52.4,29.96,11.0,4.0,36.4,2.0,1.0,50.0,1.0,0.0,0.0,0.0,8,50,4.0,2,6,38,5,6,4.0,204.0,51.0,4,1,-3,6.0,3.0,3.0,10.0,0.0,36.0,32.0,36:32,19.0,12.0,5.0,2.0,63.0,326,5.2,1.0,39,218,5.6,1,21,13,108,0,0,5.1,8.3,61.9,75.1,15.0,6.0,40.0,0.0,0.0,0.0,5.0,1.0,0.0,0.0,5,29,1.0,1,3,27,11,5,3.0,137.0,45.7,1,4.0,3.0,0.0,0.0,20.0,0.0,0.0,0.0,0.0,0.0,0.0,0.0,0.0,2,2,1.0,1.0,0.0,0.0,0.0,0.0,0.0,5,5,40.0,32.0,3.0,27.0,1,1,1.0,29.0,28.0,6.0,38.0,4,1,2.0,Sunday,993005176.0,20,2,19096.0,-16.0,0,-3,0.3636363636363636,0,
202510222,2025-09-14T13:00:00,1,2025,2,NO,SF,HOME,21.0,26.0,47.0,Caesars Superdome,0.0,7.0,7.0,7.0,0.0,29.0,15.0,29:15,21.0,6.0,12.0,3.0,67.0,307,4.6,3.0,30,121,4.0,0,34,25,186,3,0,5.5,7.4,73.5,115.56,11.0,4.0,36.4,2.0,1.0,50.0,3.0,3.0,0.0,0.0,7,45,2.0,1,3,21,6,7,4.0,171.0,42.8,1,1,0,6.0,10.0,3.0,7.0,0.0,30.0,45.0,30:45,23.0,5.0,15.0,3.0,68.0,344,5.1,3.0,26,77,3.0,0,39,26,267,3,0,6.8,10.3,66.7,111.81,15.0,8.0,53.3,0.0,0.0,0.0,2.0,2.0,0.0,0.0,5,40,2.0,1,3,12,5,7,4.0,173.0,43.2,1,1.0,0.0,100.0,0.0,100.0,0.0,3.0,3.0,0.0,0.0,0.0,0.0,0.0,1,0,3.0,2.0,0.0,0.0,0.0,0.0,0.0,2,2,40.0,20.0,3.0,12.0,6,1,1.0,44.0,25.0,3.0,21.0,3,2,1.0,Sunday,993005162.0,22,31,19089.0,-5.0,0,0,0.3636363636363636,0,
202510222,2025-09-14T13:00:00,1,2025,2,SF,NO,AWAY,26.0,21.0,47.0,Caesars Superdome,6.0,10.0,3.0,7.0,0.0,30.0,45.0,30:45,23.0,5.0,15.0,3.0,68.0,344,5.1,3.0,26,77,3.0,0,39,26,267,3,0,6.8,10.3,66.7,111.81,15.0,8.0,53.3,0.0,0.0,0.0,2.0,2.0,0.0,0.0,5,40,2.0,1,3,12,5,7,4.0,173.0,43.2,1,1,0,0.0,7.0,7.0,7.0,0.0,29.0,15.0,29:15,21.0,6.0,12.0,3.0,67.0,307,4.6,3.0,30,121,4.0,0,34,25,186,3,0,5.5,7.4,73.5,115.56,11.0,4.0,36.4,2.0,1.0,50.0,3.0,3.0,0.0,0.0,7,45,2.0,1,3,21,6,7,4.0,171.0,42.8,1,1.0,0.0,100.0,0.0,100.0,0.0,3.0,2.0,0.0,0.0,0.0,0.0,0.0,2,2,3.0,3.0,0.0,0.0,0.0,0.0,0.0,1,0,44.0,25.0,3.0,21.0,3,2,1.0,40.0,20.0,3.0,12.0,6,1,1.0,Sunday,993005161.0,31,22,19089.0,5.0,1,0,0.5333333333333333,0,
202510224,2025-09-14T13:00:00,1,2025,2,BUF,NYJ,AWAY,30.0,10.0,40.0,MetLife Stadium,10.0,10.0,3.0,7.0,0.0,38.0,21.0,38:21,25.0,12.0,9.0,4.0,71.0,403,5.7,3.0,43,224,5.2,3,27,15,179,0,0,6.6,11.9,55.6,76.0,14.0,5.0,35.7,2.0,2.0,100.0,4.0,2.0,0.0,0.0,6,69,1.0,0,1,1,7,5,3.0,130.0,43.3,0,1,1,0.0,3.0,0.0,7.0,0.0,21.0,39.0,21:39,11.0,5.0,5.0,1.0,47.0,154,3.3,1.0,21,100,4.8,0,22,10,54,1,0,2.5,5.4,45.5,67.61,11.0,0.0,0.0,3.0,3.0,100.0,1.0,1.0,0.0,0.0,5,35,3.0,1,4,29,2,4,7.0,340.0,48.6,1,0.0,-1.0,50.0,0.0,100.0,0.0,3.0,3.0,0.0,0.0,0.0,0.0,0.0,3,3,1.0,1.0,0.0,0.0,0.0,0.0,0.0,1,1,28.0,16.0,4.0,29.0,4,3,1.0,38.0,32.0,1.0,1.0,6,1,0.0,Sunday,993005163.0,4,24,19090.0,20.0,1,1,0.3571428571428571,0,
202510224,2025-09-14T13:00:00,1,2025,2,NYJ,BUF,HOME,10.0,30.0,40.0,MetLife Stadium,0.0,3.0,0.0,7.0,0.0,21.0,39.0,21:39,11.0,5.0,5.0,1.0,47.0,154,3.3,1.0,21,100,4.8,0,22,10,54,1,0,2.5,5.4,45.5,67.61,11.0,0.0,0.0,3.0,3.0,100.0,1.0,1.0,0.0,0.0,5,35,3.0,1,4,29,2,4,7.0,340.0,48.6,1,0,-1,10.0,10.0,3.0,7.0,0.0,38.0,21.0,38:21,25.0,12.0,9.0,4.0,71.0,403,5.7,3.0,43,224,5.2,3,27,15,179,0,0,6.6,11.9,55.6,76.0,14.0,5.0,35.7,2.0,2.0,100.0,4.0,2.0,0.0,0.0,6,69,1.0,0,1,1,7,5,3.0,130.0,43.3,0,1.0,1.0,100.0,0.0,50.0,0.0,1.0,1.0,0.0,0.0,0.0,0.0,0.0,1,1,3.0,3.0,0.0,0.0,0.0,0.0,0.0,3,3,38.0,32.0,1.0,1.0,6,1,0.0,28.0,16.0,4.0,29.0,4,3,1.0,Sunday,993005165.0,24,4,19090.0,-20.0,0,-1,0.0,0,
202510225,2025-09-15T22:00:00,1,2025,2,LAC,LV,AWAY,20.0,9.0,29.0,Allegiant Stadium,10.0,7.0,3.0,0.0,0.0,28.0,17.0,28:17,15.0,6.0,8.0,1.0,55.0,317,5.8,2.0,26,81,3.1,0,27,19,236,2,0,8.7,12.4,70.4,121.84,11.0,4.0,36.4,2.0,1.0,50.0,3.0,1.0,0.0,0.0,6,33,2.0,1,2,6,5,6,3.0,158.0,52.7,1,3,2,3.0,3.0,0.0,3.0,0.0,31.0,43.0,31:43,15.0,5.0,8.0,2.0,65.0,218,3.4,0.0,19,68,3.6,0,43,24,150,0,3,3.5,6.2,55.8,34.06,18.0,9.0,50.0,2.0,0.0,0.0,3.0,0.0,0.0,0.0,5,47,1.0,0,3,30,3,8,2.0,114.0,57.0,3,1.0,-2.0,33.3,0.0,0.0,0.0,2.0,2.0,0.0,0.0,0.0,0.0,0.0,2,2,0.0,0.0,0.0,0.0,0.0,0.0,0.0,3,3,39.0,21.0,3.0,30.0,15,0,0.0,36.0,22.0,2.0,6.0,6,0,1.0,Monday,993005179.0,29,25,19098.0,11.0,1,2,0.3636363636363636,0,
202510225,2025-09-15T22:00:00,1,2025,2,LV,LAC,HOME,9.0,20.0,29.0,Allegiant Stadium,3.0,3.0,0.0,3.0,0.0,31.0,43.0,31:43,15.0,5.0,8.0,2.0,65.0,218,3.4,0.0,19,68,3.6,0,43,24,150,0,3,3.5,6.2,55.8,34.06,18.0,9.0,50.0,2.0,0.0,0.0,3.0,0.0,0.0,0.0,5,47,1.0,0,3,30,3,8,2.0,114.0,57.0,3,1,-2,10.0,7.0,3.0,0.0,0.0,28.0,17.0,28:17,15.0,6.0,8.0,1.0,55.0,317,5.8,2.0,26,81,3.1,0,27,19,236,2,0,8.7,12.4,70.4,121.84,11.0,4.0,36.4,2.0,1.0,50.0,3.0,1.0,0.0,0.0,6,33,2.0,1,2,6,5,6,3.0,158.0,52.7,1,3.0,2.0,0.0,0.0,33.3,0.0,0.0,0.0,0.0,0.0,0.0,0.0,0.0,3,3,2.0,2.0,0.0,0.0,0.0,0.0,0.0,2,2,36.0,22.0,2.0,6.0,6,0,1.0,39.0,21.0,3.0,30.0,15,0,0.0,Monday,993005180.0,25,29,19098.0,-11.0,0,-2,0.5,0,
202510228,2025-09-14T13:00:00,1,2025,2,PIT,SEA,HOME,17.0,31.0,48.0,Acrisure Stadium,6.0,8.0,0.0,3.0,0.0,28.0,43.0,28:43,13.0,6.0,6.0,1.0,59.0,267,4.5,1.0,21,72,3.4,0,35,20,195,1,2,5.6,9.8,57.1,58.63,15.0,5.0,33.3,2.0,1.0,50.0,2.0,1.0,0.0,0.0,2,15,1.0,0,3,20,8,6,4.0,221.0,55.2,2,2,0,7.0,0.0,7.0,17.0,0.0,31.0,17.0,31:17,21.0,8.0,13.0,0.0,64.0,395,6.2,5.0,29,117,4.0,1,33,22,278,2,2,8.4,12.6,66.7,87.69,14.0,6.0,42.9,2.0,1.0,50.0,3.0,2.0,0.0,0.0,2,10,0.0,0,2,17,8,2,4.0,175.0,43.8,2,2.0,0.0,50.0,0.0,66.7,0.0,0.0,0.0,0.0,2.0,1.0,0.0,0.0,3,3,4.0,4.0,0.0,0.0,0.0,0.0,0.0,2,1,42.0,24.0,2.0,17.0,6,0,0.0,39.0,22.0,3.0,20.0,5,0,1.0,Sunday,993005160.0,28,30,19091.0,-14.0,0,0,0.3333333333333333,0,
202510228,2025-09-14T13:00:00,1,2025,2,SEA,PIT,AWAY,31.0,17.0,48.0,Acrisure Stadium,7.0,0.0,7.0,17.0,0.0,31.0,17.0,31:17,21.0,8.0,13.0,0.0,64.0,395,6.2,5.0,29,117,4.0,1,33,22,278,2,2,8.4,12.6,66.7,87.69,14.0,6.0,42.9,2.0,1.0,50.0,3.0,2.0,0.0,0.0,2,10,0.0,0,2,17,8,2,4.0,175.0,43.8,2,2,0,6.0,8.0,0.0,3.0,0.0,28.0,43.0,28:43,13.0,6.0,6.0,1.0,59.0,267,4.5,1.0,21,72,3.4,0,35,20,195,1,2,5.6,9.8,57.1,58.63,15.0,5.0,33.3,2.0,1.0,50.0,2.0,1.0,0.0,0.0,2,15,1.0,0,3,20,8,6,4.0,221.0,55.2,2,2.0,0.0,66.7,0.0,50.0,0.0,4.0,4.0,0.0,0.0,0.0,0.0,0.0,2,1,0.0,0.0,0.0,2.0,1.0,0.0,0.0,3,3,39.0,22.0,3.0,20.0,5,0,1.0,42.0,24.0,2.0,17.0,6,0,0.0,Sunday,993005159.0,30,28,19091.0,14.0,1,0,0.4285714285714285,0,
202510234,2025-09-14T13:00:00,1,2025,2,LAR,TEN,AWAY,33.0,19.0,52.0,Nissan Stadium,7.0,3.0,10.0,13.0,0.0,29.0,53.0,29:53,22.0,8.0,12.0,2.0,59.0,439,7.4,4.0,25,149,6.0,2,33,23,290,2,1,8.8,12.6,69.7,104.36,12.0,5.0,41.7,1.0,1.0,100.0,6.0,3.0,0.0,0.0,4,29,1.0,0,1,8,8,6,3.0,145.0,48.3,1,1,0,0.0,13.0,3.0,3.0,0.0,30.0,7.0,30:07,18.0,7.0,10.0,1.0,64.0,252,3.9,1.0,26,109,4.2,0,33,19,143,1,0,4.3,7.5,57.6,78.22,15.0,6.0,40.0,1.0,1.0,100.0,3.0,1.0,0.0,0.0,10,62,2.0,1,5,32,6,2,5.0,250.0,50.0,1,1.0,0.0,50.0,0.0,33.3,0.0,4.0,3.0,1.0,0.0,0.0,0.0,0.0,2,2,1.0,1.0,0.0,0.0,0.0,0.0,0.0,4,4,41.0,23.0,5.0,32.0,4,1,1.0,35.0,24.0,1.0,8.0,4,0,0.0,Sunday,993005164.0,32,34,19092.0,14.0,1,0,0.4166666666666667,0,
202510234,2025-09-14T13:00:00,1,2025,2,TEN,LAR,HOME,19.0,33.0,52.0,Nissan Stadium,0.0,13.0,3.0,3.0,0.0,30.0,7.0,30:07,18.0,7.0,10.0,1.0,64.0,252,3.9,1.0,26,109,4.2,0,33,19,143,1,0,4.3,7.5,57.6,78.22,15.0,6.0,40.0,1.0,1.0,100.0,3.0,1.0,0.0,0.0,10,62,2.0,1,5,32,6,2,5.0,250.0,50.0,1,1,0,7.0,3.0,10.0,13.0,0.0,29.0,53.0,29:53,22.0,8.0,12.0,2.0,59.0,439,7.4,4.0,25,149,6.0,2,33,23,290,2,1,8.8,12.6,69.7,104.36,12.0,5.0,41.7,1.0,1.0,100.0,6.0,3.0,0.0,0.0,4,29,1.0,0,1,8,8,6,3.0,145.0,48.3,1,1.0,0.0,33.3,0.0,50.0,0.0,1.0,1.0,0.0,0.0,0.0,0.0,0.0,4,4,4.0,3.0,1.0,0.0,0.0,0.0,0.0,2,2,35.0,24.0,1.0,8.0,4,0,0.0,41.0,23.0,5.0,32.0,4,1,1.0,Sunday,993005166.0,34,32,19092.0,-14.0,0,0,0.4,0,
202510303,2025-09-22T20:15:00,1,2025,3,BAL,DET,HOME,30.0,38.0,68.0,M&T Bank Stadium,7.0,7.0,7.0,9.0,0.0,26.0,42.0,26:42,21.0,4.0,14.0,3.0,54.0,318,5.9,4.0,19,85,4.5,1,28,21,233,3,0,8.3,11.1,75.0,134.97,11.0,6.0,54.5,1.0,0.0,0.0,4.0,2.0,0.0,0.0,3,10,2.0,1,7,55,6,4,3.0,157.0,52.3,1,0,-1,7.0,7.0,7.0,17.0,0.0,33.0,18.0,33:18,24.0,12.0,11.0,1.0,66.0,426,6.5,5.0,38,224,5.9,4,28,20,202,1,0,7.2,10.1,71.4,103.57,14.0,7.0,50.0,3.0,3.0,100.0,5.0,4.0,0.0,0.0,8,68,1.0,0,0,0,7,6,3.0,146.0,48.7,0,1.0,1.0,50.0,0.0,80.0,0.0,3.0,3.0,0.0,2.0,0.0,0.0,0.0,1,1,5.0,5.0,0.0,0.0,0.0,0.0,0.0,2,1,39.0,33.0,0.0,0.0,1,0,0.0,38.0,8.0,7.0,55.0,2,2,1.0,Monday,993005212.0,3,11,19114.0,-8.0,0,-1,0.5454545454545454,0,
202510303,2025-09-22T20:15:00,1,2025,3,DET,BAL,AWAY,38.0,30.0,68.0,M&T Bank Stadium,7.0,7.0,7.0,17.0,0.0,33.0,18.0,33:18,24.0,12.0,11.0,1.0,66.0,426,6.5,5.0,38,224,5.9,4,28,20,202,1,0,7.2,10.1,71.4,103.57,14.0,7.0,50.0,3.0,3.0,100.0,5.0,4.0,0.0,0.0,8,68,1.0,0,0,0,7,6,3.0,146.0,48.7,0,1,1,7.0,7.0,7.0,9.0,0.0,26.0,42.0,26:42,21.0,4.0,14.0,3.0,54.0,318,5.9,4.0,19,85,4.5,1,28,21,233,3,0,8.3,11.1,75.0,134.97,11.0,6.0,54.5,1.0,0.0,0.0,4.0,2.0,0.0,0.0,3,10,2.0,1,7,55,6,4,3.0,157.0,52.3,1,0.0,-1.0,80.0,0.0,50.0,0.0,5.0,5.0,0.0,0.0,0.0,0.0,0.0,2,1,3.0,3.0,0.0,2.0,0.0,0.0,0.0,1,1,38.0,8.0,7.0,55.0,2,2,1.0,39.0,33.0,0.0,0.0,1,0,0.0,Monday,993005211.0,11,3,19114.0,8.0,1,1,0.5,0,
202510304,2025-09-18T20:15:00,1,2025,3,BUF,MIA,HOME,31.0,21.0,52.0,Highmark Stadium,7.0,7.0,7.0,10.0,0.0,31.0,47.0,31:47,23.0,8.0,12.0,3.0,57.0,360,6.3,4.0,27,157,5.8,1,28,22,203,3,0,7.2,9.2,78.6,132.59,11.0,6.0,54.5,0.0,0.0,0.0,4.0,3.0,0.0,0.0,3,35,2.0,0,2,10,1,5,2.0,95.0,47.5,0,1,1,7.0,7.0,0.0,7.0,0.0,28.0,13.0,28:13,19.0,8.0,11.0,0.0,59.0,276,4.7,3.0,25,130,5.2,1,34,22,146,2,1,4.3,6.6,64.7,81.25,15.0,10.0,66.7,1.0,1.0,100.0,3.0,3.0,0.0,0.0,6,57,1.0,0,0,0,2,2,4.0,200.0,50.0,1,0.0,-1.0,75.0,0.0,100.0,0.0,4.0,4.0,0.0,0.0,0.0,0.0,0.0,2,1,3.0,3.0,0.0,0.0,0.0,0.0,0.0,0,0,37.0,19.0,0.0,0.0,3,0,0.0,42.0,12.0,2.0,10.0,3,0,0.0,Thursday,993005182.0,4,19,19099.0,10.0,1,1,0.5454545454545454,0,
202510304,2025-09-18T20:15:00,1,2025,3,MIA,BUF,AWAY,21.0,31.0,52.0,Highmark Stadium,7.0,7.0,0.0,7.0,0.0,28.0,13.0,28:13,19.0,8.0,11.0,0.0,59.0,276,4.7,3.0,25,130,5.2,1,34,22,146,2,1,4.3,6.6,64.7,81.25,15.0,10.0,66.7,1.0,1.0,100.0,3.0,3.0,0.0,0.0,6,57,1.0,0,0,0,2,2,4.0,200.0,50.0,1,0,-1,7.0,7.0,7.0,10.0,0.0,31.0,47.0,31:47,23.0,8.0,12.0,3.0,57.0,360,6.3,4.0,27,157,5.8,1,28,22,203,3,0,7.2,9.2,78.6,132.59,11.0,6.0,54.5,0.0,0.0,0.0,4.0,3.0,0.0,0.0,3,35,2.0,0,2,10,1,5,2.0,95.0,47.5,0,1.0,1.0,100.0,0.0,75.0,0.0,3.0,3.0,0.0,0.0,0.0,0.0,0.0,0,0,4.0,4.0,0.0,0.0,0.0,0.0,0.0,2,1,42.0,12.0,2.0,10.0,3,0,0.0,37.0,19.0,0.0,0.0,3,0,0.0,Thursday,993005181.0,19,4,19099.0,-10.0,0,-1,0.6666666666666666,0,
202510305,2025-09-21T13:00:00,1,2025,3,ATL,CAR,AWAY,0.0,30.0,30.0,Bank of America Stadium,0.0,0.0,0.0,0.0,0.0,28.0,2.0,28:02,17.0,6.0,11.0,0.0,66.0,332,5.0,0.0,23,131,5.7,0,43,23,201,0,2,4.7,8.7,53.5,46.75,13.0,5.0,38.5,3.0,0.0,0.0,0.0,0.0,0.0,0.0,3,23,1.0,1,0,0,3,4,3.0,96.0,32.0,3,1,-2,7.0,3.0,10.0,10.0,0.0,31.0,58.0,31:58,15.0,7.0,7.0,1.0,55.0,224,4.1,3.0,30,110,3.7,2,24,16,114,0,0,4.8,7.1,66.7,77.43,11.0,3.0,27.3,2.0,2.0,100.0,3.0,2.0,0.0,0.0,6,55,1.0,1,1,7,2,2,3.0,135.0,45.0,1,3.0,2.0,0.0,0.0,66.7,0.0,0.0,0.0,0.0,0.0,0.0,0.0,0.0,2,0,3.0,3.0,0.0,0.0,0.0,0.0,0.0,3,3,36.0,22.0,1.0,7.0,3,0,1.0,38.0,20.0,0.0,0.0,3,1,1.0,Sunday,993005195.0,2,5,19100.0,-30.0,0,-2,0.3846153846153846,0,
202510305,2025-09-21T13:00:00,1,2025,3,CAR,ATL,HOME,30.0,0.0,30.0,Bank of America Stadium,7.0,3.0,10.0,10.0,0.0,31.0,58.0,31:58,15.0,7.0,7.0,1.0,55.0,224,4.1,3.0,30,110,3.7,2,24,16,114,0,0,4.8,7.1,66.7,77.43,11.0,3.0,27.3,2.0,2.0,100.0,3.0,2.0,0.0,0.0,6,55,1.0,1,1,7,2,2,3.0,135.0,45.0,1,3,2,0.0,0.0,0.0,0.0,0.0,28.0,2.0,28:02,17.0,6.0,11.0,0.0,66.0,332,5.0,0.0,23,131,5.7,0,43,23,201,0,2,4.7,8.7,53.5,46.75,13.0,5.0,38.5,3.0,0.0,0.0,0.0,0.0,0.0,0.0,3,23,1.0,1,0,0,3,4,3.0,96.0,32.0,3,1.0,-2.0,66.7,0.0,0.0,0.0,3.0,3.0,0.0,0.0,0.0,0.0,0.0,3,3,0.0,0.0,0.0,0.0,0.0,0.0,0.0,2,0,38.0,20.0,0.0,0.0,3,1,1.0,36.0,22.0,1.0,7.0,3,0,1.0,Sunday,993005196.0,5,2,19100.0,30.0,1,2,0.2727272727272727,0,
202510306,2025-09-21T16:25:00,1,2025,3,CHI,DAL,HOME,31.0,14.0,45.0,Soldier Field,14.0,10.0,7.0,0.0,0.0,27.0,2.0,27:02,19.0,7.0,11.0,1.0,57.0,385,6.8,4.0,29,87,3.0,0,28,19,298,4,0,10.6,15.7,67.9,142.56,14.0,8.0,57.1,1.0,1.0,100.0,3.0,2.0,0.0,0.0,6,41,0.0,0,0,0,7,2,4.0,176.0,44.0,0,4,4,3.0,11.0,0.0,0.0,0.0,32.0,58.0,32:58,23.0,6.0,14.0,3.0,67.0,396,5.9,1.0,20,121,6.0,0,45,34,275,1,3,6.1,8.1,75.6,70.14,11.0,3.0,27.3,3.0,2.0,66.7,4.0,1.0,0.0,0.0,4,25,1.0,1,2,17,1,4,2.0,102.0,51.0,4,0.0,-4.0,66.7,0.0,25.0,0.0,4.0,4.0,0.0,0.0,0.0,0.0,0.0,1,1,0.0,0.0,0.0,2.0,1.0,0.0,0.0,2,2,45.0,28.0,2.0,17.0,6,1,1.0,34.0,23.0,0.0,0.0,3,0,0.0,Sunday,993005208.0,6,9,19111.0,17.0,1,4,0.5714285714285714,0,
202510306,2025-09-21T16:25:00,1,2025,3,DAL,CHI,AWAY,14.0,31.0,45.0,Soldier Field,3.0,11.0,0.0,0.0,0.0,32.0,58.0,32:58,23.0,6.0,14.0,3.0,67.0,396,5.9,1.0,20,121,6.0,0,45,34,275,1,3,6.1,8.1,75.6,70.14,11.0,3.0,27.3,3.0,2.0,66.7,4.0,1.0,0.0,0.0,4,25,1.0,1,2,17,1,4,2.0,102.0,51.0,4,0,-4,14.0,10.0,7.0,0.0,0.0,27.0,2.0,27:02,19.0,7.0,11.0,1.0,57.0,385,6.8,4.0,29,87,3.0,0,28,19,298,4,0,10.6,15.7,67.9,142.56,14.0,8.0,57.1,1.0,1.0,100.0,3.0,2.0,0.0,0.0,6,41,0.0,0,0,0,7,2,4.0,176.0,44.0,0,4.0,4.0,25.0,0.0,66.7,0.0,0.0,0.0,0.0,2.0,1.0,0.0,0.0,2,2,4.0,4.0,0.0,0.0,0.0,0.0,0.0,1,1,34.0,23.0,0.0,0.0,3,0,0.0,45.0,28.0,2.0,17.0,6,1,1.0,Sunday,993005207.0,9,6,19111.0,-17.0,0,-4,0.2727272727272727,0,
202510308,2025-09-21T13:00:00,1,2025,3,CLE,GB,HOME,13.0,10.0,23.0,Huntington Bank Field,0.0,0.0,0.0,13.0,0.0,25.0,46.0,25:46,15.0,5.0,7.0,3.0,57.0,221,3.9,1.0,19,96,5.1,1,36,21,125,0,1,3.5,6.0,58.3,53.59,13.0,4.0,30.8,2.0,1.0,50.0,2.0,1.0,0.0,0.0,8,90,0.0,0,2,17,7,6,6.0,291.0,48.5,1,1,0,0.0,3.0,7.0,0.0,0.0,34.0,14.0,34:14,14.0,4.0,8.0,2.0,61.0,230,3.8,1.0,31,81,2.6,0,25,18,149,1,1,6.0,8.3,72.0,83.58,18.0,10.0,55.6,0.0,0.0,0.0,2.0,1.0,0.0,0.0,14,75,1.0,0,5,34,10,5,5.0,265.0,53.0,1,1.0,0.0,50.0,0.0,50.0,0.0,1.0,1.0,0.0,0.0,0.0,0.0,0.0,2,2,1.0,1.0,0.0,0.0,0.0,0.0,0.0,2,1,38.0,33.0,5.0,34.0,2,1,0.0,31.0,27.0,2.0,17.0,3,0,0.0,Sunday,993005198.0,8,12,19101.0,3.0,1,0,0.3076923076923077,0,
202510308,2025-09-21T13:00:00,1,2025,3,GB,CLE,AWAY,10.0,13.0,23.0,Huntington Bank Field,0.0,3.0,7.0,0.0,0.0,34.0,14.0,34:14,14.0,4.0,8.0,2.0,61.0,230,3.8,1.0,31,81,2.6,0,25,18,149,1,1,6.0,8.3,72.0,83.58,18.0,10.0,55.6,0.0,0.0,0.0,2.0,1.0,0.0,0.0,14,75,1.0,0,5,34,10,5,5.0,265.0,53.0,1,1,0,0.0,0.0,0.0,13.0,0.0,25.0,46.0,25:46,15.0,5.0,7.0,3.0,57.0,221,3.9,1.0,19,96,5.1,1,36,21,125,0,1,3.5,6.0,58.3,53.59,13.0,4.0,30.8,2.0,1.0,50.0,2.0,1.0,0.0,0.0,8,90,0.0,0,2,17,7,6,6.0,291.0,48.5,1,1.0,0.0,50.0,0.0,50.0,0.0,1.0,1.0,0.0,0.0,0.0,0.0,0.0,2,1,1.0,1.0,0.0,0.0,0.0,0.0,0.0,2,2,31.0,27.0,2.0,17.0,3,0,0.0,38.0,33.0,5.0,34.0,2,1,0.0,Sunday,993005197.0,12,8,19101.0,-3.0,0,0,0.5555555555555556,0,
202510315,2025-09-21T13:00:00,1,2025,3,HOU,JAX,AWAY,10.0,17.0,27.0,EverBank Stadium,0.0,3.0,0.0,7.0,0.0,28.0,42.0,28:42,13.0,2.0,8.0,3.0,59.0,271,4.6,1.0,19,87,4.6,0,38,25,184,1,2,4.8,7.4,65.8,63.93,15.0,4.0,26.7,1.0,1.0,100.0,1.0,0.0,0.0,0.0,7,66,1.0,1,2,20,5,3,6.0,261.0,43.5,3,1,-2,7.0,0.0,3.0,7.0,0.0,31.0,18.0,31:18,17.0,5.0,10.0,2.0,66.0,291,4.4,2.0,24,86,3.6,2,40,20,205,0,1,5.1,10.2,50.0,54.69,15.0,4.0,26.7,1.0,0.0,0.0,3.0,2.0,0.0,0.0,9,70,0.0,0,2,17,6,4,6.0,293.0,48.8,1,3.0,2.0,0.0,0.0,66.7,0.0,1.0,1.0,0.0,0.0,0.0,0.0,0.0,2,1,2.0,2.0,0.0,0.0,0.0,0.0,0.0,2,1,39.0,17.0,2.0,17.0,7,0,0.0,36.0,19.0,2.0,20.0,6,1,1.0,Sunday,993005193.0,13,15,19102.0,-7.0,0,-2,0.2666666666666666,0,
202510315,2025-09-21T13:00:00,1,2025,3,JAX,HOU,HOME,17.0,10.0,27.0,EverBank Stadium,7.0,0.0,3.0,7.0,0.0,31.0,18.0,31:18,17.0,5.0,10.0,2.0,66.0,291,4.4,2.0,24,86,3.6,2,40,20,205,0,1,5.1,10.2,50.0,54.69,15.0,4.0,26.7,1.0,0.0,0.0,3.0,2.0,0.0,0.0,9,70,0.0,0,2,17,6,4,6.0,293.0,48.8,1,3,2,0.0,3.0,0.0,7.0,0.0,28.0,42.0,28:42,13.0,2.0,8.0,3.0,59.0,271,4.6,1.0,19,87,4.6,0,38,25,184,1,2,4.8,7.4,65.8,63.93,15.0,4.0,26.7,1.0,1.0,100.0,1.0,0.0,0.0,0.0,7,66,1.0,1,2,20,5,3,6.0,261.0,43.5,3,1.0,-2.0,66.7,0.0,0.0,0.0,2.0,2.0,0.0,0.0,0.0,0.0,0.0,2,1,1.0,1.0,0.0,0.0,0.0,0.0,0.0,2,1,36.0,19.0,2.0,20.0,6,1,1.0,39.0,17.0,2.0,17.0,7,0,0.0,Sunday,993005194.0,15,13,19102.0,7.0,1,2,0.2666666666666666,0,
202510320,2025-09-21T13:00:00,1,2025,3,CIN,MIN,AWAY,10.0,48.0,58.0,U.S. Bank Stadium,0.0,3.0,0.0,7.0,0.0,29.0,4.0,29:04,12.0,3.0,6.0,3.0,52.0,171,3.3,1.0,21,53,2.5,0,27,19,118,1,2,4.4,6.2,70.4,60.42,11.0,3.0,27.3,0.0,0.0,0.0,1.0,1.0,0.0,0.0,4,45,5.0,3,4,22,5,3,6.0,328.0,54.7,5,0,-5,14.0,20.0,14.0,0.0,0.0,30.0,56.0,30:56,22.0,10.0,10.0,2.0,58.0,352,6.1,6.0,31,169,5.5,2,24,16,183,2,0,7.6,11.4,66.7,117.19,12.0,4.0,33.3,1.0,1.0,100.0,5.0,4.0,0.0,0.0,13,105,1.0,0,3,19,9,7,5.0,220.0,44.0,0,5.0,5.0,100.0,0.0,80.0,0.0,1.0,1.0,0.0,0.0,0.0,0.0,0.0,1,1,6.0,6.0,0.0,0.0,0.0,0.0,0.0,2,2,38.0,25.0,3.0,19.0,1,1,0.0,41.0,12.0,4.0,22.0,5,5,3.0,Sunday,993005191.0,7,20,19103.0,-38.0,0,-5,0.2727272727272727,0,
202510320,2025-09-21T13:00:00,1,2025,3,MIN,CIN,HOME,48.0,10.0,58.0,U.S. Bank Stadium,14.0,20.0,14.0,0.0,0.0,30.0,56.0,30:56,22.0,10.0,10.0,2.0,58.0,352,6.1,6.0,31,169,5.5,2,24,16,183,2,0,7.6,11.4,66.7,117.19,12.0,4.0,33.3,1.0,1.0,100.0,5.0,4.0,0.0,0.0,13,105,1.0,0,3,19,9,7,5.0,220.0,44.0,0,5,5,0.0,3.0,0.0,7.0,0.0,29.0,4.0,29:04,12.0,3.0,6.0,3.0,52.0,171,3.3,1.0,21,53,2.5,0,27,19,118,1,2,4.4,6.2,70.4,60.42,11.0,3.0,27.3,0.0,0.0,0.0,1.0,1.0,0.0,0.0,4,45,5.0,3,4,22,5,3,6.0,328.0,54.7,5,0.0,-5.0,80.0,0.0,100.0,0.0,6.0,6.0,0.0,0.0,0.0,0.0,0.0,2,2,1.0,1.0,0.0,0.0,0.0,0.0,0.0,1,1,41.0,12.0,4.0,22.0,5,5,3.0,38.0,25.0,3.0,19.0,1,1,0.0,Sunday,993005192.0,20,7,19103.0,38.0,1,5,0.3333333333333333,0,
202510321,2025-09-21T13:00:00,1,2025,3,NE,PIT,HOME,14.0,21.0,35.0,Gillette Stadium,0.0,7.0,0.0,7.0,0.0,33.0,20.0,33:20,26.0,10.0,13.0,3.0,71.0,369,5.2,2.0,29,119,4.1,0,37,28,250,2,1,6.8,8.9,75.7,100.06,13.0,6.0,46.2,5.0,4.0,80.0,4.0,2.0,0.0,0.0,7,54,4.0,4,5,18,3,6,1.0,59.0,59.0,5,1,-4,7.0,7.0,0.0,7.0,0.0,26.0,40.0,26:40,17.0,7.0,5.0,5.0,49.0,203,4.1,3.0,26,64,2.5,1,23,16,139,2,1,6.0,8.7,69.6,96.11,9.0,4.0,44.4,0.0,0.0,0.0,3.0,3.0,0.0,0.0,8,59,1.0,0,0,0,8,6,4.0,169.0,42.2,1,5.0,4.0,50.0,0.0,100.0,0.0,2.0,2.0,0.0,0.0,0.0,0.0,0.0,0,0,3.0,3.0,0.0,0.0,0.0,0.0,0.0,0,0,30.0,21.0,0.0,0.0,1,1,0.0,46.0,31.0,5.0,18.0,5,4,4.0,Sunday,993005184.0,21,28,19104.0,-7.0,0,-4,0.4615384615384615,0,
202510321,2025-09-21T13:00:00,1,2025,3,PIT,NE,AWAY,21.0,14.0,35.0,Gillette Stadium,7.0,7.0,0.0,7.0,0.0,26.0,40.0,26:40,17.0,7.0,5.0,5.0,49.0,203,4.1,3.0,26,64,2.5,1,23,16,139,2,1,6.0,8.7,69.6,96.11,9.0,4.0,44.4,0.0,0.0,0.0,3.0,3.0,0.0,0.0,8,59,1.0,0,0,0,8,6,4.0,169.0,42.2,1,5,4,0.0,7.0,0.0,7.0,0.0,33.0,20.0,33:20,26.0,10.0,13.0,3.0,71.0,369,5.2,2.0,29,119,4.1,0,37,28,250,2,1,6.8,8.9,75.7,100.06,13.0,6.0,46.2,5.0,4.0,80.0,4.0,2.0,0.0,0.0,7,54,4.0,4,5,18,3,6,1.0,59.0,59.0,5,1.0,-4.0,100.0,0.0,50.0,0.0,3.0,3.0,0.0,0.0,0.0,0.0,0.0,0,0,2.0,2.0,0.0,0.0,0.0,0.0,0.0,0,0,46.0,31.0,5.0,18.0,5,4,4.0,30.0,21.0,0.0,0.0,1,1,0.0,Sunday,993005183.0,28,21,19104.0,7.0,1,4,0.4444444444444444,0,
202510323,2025-09-21T20:20:00,1,2025,3,KC,NYG,AWAY,22.0,9.0,31.0,MetLife Stadium,3.0,6.0,7.0,6.0,0.0,31.0,50.0,31:50,22.0,6.0,13.0,3.0,67.0,306,4.6,2.0,28,105,3.8,1,37,22,201,1,0,5.4,9.1,59.5,83.28,15.0,8.0,53.3,0.0,0.0,0.0,3.0,2.0,0.0,0.0,8,85,2.0,0,2,23,9,6,3.0,139.0,46.3,0,2,2,0.0,6.0,0.0,3.0,0.0,28.0,10.0,28:10,19.0,8.0,7.0,4.0,61.0,281,4.6,1.0,27,130,4.8,1,32,18,151,0,2,4.7,8.4,56.2,42.58,10.0,1.0,10.0,4.0,1.0,25.0,3.0,1.0,0.0,0.0,7,82,0.0,0,2,9,7,4,2.0,61.0,30.5,2,0.0,-2.0,66.7,0.0,33.3,0.0,2.0,1.0,0.0,0.0,0.0,0.0,0.0,4,3,1.0,0.0,1.0,0.0,0.0,0.0,0.0,1,1,32.0,31.0,2.0,9.0,6,0,0.0,39.0,18.0,2.0,23.0,6,1,0.0,Sunday,993005209.0,16,23,19113.0,13.0,1,2,0.5333333333333333,0,
202510323,2025-09-21T20:20:00,1,2025,3,NYG,KC,HOME,9.0,22.0,31.0,MetLife Stadium,0.0,6.0,0.0,3.0,0.0,28.0,10.0,28:10,19.0,8.0,7.0,4.0,61.0,281,4.6,1.0,27,130,4.8,1,32,18,151,0,2,4.7,8.4,56.2,42.58,10.0,1.0,10.0,4.0,1.0,25.0,3.0,1.0,0.0,0.0,7,82,0.0,0,2,9,7,4,2.0,61.0,30.5,2,0,-2,3.0,6.0,7.0,6.0,0.0,31.0,50.0,31:50,22.0,6.0,13.0,3.0,67.0,306,4.6,2.0,28,105,3.8,1,37,22,201,1,0,5.4,9.1,59.5,83.28,15.0,8.0,53.3,0.0,0.0,0.0,3.0,2.0,0.0,0.0,8,85,2.0,0,2,23,9,6,3.0,139.0,46.3,0,2.0,2.0,33.3,0.0,66.7,0.0,1.0,0.0,1.0,0.0,0.0,0.0,0.0,1,1,2.0,1.0,0.0,0.0,0.0,0.0,0.0,4,3,39.0,18.0,2.0,23.0,6,1,0.0,32.0,31.0,2.0,9.0,6,0,0.0,Sunday,993005210.0,23,16,19113.0,-13.0,0,-2,0.1,0,
202510326,2025-09-21T13:00:00,1,2025,3,LAR,PHI,AWAY,26.0,33.0,59.0,Lincoln Financial Field,10.0,9.0,7.0,0.0,0.0,29.0,25.0,29:25,22.0,11.0,10.0,1.0,66.0,356,5.4,2.0,31,160,5.2,0,34,19,196,2,1,5.8,10.3,55.9,80.02,10.0,3.0,30.0,1.0,0.0,0.0,4.0,1.0,0.0,0.0,4,41,0.0,0,1,0,4,7,1.0,36.0,36.0,1,1,0,7.0,0.0,14.0,12.0,0.0,30.0,35.0,30:35,19.0,8.0,9.0,2.0,63.0,288,4.6,5.0,27,86,3.2,1,32,21,202,3,0,6.3,9.6,65.6,114.32,14.0,5.0,35.7,5.0,4.0,80.0,3.0,3.0,0.0,0.0,5,50,1.0,1,4,24,7,2,4.0,222.0,55.5,1,1.0,0.0,25.0,0.0,100.0,0.0,2.0,2.0,0.0,0.0,0.0,0.0,0.0,6,4,3.0,3.0,0.0,2.0,0.0,0.0,0.0,0,0,35.0,25.0,4.0,24.0,6,1,1.0,37.0,29.0,1.0,0.0,4,0,0.0,Sunday,993005185.0,32,26,19105.0,-7.0,0,0,0.3,0,
202510326,2025-09-21T13:00:00,1,2025,3,PHI,LAR,HOME,33.0,26.0,59.0,Lincoln Financial Field,7.0,0.0,14.0,12.0,0.0,30.0,35.0,30:35,19.0,8.0,9.0,2.0,63.0,288,4.6,5.0,27,86,3.2,1,32,21,202,3,0,6.3,9.6,65.6,114.32,14.0,5.0,35.7,5.0,4.0,80.0,3.0,3.0,0.0,0.0,5,50,1.0,1,4,24,7,2,4.0,222.0,55.5,1,1,0,10.0,9.0,7.0,0.0,0.0,29.0,25.0,29:25,22.0,11.0,10.0,1.0,66.0,356,5.4,2.0,31,160,5.2,0,34,19,196,2,1,5.8,10.3,55.9,80.02,10.0,3.0,30.0,1.0,0.0,0.0,4.0,1.0,0.0,0.0,4,41,0.0,0,1,0,4,7,1.0,36.0,36.0,1,1.0,0.0,100.0,0.0,25.0,0.0,3.0,3.0,0.0,2.0,0.0,0.0,0.0,0,0,2.0,2.0,0.0,0.0,0.0,0.0,0.0,6,4,37.0,29.0,1.0,0.0,4,0,0.0,35.0,25.0,4.0,24.0,6,1,1.0,Sunday,993005186.0,26,32,19105.0,7.0,1,0,0.3571428571428571,0,
202510329,2025-09-21T16:05:00,1,2025,3,DEN,LAC,AWAY,20.0,23.0,43.0,SoFi Stadium,0.0,7.0,10.0,3.0,0.0,23.0,40.0,23:40,9.0,3.0,5.0,1.0,48.0,265,5.5,2.0,21,118,5.6,1,25,14,147,1,0,5.9,10.5,56.0,86.58,13.0,2.0,15.4,2.0,2.0,100.0,2.0,1.0,0.0,0.0,10,90,0.0,0,2,6,14,7,7.0,330.0,47.1,0,2,2,3.0,7.0,3.0,10.0,0.0,36.0,20.0,36:20,29.0,6.0,17.0,6.0,80.0,376,4.7,2.0,28,106,3.8,1,47,28,270,1,1,5.7,9.6,59.6,73.89,17.0,8.0,47.1,0.0,0.0,0.0,3.0,1.0,0.0,0.0,3,25,1.0,1,5,30,4,5,5.0,249.0,49.8,2,0.0,-2.0,50.0,0.0,33.3,0.0,2.0,2.0,0.0,0.0,0.0,0.0,0.0,2,2,2.0,2.0,0.0,0.0,0.0,0.0,0.0,3,3,42.0,39.0,5.0,30.0,7,1,0.0,31.0,12.0,2.0,6.0,3,0,0.0,Sunday,993005201.0,10,29,19109.0,-3.0,0,2,0.1538461538461538,0,
202510329,2025-09-21T16:05:00,1,2025,3,LAC,DEN,HOME,23.0,20.0,43.0,SoFi Stadium,3.0,7.0,3.0,10.0,0.0,36.0,20.0,36:20,29.0,6.0,17.0,6.0,80.0,376,4.7,2.0,28,106,3.8,1,47,28,270,1,1,5.7,9.6,59.6,73.89,17.0,8.0,47.1,0.0,0.0,0.0,3.0,1.0,0.0,0.0,3,25,1.0,1,5,30,4,5,5.0,249.0,49.8,2,0,-2,0.0,7.0,10.0,3.0,0.0,23.0,40.0,23:40,9.0,3.0,5.0,1.0,48.0,265,5.5,2.0,21,118,5.6,1,25,14,147,1,0,5.9,10.5,56.0,86.58,13.0,2.0,15.4,2.0,2.0,100.0,2.0,1.0,0.0,0.0,10,90,0.0,0,2,6,14,7,7.0,330.0,47.1,0,2.0,2.0,33.3,0.0,50.0,0.0,2.0,2.0,0.0,0.0,0.0,0.0,0.0,3,3,2.0,2.0,0.0,0.0,0.0,0.0,0.0,2,2,31.0,12.0,2.0,6.0,3,0,0.0,42.0,39.0,5.0,30.0,7,1,0.0,Sunday,993005204.0,29,10,19109.0,3.0,1,-2,0.4705882352941176,0,
202510330,2025-09-21T16:05:00,1,2025,3,NO,SEA,AWAY,13.0,44.0,57.0,Lumen Field,0.0,6.0,0.0,7.0,0.0,32.0,16.0,32:16,21.0,4.0,12.0,5.0,70.0,284,4.1,1.0,27,79,2.9,0,41,28,205,1,1,5.0,7.3,68.3,77.79,15.0,5.0,33.3,2.0,0.0,0.0,3.0,1.0,0.0,0.0,11,77,0.0,0,2,13,2,3,5.0,243.0,48.6,1,1,0,21.0,17.0,6.0,0.0,0.0,27.0,44.0,27:44,22.0,7.0,11.0,4.0,54.0,320,5.9,5.0,33,87,2.6,2,21,16,233,2,0,11.1,14.6,76.2,143.55,9.0,3.0,33.3,0.0,0.0,0.0,5.0,4.0,0.0,0.0,8,70,1.0,1,0,0,8,4,2.0,92.0,46.0,1,1.0,0.0,33.3,0.0,80.0,0.0,1.0,1.0,0.0,0.0,0.0,0.0,0.0,3,2,5.0,5.0,0.0,0.0,0.0,0.0,0.0,3,3,32.0,32.0,0.0,0.0,2,1,1.0,48.0,23.0,2.0,13.0,7,0,0.0,Sunday,993005202.0,22,30,19110.0,-31.0,0,0,0.3333333333333333,0,
202510330,2025-09-21T16:05:00,1,2025,3,SEA,NO,HOME,44.0,13.0,57.0,Lumen Field,21.0,17.0,6.0,0.0,0.0,27.0,44.0,27:44,22.0,7.0,11.0,4.0,54.0,320,5.9,5.0,33,87,2.6,2,21,16,233,2,0,11.1,14.6,76.2,143.55,9.0,3.0,33.3,0.0,0.0,0.0,5.0,4.0,0.0,0.0,8,70,1.0,1,0,0,8,4,2.0,92.0,46.0,1,1,0,0.0,6.0,0.0,7.0,0.0,32.0,16.0,32:16,21.0,4.0,12.0,5.0,70.0,284,4.1,1.0,27,79,2.9,0,41,28,205,1,1,5.0,7.3,68.3,77.79,15.0,5.0,33.3,2.0,0.0,0.0,3.0,1.0,0.0,0.0,11,77,0.0,0,2,13,2,3,5.0,243.0,48.6,1,1.0,0.0,80.0,0.0,33.3,0.0,5.0,5.0,0.0,0.0,0.0,0.0,0.0,3,3,1.0,1.0,0.0,0.0,0.0,0.0,0.0,3,2,48.0,23.0,2.0,13.0,7,0,0.0,32.0,32.0,0.0,0.0,2,1,1.0,Sunday,993005203.0,30,22,19110.0,31.0,1,0,0.3333333333333333,0,
202510331,2025-09-21T16:25:00,1,2025,3,ARI,SF,AWAY,15.0,16.0,31.0,Levi's Stadium,0.0,3.0,3.0,9.0,0.0,34.0,39.0,34:39,16.0,7.0,8.0,1.0,64.0,260,4.1,1.0,28,106,3.8,0,35,22,154,1,0,4.4,7.0,62.9,82.32,15.0,5.0,33.3,2.0,2.0,100.0,3.0,1.0,0.0,0.0,5,30,1.0,0,1,5,8,3,5.0,258.0,51.6,0,1,1,0.0,6.0,0.0,10.0,0.0,25.0,21.0,25:21,19.0,4.0,14.0,1.0,62.0,355,5.7,1.0,20,73,3.6,0,41,27,282,1,1,6.9,10.4,65.9,83.59,10.0,2.0,20.0,2.0,1.0,50.0,4.0,1.0,0.0,0.0,5,69,0.0,0,1,2,4,4,3.0,128.0,42.7,1,0.0,-1.0,33.3,0.0,25.0,0.0,1.0,1.0,0.0,0.0,0.0,0.0,0.0,3,2,1.0,1.0,0.0,0.0,0.0,0.0,0.0,3,3,39.0,19.0,1.0,2.0,4,0,0.0,31.0,40.0,1.0,5.0,5,1,0.0,Sunday,993005205.0,1,31,19112.0,-1.0,0,1,0.3333333333333333,0,
202510331,2025-09-21T16:25:00,1,2025,3,SF,ARI,HOME,16.0,15.0,31.0,Levi's Stadium,0.0,6.0,0.0,10.0,0.0,25.0,21.0,25:21,19.0,4.0,14.0,1.0,62.0,355,5.7,1.0,20,73,3.6,0,41,27,282,1,1,6.9,10.4,65.9,83.59,10.0,2.0,20.0,2.0,1.0,50.0,4.0,1.0,0.0,0.0,5,69,0.0,0,1,2,4,4,3.0,128.0,42.7,1,0,-1,0.0,3.0,3.0,9.0,0.0,34.0,39.0,34:39,16.0,7.0,8.0,1.0,64.0,260,4.1,1.0,28,106,3.8,0,35,22,154,1,0,4.4,7.0,62.9,82.32,15.0,5.0,33.3,2.0,2.0,100.0,3.0,1.0,0.0,0.0,5,30,1.0,0,1,5,8,3,5.0,258.0,51.6,0,1.0,1.0,25.0,0.0,33.3,0.0,1.0,1.0,0.0,0.0,0.0,0.0,0.0,3,3,1.0,1.0,0.0,0.0,0.0,0.0,0.0,3,2,31.0,40.0,1.0,5.0,5,1,0.0,39.0,19.0,1.0,2.0,4,0,0.0,Sunday,993005206.0,31,1,19112.0,1.0,1,-1,0.2,0,
202510333,2025-09-21T13:00:00,1,2025,3,NYJ,TB,AWAY,27.0,29.0,56.0,Raymond James Stadium,3.0,3.0,0.0,21.0,0.0,27.0,49.0,27:49,21.0,5.0,13.0,3.0,63.0,267,4.2,3.0,23,99,4.3,0,36,26,168,2,1,4.7,6.5,72.2,88.66,11.0,3.0,27.3,3.0,1.0,33.3,3.0,2.0,0.0,0.0,7,81,1.0,1,4,29,2,7,2.0,97.0,48.5,2,0,-2,3.0,17.0,3.0,6.0,0.0,32.0,11.0,32:11,19.0,4.0,12.0,3.0,64.0,347,5.4,2.0,34,122,3.6,0,29,19,225,1,0,7.8,11.8,65.5,100.5,13.0,4.0,30.8,0.0,0.0,0.0,5.0,1.0,0.0,0.0,14,124,1.0,0,1,8,10,9,4.0,162.0,40.5,0,2.0,2.0,66.7,0.0,20.0,0.0,3.0,3.0,0.0,0.0,0.0,0.0,0.0,2,2,2.0,2.0,0.0,0.0,0.0,0.0,0.0,6,5,39.0,35.0,1.0,8.0,2,1,0.0,40.0,18.0,4.0,29.0,4,1,1.0,Sunday,993005187.0,24,33,19106.0,-2.0,0,-2,0.2727272727272727,0,
202510333,2025-09-21T13:00:00,1,2025,3,TB,NYJ,HOME,29.0,27.0,56.0,Raymond James Stadium,3.0,17.0,3.0,6.0,0.0,32.0,11.0,32:11,19.0,4.0,12.0,3.0,64.0,347,5.4,2.0,34,122,3.6,0,29,19,225,1,0,7.8,11.8,65.5,100.5,13.0,4.0,30.8,0.0,0.0,0.0,5.0,1.0,0.0,0.0,14,124,1.0,0,1,8,10,9,4.0,162.0,40.5,0,2,2,3.0,3.0,0.0,21.0,0.0,27.0,49.0,27:49,21.0,5.0,13.0,3.0,63.0,267,4.2,3.0,23,99,4.3,0,36,26,168,2,1,4.7,6.5,72.2,88.66,11.0,3.0,27.3,3.0,1.0,33.3,3.0,2.0,0.0,0.0,7,81,1.0,1,4,29,2,7,2.0,97.0,48.5,2,0.0,-2.0,20.0,0.0,66.7,0.0,2.0,2.0,0.0,0.0,0.0,0.0,0.0,6,5,3.0,3.0,0.0,0.0,0.0,0.0,0.0,2,2,40.0,18.0,4.0,29.0,4,1,1.0,39.0,35.0,1.0,8.0,2,1,0.0,Sunday,993005188.0,33,24,19106.0,2.0,1,2,0.3076923076923077,0,
202510334,2025-09-21T13:00:00,1,2025,3,IND,TEN,AWAY,41.0,20.0,61.0,Nissan Stadium,17.0,3.0,14.0,7.0,0.0,28.0,41.0,28:41,22.0,9.0,10.0,3.0,53.0,365,6.9,5.0,28,137,4.9,3,25,18,228,1,0,9.1,12.7,72.0,113.42,8.0,2.0,25.0,2.0,2.0,100.0,4.0,2.0,0.0,0.0,4,23,0.0,0,0,0,7,8,1.0,46.0,46.0,0,1,1,3.0,3.0,7.0,7.0,0.0,31.0,19.0,31:19,21.0,8.0,11.0,2.0,65.0,282,4.3,2.0,23,86,3.7,1,38,23,196,1,1,5.2,8.5,60.5,71.82,14.0,5.0,35.7,2.0,1.0,50.0,2.0,2.0,0.0,0.0,8,68,0.0,0,4,23,2,0,1.0,52.0,52.0,1,0.0,-1.0,50.0,0.0,100.0,0.0,5.0,5.0,0.0,0.0,0.0,0.0,0.0,3,2,2.0,2.0,0.0,0.0,0.0,0.0,0.0,4,2,41.0,18.0,4.0,23.0,4,0,0.0,32.0,15.0,0.0,0.0,3,0,0.0,Sunday,993005189.0,14,34,19107.0,21.0,1,1,0.25,0,
202510334,2025-09-21T13:00:00,1,2025,3,TEN,IND,HOME,20.0,41.0,61.0,Nissan Stadium,3.0,3.0,7.0,7.0,0.0,31.0,19.0,31:19,21.0,8.0,11.0,2.0,65.0,282,4.3,2.0,23,86,3.7,1,38,23,196,1,1,5.2,8.5,60.5,71.82,14.0,5.0,35.7,2.0,1.0,50.0,2.0,2.0,0.0,0.0,8,68,0.0,0,4,23,2,0,1.0,52.0,52.0,1,0,-1,17.0,3.0,14.0,7.0,0.0,28.0,41.0,28:41,22.0,9.0,10.0,3.0,53.0,365,6.9,5.0,28,137,4.9,3,25,18,228,1,0,9.1,12.7,72.0,113.42,8.0,2.0,25.0,2.0,2.0,100.0,4.0,2.0,0.0,0.0,4,23,0.0,0,0,0,7,8,1.0,46.0,46.0,0,1.0,1.0,100.0,0.0,50.0,0.0,2.0,2.0,0.0,0.0,0.0,0.0,0.0,4,2,5.0,5.0,0.0,0.0,0.0,0.0,0.0,3,2,32.0,15.0,0.0,0.0,3,0,0.0,41.0,18.0,4.0,23.0,4,0,0.0,Sunday,993005190.0,34,14,19107.0,-21.0,0,-1,0.3571428571428571,0,
202510335,2025-09-21T13:00:00,1,2025,3,LV,WAS,AWAY,24.0,41.0,65.0,Northwest Stadium,3.0,7.0,0.0,14.0,0.0,31.0,53.0,31:53,17.0,5.0,12.0,0.0,62.0,354,5.7,3.0,28,93,3.3,0,29,19,261,3,0,9.0,13.7,65.5,128.66,14.0,3.0,21.4,3.0,2.0,66.7,3.0,2.0,0.0,0.0,6,54,0.0,0,5,28,3,6,6.0,294.0,49.0,0,1,1,7.0,13.0,14.0,7.0,0.0,28.0,7.0,28:07,17.0,8.0,7.0,2.0,54.0,400,7.4,5.0,32,201,6.3,3,21,15,199,1,0,9.5,13.3,71.4,116.96,10.0,5.0,50.0,0.0,0.0,0.0,3.0,2.0,0.0,0.0,7,54,1.0,1,1,8,9,8,3.0,138.0,46.0,1,0.0,-1.0,66.7,0.0,66.7,0.0,1.0,1.0,0.0,3.0,1.0,0.0,0.0,1,1,5.0,5.0,0.0,0.0,0.0,0.0,0.0,3,2,38.0,24.0,1.0,8.0,2,1,1.0,40.0,26.0,5.0,28.0,4,0,0.0,Sunday,993005199.0,25,35,19108.0,-17.0,0,1,0.2142857142857142,0,
202510335,2025-09-21T13:00:00,1,2025,3,WAS,LV,HOME,41.0,24.0,65.0,Northwest Stadium,7.0,13.0,14.0,7.0,0.0,28.0,7.0,28:07,17.0,8.0,7.0,2.0,54.0,400,7.4,5.0,32,201,6.3,3,21,15,199,1,0,9.5,13.3,71.4,116.96,10.0,5.0,50.0,0.0,0.0,0.0,3.0,2.0,0.0,0.0,7,54,1.0,1,1,8,9,8,3.0,138.0,46.0,1,0,-1,3.0,7.0,0.0,14.0,0.0,31.0,53.0,31:53,17.0,5.0,12.0,0.0,62.0,354,5.7,3.0,28,93,3.3,0,29,19,261,3,0,9.0,13.7,65.5,128.66,14.0,3.0,21.4,3.0,2.0,66.7,3.0,2.0,0.0,0.0,6,54,0.0,0,5,28,3,6,6.0,294.0,49.0,0,1.0,1.0,66.7,0.0,66.7,0.0,5.0,5.0,0.0,0.0,0.0,0.0,0.0,3,2,1.0,1.0,0.0,3.0,1.0,0.0,0.0,1,1,40.0,26.0,5.0,28.0,4,0,0.0,38.0,24.0,1.0,8.0,2,1,1.0,Sunday,993005200.0,35,25,19108.0,17.0,1,-1,0.5,0,
202510401,2025-09-25T20:15:00,1,2025,4,ARI,SEA,HOME,20.0,23.0,43.0,State Farm Stadium,3.0,0.0,3.0,14.0,0.0,27.0,36.0,27:36,18.0,2.0,13.0,3.0,64.0,253,4.0,2.0,17,89,5.2,0,41,27,164,2,2,4.0,6.1,65.9,69.56,15.0,6.0,40.0,1.0,1.0,100.0,3.0,2.0,0.0,0.0,7,46,0.0,0,6,36,3,9,4.0,202.0,50.5,2,1,-1,7.0,7.0,3.0,6.0,0.0,32.0,24.0,32:24,20.0,6.0,11.0,3.0,64.0,384,6.0,2.0,35,155,4.4,1,26,18,229,1,0,8.8,12.7,69.2,109.29,13.0,6.0,46.2,1.0,0.0,0.0,3.0,2.0,0.0,0.0,6,74,2.0,1,3,13,7,5,3.0,147.0,49.0,1,2.0,1.0,66.7,0.0,66.7,0.0,2.0,2.0,0.0,0.0,0.0,0.0,0.0,2,2,2.0,2.0,0.0,0.0,0.0,0.0,0.0,4,3,36.0,41.0,3.0,13.0,2,2,1.0,40.0,23.0,6.0,36.0,8,0,0.0,Thursday,993005214.0,1,30,19115.0,-3.0,0,-1,0.4,0,
202510401,2025-09-25T20:15:00,1,2025,4,SEA,ARI,AWAY,23.0,20.0,43.0,State Farm Stadium,7.0,7.0,3.0,6.0,0.0,32.0,24.0,32:24,20.0,6.0,11.0,3.0,64.0,384,6.0,2.0,35,155,4.4,1,26,18,229,1,0,8.8,12.7,69.2,109.29,13.0,6.0,46.2,1.0,0.0,0.0,3.0,2.0,0.0,0.0,6,74,2.0,1,3,13,7,5,3.0,147.0,49.0,1,2,1,3.0,0.0,3.0,14.0,0.0,27.0,36.0,27:36,18.0,2.0,13.0,3.0,64.0,253,4.0,2.0,17,89,5.2,0,41,27,164,2,2,4.0,6.1,65.9,69.56,15.0,6.0,40.0,1.0,1.0,100.0,3.0,2.0,0.0,0.0,7,46,0.0,0,6,36,3,9,4.0,202.0,50.5,2,1.0,-1.0,66.7,0.0,66.7,0.0,2.0,2.0,0.0,0.0,0.0,0.0,0.0,4,3,2.0,2.0,0.0,0.0,0.0,0.0,0.0,2,2,40.0,23.0,6.0,36.0,8,0,0.0,36.0,41.0,3.0,13.0,2,2,1.0,Thursday,993005213.0,30,1,19115.0,3.0,1,1,0.4615384615384615,0,
202510402,2025-09-28T13:00:00,1,2025,4,ATL,WAS,HOME,34.0,27.0,61.0,Mercedes-Benz Stadium,10.0,7.0,14.0,3.0,0.0,34.0,15.0,34:15,24.0,9.0,14.0,1.0,64.0,435,6.8,4.0,37,128,3.5,2,26,20,307,2,1,11.8,15.4,76.9,125.0,12.0,6.0,50.0,1.0,1.0,100.0,6.0,4.0,0.0,0.0,5,45,2.0,0,1,6,6,4,2.0,92.0,46.0,1,1,0,0.0,10.0,6.0,11.0,0.0,25.0,45.0,25:45,17.0,7.0,8.0,2.0,51.0,294,5.8,2.0,22,147,6.7,0,27,16,147,2,1,5.4,9.2,59.3,83.41,8.0,1.0,12.5,2.0,2.0,100.0,1.0,1.0,0.0,0.0,6,50,4.0,0,2,9,2,7,2.0,89.0,44.5,1,1.0,0.0,66.7,0.0,100.0,0.0,4.0,4.0,0.0,0.0,0.0,0.0,0.0,2,2,1.0,1.0,0.0,2.0,1.0,0.0,0.0,4,4,30.0,26.0,2.0,9.0,3,2,0.0,34.0,40.0,1.0,6.0,1,1,0.0,Sunday,993005226.0,2,35,19116.0,7.0,1,0,0.5,0,
202510402,2025-09-28T13:00:00,1,2025,4,WAS,ATL,AWAY,27.0,34.0,61.0,Mercedes-Benz Stadium,0.0,10.0,6.0,11.0,0.0,25.0,45.0,25:45,17.0,7.0,8.0,2.0,51.0,294,5.8,2.0,22,147,6.7,0,27,16,147,2,1,5.4,9.2,59.3,83.41,8.0,1.0,12.5,2.0,2.0,100.0,1.0,1.0,0.0,0.0,6,50,4.0,0,2,9,2,7,2.0,89.0,44.5,1,1,0,10.0,7.0,14.0,3.0,0.0,34.0,15.0,34:15,24.0,9.0,14.0,1.0,64.0,435,6.8,4.0,37,128,3.5,2,26,20,307,2,1,11.8,15.4,76.9,125.0,12.0,6.0,50.0,1.0,1.0,100.0,6.0,4.0,0.0,0.0,5,45,2.0,0,1,6,6,4,2.0,92.0,46.0,1,1.0,0.0,100.0,0.0,66.7,0.0,1.0,1.0,0.0,2.0,1.0,0.0,0.0,4,4,4.0,4.0,0.0,0.0,0.0,0.0,0.0,2,2,34.0,40.0,1.0,6.0,1,1,0.0,30.0,26.0,2.0,9.0,3,2,0.0,Sunday,993005225.0,35,2,19116.0,-7.0,0,0,0.125,0,
202510404,2025-09-28T13:00:00,1,2025,4,BUF,NO,HOME,31.0,19.0,50.0,Highmark Stadium,14.0,0.0,7.0,10.0,0.0,31.0,21.0,31:21,20.0,9.0,10.0,1.0,57.0,356,6.2,4.0,32,165,5.2,2,22,16,191,2,1,8.7,11.9,72.7,110.23,10.0,3.0,30.0,1.0,0.0,0.0,3.0,2.0,0.0,0.0,11,55,0.0,0,3,18,4,5,2.0,83.0,41.5,1,1,0,7.0,3.0,6.0,3.0,0.0,28.0,39.0,28:39,22.0,14.0,7.0,1.0,65.0,298,4.6,2.0,34,189,5.6,1,28,18,109,1,1,3.9,6.1,64.3,68.9,13.0,5.0,38.5,2.0,0.0,0.0,4.0,2.0,0.0,0.0,4,41,1.0,0,3,17,7,5,3.0,142.0,47.3,1,1.0,0.0,66.7,0.0,50.0,0.0,4.0,4.0,0.0,0.0,0.0,0.0,0.0,1,1,1.0,1.0,0.0,1.0,0.0,0.0,0.0,2,2,45.0,15.0,3.0,17.0,2,1,0.0,41.0,13.0,3.0,18.0,4,0,0.0,Sunday,993005228.0,4,22,19117.0,12.0,1,0,0.3,0,
202510404,2025-09-28T13:00:00,1,2025,4,NO,BUF,AWAY,19.0,31.0,50.0,Highmark Stadium,7.0,3.0,6.0,3.0,0.0,28.0,39.0,28:39,22.0,14.0,7.0,1.0,65.0,298,4.6,2.0,34,189,5.6,1,28,18,109,1,1,3.9,6.1,64.3,68.9,13.0,5.0,38.5,2.0,0.0,0.0,4.0,2.0,0.0,0.0,4,41,1.0,0,3,17,7,5,3.0,142.0,47.3,1,1,0,14.0,0.0,7.0,10.0,0.0,31.0,21.0,31:21,20.0,9.0,10.0,1.0,57.0,356,6.2,4.0,32,165,5.2,2,22,16,191,2,1,8.7,11.9,72.7,110.23,10.0,3.0,30.0,1.0,0.0,0.0,3.0,2.0,0.0,0.0,11,55,0.0,0,3,18,4,5,2.0,83.0,41.5,1,1.0,0.0,50.0,0.0,66.7,0.0,1.0,1.0,0.0,1.0,0.0,0.0,0.0,2,2,4.0,4.0,0.0,0.0,0.0,0.0,0.0,1,1,41.0,13.0,3.0,18.0,4,0,0.0,45.0,15.0,3.0,17.0,2,1,0.0,Sunday,993005227.0,22,4,19117.0,-12.0,0,0,0.3846153846153846,0,
202510409,2025-09-28T20:20:00,1,2025,4,DAL,GB,HOME,40.0,40.0,80.0,AT&T Stadium,0.0,16.0,7.0,14.0,3.0,34.0,27.0,34:27,26.0,8.0,17.0,1.0,67.0,436,6.5,5.0,26,117,4.5,2,40,31,319,3,0,8.0,10.3,77.5,124.9,11.0,4.0,36.4,1.0,1.0,100.0,5.0,4.0,0.0,0.0,11,95,0.0,0,1,0,4,5,4.0,190.0,47.5,0,1,1,7.0,6.0,7.0,17.0,3.0,35.0,33.0,35:33,32.0,11.0,16.0,5.0,79.0,489,6.2,5.0,35,164,4.7,2,43,31,325,3,0,7.6,10.5,72.1,116.91,14.0,10.0,71.4,1.0,1.0,100.0,6.0,5.0,0.0,0.0,7,53,1.0,1,1,12,4,1,2.0,83.0,41.5,1,0.0,-1.0,80.0,0.0,83.3,0.0,5.0,5.0,0.0,0.0,0.0,0.0,0.0,1,1,5.0,4.0,1.0,0.0,0.0,0.0,0.0,2,2,49.0,29.0,1.0,12.0,1,1,1.0,35.0,33.0,1.0,0.0,4,0,0.0,Sunday,993005240.0,9,12,19127.0,0.0,0,1,0.3636363636363636,0,
202510409,2025-09-28T20:20:00,1,2025,4,GB,DAL,AWAY,40.0,40.0,80.0,AT&T Stadium,7.0,6.0,7.0,17.0,3.0,35.0,33.0,35:33,32.0,11.0,16.0,5.0,79.0,489,6.2,5.0,35,164,4.7,2,43,31,325,3,0,7.6,10.5,72.1,116.91,14.0,10.0,71.4,1.0,1.0,100.0,6.0,5.0,0.0,0.0,7,53,1.0,1,1,12,4,1,2.0,83.0,41.5,1,0,-1,0.0,16.0,7.0,14.0,3.0,34.0,27.0,34:27,26.0,8.0,17.0,1.0,67.0,436,6.5,5.0,26,117,4.5,2,40,31,319,3,0,8.0,10.3,77.5,124.9,11.0,4.0,36.4,1.0,1.0,100.0,5.0,4.0,0.0,0.0,11,95,0.0,0,1,0,4,5,4.0,190.0,47.5,0,1.0,1.0,83.3,0.0,80.0,0.0,5.0,4.0,1.0,0.0,0.0,0.0,0.0,2,2,5.0,5.0,0.0,0.0,0.0,0.0,0.0,1,1,35.0,33.0,1.0,0.0,4,0,0.0,49.0,29.0,1.0,12.0,1,1,1.0,Sunday,993005239.0,12,9,19127.0,0.0,0,-1,0.7142857142857143,0,
202510410,2025-09-29T20:15:00,1,2025,4,CIN,DEN,AWAY,3.0,28.0,31.0,Empower Field at Mile High,3.0,0.0,0.0,0.0,0.0,22.0,2.0,22:02,9.0,3.0,3.0,3.0,43.0,159,3.7,0.0,15,53,3.5,0,25,14,106,0,0,4.2,7.6,56.0,66.42,11.0,2.0,18.2,0.0,0.0,0.0,1.0,0.0,0.0,0.0,11,65,0.0,0,3,19,1,1,8.0,403.0,50.4,0,1,1,7.0,14.0,0.0,7.0,0.0,37.0,58.0,37:58,29.0,11.0,17.0,1.0,80.0,512,6.4,4.0,38,186,4.9,2,42,29,326,2,1,7.8,11.2,69.0,97.92,14.0,8.0,57.1,1.0,0.0,0.0,4.0,3.0,0.0,0.0,7,72,0.0,0,0,0,6,2,4.0,199.0,49.8,1,0.0,-1.0,0.0,0.0,75.0,0.0,0.0,0.0,0.0,0.0,0.0,0.0,0.0,1,1,4.0,4.0,0.0,0.0,0.0,0.0,0.0,0,0,41.0,39.0,0.0,0.0,2,0,0.0,22.0,20.0,3.0,19.0,2,0,0.0,Monday,993005243.0,7,10,19129.0,-25.0,0,1,0.1818181818181818,0,
202510410,2025-09-29T20:15:00,1,2025,4,DEN,CIN,HOME,28.0,3.0,31.0,Empower Field at Mile High,7.0,14.0,0.0,7.0,0.0,37.0,58.0,37:58,29.0,11.0,17.0,1.0,80.0,512,6.4,4.0,38,186,4.9,2,42,29,326,2,1,7.8,11.2,69.0,97.92,14.0,8.0,57.1,1.0,0.0,0.0,4.0,3.0,0.0,0.0,7,72,0.0,0,0,0,6,2,4.0,199.0,49.8,1,0,-1,3.0,0.0,0.0,0.0,0.0,22.0,2.0,22:02,9.0,3.0,3.0,3.0,43.0,159,3.7,0.0,15,53,3.5,0,25,14,106,0,0,4.2,7.6,56.0,66.42,11.0,2.0,18.2,0.0,0.0,0.0,1.0,0.0,0.0,0.0,11,65,0.0,0,3,19,1,1,8.0,403.0,50.4,0,1.0,1.0,75.0,0.0,0.0,0.0,4.0,4.0,0.0,0.0,0.0,0.0,0.0,0,0,0.0,0.0,0.0,0.0,0.0,0.0,0.0,1,1,22.0,20.0,3.0,19.0,2,0,0.0,41.0,39.0,0.0,0.0,2,0,0.0,Monday,993005244.0,10,7,19129.0,25.0,1,-1,0.5714285714285714,0,
202510411,2025-09-28T13:00:00,1,2025,4,CLE,DET,AWAY,10.0,34.0,44.0,Ford Field,7.0,0.0,3.0,0.0,0.0,31.0,44.0,31:44,16.0,7.0,8.0,1.0,65.0,249,3.8,1.0,27,79,2.9,1,35,16,170,0,2,4.9,10.6,45.7,36.61,14.0,3.0,21.4,1.0,1.0,100.0,2.0,1.0,0.0,0.0,6,44,2.0,1,3,14,5,4,7.0,314.0,44.9,3,1,-2,7.0,13.0,0.0,14.0,0.0,28.0,16.0,28:16,16.0,6.0,8.0,2.0,56.0,277,4.9,4.0,29,109,3.8,1,27,16,168,2,1,6.2,10.5,59.3,86.65,14.0,6.0,42.9,1.0,0.0,0.0,3.0,3.0,0.0,0.0,6,35,0.0,0,0,0,9,4,5.0,221.0,44.2,1,3.0,2.0,50.0,0.0,100.0,0.0,1.0,1.0,0.0,0.0,0.0,0.0,0.0,2,1,4.0,4.0,0.0,0.0,0.0,0.0,0.0,2,2,27.0,27.0,0.0,0.0,1,0,0.0,35.0,25.0,3.0,14.0,10,1,1.0,Sunday,993005221.0,8,11,19118.0,-24.0,0,-2,0.2142857142857142,0,
202510411,2025-09-28T13:00:00,1,2025,4,DET,CLE,HOME,34.0,10.0,44.0,Ford Field,7.0,13.0,0.0,14.0,0.0,28.0,16.0,28:16,16.0,6.0,8.0,2.0,56.0,277,4.9,4.0,29,109,3.8,1,27,16,168,2,1,6.2,10.5,59.3,86.65,14.0,6.0,42.9,1.0,0.0,0.0,3.0,3.0,0.0,0.0,6,35,0.0,0,0,0,9,4,5.0,221.0,44.2,1,3,2,7.0,0.0,3.0,0.0,0.0,31.0,44.0,31:44,16.0,7.0,8.0,1.0,65.0,249,3.8,1.0,27,79,2.9,1,35,16,170,0,2,4.9,10.6,45.7,36.61,14.0,3.0,21.4,1.0,1.0,100.0,2.0,1.0,0.0,0.0,6,44,2.0,1,3,14,5,4,7.0,314.0,44.9,3,1.0,-2.0,100.0,0.0,50.0,0.0,4.0,4.0,0.0,0.0,0.0,0.0,0.0,2,2,1.0,1.0,0.0,0.0,0.0,0.0,0.0,2,1,35.0,25.0,3.0,14.0,10,1,1.0,27.0,27.0,0.0,0.0,1,0,0.0,Sunday,993005222.0,11,8,19118.0,24.0,1,2,0.4285714285714285,0,
202510413,2025-09-28T13:00:00,1,2025,4,HOU,TEN,HOME,26.0,0.0,26.0,NRG Stadium,3.0,3.0,0.0,20.0,0.0,38.0,21.0,38:21,20.0,10.0,9.0,1.0,65.0,353,5.4,3.0,35,129,3.7,1,28,22,224,2,0,8.0,10.2,78.6,123.81,15.0,6.0,40.0,3.0,3.0,100.0,2.0,2.0,0.0,0.0,6,50,0.0,0,2,9,7,6,3.0,132.0,44.0,0,1,1,0.0,0.0,0.0,0.0,0.0,21.0,39.0,21:39,10.0,3.0,5.0,2.0,46.0,175,3.8,0.0,18,82,4.6,0,26,10,93,0,1,3.6,9.3,38.5,33.01,11.0,2.0,18.2,1.0,0.0,0.0,0.0,0.0,0.0,0.0,4,35,0.0,0,2,15,5,6,5.0,213.0,42.6,1,0.0,-1.0,100.0,0.0,0.0,0.0,2.0,2.0,0.0,2.0,0.0,0.0,0.0,3,2,0.0,0.0,0.0,0.0,0.0,0.0,0.0,2,0,21.0,19.0,2.0,15.0,7,0,0.0,45.0,32.0,2.0,9.0,1,0,0.0,Sunday,993005230.0,13,34,19119.0,26.0,1,1,0.4,0,
202510413,2025-09-28T13:00:00,1,2025,4,TEN,HOU,AWAY,0.0,26.0,26.0,NRG Stadium,0.0,0.0,0.0,0.0,0.0,21.0,39.0,21:39,10.0,3.0,5.0,2.0,46.0,175,3.8,0.0,18,82,4.6,0,26,10,93,0,1,3.6,9.3,38.5,33.01,11.0,2.0,18.2,1.0,0.0,0.0,0.0,0.0,0.0,0.0,4,35,0.0,0,2,15,5,6,5.0,213.0,42.6,1,0,-1,3.0,3.0,0.0,20.0,0.0,38.0,21.0,38:21,20.0,10.0,9.0,1.0,65.0,353,5.4,3.0,35,129,3.7,1,28,22,224,2,0,8.0,10.2,78.6,123.81,15.0,6.0,40.0,3.0,3.0,100.0,2.0,2.0,0.0,0.0,6,50,0.0,0,2,9,7,6,3.0,132.0,44.0,0,1.0,1.0,0.0,0.0,100.0,0.0,0.0,0.0,0.0,0.0,0.0,0.0,0.0,2,0,2.0,2.0,0.0,2.0,0.0,0.0,0.0,3,2,45.0,32.0,2.0,9.0,1,0,0.0,21.0,19.0,2.0,15.0,7,0,0.0,Sunday,993005229.0,34,13,19119.0,-26.0,0,-1,0.1818181818181818,0,
202510416,2025-09-28T16:25:00,1,2025,4,BAL,KC,AWAY,20.0,37.0,57.0,Arrowhead Stadium,7.0,3.0,3.0,7.0,0.0,25.0,15.0,25:15,18.0,7.0,10.0,1.0,53.0,360,6.8,2.0,17,166,9.8,1,33,23,194,1,1,5.9,8.4,69.7,82.13,10.0,3.0,30.0,4.0,1.0,25.0,2.0,1.0,0.0,0.0,6,56,1.0,1,3,5,3,2,1.0,50.0,50.0,2,0,-2,3.0,17.0,10.0,7.0,0.0,34.0,45.0,34:45,24.0,8.0,15.0,1.0,70.0,382,5.5,4.0,32,118,3.7,0,37,25,264,4,0,7.1,10.6,67.6,124.16,15.0,5.0,33.3,4.0,4.0,100.0,6.0,4.0,0.0,0.0,5,40,0.0,0,1,6,8,3,1.0,37.0,37.0,0,2.0,2.0,50.0,0.0,66.7,0.0,2.0,2.0,0.0,0.0,0.0,0.0,0.0,2,2,4.0,4.0,0.0,0.0,0.0,0.0,0.0,4,3,37.0,30.0,1.0,6.0,2,0,0.0,37.0,11.0,3.0,5.0,4,0,1.0,Sunday,993005237.0,3,16,19125.0,-17.0,0,-2,0.3,0,
202510416,2025-09-28T16:25:00,1,2025,4,KC,BAL,HOME,37.0,20.0,57.0,Arrowhead Stadium,3.0,17.0,10.0,7.0,0.0,34.0,45.0,34:45,24.0,8.0,15.0,1.0,70.0,382,5.5,4.0,32,118,3.7,0,37,25,264,4,0,7.1,10.6,67.6,124.16,15.0,5.0,33.3,4.0,4.0,100.0,6.0,4.0,0.0,0.0,5,40,0.0,0,1,6,8,3,1.0,37.0,37.0,0,2,2,7.0,3.0,3.0,7.0,0.0,25.0,15.0,25:15,18.0,7.0,10.0,1.0,53.0,360,6.8,2.0,17,166,9.8,1,33,23,194,1,1,5.9,8.4,69.7,82.13,10.0,3.0,30.0,4.0,1.0,25.0,2.0,1.0,0.0,0.0,6,56,1.0,1,3,5,3,2,1.0,50.0,50.0,2,0.0,-2.0,66.7,0.0,50.0,0.0,4.0,4.0,0.0,0.0,0.0,0.0,0.0,4,3,2.0,2.0,0.0,0.0,0.0,0.0,0.0,2,2,37.0,11.0,3.0,5.0,4,0,1.0,37.0,30.0,1.0,6.0,2,0,0.0,Sunday,993005238.0,16,3,19125.0,17.0,1,2,0.3333333333333333,0,
202510419,2025-09-29T19:15:00,1,2025,4,MIA,NYJ,HOME,27.0,21.0,48.0,Hard Rock Stadium,3.0,7.0,14.0,3.0,0.0,30.0,48.0,30:48,19.0,5.0,12.0,2.0,56.0,300,5.4,3.0,31,123,4.0,1,25,17,177,2,0,7.1,10.4,68.0,114.92,12.0,4.0,33.3,1.0,1.0,100.0,4.0,3.0,0.0,0.0,6,40,2.0,0,0,0,3,5,4.0,192.0,48.0,0,3,3,0.0,3.0,7.0,11.0,0.0,29.0,12.0,29:12,23.0,9.0,12.0,2.0,57.0,404,7.1,2.0,28,197,7.0,1,27,20,207,1,0,7.7,10.4,74.1,108.1,9.0,4.0,44.4,2.0,1.0,50.0,2.0,0.0,0.0,0.0,13,101,3.0,3,2,19,0,2,2.0,84.0,42.0,3,0.0,-3.0,75.0,0.0,0.0,0.0,3.0,3.0,0.0,0.0,0.0,0.0,0.0,2,2,1.0,1.0,0.0,0.0,0.0,1.0,1.0,2,2,38.0,18.0,2.0,19.0,3,2,3.0,30.0,31.0,0.0,0.0,3,1,0.0,Monday,993005242.0,19,24,19128.0,6.0,1,3,0.3333333333333333,0,
202510419,2025-09-29T19:15:00,1,2025,4,NYJ,MIA,AWAY,21.0,27.0,48.0,Hard Rock Stadium,0.0,3.0,7.0,11.0,0.0,29.0,12.0,29:12,23.0,9.0,12.0,2.0,57.0,404,7.1,2.0,28,197,7.0,1,27,20,207,1,0,7.7,10.4,74.1,108.1,9.0,4.0,44.4,2.0,1.0,50.0,2.0,0.0,0.0,0.0,13,101,3.0,3,2,19,0,2,2.0,84.0,42.0,3,0,-3,3.0,7.0,14.0,3.0,0.0,30.0,48.0,30:48,19.0,5.0,12.0,2.0,56.0,300,5.4,3.0,31,123,4.0,1,25,17,177,2,0,7.1,10.4,68.0,114.92,12.0,4.0,33.3,1.0,1.0,100.0,4.0,3.0,0.0,0.0,6,40,2.0,0,0,0,3,5,4.0,192.0,48.0,0,3.0,3.0,0.0,0.0,75.0,0.0,1.0,1.0,0.0,0.0,0.0,1.0,1.0,2,2,3.0,3.0,0.0,0.0,0.0,0.0,0.0,2,2,30.0,31.0,0.0,0.0,3,1,0.0,38.0,18.0,2.0,19.0,3,2,3.0,Monday,993005241.0,24,19,19128.0,-6.0,0,-3,0.4444444444444444,0,
202510421,2025-09-28T13:00:00,1,2025,4,CAR,NE,AWAY,13.0,42.0,55.0,Gillette Stadium,6.0,0.0,0.0,7.0,0.0,35.0,14.0,35:14,21.0,8.0,11.0,2.0,65.0,326,5.0,2.0,28,129,4.6,0,36,23,197,2,0,5.5,8.6,63.9,96.64,14.0,5.0,35.7,3.0,1.0,33.3,2.0,2.0,0.0,0.0,5,29,1.0,0,1,11,1,1,5.0,231.0,46.2,0,0,0,7.0,21.0,7.0,7.0,0.0,24.0,46.0,24:46,16.0,7.0,8.0,1.0,48.0,307,6.4,6.0,29,104,3.6,3,18,14,203,2,0,11.3,14.5,77.8,150.69,9.0,3.0,33.3,1.0,1.0,100.0,4.0,4.0,0.0,0.0,7,54,0.0,0,1,0,4,5,4.0,205.0,51.2,0,0.0,0.0,100.0,0.0,100.0,0.0,2.0,1.0,0.0,0.0,0.0,0.0,0.0,1,0,6.0,6.0,0.0,0.0,0.0,0.0,0.0,0,0,21.0,31.0,1.0,0.0,2,0,0.0,37.0,26.0,1.0,11.0,2,1,0.0,Sunday,993005217.0,5,21,19120.0,-29.0,0,0,0.3571428571428571,0,
202510421,2025-09-28T13:00:00,1,2025,4,NE,CAR,HOME,42.0,13.0,55.0,Gillette Stadium,7.0,21.0,7.0,7.0,0.0,24.0,46.0,24:46,16.0,7.0,8.0,1.0,48.0,307,6.4,6.0,29,104,3.6,3,18,14,203,2,0,11.3,14.5,77.8,150.69,9.0,3.0,33.3,1.0,1.0,100.0,4.0,4.0,0.0,0.0,7,54,0.0,0,1,0,4,5,4.0,205.0,51.2,0,0,0,6.0,0.0,0.0,7.0,0.0,35.0,14.0,35:14,21.0,8.0,11.0,2.0,65.0,326,5.0,2.0,28,129,4.6,0,36,23,197,2,0,5.5,8.6,63.9,96.64,14.0,5.0,35.7,3.0,1.0,33.3,2.0,2.0,0.0,0.0,5,29,1.0,0,1,11,1,1,5.0,231.0,46.2,0,0.0,0.0,100.0,0.0,100.0,0.0,6.0,6.0,0.0,0.0,0.0,0.0,0.0,0,0,2.0,1.0,0.0,0.0,0.0,0.0,0.0,1,0,37.0,26.0,1.0,11.0,2,1,0.0,21.0,31.0,1.0,0.0,2,0,0.0,Sunday,993005218.0,21,5,19120.0,29.0,1,0,0.3333333333333333,0,
202510423,2025-09-28T13:00:00,1,2025,4,LAC,NYG,AWAY,18.0,21.0,39.0,MetLife Stadium,0.0,10.0,8.0,0.0,0.0,24.0,32.0,24:32,17.0,6.0,8.0,3.0,56.0,338,6.0,2.0,13,152,11.7,1,41,23,186,1,2,4.5,8.1,56.1,55.54,12.0,4.0,33.3,0.0,0.0,0.0,1.0,0.0,0.0,0.0,14,107,0.0,0,2,17,9,8,5.0,244.0,48.8,2,0,-2,7.0,6.0,8.0,0.0,0.0,35.0,28.0,35:28,20.0,11.0,6.0,3.0,69.0,250,3.6,2.0,42,161,3.8,1,21,14,89,1,0,4.2,6.4,66.7,91.17,15.0,7.0,46.7,1.0,0.0,0.0,5.0,2.0,0.0,0.0,8,43,2.0,0,6,30,12,4,5.0,244.0,48.8,0,2.0,2.0,0.0,0.0,40.0,0.0,1.0,1.0,0.0,0.0,0.0,1.0,1.0,1,1,1.0,1.0,0.0,0.0,0.0,1.0,1.0,2,2,44.0,41.0,6.0,30.0,2,1,0.0,32.0,12.0,2.0,17.0,7,0,0.0,Sunday,993005219.0,29,23,19121.0,-3.0,0,-2,0.3333333333333333,0,
202510423,2025-09-28T13:00:00,1,2025,4,NYG,LAC,HOME,21.0,18.0,39.0,MetLife Stadium,7.0,6.0,8.0,0.0,0.0,35.0,28.0,35:28,20.0,11.0,6.0,3.0,69.0,250,3.6,2.0,42,161,3.8,1,21,14,89,1,0,4.2,6.4,66.7,91.17,15.0,7.0,46.7,1.0,0.0,0.0,5.0,2.0,0.0,0.0,8,43,2.0,0,6,30,12,4,5.0,244.0,48.8,0,2,2,0.0,10.0,8.0,0.0,0.0,24.0,32.0,24:32,17.0,6.0,8.0,3.0,56.0,338,6.0,2.0,13,152,11.7,1,41,23,186,1,2,4.5,8.1,56.1,55.54,12.0,4.0,33.3,0.0,0.0,0.0,1.0,0.0,0.0,0.0,14,107,0.0,0,2,17,9,8,5.0,244.0,48.8,2,0.0,-2.0,40.0,0.0,0.0,0.0,1.0,1.0,0.0,0.0,0.0,1.0,1.0,2,2,1.0,1.0,0.0,0.0,0.0,1.0,1.0,1,1,32.0,12.0,2.0,17.0,7,0,0.0,44.0,41.0,6.0,30.0,2,1,0.0,Sunday,993005220.0,23,29,19121.0,3.0,1,2,0.4666666666666667,0,
202510425,2025-09-28T16:25:00,1,2025,4,CHI,LV,AWAY,25.0,24.0,49.0,Allegiant Stadium,3.0,6.0,7.0,9.0,0.0,33.0,10.0,33:10,16.0,5.0,10.0,1.0,64.0,271,4.2,2.0,26,69,2.7,1,37,22,202,1,1,5.5,9.2,59.5,72.13,16.0,7.0,43.8,1.0,1.0,100.0,4.0,1.0,0.0,0.0,8,60,2.0,0,1,10,1,5,3.0,148.0,49.3,1,4,3,7.0,7.0,7.0,3.0,0.0,26.0,50.0,26:50,17.0,10.0,6.0,1.0,52.0,357,6.9,3.0,31,240,7.7,1,21,14,117,2,3,5.6,8.4,66.7,73.02,8.0,2.0,25.0,1.0,0.0,0.0,3.0,2.0,0.0,0.0,5,36,1.0,1,0,0,2,8,1.0,60.0,60.0,4,1.0,-3.0,25.0,0.0,66.7,0.0,1.0,1.0,0.0,2.0,0.0,0.0,0.0,4,4,3.0,3.0,0.0,0.0,0.0,0.0,0.0,2,1,35.0,22.0,0.0,0.0,4,1,1.0,37.0,24.0,1.0,10.0,6,1,0.0,Sunday,993005235.0,6,25,19126.0,1.0,1,3,0.4375,0,
202510425,2025-09-28T16:25:00,1,2025,4,LV,CHI,HOME,24.0,25.0,49.0,Allegiant Stadium,7.0,7.0,7.0,3.0,0.0,26.0,50.0,26:50,17.0,10.0,6.0,1.0,52.0,357,6.9,3.0,31,240,7.7,1,21,14,117,2,3,5.6,8.4,66.7,73.02,8.0,2.0,25.0,1.0,0.0,0.0,3.0,2.0,0.0,0.0,5,36,1.0,1,0,0,2,8,1.0,60.0,60.0,4,1,-3,3.0,6.0,7.0,9.0,0.0,33.0,10.0,33:10,16.0,5.0,10.0,1.0,64.0,271,4.2,2.0,26,69,2.7,1,37,22,202,1,1,5.5,9.2,59.5,72.13,16.0,7.0,43.8,1.0,1.0,100.0,4.0,1.0,0.0,0.0,8,60,2.0,0,1,10,1,5,3.0,148.0,49.3,1,4.0,3.0,66.7,0.0,25.0,0.0,3.0,3.0,0.0,0.0,0.0,0.0,0.0,2,1,1.0,1.0,0.0,2.0,0.0,0.0,0.0,4,4,37.0,24.0,1.0,10.0,6,1,0.0,35.0,22.0,0.0,0.0,4,1,1.0,Sunday,993005236.0,25,6,19126.0,-1.0,0,-3,0.25,0,
202510428,2025-09-28T09:30:00,1,2025,4,MIN,PIT,AWAY,21.0,24.0,45.0,Croke Park,3.0,3.0,0.0,15.0,0.0,33.0,34.0,33:34,23.0,6.0,15.0,2.0,72.0,372,5.2,2.0,20,70,3.5,0,46,30,302,2,2,6.6,10.1,65.2,80.16,14.0,4.0,28.6,3.0,2.0,66.7,4.0,2.0,0.0,0.0,8,82,2.0,0,6,48,3,0,3.0,136.0,45.3,2,0,-2,7.0,7.0,7.0,3.0,0.0,26.0,26.0,26:26,19.0,11.0,6.0,2.0,53.0,313,5.9,3.0,29,131,4.5,2,22,18,182,1,0,8.3,10.1,81.8,116.29,10.0,4.0,40.0,1.0,0.0,0.0,5.0,2.0,0.0,0.0,5,35,1.0,0,2,18,14,0,3.0,146.0,48.7,0,2.0,2.0,50.0,0.0,40.0,0.0,1.0,1.0,0.0,2.0,1.0,0.0,0.0,2,2,3.0,3.0,0.0,0.0,0.0,0.0,0.0,2,1,31.0,28.0,2.0,18.0,0,1,0.0,42.0,24.0,6.0,48.0,8,2,0.0,Sunday,993005215.0,20,28,19047.0,-3.0,0,-2,0.2857142857142857,0,
202510428,2025-09-28T09:30:00,1,2025,4,PIT,MIN,HOME,24.0,21.0,45.0,Croke Park,7.0,7.0,7.0,3.0,0.0,26.0,26.0,26:26,19.0,11.0,6.0,2.0,53.0,313,5.9,3.0,29,131,4.5,2,22,18,182,1,0,8.3,10.1,81.8,116.29,10.0,4.0,40.0,1.0,0.0,0.0,5.0,2.0,0.0,0.0,5,35,1.0,0,2,18,14,0,3.0,146.0,48.7,0,2,2,3.0,3.0,0.0,15.0,0.0,33.0,34.0,33:34,23.0,6.0,15.0,2.0,72.0,372,5.2,2.0,20,70,3.5,0,46,30,302,2,2,6.6,10.1,65.2,80.16,14.0,4.0,28.6,3.0,2.0,66.7,4.0,2.0,0.0,0.0,8,82,2.0,0,6,48,3,0,3.0,136.0,45.3,2,0.0,-2.0,40.0,0.0,50.0,0.0,3.0,3.0,0.0,0.0,0.0,0.0,0.0,2,1,1.0,1.0,0.0,2.0,1.0,0.0,0.0,2,2,42.0,24.0,6.0,48.0,8,2,0.0,31.0,28.0,2.0,18.0,0,1,0.0,Sunday,993005216.0,28,20,19047.0,3.0,1,2,0.4,0,
202510431,2025-09-28T16:05:00,1,2025,4,JAX,SF,AWAY,26.0,21.0,47.0,Levi's Stadium,0.0,17.0,9.0,0.0,0.0,32.0,31.0,32:31,18.0,8.0,8.0,2.0,63.0,325,5.2,3.0,32,151,4.7,1,31,21,174,1,0,5.6,8.3,67.7,92.67,14.0,4.0,28.6,1.0,1.0,100.0,2.0,1.0,0.0,0.0,12,90,1.0,0,0,0,3,3,5.0,237.0,47.4,0,4,4,3.0,3.0,8.0,7.0,0.0,27.0,29.0,27:29,22.0,3.0,17.0,2.0,63.0,389,6.2,2.0,24,83,3.5,0,38,22,306,2,2,8.1,13.9,57.9,79.5,13.0,8.0,61.5,1.0,0.0,0.0,3.0,1.0,0.0,0.0,5,54,3.0,2,1,3,0,6,2.0,91.0,45.5,4,0.0,-4.0,50.0,0.0,33.3,0.0,2.0,2.0,0.0,2.0,0.0,0.0,0.0,3,2,1.0,1.0,0.0,2.0,1.0,0.0,0.0,2,2,31.0,32.0,1.0,3.0,4,3,2.0,39.0,26.0,0.0,0.0,2,1,0.0,Sunday,993005231.0,15,31,19124.0,5.0,1,4,0.2857142857142857,0,
202510431,2025-09-28T16:05:00,1,2025,4,SF,JAX,HOME,21.0,26.0,47.0,Levi's Stadium,3.0,3.0,8.0,7.0,0.0,27.0,29.0,27:29,22.0,3.0,17.0,2.0,63.0,389,6.2,2.0,24,83,3.5,0,38,22,306,2,2,8.1,13.9,57.9,79.5,13.0,8.0,61.5,1.0,0.0,0.0,3.0,1.0,0.0,0.0,5,54,3.0,2,1,3,0,6,2.0,91.0,45.5,4,0,-4,0.0,17.0,9.0,0.0,0.0,32.0,31.0,32:31,18.0,8.0,8.0,2.0,63.0,325,5.2,3.0,32,151,4.7,1,31,21,174,1,0,5.6,8.3,67.7,92.67,14.0,4.0,28.6,1.0,1.0,100.0,2.0,1.0,0.0,0.0,12,90,1.0,0,0,0,3,3,5.0,237.0,47.4,0,4.0,4.0,33.3,0.0,50.0,0.0,1.0,1.0,0.0,2.0,1.0,0.0,0.0,2,2,2.0,2.0,0.0,2.0,0.0,0.0,0.0,3,2,39.0,26.0,0.0,0.0,2,1,0.0,31.0,32.0,1.0,3.0,4,3,2.0,Sunday,993005232.0,31,15,19124.0,-5.0,0,-4,0.6153846153846154,0,
202510432,2025-09-28T16:05:00,1,2025,4,IND,LAR,AWAY,20.0,27.0,47.0,SoFi Stadium,3.0,7.0,0.0,10.0,0.0,28.0,16.0,28:16,17.0,4.0,11.0,2.0,56.0,333,5.9,2.0,21,85,4.0,1,33,24,248,1,2,7.5,10.3,72.7,78.85,12.0,4.0,33.3,1.0,1.0,100.0,3.0,2.0,0.0,0.0,11,88,2.0,1,2,14,9,4,4.0,209.0,52.2,3,1,-2,3.0,10.0,0.0,14.0,0.0,31.0,44.0,31:44,24.0,7.0,15.0,2.0,70.0,462,6.6,3.0,26,102,3.9,0,41,29,360,3,0,8.8,12.4,70.7,122.0,12.0,4.0,33.3,2.0,1.0,50.0,3.0,2.0,0.0,0.0,7,63,1.0,1,3,15,7,4,4.0,211.0,52.8,1,3.0,2.0,66.7,0.0,66.7,0.0,2.0,2.0,0.0,0.0,0.0,0.0,0.0,2,2,3.0,3.0,0.0,0.0,0.0,0.0,0.0,2,2,35.0,42.0,3.0,15.0,4,1,1.0,30.0,26.0,2.0,14.0,5,1,0.0,Sunday,993005233.0,14,32,19123.0,-7.0,0,-2,0.3333333333333333,0,
202510432,2025-09-28T16:05:00,1,2025,4,LAR,IND,HOME,27.0,20.0,47.0,SoFi Stadium,3.0,10.0,0.0,14.0,0.0,31.0,44.0,31:44,24.0,7.0,15.0,2.0,70.0,462,6.6,3.0,26,102,3.9,0,41,29,360,3,0,8.8,12.4,70.7,122.0,12.0,4.0,33.3,2.0,1.0,50.0,3.0,2.0,0.0,0.0,7,63,1.0,1,3,15,7,4,4.0,211.0,52.8,1,3,2,3.0,7.0,0.0,10.0,0.0,28.0,16.0,28:16,17.0,4.0,11.0,2.0,56.0,333,5.9,2.0,21,85,4.0,1,33,24,248,1,2,7.5,10.3,72.7,78.85,12.0,4.0,33.3,1.0,1.0,100.0,3.0,2.0,0.0,0.0,11,88,2.0,1,2,14,9,4,4.0,209.0,52.2,3,1.0,-2.0,66.7,0.0,66.7,0.0,3.0,3.0,0.0,0.0,0.0,0.0,0.0,2,2,2.0,2.0,0.0,0.0,0.0,0.0,0.0,2,2,30.0,26.0,2.0,14.0,5,1,0.0,35.0,42.0,3.0,15.0,4,1,1.0,Sunday,993005234.0,32,14,19123.0,7.0,1,2,0.3333333333333333,0,
202510433,2025-09-28T13:00:00,1,2025,4,PHI,TB,AWAY,31.0,25.0,56.0,Raymond James Stadium,14.0,10.0,7.0,0.0,0.0,28.0,8.0,28:08,16.0,5.0,10.0,1.0,58.0,200,3.4,4.0,32,88,2.8,1,24,15,112,2,0,4.7,7.5,62.5,101.39,14.0,5.0,35.7,1.0,0.0,0.0,3.0,3.0,0.0,0.0,8,83,2.0,0,2,18,1,4,7.0,363.0,51.9,0,2,2,3.0,3.0,14.0,5.0,0.0,31.0,52.0,31:52,18.0,5.0,7.0,6.0,68.0,376,5.5,2.0,26,104,4.0,0,40,22,272,2,1,6.8,12.4,55.0,82.5,13.0,3.0,23.1,3.0,1.0,33.3,2.0,0.0,0.0,0.0,5,40,2.0,1,2,17,3,11,3.0,110.0,36.7,2,0.0,-2.0,100.0,0.0,0.0,0.0,4.0,4.0,0.0,0.0,0.0,0.0,0.0,1,1,2.0,2.0,0.0,0.0,0.0,0.0,0.0,3,3,43.0,20.0,2.0,17.0,13,2,1.0,41.0,12.0,2.0,18.0,5,1,0.0,Sunday,993005223.0,26,33,19122.0,6.0,1,2,0.3571428571428571,0,
202510433,2025-09-28T13:00:00,1,2025,4,TB,PHI,HOME,25.0,31.0,56.0,Raymond James Stadium,3.0,3.0,14.0,5.0,0.0,31.0,52.0,31:52,18.0,5.0,7.0,6.0,68.0,376,5.5,2.0,26,104,4.0,0,40,22,272,2,1,6.8,12.4,55.0,82.5,13.0,3.0,23.1,3.0,1.0,33.3,2.0,0.0,0.0,0.0,5,40,2.0,1,2,17,3,11,3.0,110.0,36.7,2,0,-2,14.0,10.0,7.0,0.0,0.0,28.0,8.0,28:08,16.0,5.0,10.0,1.0,58.0,200,3.4,4.0,32,88,2.8,1,24,15,112,2,0,4.7,7.5,62.5,101.39,14.0,5.0,35.7,1.0,0.0,0.0,3.0,3.0,0.0,0.0,8,83,2.0,0,2,18,1,4,7.0,363.0,51.9,0,2.0,2.0,0.0,0.0,100.0,0.0,2.0,2.0,0.0,0.0,0.0,0.0,0.0,3,3,4.0,4.0,0.0,0.0,0.0,0.0,0.0,1,1,41.0,12.0,2.0,18.0,5,1,0.0,43.0,20.0,2.0,17.0,13,2,1.0,Sunday,993005224.0,33,26,19122.0,-6.0,0,-2,0.2307692307692307,0,
202510501,2025-10-05T16:05:00,1,2025,5,ARI,TEN,HOME,21.0,22.0,43.0,State Farm Stadium,14.0,7.0,0.0,0.0,0.0,32.0,40.0,32:40,16.0,7.0,8.0,1.0,64.0,360,5.6,3.0,29,168,5.8,3,32,23,192,0,0,6.0,8.3,71.9,86.98,16.0,7.0,43.8,0.0,0.0,0.0,4.0,3.0,0.0,0.0,8,47,3.0,3,3,28,4,4,7.0,367.0,52.4,3,2,-1,3.0,3.0,0.0,16.0,0.0,27.0,20.0,27:20,20.0,6.0,12.0,2.0,65.0,327,5.0,2.0,24,78,3.2,1,39,21,249,0,1,6.4,11.9,53.8,62.87,15.0,5.0,33.3,1.0,0.0,0.0,2.0,1.0,0.0,0.0,6,35,1.0,1,2,16,6,4,5.0,271.0,54.2,2,3.0,1.0,75.0,0.0,50.0,0.0,3.0,3.0,0.0,0.0,0.0,0.0,0.0,0,0,2.0,1.0,0.0,0.0,0.0,0.0,0.0,3,3,30.0,18.0,2.0,16.0,8,1,1.0,38.0,27.0,3.0,28.0,2,0,2.0,Sunday,993005262.0,1,34,19137.0,-1.0,0,-1,0.4375,0,
202510501,2025-10-05T16:05:00,1,2025,5,TEN,ARI,AWAY,22.0,21.0,43.0,State Farm Stadium,3.0,3.0,0.0,16.0,0.0,27.0,20.0,27:20,20.0,6.0,12.0,2.0,65.0,327,5.0,2.0,24,78,3.2,1,39,21,249,0,1,6.4,11.9,53.8,62.87,15.0,5.0,33.3,1.0,0.0,0.0,2.0,1.0,0.0,0.0,6,35,1.0,1,2,16,6,4,5.0,271.0,54.2,2,3,1,14.0,7.0,0.0,0.0,0.0,32.0,40.0,32:40,16.0,7.0,8.0,1.0,64.0,360,5.6,3.0,29,168,5.8,3,32,23,192,0,0,6.0,8.3,71.9,86.98,16.0,7.0,43.8,0.0,0.0,0.0,4.0,3.0,0.0,0.0,8,47,3.0,3,3,28,4,4,7.0,367.0,52.4,3,2.0,-1.0,50.0,0.0,75.0,0.0,2.0,1.0,0.0,0.0,0.0,0.0,0.0,3,3,3.0,3.0,0.0,0.0,0.0,0.0,0.0,0,0,38.0,27.0,3.0,28.0,2,0,2.0,30.0,18.0,2.0,16.0,8,1,1.0,Sunday,993005261.0,34,1,19137.0,1.0,1,1,0.3333333333333333,0,
202510503,2025-10-05T13:00:00,1,2025,5,BAL,HOU,HOME,10.0,44.0,54.0,M&T Bank Stadium,3.0,0.0,7.0,0.0,0.0,23.0,27.0,23:27,12.0,4.0,7.0,1.0,40.0,207,5.2,1.0,19,44,2.3,1,20,14,163,0,3,8.2,11.6,70.0,54.79,8.0,3.0,37.5,0.0,0.0,0.0,2.0,1.0,0.0,0.0,9,49,0.0,0,1,16,4,5,4.0,182.0,45.5,3,0,-3,7.0,17.0,10.0,10.0,0.0,36.0,33.0,36:33,27.0,8.0,15.0,4.0,66.0,417,6.3,5.0,33,167,5.1,1,31,25,250,4,0,8.1,10.0,80.6,139.85,12.0,7.0,58.3,1.0,1.0,100.0,5.0,4.0,0.0,0.0,4,26,0.0,0,2,17,2,3,1.0,59.0,59.0,0,3.0,3.0,50.0,0.0,80.0,0.0,1.0,1.0,0.0,0.0,0.0,0.0,0.0,2,1,5.0,5.0,0.0,0.0,0.0,0.0,0.0,3,3,34.0,41.0,2.0,17.0,0,0,0.0,23.0,21.0,1.0,16.0,4,0,0.0,Sunday,993005258.0,3,13,19131.0,-34.0,0,-3,0.375,0,
202510503,2025-10-05T13:00:00,1,2025,5,HOU,BAL,AWAY,44.0,10.0,54.0,M&T Bank Stadium,7.0,17.0,10.0,10.0,0.0,36.0,33.0,36:33,27.0,8.0,15.0,4.0,66.0,417,6.3,5.0,33,167,5.1,1,31,25,250,4,0,8.1,10.0,80.6,139.85,12.0,7.0,58.3,1.0,1.0,100.0,5.0,4.0,0.0,0.0,4,26,0.0,0,2,17,2,3,1.0,59.0,59.0,0,3,3,3.0,0.0,7.0,0.0,0.0,23.0,27.0,23:27,12.0,4.0,7.0,1.0,40.0,207,5.2,1.0,19,44,2.3,1,20,14,163,0,3,8.2,11.6,70.0,54.79,8.0,3.0,37.5,0.0,0.0,0.0,2.0,1.0,0.0,0.0,9,49,0.0,0,1,16,4,5,4.0,182.0,45.5,3,0.0,-3.0,80.0,0.0,50.0,0.0,5.0,5.0,0.0,0.0,0.0,0.0,0.0,3,3,1.0,1.0,0.0,0.0,0.0,0.0,0.0,2,1,23.0,21.0,1.0,16.0,4,0,0.0,34.0,41.0,2.0,17.0,0,0,0.0,Sunday,993005257.0,13,3,19131.0,34.0,1,3,0.5833333333333334,0,
202510504,2025-10-05T20:20:00,1,2025,5,BUF,NE,HOME,20.0,23.0,43.0,Highmark Stadium,0.0,3.0,7.0,10.0,0.0,34.0,31.0,34:31,25.0,5.0,16.0,4.0,61.0,363,6.0,2.0,29,118,4.1,0,31,22,245,2,1,7.9,11.1,71.0,102.22,9.0,5.0,55.6,0.0,0.0,0.0,4.0,2.0,0.0,0.0,11,90,2.0,2,1,8,8,6,2.0,70.0,35.0,3,1,-2,3.0,3.0,7.0,10.0,0.0,25.0,29.0,25:29,21.0,5.0,13.0,3.0,56.0,338,6.0,2.0,22,71,3.2,2,30,22,267,0,0,8.9,12.1,73.3,100.28,9.0,3.0,33.3,0.0,0.0,0.0,4.0,2.0,0.0,0.0,8,93,2.0,1,4,6,5,2,4.0,191.0,47.8,1,3.0,2.0,50.0,0.0,50.0,0.0,2.0,2.0,0.0,0.0,0.0,0.0,0.0,2,2,2.0,2.0,0.0,0.0,0.0,0.0,0.0,3,3,39.0,11.0,4.0,6.0,1,1,1.0,37.0,25.0,1.0,8.0,3,1,2.0,Sunday,993005270.0,4,21,19141.0,-3.0,0,-2,0.5555555555555556,0,
202510504,2025-10-05T20:20:00,1,2025,5,NE,BUF,AWAY,23.0,20.0,43.0,Highmark Stadium,3.0,3.0,7.0,10.0,0.0,25.0,29.0,25:29,21.0,5.0,13.0,3.0,56.0,338,6.0,2.0,22,71,3.2,2,30,22,267,0,0,8.9,12.1,73.3,100.28,9.0,3.0,33.3,0.0,0.0,0.0,4.0,2.0,0.0,0.0,8,93,2.0,1,4,6,5,2,4.0,191.0,47.8,1,3,2,0.0,3.0,7.0,10.0,0.0,34.0,31.0,34:31,25.0,5.0,16.0,4.0,61.0,363,6.0,2.0,29,118,4.1,0,31,22,245,2,1,7.9,11.1,71.0,102.22,9.0,5.0,55.6,0.0,0.0,0.0,4.0,2.0,0.0,0.0,11,90,2.0,2,1,8,8,6,2.0,70.0,35.0,3,1.0,-2.0,50.0,0.0,50.0,0.0,2.0,2.0,0.0,0.0,0.0,0.0,0.0,3,3,2.0,2.0,0.0,0.0,0.0,0.0,0.0,2,2,37.0,25.0,1.0,8.0,3,1,2.0,39.0,11.0,4.0,6.0,1,1,1.0,Sunday,993005269.0,21,4,19141.0,3.0,1,2,0.3333333333333333,0,
202510505,2025-10-05T13:00:00,1,2025,5,CAR,MIA,HOME,27.0,24.0,51.0,Bank of America Stadium,0.0,10.0,3.0,14.0,0.0,31.0,14.0,31:14,26.0,8.0,12.0,6.0,65.0,418,6.4,3.0,32,239,7.5,1,30,19,179,2,1,6.0,9.4,63.3,88.06,11.0,5.0,45.5,2.0,2.0,100.0,5.0,3.0,0.0,0.0,8,46,1.0,1,3,19,3,9,3.0,161.0,53.7,2,0,-2,3.0,14.0,0.0,7.0,0.0,28.0,46.0,28:46,15.0,2.0,13.0,0.0,53.0,248,4.7,3.0,14,19,1.4,0,36,27,229,3,0,6.4,8.5,75.0,118.87,13.0,5.0,38.5,1.0,1.0,100.0,3.0,2.0,0.0,0.0,9,64,0.0,0,3,27,8,3,6.0,312.0,52.0,0,2.0,2.0,60.0,0.0,66.7,0.0,3.0,3.0,0.0,0.0,0.0,0.0,0.0,2,2,3.0,3.0,0.0,0.0,0.0,0.0,0.0,1,1,34.0,16.0,3.0,27.0,1,0,0.0,34.0,33.0,3.0,19.0,2,1,1.0,Sunday,993005256.0,5,19,19132.0,3.0,1,-2,0.4545454545454545,0,
202510505,2025-10-05T13:00:00,1,2025,5,MIA,CAR,AWAY,24.0,27.0,51.0,Bank of America Stadium,3.0,14.0,0.0,7.0,0.0,28.0,46.0,28:46,15.0,2.0,13.0,0.0,53.0,248,4.7,3.0,14,19,1.4,0,36,27,229,3,0,6.4,8.5,75.0,118.87,13.0,5.0,38.5,1.0,1.0,100.0,3.0,2.0,0.0,0.0,9,64,0.0,0,3,27,8,3,6.0,312.0,52.0,0,2,2,0.0,10.0,3.0,14.0,0.0,31.0,14.0,31:14,26.0,8.0,12.0,6.0,65.0,418,6.4,3.0,32,239,7.5,1,30,19,179,2,1,6.0,9.4,63.3,88.06,11.0,5.0,45.5,2.0,2.0,100.0,5.0,3.0,0.0,0.0,8,46,1.0,1,3,19,3,9,3.0,161.0,53.7,2,0.0,-2.0,66.7,0.0,60.0,0.0,3.0,3.0,0.0,0.0,0.0,0.0,0.0,1,1,3.0,3.0,0.0,0.0,0.0,0.0,0.0,2,2,34.0,33.0,3.0,19.0,2,1,1.0,34.0,16.0,3.0,27.0,1,0,0.0,Sunday,993005255.0,19,5,19132.0,-3.0,0,2,0.3846153846153846,0,
202510507,2025-10-05T16:25:00,1,2025,5,CIN,DET,HOME,24.0,37.0,61.0,Paycor Stadium,0.0,3.0,0.0,21.0,0.0,25.0,39.0,25:39,21.0,4.0,12.0,5.0,58.0,322,5.6,3.0,16,85,5.3,0,40,26,237,3,3,5.9,9.1,65.0,74.69,11.0,4.0,36.4,0.0,0.0,0.0,2.0,2.0,0.0,0.0,6,30,2.0,0,2,14,7,6,4.0,220.0,55.0,3,1,-2,7.0,7.0,14.0,9.0,0.0,34.0,21.0,34:21,23.0,7.0,15.0,1.0,61.0,365,6.0,5.0,33,118,3.6,1,24,20,247,4,0,10.3,12.4,83.3,149.13,8.0,2.0,25.0,0.0,0.0,0.0,6.0,5.0,0.0,0.0,8,56,1.0,1,4,14,9,5,5.0,224.0,44.8,1,3.0,2.0,100.0,0.0,83.3,0.0,3.0,3.0,0.0,0.0,0.0,0.0,0.0,1,1,5.0,5.0,0.0,0.0,0.0,0.0,0.0,0,0,29.0,45.0,4.0,14.0,1,1,1.0,29.0,25.0,2.0,14.0,11,2,0.0,Sunday,993005266.0,7,11,19139.0,-13.0,0,-2,0.3636363636363636,0,
202510507,2025-10-05T16:25:00,1,2025,5,DET,CIN,AWAY,37.0,24.0,61.0,Paycor Stadium,7.0,7.0,14.0,9.0,0.0,34.0,21.0,34:21,23.0,7.0,15.0,1.0,61.0,365,6.0,5.0,33,118,3.6,1,24,20,247,4,0,10.3,12.4,83.3,149.13,8.0,2.0,25.0,0.0,0.0,0.0,6.0,5.0,0.0,0.0,8,56,1.0,1,4,14,9,5,5.0,224.0,44.8,1,3,2,0.0,3.0,0.0,21.0,0.0,25.0,39.0,25:39,21.0,4.0,12.0,5.0,58.0,322,5.6,3.0,16,85,5.3,0,40,26,237,3,3,5.9,9.1,65.0,74.69,11.0,4.0,36.4,0.0,0.0,0.0,2.0,2.0,0.0,0.0,6,30,2.0,0,2,14,7,6,4.0,220.0,55.0,3,1.0,-2.0,83.3,0.0,100.0,0.0,5.0,5.0,0.0,0.0,0.0,0.0,0.0,0,0,3.0,3.0,0.0,0.0,0.0,0.0,0.0,1,1,29.0,25.0,2.0,14.0,11,2,0.0,29.0,45.0,4.0,14.0,1,1,1.0,Sunday,993005265.0,11,7,19139.0,13.0,1,2,0.25,0,
202510508,2025-10-05T09:30:00,1,2025,5,CLE,MIN,HOME,17.0,21.0,38.0,Tottenham Hotspur Stadium,7.0,3.0,7.0,0.0,0.0,30.0,29.0,30:29,17.0,8.0,9.0,0.0,67.0,322,4.8,2.0,32,140,4.4,0,33,19,182,2,0,5.5,9.6,57.6,93.24,15.0,3.0,20.0,3.0,3.0,100.0,3.0,2.0,0.0,0.0,10,78,0.0,0,2,8,3,6,8.0,360.0,45.0,0,2,2,7.0,0.0,7.0,7.0,0.0,29.0,31.0,29:31,20.0,4.0,14.0,2.0,61.0,349,5.7,3.0,23,97,4.2,1,35,26,252,2,0,7.2,9.7,74.3,113.04,9.0,3.0,33.3,0.0,0.0,0.0,2.0,2.0,0.0,0.0,7,50,2.0,2,3,16,3,5,5.0,286.0,57.2,2,0.0,-2.0,66.7,0.0,100.0,0.0,2.0,2.0,0.0,0.0,0.0,0.0,0.0,1,1,3.0,3.0,0.0,0.0,0.0,0.0,0.0,1,0,35.0,27.0,3.0,16.0,3,2,2.0,33.0,37.0,2.0,8.0,5,0,0.0,Sunday,993005248.0,8,20,19045.0,-4.0,0,2,0.2,0,
202510508,2025-10-05T09:30:00,1,2025,5,MIN,CLE,AWAY,21.0,17.0,38.0,Tottenham Hotspur Stadium,7.0,0.0,7.0,7.0,0.0,29.0,31.0,29:31,20.0,4.0,14.0,2.0,61.0,349,5.7,3.0,23,97,4.2,1,35,26,252,2,0,7.2,9.7,74.3,113.04,9.0,3.0,33.3,0.0,0.0,0.0,2.0,2.0,0.0,0.0,7,50,2.0,2,3,16,3,5,5.0,286.0,57.2,2,0,-2,7.0,3.0,7.0,0.0,0.0,30.0,29.0,30:29,17.0,8.0,9.0,0.0,67.0,322,4.8,2.0,32,140,4.4,0,33,19,182,2,0,5.5,9.6,57.6,93.24,15.0,3.0,20.0,3.0,3.0,100.0,3.0,2.0,0.0,0.0,10,78,0.0,0,2,8,3,6,8.0,360.0,45.0,0,2.0,2.0,100.0,0.0,66.7,0.0,3.0,3.0,0.0,0.0,0.0,0.0,0.0,1,0,2.0,2.0,0.0,0.0,0.0,0.0,0.0,1,1,33.0,37.0,2.0,8.0,5,0,0.0,35.0,27.0,3.0,16.0,3,2,2.0,Sunday,993005247.0,20,8,19045.0,4.0,1,-2,0.3333333333333333,0,
202510514,2025-10-05T13:00:00,1,2025,5,IND,LV,HOME,40.0,6.0,46.0,Lucas Oil Stadium,0.0,20.0,20.0,0.0,0.0,26.0,35.0,26:35,24.0,9.0,12.0,3.0,57.0,317,5.6,6.0,25,96,3.8,4,32,21,221,2,0,6.9,10.5,65.6,106.38,10.0,8.0,80.0,0.0,0.0,0.0,6.0,6.0,0.0,0.0,9,77,1.0,0,0,0,5,6,2.0,101.0,50.5,0,2,2,3.0,0.0,0.0,3.0,0.0,33.0,25.0,33:25,22.0,6.0,12.0,4.0,65.0,296,4.6,0.0,25,106,4.2,0,36,25,190,0,2,5.3,7.6,69.4,58.8,14.0,8.0,57.1,2.0,1.0,50.0,4.0,0.0,0.0,0.0,6,65,0.0,0,4,38,3,2,1.0,30.0,30.0,2,0.0,-2.0,100.0,0.0,0.0,0.0,2.0,2.0,0.0,6.0,0.0,1.0,1.0,0,0,0.0,0.0,0.0,0.0,0.0,0.0,0.0,3,2,37.0,35.0,4.0,38.0,8,0,0.0,32.0,18.0,0.0,0.0,3,0,0.0,Sunday,993005250.0,14,25,19133.0,34.0,1,2,0.8,0,
202510514,2025-10-05T13:00:00,1,2025,5,LV,IND,AWAY,6.0,40.0,46.0,Lucas Oil Stadium,3.0,0.0,0.0,3.0,0.0,33.0,25.0,33:25,22.0,6.0,12.0,4.0,65.0,296,4.6,0.0,25,106,4.2,0,36,25,190,0,2,5.3,7.6,69.4,58.8,14.0,8.0,57.1,2.0,1.0,50.0,4.0,0.0,0.0,0.0,6,65,0.0,0,4,38,3,2,1.0,30.0,30.0,2,0,-2,0.0,20.0,20.0,0.0,0.0,26.0,35.0,26:35,24.0,9.0,12.0,3.0,57.0,317,5.6,6.0,25,96,3.8,4,32,21,221,2,0,6.9,10.5,65.6,106.38,10.0,8.0,80.0,0.0,0.0,0.0,6.0,6.0,0.0,0.0,9,77,1.0,0,0,0,5,6,2.0,101.0,50.5,0,2.0,2.0,0.0,0.0,100.0,0.0,0.0,0.0,0.0,0.0,0.0,0.0,0.0,3,2,2.0,2.0,0.0,6.0,0.0,1.0,1.0,0,0,32.0,18.0,0.0,0.0,3,0,0.0,37.0,35.0,4.0,38.0,8,0,0.0,Sunday,993005249.0,25,14,19133.0,-34.0,0,-2,0.5714285714285714,0,
202510515,2025-10-06T20:15:00,1,2025,5,JAX,KC,HOME,31.0,28.0,59.0,EverBank Stadium,0.0,7.0,14.0,10.0,0.0,28.0,1.0,28:01,21.0,9.0,8.0,4.0,54.0,319,5.9,4.0,26,109,4.2,2,25,18,210,1,1,8.4,11.7,72.0,93.75,9.0,5.0,55.6,1.0,0.0,0.0,4.0,3.0,0.0,0.0,4,25,1.0,1,3,11,4,1,2.0,105.0,52.5,2,1,-1,7.0,7.0,0.0,14.0,0.0,31.0,59.0,31:59,26.0,11.0,15.0,0.0,63.0,476,7.6,4.0,22,158,7.2,3,41,29,318,1,1,7.8,11.0,70.7,91.31,9.0,5.0,55.6,0.0,0.0,0.0,5.0,4.0,0.0,0.0,13,109,0.0,0,0,0,8,5,4.0,164.0,41.0,1,2.0,1.0,75.0,0.0,80.0,0.0,4.0,4.0,0.0,0.0,0.0,0.0,0.0,1,1,4.0,4.0,0.0,0.0,0.0,0.0,0.0,0,0,33.0,24.0,0.0,0.0,6,0,0.0,30.0,27.0,3.0,11.0,5,1,1.0,Monday,993005272.0,15,16,19142.0,3.0,1,-1,0.5555555555555556,0,
202510515,2025-10-06T20:15:00,1,2025,5,KC,JAX,AWAY,28.0,31.0,59.0,EverBank Stadium,7.0,7.0,0.0,14.0,0.0,31.0,59.0,31:59,26.0,11.0,15.0,0.0,63.0,476,7.6,4.0,22,158,7.2,3,41,29,318,1,1,7.8,11.0,70.7,91.31,9.0,5.0,55.6,0.0,0.0,0.0,5.0,4.0,0.0,0.0,13,109,0.0,0,0,0,8,5,4.0,164.0,41.0,1,2,1,0.0,7.0,14.0,10.0,0.0,28.0,1.0,28:01,21.0,9.0,8.0,4.0,54.0,319,5.9,4.0,26,109,4.2,2,25,18,210,1,1,8.4,11.7,72.0,93.75,9.0,5.0,55.6,1.0,0.0,0.0,4.0,3.0,0.0,0.0,4,25,1.0,1,3,11,4,1,2.0,105.0,52.5,2,1.0,-1.0,80.0,0.0,75.0,0.0,4.0,4.0,0.0,0.0,0.0,0.0,0.0,0,0,4.0,4.0,0.0,0.0,0.0,0.0,0.0,1,1,30.0,27.0,3.0,11.0,5,1,1.0,33.0,24.0,0.0,0.0,6,0,0.0,Monday,993005271.0,16,15,19142.0,-3.0,0,1,0.5555555555555556,0,
202510522,2025-10-05T13:00:00,1,2025,5,NO,NYG,HOME,26.0,14.0,40.0,Caesars Superdome,3.0,13.0,3.0,7.0,0.0,28.0,10.0,28:10,18.0,5.0,10.0,3.0,62.0,332,5.4,2.0,30,88,2.9,0,32,22,244,1,0,7.6,11.1,68.8,101.56,15.0,7.0,46.7,1.0,1.0,100.0,3.0,0.0,0.0,0.0,7,43,0.0,0,0,0,5,2,2.0,83.0,41.5,0,5,5,7.0,7.0,0.0,0.0,0.0,31.0,50.0,31:50,23.0,11.0,10.0,2.0,70.0,335,4.8,2.0,29,136,4.7,0,40,26,199,2,2,5.0,7.7,65.0,72.81,10.0,3.0,30.0,5.0,3.0,60.0,4.0,2.0,0.0,0.0,8,95,3.0,3,1,3,1,7,2.0,75.0,37.5,5,0.0,-5.0,0.0,0.0,50.0,0.0,2.0,2.0,0.0,0.0,0.0,0.0,0.0,6,4,2.0,2.0,0.0,0.0,0.0,0.0,0.0,0,0,41.0,25.0,1.0,3.0,7,2,3.0,40.0,19.0,0.0,0.0,3,0,0.0,Sunday,993005253.0,22,23,19134.0,12.0,1,5,0.4666666666666667,0,
202510522,2025-10-05T13:00:00,1,2025,5,NYG,NO,AWAY,14.0,26.0,40.0,Caesars Superdome,7.0,7.0,0.0,0.0,0.0,31.0,50.0,31:50,23.0,11.0,10.0,2.0,70.0,335,4.8,2.0,29,136,4.7,0,40,26,199,2,2,5.0,7.7,65.0,72.81,10.0,3.0,30.0,5.0,3.0,60.0,4.0,2.0,0.0,0.0,8,95,3.0,3,1,3,1,7,2.0,75.0,37.5,5,0,-5,3.0,13.0,3.0,7.0,0.0,28.0,10.0,28:10,18.0,5.0,10.0,3.0,62.0,332,5.4,2.0,30,88,2.9,0,32,22,244,1,0,7.6,11.1,68.8,101.56,15.0,7.0,46.7,1.0,1.0,100.0,3.0,0.0,0.0,0.0,7,43,0.0,0,0,0,5,2,2.0,83.0,41.5,0,5.0,5.0,50.0,0.0,0.0,0.0,2.0,2.0,0.0,0.0,0.0,0.0,0.0,0,0,2.0,2.0,0.0,0.0,0.0,0.0,0.0,6,4,40.0,19.0,0.0,0.0,3,0,0.0,41.0,25.0,1.0,3.0,7,2,3.0,Sunday,993005251.0,23,22,19134.0,-12.0,0,-5,0.3,0,
202510524,2025-10-05T13:00:00,1,2025,5,DAL,NYJ,AWAY,37.0,22.0,59.0,MetLife Stadium,3.0,20.0,7.0,7.0,0.0,25.0,24.0,25:24,22.0,9.0,12.0,1.0,59.0,416,7.1,5.0,29,180,6.2,1,29,18,236,4,0,8.1,13.1,62.1,127.3,13.0,6.0,46.2,0.0,0.0,0.0,4.0,3.0,0.0,0.0,11,91,0.0,0,1,1,14,6,5.0,228.0,45.6,0,1,1,3.0,0.0,3.0,16.0,0.0,34.0,36.0,34:36,25.0,9.0,14.0,2.0,73.0,378,5.2,2.0,22,144,6.5,0,46,32,234,2,0,5.1,7.3,69.6,95.74,16.0,7.0,43.8,3.0,1.0,33.3,3.0,2.0,0.0,0.0,10,61,1.0,1,5,49,3,3,4.0,176.0,44.0,1,0.0,-1.0,75.0,0.0,66.7,0.0,5.0,4.0,0.0,0.0,0.0,0.0,0.0,1,1,0.0,0.0,0.0,4.0,2.0,0.0,0.0,2,2,38.0,35.0,5.0,49.0,3,1,1.0,32.0,17.0,1.0,1.0,4,0,0.0,Sunday,993005259.0,9,24,19135.0,15.0,1,1,0.4615384615384615,0,
202510524,2025-10-05T13:00:00,1,2025,5,NYJ,DAL,HOME,22.0,37.0,59.0,MetLife Stadium,3.0,0.0,3.0,16.0,0.0,34.0,36.0,34:36,25.0,9.0,14.0,2.0,73.0,378,5.2,2.0,22,144,6.5,0,46,32,234,2,0,5.1,7.3,69.6,95.74,16.0,7.0,43.8,3.0,1.0,33.3,3.0,2.0,0.0,0.0,10,61,1.0,1,5,49,3,3,4.0,176.0,44.0,1,0,-1,3.0,20.0,7.0,7.0,0.0,25.0,24.0,25:24,22.0,9.0,12.0,1.0,59.0,416,7.1,5.0,29,180,6.2,1,29,18,236,4,0,8.1,13.1,62.1,127.3,13.0,6.0,46.2,0.0,0.0,0.0,4.0,3.0,0.0,0.0,11,91,0.0,0,1,1,14,6,5.0,228.0,45.6,0,1.0,1.0,66.7,0.0,75.0,0.0,0.0,0.0,0.0,4.0,2.0,0.0,0.0,2,2,5.0,4.0,0.0,0.0,0.0,0.0,0.0,1,1,32.0,17.0,1.0,1.0,4,0,0.0,38.0,35.0,5.0,49.0,3,1,1.0,Sunday,993005260.0,24,9,19135.0,-15.0,0,-1,0.4375,0,
202510526,2025-10-05T13:00:00,1,2025,5,DEN,PHI,AWAY,21.0,17.0,38.0,Lincoln Financial Field,3.0,0.0,0.0,18.0,0.0,34.0,17.0,34:17,23.0,8.0,12.0,3.0,70.0,358,5.1,2.0,29,130,4.5,1,39,24,228,1,0,5.8,9.5,61.5,86.27,16.0,5.0,31.2,0.0,0.0,0.0,3.0,2.0,0.0,0.0,12,121,0.0,0,2,14,8,5,7.0,328.0,46.9,0,0,0,3.0,7.0,7.0,0.0,0.0,25.0,43.0,25:43,16.0,2.0,11.0,3.0,55.0,302,5.5,2.0,11,45,4.1,0,38,23,257,2,0,6.8,11.2,60.5,98.25,11.0,2.0,18.2,0.0,0.0,0.0,2.0,1.0,0.0,0.0,9,55,0.0,0,6,23,8,5,7.0,359.0,51.3,0,0.0,0.0,66.7,0.0,50.0,0.0,1.0,1.0,0.0,2.0,1.0,0.0,0.0,2,2,2.0,2.0,0.0,0.0,0.0,0.0,0.0,1,1,29.0,16.0,6.0,23.0,9,0,0.0,40.0,28.0,2.0,14.0,2,0,0.0,Sunday,993005252.0,10,26,19136.0,4.0,1,0,0.3125,0,
202510526,2025-10-05T13:00:00,1,2025,5,PHI,DEN,HOME,17.0,21.0,38.0,Lincoln Financial Field,3.0,7.0,7.0,0.0,0.0,25.0,43.0,25:43,16.0,2.0,11.0,3.0,55.0,302,5.5,2.0,11,45,4.1,0,38,23,257,2,0,6.8,11.2,60.5,98.25,11.0,2.0,18.2,0.0,0.0,0.0,2.0,1.0,0.0,0.0,9,55,0.0,0,6,23,8,5,7.0,359.0,51.3,0,0,0,3.0,0.0,0.0,18.0,0.0,34.0,17.0,34:17,23.0,8.0,12.0,3.0,70.0,358,5.1,2.0,29,130,4.5,1,39,24,228,1,0,5.8,9.5,61.5,86.27,16.0,5.0,31.2,0.0,0.0,0.0,3.0,2.0,0.0,0.0,12,121,0.0,0,2,14,8,5,7.0,328.0,46.9,0,0.0,0.0,50.0,0.0,66.7,0.0,2.0,2.0,0.0,0.0,0.0,0.0,0.0,1,1,1.0,1.0,0.0,2.0,1.0,0.0,0.0,2,2,40.0,28.0,2.0,14.0,2,0,0.0,29.0,16.0,6.0,23.0,9,0,0.0,Sunday,993005254.0,26,10,19136.0,-4.0,0,0,0.1818181818181818,0,
202510529,2025-10-05T16:25:00,1,2025,5,LAC,WAS,HOME,10.0,27.0,37.0,SoFi Stadium,10.0,0.0,0.0,0.0,0.0,34.0,19.0,34:19,18.0,6.0,11.0,1.0,65.0,336,5.2,1.0,27,155,5.7,0,33,25,181,1,1,5.5,7.2,75.8,85.54,16.0,9.0,56.2,2.0,1.0,50.0,2.0,1.0,0.0,0.0,10,85,1.0,1,5,29,1,6,2.0,96.0,48.0,2,1,-1,0.0,10.0,10.0,7.0,0.0,25.0,41.0,25:41,22.0,9.0,9.0,4.0,55.0,389,7.1,3.0,28,163,5.8,2,26,15,226,1,0,8.7,15.1,57.7,99.2,7.0,2.0,28.6,1.0,1.0,100.0,5.0,3.0,0.0,0.0,7,48,1.0,1,1,5,9,6,2.0,101.0,50.5,1,2.0,1.0,50.0,0.0,60.0,0.0,1.0,1.0,0.0,0.0,0.0,0.0,0.0,1,1,3.0,3.0,0.0,0.0,0.0,0.0,0.0,2,2,32.0,21.0,1.0,5.0,2,1,1.0,42.0,26.0,5.0,29.0,4,1,1.0,Sunday,993005268.0,29,35,19140.0,-17.0,0,-1,0.5625,0,
202510529,2025-10-05T16:25:00,1,2025,5,WAS,LAC,AWAY,27.0,10.0,37.0,SoFi Stadium,0.0,10.0,10.0,7.0,0.0,25.0,41.0,25:41,22.0,9.0,9.0,4.0,55.0,389,7.1,3.0,28,163,5.8,2,26,15,226,1,0,8.7,15.1,57.7,99.2,7.0,2.0,28.6,1.0,1.0,100.0,5.0,3.0,0.0,0.0,7,48,1.0,1,1,5,9,6,2.0,101.0,50.5,1,2,1,10.0,0.0,0.0,0.0,0.0,34.0,19.0,34:19,18.0,6.0,11.0,1.0,65.0,336,5.2,1.0,27,155,5.7,0,33,25,181,1,1,5.5,7.2,75.8,85.54,16.0,9.0,56.2,2.0,1.0,50.0,2.0,1.0,0.0,0.0,10,85,1.0,1,5,29,1,6,2.0,96.0,48.0,2,1.0,-1.0,60.0,0.0,50.0,0.0,3.0,3.0,0.0,0.0,0.0,0.0,0.0,2,2,1.0,1.0,0.0,0.0,0.0,0.0,0.0,1,1,42.0,26.0,5.0,29.0,4,1,1.0,32.0,21.0,1.0,5.0,2,1,1.0,Sunday,993005267.0,35,29,19140.0,17.0,1,1,0.2857142857142857,0,
202510530,2025-10-05T16:05:00,1,2025,5,SEA,TB,HOME,35.0,38.0,73.0,Lumen Field,0.0,7.0,14.0,14.0,0.0,26.0,48.0,26:48,27.0,6.0,18.0,3.0,54.0,463,8.6,5.0,20,122,6.1,1,34,28,341,4,1,10.0,12.2,82.4,135.42,9.0,6.0,66.7,1.0,1.0,100.0,4.0,4.0,0.0,0.0,7,56,1.0,1,0,0,2,6,1.0,38.0,38.0,2,0,-2,3.0,10.0,15.0,10.0,0.0,33.0,12.0,33:12,25.0,6.0,17.0,2.0,58.0,426,7.3,4.0,24,56,2.3,2,33,29,370,2,0,11.2,12.8,87.9,133.59,11.0,7.0,63.6,0.0,0.0,0.0,6.0,4.0,0.0,0.0,4,37,0.0,0,1,9,2,1,2.0,91.0,45.5,0,2.0,2.0,100.0,0.0,66.7,0.0,5.0,5.0,0.0,0.0,0.0,0.0,0.0,1,0,3.0,3.0,0.0,2.0,1.0,0.0,0.0,3,3,39.0,23.0,1.0,9.0,2,0,0.0,27.0,26.0,0.0,0.0,6,0,1.0,Sunday,993005264.0,30,33,19138.0,-3.0,0,-2,0.6666666666666666,0,
202510530,2025-10-05T16:05:00,1,2025,5,TB,SEA,AWAY,38.0,35.0,73.0,Lumen Field,3.0,10.0,15.0,10.0,0.0,33.0,12.0,33:12,25.0,6.0,17.0,2.0,58.0,426,7.3,4.0,24,56,2.3,2,33,29,370,2,0,11.2,12.8,87.9,133.59,11.0,7.0,63.6,0.0,0.0,0.0,6.0,4.0,0.0,0.0,4,37,0.0,0,1,9,2,1,2.0,91.0,45.5,0,2,2,0.0,7.0,14.0,14.0,0.0,26.0,48.0,26:48,27.0,6.0,18.0,3.0,54.0,463,8.6,5.0,20,122,6.1,1,34,28,341,4,1,10.0,12.2,82.4,135.42,9.0,6.0,66.7,1.0,1.0,100.0,4.0,4.0,0.0,0.0,7,56,1.0,1,0,0,2,6,1.0,38.0,38.0,2,0.0,-2.0,66.7,0.0,100.0,0.0,3.0,3.0,0.0,2.0,1.0,0.0,0.0,3,3,5.0,5.0,0.0,0.0,0.0,0.0,0.0,1,0,27.0,26.0,0.0,0.0,6,0,1.0,39.0,23.0,1.0,9.0,2,0,0.0,Sunday,993005263.0,33,30,19138.0,3.0,1,2,0.6363636363636364,0,
202510532,2025-10-02T20:15:00,1,2025,5,LAR,SF,HOME,23.0,26.0,49.0,SoFi Stadium,0.0,7.0,7.0,9.0,0.0,26.0,20.0,26:20,27.0,5.0,18.0,4.0,64.0,456,7.1,3.0,16,78,4.9,0,47,30,378,3,0,8.0,12.6,63.8,110.06,10.0,4.0,40.0,3.0,2.0,66.7,5.0,3.0,0.0,0.0,5,36,2.0,2,1,11,10,3,2.0,110.0,55.0,2,0,-2,7.0,10.0,3.0,3.0,3.0,40.0,4.0,40:04,27.0,6.0,19.0,2.0,83.0,407,4.9,2.0,33,74,2.2,0,49,33,333,2,0,6.8,10.1,67.3,100.13,18.0,7.0,38.9,3.0,3.0,100.0,5.0,2.0,0.0,0.0,8,44,0.0,0,1,9,2,1,4.0,168.0,42.0,0,2.0,2.0,60.0,0.0,40.0,0.0,3.0,2.0,1.0,0.0,0.0,0.0,0.0,2,1,2.0,2.0,0.0,0.0,0.0,0.0,0.0,4,4,48.0,34.0,1.0,9.0,5,0,0.0,30.0,26.0,1.0,11.0,4,1,2.0,Thursday,993005246.0,32,31,19130.0,-3.0,0,-2,0.4,0,
202510532,2025-10-02T20:15:00,1,2025,5,SF,LAR,AWAY,26.0,23.0,49.0,SoFi Stadium,7.0,10.0,3.0,3.0,3.0,40.0,4.0,40:04,27.0,6.0,19.0,2.0,83.0,407,4.9,2.0,33,74,2.2,0,49,33,333,2,0,6.8,10.1,67.3,100.13,18.0,7.0,38.9,3.0,3.0,100.0,5.0,2.0,0.0,0.0,8,44,0.0,0,1,9,2,1,4.0,168.0,42.0,0,2,2,0.0,7.0,7.0,9.0,0.0,26.0,20.0,26:20,27.0,5.0,18.0,4.0,64.0,456,7.1,3.0,16,78,4.9,0,47,30,378,3,0,8.0,12.6,63.8,110.06,10.0,4.0,40.0,3.0,2.0,66.7,5.0,3.0,0.0,0.0,5,36,2.0,2,1,11,10,3,2.0,110.0,55.0,2,0.0,-2.0,40.0,0.0,60.0,0.0,2.0,2.0,0.0,0.0,0.0,0.0,0.0,4,4,3.0,2.0,1.0,0.0,0.0,0.0,0.0,2,1,30.0,26.0,1.0,11.0,4,1,2.0,48.0,34.0,1.0,9.0,5,0,0.0,Thursday,993005245.0,31,32,19130.0,3.0,1,2,0.3888888888888889,0,
202510602,2025-10-13T19:15:00,1,2025,6,ATL,BUF,HOME,24.0,14.0,38.0,Mercedes-Benz Stadium,14.0,7.0,0.0,3.0,0.0,31.0,39.0,31:39,22.0,9.0,10.0,3.0,66.0,443,6.7,3.0,32,210,6.6,2,32,20,233,1,0,7.3,11.6,62.5,94.92,12.0,5.0,41.7,1.0,0.0,0.0,3.0,1.0,0.0,0.0,6,35,0.0,0,2,17,6,3,4.0,180.0,45.0,0,2,2,7.0,0.0,7.0,0.0,0.0,28.0,21.0,28:21,17.0,7.0,8.0,2.0,54.0,291,5.4,2.0,24,134,5.6,0,26,15,157,2,2,6.0,10.5,57.7,68.91,9.0,2.0,22.2,1.0,0.0,0.0,3.0,2.0,0.0,0.0,8,64,2.0,0,4,23,4,9,6.0,273.0,45.5,2,0.0,-2.0,33.3,0.0,66.7,0.0,3.0,3.0,0.0,0.0,0.0,0.0,0.0,2,1,2.0,2.0,0.0,0.0,0.0,0.0,0.0,0,0,27.0,27.0,4.0,23.0,9,1,0.0,37.0,27.0,2.0,17.0,5,0,0.0,Monday,993005300.0,2,4,19155.0,10.0,1,2,0.4166666666666667,0,
202510602,2025-10-13T19:15:00,1,2025,6,BUF,ATL,AWAY,14.0,24.0,38.0,Mercedes-Benz Stadium,7.0,0.0,7.0,0.0,0.0,28.0,21.0,28:21,17.0,7.0,8.0,2.0,54.0,291,5.4,2.0,24,134,5.6,0,26,15,157,2,2,6.0,10.5,57.7,68.91,9.0,2.0,22.2,1.0,0.0,0.0,3.0,2.0,0.0,0.0,8,64,2.0,0,4,23,4,9,6.0,273.0,45.5,2,0,-2,14.0,7.0,0.0,3.0,0.0,31.0,39.0,31:39,22.0,9.0,10.0,3.0,66.0,443,6.7,3.0,32,210,6.6,2,32,20,233,1,0,7.3,11.6,62.5,94.92,12.0,5.0,41.7,1.0,0.0,0.0,3.0,1.0,0.0,0.0,6,35,0.0,0,2,17,6,3,4.0,180.0,45.0,0,2.0,2.0,66.7,0.0,33.3,0.0,2.0,2.0,0.0,0.0,0.0,0.0,0.0,0,0,3.0,3.0,0.0,0.0,0.0,0.0,0.0,2,1,37.0,27.0,2.0,17.0,5,0,0.0,27.0,27.0,4.0,23.0,9,1,0.0,Monday,993005299.0,4,2,19155.0,-10.0,0,-2,0.2222222222222222,0,
202510603,2025-10-12T13:00:00,1,2025,6,BAL,LAR,HOME,3.0,17.0,20.0,M&T Bank Stadium,3.0,0.0,0.0,0.0,0.0,37.0,55.0,37:55,19.0,11.0,6.0,2.0,75.0,296,3.9,0.0,37,179,4.8,0,34,21,117,0,1,3.4,5.6,61.8,55.64,17.0,7.0,41.2,6.0,2.0,33.3,3.0,0.0,0.0,0.0,7,80,3.0,2,4,23,3,4,1.0,53.0,53.0,3,1,-2,0.0,3.0,14.0,0.0,0.0,22.0,5.0,22:05,15.0,4.0,10.0,1.0,51.0,241,4.7,2.0,23,74,3.2,1,26,17,167,1,0,6.4,9.8,65.4,96.15,10.0,4.0,40.0,2.0,1.0,50.0,5.0,2.0,0.0,0.0,6,40,2.0,1,2,14,11,7,2.0,113.0,56.5,1,3.0,2.0,0.0,0.0,40.0,0.0,0.0,0.0,0.0,0.0,0.0,0.0,0.0,1,1,2.0,2.0,0.0,0.0,0.0,0.0,0.0,2,1,26.0,24.0,2.0,14.0,2,1,1.0,42.0,40.0,4.0,23.0,4,2,2.0,Sunday,993005286.0,3,32,19144.0,-14.0,0,-2,0.4117647058823529,0,
202510603,2025-10-12T13:00:00,1,2025,6,LAR,BAL,AWAY,17.0,3.0,20.0,M&T Bank Stadium,0.0,3.0,14.0,0.0,0.0,22.0,5.0,22:05,15.0,4.0,10.0,1.0,51.0,241,4.7,2.0,23,74,3.2,1,26,17,167,1,0,6.4,9.8,65.4,96.15,10.0,4.0,40.0,2.0,1.0,50.0,5.0,2.0,0.0,0.0,6,40,2.0,1,2,14,11,7,2.0,113.0,56.5,1,3,2,3.0,0.0,0.0,0.0,0.0,37.0,55.0,37:55,19.0,11.0,6.0,2.0,75.0,296,3.9,0.0,37,179,4.8,0,34,21,117,0,1,3.4,5.6,61.8,55.64,17.0,7.0,41.2,6.0,2.0,33.3,3.0,0.0,0.0,0.0,7,80,3.0,2,4,23,3,4,1.0,53.0,53.0,3,1.0,-2.0,40.0,0.0,0.0,0.0,2.0,2.0,0.0,0.0,0.0,0.0,0.0,2,1,0.0,0.0,0.0,0.0,0.0,0.0,0.0,1,1,42.0,40.0,4.0,23.0,4,2,2.0,26.0,24.0,2.0,14.0,2,1,1.0,Sunday,993005285.0,32,3,19144.0,14.0,1,2,0.4,0,
202510605,2025-10-12T13:00:00,1,2025,6,CAR,DAL,HOME,30.0,27.0,57.0,Bank of America Stadium,3.0,10.0,7.0,10.0,0.0,32.0,2.0,32:02,27.0,14.0,11.0,2.0,64.0,410,6.4,3.0,38,216,5.7,0,25,17,194,3,1,7.8,11.4,68.0,114.0,8.0,3.0,37.5,1.0,1.0,100.0,4.0,2.0,0.0,0.0,6,57,2.0,0,1,5,2,5,2.0,98.0,49.0,1,0,-1,3.0,14.0,7.0,3.0,0.0,27.0,58.0,27:58,15.0,1.0,12.0,2.0,53.0,292,5.5,3.0,19,31,1.6,0,34,25,261,3,0,7.7,10.4,73.5,124.75,12.0,5.0,41.7,2.0,2.0,100.0,4.0,2.0,0.0,0.0,6,37,2.0,0,0,0,5,2,3.0,143.0,47.7,0,1.0,1.0,50.0,0.0,50.0,0.0,3.0,3.0,0.0,0.0,0.0,0.0,0.0,3,3,3.0,3.0,0.0,0.0,0.0,0.0,0.0,2,2,32.0,17.0,0.0,0.0,4,0,0.0,39.0,24.0,1.0,5.0,1,2,0.0,Sunday,993005280.0,5,9,19145.0,3.0,1,-1,0.375,0,
202510605,2025-10-12T13:00:00,1,2025,6,DAL,CAR,AWAY,27.0,30.0,57.0,Bank of America Stadium,3.0,14.0,7.0,3.0,0.0,27.0,58.0,27:58,15.0,1.0,12.0,2.0,53.0,292,5.5,3.0,19,31,1.6,0,34,25,261,3,0,7.7,10.4,73.5,124.75,12.0,5.0,41.7,2.0,2.0,100.0,4.0,2.0,0.0,0.0,6,37,2.0,0,0,0,5,2,3.0,143.0,47.7,0,1,1,3.0,10.0,7.0,10.0,0.0,32.0,2.0,32:02,27.0,14.0,11.0,2.0,64.0,410,6.4,3.0,38,216,5.7,0,25,17,194,3,1,7.8,11.4,68.0,114.0,8.0,3.0,37.5,1.0,1.0,100.0,4.0,2.0,0.0,0.0,6,57,2.0,0,1,5,2,5,2.0,98.0,49.0,1,0.0,-1.0,50.0,0.0,50.0,0.0,3.0,3.0,0.0,0.0,0.0,0.0,0.0,2,2,3.0,3.0,0.0,0.0,0.0,0.0,0.0,3,3,39.0,24.0,1.0,5.0,1,2,0.0,32.0,17.0,0.0,0.0,4,0,0.0,Sunday,993005279.0,9,5,19145.0,-3.0,0,1,0.4166666666666667,0,
202510612,2025-10-12T16:25:00,1,2025,6,CIN,GB,AWAY,18.0,27.0,45.0,Lambeau Field,0.0,0.0,7.0,11.0,0.0,27.0,16.0,27:16,20.0,5.0,12.0,3.0,62.0,268,4.3,2.0,16,55,3.4,0,45,29,213,2,0,4.7,7.3,64.4,90.32,15.0,6.0,40.0,2.0,2.0,100.0,2.0,2.0,0.0,0.0,3,17,0.0,0,1,6,4,4,4.0,211.0,52.8,0,1,1,0.0,10.0,0.0,17.0,0.0,32.0,44.0,32:44,24.0,12.0,11.0,1.0,60.0,409,6.8,3.0,33,153,4.6,2,26,19,256,1,1,9.8,13.5,73.1,100.8,11.0,5.0,45.5,1.0,1.0,100.0,4.0,3.0,0.0,0.0,5,40,0.0,0,1,3,5,5,2.0,91.0,45.5,1,0.0,-1.0,100.0,0.0,75.0,0.0,1.0,1.0,0.0,2.0,1.0,0.0,0.0,3,1,3.0,3.0,0.0,0.0,0.0,0.0,0.0,2,2,38.0,22.0,1.0,3.0,6,0,0.0,27.0,32.0,1.0,6.0,3,0,0.0,Sunday,993005293.0,7,12,19152.0,-9.0,0,1,0.4,0,
202510612,2025-10-12T16:25:00,1,2025,6,GB,CIN,HOME,27.0,18.0,45.0,Lambeau Field,0.0,10.0,0.0,17.0,0.0,32.0,44.0,32:44,24.0,12.0,11.0,1.0,60.0,409,6.8,3.0,33,153,4.6,2,26,19,256,1,1,9.8,13.5,73.1,100.8,11.0,5.0,45.5,1.0,1.0,100.0,4.0,3.0,0.0,0.0,5,40,0.0,0,1,3,5,5,2.0,91.0,45.5,1,0,-1,0.0,0.0,7.0,11.0,0.0,27.0,16.0,27:16,20.0,5.0,12.0,3.0,62.0,268,4.3,2.0,16,55,3.4,0,45,29,213,2,0,4.7,7.3,64.4,90.32,15.0,6.0,40.0,2.0,2.0,100.0,2.0,2.0,0.0,0.0,3,17,0.0,0,1,6,4,4,4.0,211.0,52.8,0,1.0,1.0,75.0,0.0,100.0,0.0,3.0,3.0,0.0,0.0,0.0,0.0,0.0,2,2,1.0,1.0,0.0,2.0,1.0,0.0,0.0,3,1,27.0,32.0,1.0,6.0,3,0,0.0,38.0,22.0,1.0,3.0,6,0,0.0,Sunday,993005294.0,12,7,19152.0,9.0,1,-1,0.4545454545454545,0,
202510614,2025-10-12T13:00:00,1,2025,6,ARI,IND,AWAY,27.0,31.0,58.0,Lucas Oil Stadium,7.0,3.0,14.0,3.0,0.0,32.0,5.0,32:05,25.0,7.0,17.0,1.0,70.0,400,5.7,3.0,24,88,3.7,1,44,27,312,2,1,7.1,11.6,61.4,88.45,14.0,9.0,64.3,1.0,0.0,0.0,6.0,3.0,0.0,0.0,7,65,0.0,0,2,8,6,3,2.0,92.0,46.0,1,1,0,7.0,7.0,3.0,14.0,0.0,27.0,55.0,27:55,25.0,11.0,13.0,1.0,58.0,355,6.1,4.0,27,150,5.6,2,30,22,205,2,1,6.8,9.3,73.3,100.0,8.0,4.0,50.0,0.0,0.0,0.0,4.0,4.0,0.0,0.0,5,40,0.0,0,1,7,12,6,3.0,165.0,55.0,1,1.0,0.0,50.0,0.0,100.0,0.0,3.0,3.0,0.0,0.0,0.0,0.0,0.0,2,2,4.0,4.0,0.0,0.0,0.0,0.0,0.0,1,1,31.0,27.0,1.0,7.0,4,0,0.0,43.0,16.0,2.0,8.0,3,0,0.0,Sunday,993005283.0,1,14,19146.0,-4.0,0,0,0.6428571428571429,0,
202510614,2025-10-12T13:00:00,1,2025,6,IND,ARI,HOME,31.0,27.0,58.0,Lucas Oil Stadium,7.0,7.0,3.0,14.0,0.0,27.0,55.0,27:55,25.0,11.0,13.0,1.0,58.0,355,6.1,4.0,27,150,5.6,2,30,22,205,2,1,6.8,9.3,73.3,100.0,8.0,4.0,50.0,0.0,0.0,0.0,4.0,4.0,0.0,0.0,5,40,0.0,0,1,7,12,6,3.0,165.0,55.0,1,1,0,7.0,3.0,14.0,3.0,0.0,32.0,5.0,32:05,25.0,7.0,17.0,1.0,70.0,400,5.7,3.0,24,88,3.7,1,44,27,312,2,1,7.1,11.6,61.4,88.45,14.0,9.0,64.3,1.0,0.0,0.0,6.0,3.0,0.0,0.0,7,65,0.0,0,2,8,6,3,2.0,92.0,46.0,1,1.0,0.0,100.0,0.0,50.0,0.0,4.0,4.0,0.0,0.0,0.0,0.0,0.0,1,1,3.0,3.0,0.0,0.0,0.0,0.0,0.0,2,2,43.0,16.0,2.0,8.0,3,0,0.0,31.0,27.0,1.0,7.0,4,0,0.0,Sunday,993005284.0,14,1,19146.0,4.0,1,0,0.5,0,
202510615,2025-10-12T13:00:00,1,2025,6,JAX,SEA,HOME,12.0,20.0,32.0,EverBank Stadium,6.0,0.0,0.0,6.0,0.0,33.0,21.0,33:21,17.0,3.0,13.0,1.0,68.0,273,4.0,2.0,19,59,3.1,0,42,27,214,2,0,5.1,7.9,64.3,92.76,16.0,4.0,25.0,3.0,3.0,100.0,0.0,0.0,0.0,0.0,10,76,1.0,0,7,44,4,7,8.0,393.0,49.1,0,0,0,0.0,13.0,7.0,0.0,0.0,26.0,39.0,26:39,13.0,2.0,10.0,1.0,54.0,346,6.4,2.0,26,60,2.3,0,27,16,286,2,0,10.6,17.9,59.3,120.29,12.0,1.0,8.3,0.0,0.0,0.0,3.0,1.0,0.0,0.0,7,56,0.0,0,1,9,17,7,7.0,360.0,51.4,0,0.0,0.0,0.0,0.0,33.3,0.0,1.0,0.0,0.0,1.0,0.0,0.0,0.0,1,0,2.0,2.0,0.0,0.0,0.0,0.0,0.0,2,2,24.0,25.0,1.0,9.0,3,0,0.0,34.0,32.0,7.0,44.0,2,0,0.0,Sunday,993005290.0,15,30,19147.0,-8.0,0,0,0.25,0,
202510615,2025-10-12T13:00:00,1,2025,6,SEA,JAX,AWAY,20.0,12.0,32.0,EverBank Stadium,0.0,13.0,7.0,0.0,0.0,26.0,39.0,26:39,13.0,2.0,10.0,1.0,54.0,346,6.4,2.0,26,60,2.3,0,27,16,286,2,0,10.6,17.9,59.3,120.29,12.0,1.0,8.3,0.0,0.0,0.0,3.0,1.0,0.0,0.0,7,56,0.0,0,1,9,17,7,7.0,360.0,51.4,0,0,0,6.0,0.0,0.0,6.0,0.0,33.0,21.0,33:21,17.0,3.0,13.0,1.0,68.0,273,4.0,2.0,19,59,3.1,0,42,27,214,2,0,5.1,7.9,64.3,92.76,16.0,4.0,25.0,3.0,3.0,100.0,0.0,0.0,0.0,0.0,10,76,1.0,0,7,44,4,7,8.0,393.0,49.1,0,0.0,0.0,33.3,0.0,0.0,0.0,2.0,2.0,0.0,0.0,0.0,0.0,0.0,2,2,1.0,0.0,0.0,1.0,0.0,0.0,0.0,1,0,34.0,32.0,7.0,44.0,2,0,0.0,24.0,25.0,1.0,9.0,3,0,0.0,Sunday,993005289.0,30,15,19147.0,8.0,1,0,0.0833333333333333,0,
202510616,2025-10-12T20:20:00,1,2025,6,DET,KC,AWAY,17.0,30.0,47.0,Arrowhead Stadium,3.0,7.0,0.0,7.0,0.0,29.0,23.0,29:23,18.0,5.0,13.0,0.0,53.0,297,5.6,2.0,23,98,4.3,0,29,23,199,2,0,6.9,8.7,79.3,118.25,11.0,5.0,45.5,2.0,0.0,0.0,2.0,1.0,0.0,0.0,4,38,1.0,0,1,4,3,2,3.0,138.0,46.0,0,0,0,6.0,7.0,7.0,10.0,0.0,30.0,37.0,30:37,26.0,8.0,16.0,2.0,62.0,355,5.7,4.0,29,112,3.9,1,30,22,243,3,0,8.1,11.0,73.3,130.28,10.0,4.0,40.0,3.0,2.0,66.7,6.0,4.0,0.0,0.0,0,0,1.0,0,3,14,4,3,1.0,46.0,46.0,0,0.0,0.0,50.0,0.0,66.7,0.0,2.0,2.0,0.0,0.0,0.0,0.0,0.0,1,1,4.0,3.0,0.0,0.0,0.0,0.0,0.0,1,1,30.0,30.0,3.0,14.0,1,1,0.0,33.0,22.0,1.0,4.0,0,1,0.0,Sunday,993005297.0,11,16,19154.0,-13.0,0,0,0.4545454545454545,0,
202510616,2025-10-12T20:20:00,1,2025,6,KC,DET,HOME,30.0,17.0,47.0,Arrowhead Stadium,6.0,7.0,7.0,10.0,0.0,30.0,37.0,30:37,26.0,8.0,16.0,2.0,62.0,355,5.7,4.0,29,112,3.9,1,30,22,243,3,0,8.1,11.0,73.3,130.28,10.0,4.0,40.0,3.0,2.0,66.7,6.0,4.0,0.0,0.0,0,0,1.0,0,3,14,4,3,1.0,46.0,46.0,0,0,0,3.0,7.0,0.0,7.0,0.0,29.0,23.0,29:23,18.0,5.0,13.0,0.0,53.0,297,5.6,2.0,23,98,4.3,0,29,23,199,2,0,6.9,8.7,79.3,118.25,11.0,5.0,45.5,2.0,0.0,0.0,2.0,1.0,0.0,0.0,4,38,1.0,0,1,4,3,2,3.0,138.0,46.0,0,0.0,0.0,66.7,0.0,50.0,0.0,4.0,3.0,0.0,0.0,0.0,0.0,0.0,1,1,2.0,2.0,0.0,0.0,0.0,0.0,0.0,1,1,33.0,22.0,1.0,4.0,0,1,0.0,30.0,30.0,3.0,14.0,1,1,0.0,Sunday,993005298.0,16,11,19154.0,13.0,1,0,0.4,0,
202510619,2025-10-12T13:00:00,1,2025,6,LAC,MIA,AWAY,29.0,27.0,56.0,Hard Rock Stadium,6.0,3.0,14.0,6.0,0.0,34.0,19.0,34:19,20.0,7.0,12.0,1.0,64.0,403,6.3,2.0,25,140,5.6,0,38,29,263,2,0,6.9,9.1,76.3,112.06,15.0,6.0,40.0,1.0,1.0,100.0,7.0,2.0,0.0,0.0,7,45,2.0,1,1,1,4,4,2.0,94.0,47.0,1,3,2,7.0,6.0,0.0,14.0,0.0,25.0,41.0,25:41,19.0,7.0,10.0,2.0,56.0,341,6.1,3.0,21,137,6.5,2,33,22,204,1,3,6.2,9.3,66.7,55.62,11.0,5.0,45.5,0.0,0.0,0.0,3.0,2.0,0.0,0.0,4,45,0.0,0,2,9,7,1,2.0,111.0,55.5,3,1.0,-2.0,28.6,0.0,66.7,0.0,2.0,2.0,0.0,0.0,0.0,0.0,0.0,5,5,3.0,3.0,0.0,0.0,0.0,0.0,0.0,3,2,31.0,22.0,2.0,9.0,5,0,0.0,44.0,20.0,1.0,1.0,2,2,1.0,Sunday,993005277.0,29,19,19148.0,2.0,1,2,0.4,0,
202510619,2025-10-12T13:00:00,1,2025,6,MIA,LAC,HOME,27.0,29.0,56.0,Hard Rock Stadium,7.0,6.0,0.0,14.0,0.0,25.0,41.0,25:41,19.0,7.0,10.0,2.0,56.0,341,6.1,3.0,21,137,6.5,2,33,22,204,1,3,6.2,9.3,66.7,55.62,11.0,5.0,45.5,0.0,0.0,0.0,3.0,2.0,0.0,0.0,4,45,0.0,0,2,9,7,1,2.0,111.0,55.5,3,1,-2,6.0,3.0,14.0,6.0,0.0,34.0,19.0,34:19,20.0,7.0,12.0,1.0,64.0,403,6.3,2.0,25,140,5.6,0,38,29,263,2,0,6.9,9.1,76.3,112.06,15.0,6.0,40.0,1.0,1.0,100.0,7.0,2.0,0.0,0.0,7,45,2.0,1,1,1,4,4,2.0,94.0,47.0,1,3.0,2.0,66.7,0.0,28.6,0.0,3.0,3.0,0.0,0.0,0.0,0.0,0.0,3,2,2.0,2.0,0.0,0.0,0.0,0.0,0.0,5,5,44.0,20.0,1.0,1.0,2,2,1.0,31.0,22.0,2.0,9.0,5,0,0.0,Sunday,993005278.0,19,29,19148.0,-2.0,0,-2,0.4545454545454545,0,
202510622,2025-10-12T13:00:00,1,2025,6,NE,NO,AWAY,25.0,19.0,44.0,Caesars Superdome,14.0,8.0,3.0,0.0,0.0,31.0,44.0,31:44,19.0,5.0,12.0,2.0,58.0,333,5.7,3.0,31,73,2.4,0,26,18,260,3,0,10.0,14.4,69.2,139.9,13.0,6.0,46.2,2.0,1.0,50.0,1.0,0.0,0.0,0.0,11,65,1.0,0,1,1,4,4,3.0,144.0,48.0,0,1,1,6.0,10.0,0.0,3.0,0.0,28.0,16.0,28:16,17.0,7.0,7.0,3.0,51.0,296,5.8,1.0,23,73,3.2,1,26,20,223,0,0,8.6,11.2,76.9,101.92,9.0,3.0,33.3,0.0,0.0,0.0,2.0,1.0,0.0,0.0,8,67,1.0,1,2,4,4,7,2.0,70.0,35.0,1,0.0,-1.0,0.0,0.0,50.0,0.0,2.0,2.0,0.0,0.0,0.0,1.0,1.0,1,1,1.0,1.0,0.0,0.0,0.0,0.0,0.0,4,4,27.0,36.0,2.0,4.0,5,0,1.0,37.0,13.0,1.0,1.0,2,1,0.0,Sunday,993005281.0,21,22,19153.0,6.0,1,1,0.4615384615384615,0,
202510622,2025-10-12T13:00:00,1,2025,6,NO,NE,HOME,19.0,25.0,44.0,Caesars Superdome,6.0,10.0,0.0,3.0,0.0,28.0,16.0,28:16,17.0,7.0,7.0,3.0,51.0,296,5.8,1.0,23,73,3.2,1,26,20,223,0,0,8.6,11.2,76.9,101.92,9.0,3.0,33.3,0.0,0.0,0.0,2.0,1.0,0.0,0.0,8,67,1.0,1,2,4,4,7,2.0,70.0,35.0,1,0,-1,14.0,8.0,3.0,0.0,0.0,31.0,44.0,31:44,19.0,5.0,12.0,2.0,58.0,333,5.7,3.0,31,73,2.4,0,26,18,260,3,0,10.0,14.4,69.2,139.9,13.0,6.0,46.2,2.0,1.0,50.0,1.0,0.0,0.0,0.0,11,65,1.0,0,1,1,4,4,3.0,144.0,48.0,0,1.0,1.0,50.0,0.0,0.0,0.0,1.0,1.0,0.0,0.0,0.0,0.0,0.0,4,4,2.0,2.0,0.0,0.0,0.0,1.0,1.0,1,1,37.0,13.0,1.0,1.0,2,1,0.0,27.0,36.0,2.0,4.0,5,0,1.0,Sunday,993005282.0,22,21,19153.0,-6.0,0,-1,0.3333333333333333,0,
202510623,2025-10-09T20:15:00,1,2025,6,NYG,PHI,HOME,34.0,17.0,51.0,MetLife Stadium,13.0,7.0,7.0,7.0,0.0,30.0,59.0,30:59,25.0,14.0,8.0,3.0,67.0,366,5.5,5.0,39,172,4.4,4,26,17,194,1,0,7.5,11.4,65.4,100.48,16.0,11.0,68.8,0.0,0.0,0.0,3.0,3.0,0.0,0.0,6,55,0.0,0,2,1,3,7,4.0,171.0,42.8,0,2,2,10.0,7.0,0.0,0.0,0.0,29.0,1.0,29:01,20.0,5.0,14.0,1.0,56.0,339,6.1,2.0,20,73,3.6,1,33,24,266,1,1,8.1,11.1,72.7,93.75,9.0,1.0,11.1,2.0,2.0,100.0,3.0,2.0,0.0,0.0,4,46,1.0,1,3,17,3,1,4.0,214.0,53.5,2,0.0,-2.0,100.0,0.0,66.7,0.0,5.0,4.0,0.0,0.0,0.0,0.0,0.0,0,0,2.0,2.0,0.0,0.0,0.0,0.0,0.0,1,1,30.0,29.0,3.0,17.0,4,1,1.0,32.0,36.0,2.0,1.0,4,0,0.0,Thursday,993005274.0,23,26,19143.0,17.0,1,2,0.6875,0,
202510623,2025-10-09T20:15:00,1,2025,6,PHI,NYG,AWAY,17.0,34.0,51.0,MetLife Stadium,10.0,7.0,0.0,0.0,0.0,29.0,1.0,29:01,20.0,5.0,14.0,1.0,56.0,339,6.1,2.0,20,73,3.6,1,33,24,266,1,1,8.1,11.1,72.7,93.75,9.0,1.0,11.1,2.0,2.0,100.0,3.0,2.0,0.0,0.0,4,46,1.0,1,3,17,3,1,4.0,214.0,53.5,2,0,-2,13.0,7.0,7.0,7.0,0.0,30.0,59.0,30:59,25.0,14.0,8.0,3.0,67.0,366,5.5,5.0,39,172,4.4,4,26,17,194,1,0,7.5,11.4,65.4,100.48,16.0,11.0,68.8,0.0,0.0,0.0,3.0,3.0,0.0,0.0,6,55,0.0,0,2,1,3,7,4.0,171.0,42.8,0,2.0,2.0,66.7,0.0,100.0,0.0,2.0,2.0,0.0,0.0,0.0,0.0,0.0,1,1,5.0,4.0,0.0,0.0,0.0,0.0,0.0,0,0,32.0,36.0,2.0,1.0,4,0,0.0,30.0,29.0,3.0,17.0,4,1,1.0,Thursday,993005273.0,26,23,19143.0,-17.0,0,-2,0.1111111111111111,0,
202510624,2025-10-12T09:30:00,1,2025,6,DEN,NYJ,AWAY,13.0,11.0,24.0,Tottenham Hotspur Stadium,10.0,0.0,0.0,3.0,0.0,31.0,8.0,31:08,12.0,3.0,9.0,0.0,57.0,246,4.3,1.0,26,78,3.0,0,30,19,168,1,0,5.6,8.8,63.3,89.31,15.0,5.0,33.3,1.0,1.0,100.0,2.0,1.0,0.0,0.0,6,37,2.0,1,1,6,15,7,6.0,291.0,48.5,1,0,-1,6.0,0.0,5.0,0.0,0.0,28.0,52.0,28:52,8.0,6.0,2.0,0.0,57.0,82,1.4,0.0,31,92,3.0,0,17,9,-10,0,0,-0.6,-1.1,52.9,58.7,15.0,2.0,13.3,2.0,1.0,50.0,0.0,0.0,0.0,0.0,2,15,1.0,0,9,55,3,3,7.0,355.0,50.7,0,1.0,1.0,50.0,0.0,0.0,0.0,1.0,1.0,0.0,0.0,0.0,0.0,0.0,2,2,0.0,0.0,0.0,0.0,0.0,0.0,0.0,3,3,36.0,27.0,9.0,55.0,4,0,0.0,29.0,31.0,1.0,6.0,2,2,1.0,Sunday,993005275.0,10,24,19048.0,2.0,1,-1,0.3333333333333333,0,
202510624,2025-10-12T09:30:00,1,2025,6,NYJ,DEN,HOME,11.0,13.0,24.0,Tottenham Hotspur Stadium,6.0,0.0,5.0,0.0,0.0,28.0,52.0,28:52,8.0,6.0,2.0,0.0,57.0,82,1.4,0.0,31,92,3.0,0,17,9,-10,0,0,-0.6,-1.1,52.9,58.7,15.0,2.0,13.3,2.0,1.0,50.0,0.0,0.0,0.0,0.0,2,15,1.0,0,9,55,3,3,7.0,355.0,50.7,0,1,1,10.0,0.0,0.0,3.0,0.0,31.0,8.0,31:08,12.0,3.0,9.0,0.0,57.0,246,4.3,1.0,26,78,3.0,0,30,19,168,1,0,5.6,8.8,63.3,89.31,15.0,5.0,33.3,1.0,1.0,100.0,2.0,1.0,0.0,0.0,6,37,2.0,1,1,6,15,7,6.0,291.0,48.5,1,0.0,-1.0,0.0,0.0,50.0,0.0,0.0,0.0,0.0,0.0,0.0,0.0,0.0,3,3,1.0,1.0,0.0,0.0,0.0,0.0,0.0,2,2,29.0,31.0,1.0,6.0,2,2,1.0,36.0,27.0,9.0,55.0,4,0,0.0,Sunday,993005276.0,24,10,19048.0,-2.0,0,1,0.1333333333333333,0,
202510625,2025-10-12T16:05:00,1,2025,6,LV,TEN,HOME,20.0,10.0,30.0,Allegiant Stadium,3.0,7.0,7.0,3.0,0.0,32.0,26.0,32:26,16.0,4.0,9.0,3.0,57.0,226,4.0,2.0,32,68,2.1,1,23,17,158,1,1,6.9,9.3,73.9,88.68,13.0,6.0,46.2,1.0,1.0,100.0,4.0,2.0,0.0,0.0,6,27,0.0,0,2,16,8,7,4.0,167.0,41.8,1,3,2,0.0,0.0,3.0,7.0,0.0,27.0,34.0,27:34,15.0,3.0,11.0,1.0,59.0,225,3.8,1.0,15,65,4.3,0,38,26,160,1,1,4.2,6.2,68.4,74.45,13.0,3.0,23.1,2.0,2.0,100.0,2.0,1.0,0.0,0.0,7,34,2.0,2,6,62,7,8,5.0,220.0,44.0,3,1.0,-2.0,50.0,0.0,50.0,0.0,2.0,2.0,0.0,0.0,0.0,0.0,0.0,2,2,1.0,1.0,0.0,0.0,0.0,0.0,0.0,1,1,33.0,23.0,6.0,62.0,2,1,2.0,30.0,35.0,2.0,16.0,4,0,0.0,Sunday,993005292.0,25,34,19151.0,10.0,1,2,0.4615384615384615,0,
202510625,2025-10-12T16:05:00,1,2025,6,TEN,LV,AWAY,10.0,20.0,30.0,Allegiant Stadium,0.0,0.0,3.0,7.0,0.0,27.0,34.0,27:34,15.0,3.0,11.0,1.0,59.0,225,3.8,1.0,15,65,4.3,0,38,26,160,1,1,4.2,6.2,68.4,74.45,13.0,3.0,23.1,2.0,2.0,100.0,2.0,1.0,0.0,0.0,7,34,2.0,2,6,62,7,8,5.0,220.0,44.0,3,1,-2,3.0,7.0,7.0,3.0,0.0,32.0,26.0,32:26,16.0,4.0,9.0,3.0,57.0,226,4.0,2.0,32,68,2.1,1,23,17,158,1,1,6.9,9.3,73.9,88.68,13.0,6.0,46.2,1.0,1.0,100.0,4.0,2.0,0.0,0.0,6,27,0.0,0,2,16,8,7,4.0,167.0,41.8,1,3.0,2.0,50.0,0.0,50.0,0.0,1.0,1.0,0.0,0.0,0.0,0.0,0.0,1,1,2.0,2.0,0.0,0.0,0.0,0.0,0.0,2,2,30.0,35.0,2.0,16.0,4,0,0.0,33.0,23.0,6.0,62.0,2,1,2.0,Sunday,993005291.0,34,25,19151.0,-10.0,0,-2,0.2307692307692307,0,
202510628,2025-10-12T13:00:00,1,2025,6,CLE,PIT,AWAY,9.0,23.0,32.0,Acrisure Stadium,0.0,3.0,3.0,3.0,0.0,28.0,8.0,28:08,20.0,6.0,10.0,4.0,75.0,248,3.3,0.0,17,65,3.8,0,52,29,183,0,0,3.5,6.3,55.8,63.22,17.0,6.0,35.3,4.0,2.0,50.0,3.0,0.0,0.0,0.0,6,44,0.0,0,6,38,3,6,4.0,198.0,49.5,0,0,0,3.0,6.0,7.0,7.0,0.0,31.0,52.0,31:52,19.0,7.0,11.0,1.0,58.0,335,5.8,2.0,28,100,3.6,0,30,21,235,2,0,7.8,11.2,70.0,115.28,13.0,5.0,38.5,0.0,0.0,0.0,1.0,1.0,0.0,0.0,10,59,1.0,0,0,0,17,6,2.0,84.0,42.0,0,0.0,0.0,0.0,0.0,100.0,0.0,0.0,0.0,0.0,0.0,0.0,0.0,0.0,3,3,2.0,2.0,0.0,0.0,0.0,0.0,0.0,4,3,33.0,26.0,0.0,0.0,3,1,0.0,32.0,40.0,6.0,38.0,8,0,0.0,Sunday,993005287.0,8,28,19149.0,-14.0,0,0,0.3529411764705882,0,
202510628,2025-10-12T13:00:00,1,2025,6,PIT,CLE,HOME,23.0,9.0,32.0,Acrisure Stadium,3.0,6.0,7.0,7.0,0.0,31.0,52.0,31:52,19.0,7.0,11.0,1.0,58.0,335,5.8,2.0,28,100,3.6,0,30,21,235,2,0,7.8,11.2,70.0,115.28,13.0,5.0,38.5,0.0,0.0,0.0,1.0,1.0,0.0,0.0,10,59,1.0,0,0,0,17,6,2.0,84.0,42.0,0,0,0,0.0,3.0,3.0,3.0,0.0,28.0,8.0,28:08,20.0,6.0,10.0,4.0,75.0,248,3.3,0.0,17,65,3.8,0,52,29,183,0,0,3.5,6.3,55.8,63.22,17.0,6.0,35.3,4.0,2.0,50.0,3.0,0.0,0.0,0.0,6,44,0.0,0,6,38,3,6,4.0,198.0,49.5,0,0.0,0.0,100.0,0.0,0.0,0.0,2.0,2.0,0.0,0.0,0.0,0.0,0.0,4,3,0.0,0.0,0.0,0.0,0.0,0.0,0.0,3,3,32.0,40.0,6.0,38.0,8,0,0.0,33.0,26.0,0.0,0.0,3,1,0.0,Sunday,993005288.0,28,8,19149.0,14.0,1,0,0.3846153846153846,0,
202510633,2025-10-12T16:25:00,1,2025,6,SF,TB,AWAY,19.0,30.0,49.0,Raymond James Stadium,3.0,13.0,3.0,0.0,0.0,32.0,35.0,32:35,17.0,6.0,10.0,1.0,67.0,363,5.4,1.0,22,67,3.0,1,39,27,296,0,2,7.6,11.0,69.2,70.03,16.0,7.0,43.8,2.0,0.0,0.0,2.0,1.0,0.0,0.0,9,65,1.0,0,6,51,1,4,2.0,89.0,44.5,2,0,-2,7.0,13.0,7.0,3.0,0.0,27.0,25.0,27:25,19.0,9.0,9.0,1.0,50.0,352,7.0,4.0,26,104,4.0,2,23,17,248,2,0,10.8,14.6,73.9,137.59,8.0,3.0,37.5,0.0,0.0,0.0,2.0,2.0,0.0,0.0,5,31,1.0,0,1,8,10,5,3.0,166.0,55.3,0,2.0,2.0,50.0,0.0,100.0,0.0,1.0,1.0,0.0,0.0,0.0,0.0,0.0,4,4,3.0,3.0,0.0,1.0,0.0,0.0,0.0,2,1,29.0,17.0,1.0,8.0,2,0,0.0,40.0,26.0,6.0,51.0,5,1,0.0,Sunday,993005295.0,31,33,19150.0,-11.0,0,-2,0.4375,0,
202510633,2025-10-12T16:25:00,1,2025,6,TB,SF,HOME,30.0,19.0,49.0,Raymond James Stadium,7.0,13.0,7.0,3.0,0.0,27.0,25.0,27:25,19.0,9.0,9.0,1.0,50.0,352,7.0,4.0,26,104,4.0,2,23,17,248,2,0,10.8,14.6,73.9,137.59,8.0,3.0,37.5,0.0,0.0,0.0,2.0,2.0,0.0,0.0,5,31,1.0,0,1,8,10,5,3.0,166.0,55.3,0,2,2,3.0,13.0,3.0,0.0,0.0,32.0,35.0,32:35,17.0,6.0,10.0,1.0,67.0,363,5.4,1.0,22,67,3.0,1,39,27,296,0,2,7.6,11.0,69.2,70.03,16.0,7.0,43.8,2.0,0.0,0.0,2.0,1.0,0.0,0.0,9,65,1.0,0,6,51,1,4,2.0,89.0,44.5,2,0.0,-2.0,100.0,0.0,50.0,0.0,3.0,3.0,0.0,1.0,0.0,0.0,0.0,2,1,1.0,1.0,0.0,0.0,0.0,0.0,0.0,4,4,40.0,26.0,6.0,51.0,5,1,0.0,29.0,17.0,1.0,8.0,2,0,0.0,Sunday,993005296.0,33,31,19150.0,11.0,1,2,0.375,0,
202510635,2025-10-13T20:15:00,1,2025,6,CHI,WAS,AWAY,25.0,24.0,49.0,Northwest Stadium,6.0,7.0,3.0,9.0,0.0,28.0,26.0,28:26,19.0,8.0,10.0,1.0,59.0,381,6.5,2.0,27,145,5.4,1,29,17,236,1,0,8.1,13.9,58.6,96.34,10.0,3.0,30.0,1.0,0.0,0.0,3.0,1.0,0.0,0.0,9,84,1.0,0,3,16,3,3,2.0,106.0,53.0,0,3,3,0.0,7.0,10.0,7.0,0.0,31.0,34.0,31:34,22.0,7.0,11.0,4.0,60.0,329,5.5,3.0,31,124,4.0,0,26,19,205,3,1,7.9,10.8,73.1,118.27,8.0,3.0,37.5,1.0,1.0,100.0,1.0,1.0,0.0,0.0,5,40,3.0,2,3,6,5,4,1.0,30.0,30.0,3,0.0,-3.0,33.3,0.0,100.0,0.0,1.0,1.0,0.0,2.0,0.0,0.0,0.0,5,4,3.0,3.0,0.0,0.0,0.0,0.0,0.0,2,1,32.0,34.0,3.0,6.0,3,1,2.0,28.0,33.0,3.0,16.0,5,0,0.0,Monday,993005301.0,6,35,19156.0,1.0,1,3,0.3,0,
202510635,2025-10-13T20:15:00,1,2025,6,WAS,CHI,HOME,24.0,25.0,49.0,Northwest Stadium,0.0,7.0,10.0,7.0,0.0,31.0,34.0,31:34,22.0,7.0,11.0,4.0,60.0,329,5.5,3.0,31,124,4.0,0,26,19,205,3,1,7.9,10.8,73.1,118.27,8.0,3.0,37.5,1.0,1.0,100.0,1.0,1.0,0.0,0.0,5,40,3.0,2,3,6,5,4,1.0,30.0,30.0,3,0,-3,6.0,7.0,3.0,9.0,0.0,28.0,26.0,28:26,19.0,8.0,10.0,1.0,59.0,381,6.5,2.0,27,145,5.4,1,29,17,236,1,0,8.1,13.9,58.6,96.34,10.0,3.0,30.0,1.0,0.0,0.0,3.0,1.0,0.0,0.0,9,84,1.0,0,3,16,3,3,2.0,106.0,53.0,0,3.0,3.0,100.0,0.0,33.3,0.0,3.0,3.0,0.0,0.0,0.0,0.0,0.0,2,1,1.0,1.0,0.0,2.0,0.0,0.0,0.0,5,4,28.0,33.0,3.0,16.0,5,0,0.0,32.0,34.0,3.0,6.0,3,1,2.0,Monday,993005302.0,35,6,19156.0,-1.0,0,-3,0.375,0,
202510701,2025-10-19T16:25:00,1,2025,7,ARI,GB,HOME,23.0,27.0,50.0,State Farm Stadium,3.0,10.0,7.0,3.0,0.0,34.0,10.0,34:10,23.0,5.0,13.0,5.0,70.0,330,4.7,2.0,28,94,3.4,0,36,25,236,2,0,6.6,9.4,69.4,105.79,14.0,7.0,50.0,2.0,0.0,0.0,4.0,2.0,0.0,0.0,6,55,1.0,1,6,43,2,5,1.0,42.0,42.0,1,0,-1,0.0,6.0,7.0,14.0,0.0,25.0,50.0,25:50,19.0,5.0,10.0,4.0,53.0,262,4.9,3.0,23,94,4.1,2,29,19,168,1,0,5.8,8.8,65.5,92.31,10.0,3.0,30.0,3.0,2.0,66.7,4.0,3.0,0.0,0.0,10,94,2.0,0,1,11,12,9,3.0,174.0,58.0,0,1.0,1.0,50.0,0.0,75.0,0.0,2.0,2.0,0.0,0.0,0.0,0.0,0.0,3,3,3.0,3.0,0.0,0.0,0.0,0.0,0.0,2,2,28.0,22.0,1.0,11.0,3,1,0.0,37.0,40.0,6.0,43.0,4,1,1.0,Sunday,993005326.0,1,12,19166.0,-4.0,0,-1,0.5,0,
202510701,2025-10-19T16:25:00,1,2025,7,GB,ARI,AWAY,27.0,23.0,50.0,State Farm Stadium,0.0,6.0,7.0,14.0,0.0,25.0,50.0,25:50,19.0,5.0,10.0,4.0,53.0,262,4.9,3.0,23,94,4.1,2,29,19,168,1,0,5.8,8.8,65.5,92.31,10.0,3.0,30.0,3.0,2.0,66.7,4.0,3.0,0.0,0.0,10,94,2.0,0,1,11,12,9,3.0,174.0,58.0,0,1,1,3.0,10.0,7.0,3.0,0.0,34.0,10.0,34:10,23.0,5.0,13.0,5.0,70.0,330,4.7,2.0,28,94,3.4,0,36,25,236,2,0,6.6,9.4,69.4,105.79,14.0,7.0,50.0,2.0,0.0,0.0,4.0,2.0,0.0,0.0,6,55,1.0,1,6,43,2,5,1.0,42.0,42.0,1,0.0,-1.0,75.0,0.0,50.0,0.0,3.0,3.0,0.0,0.0,0.0,0.0,0.0,2,2,2.0,2.0,0.0,0.0,0.0,0.0,0.0,3,3,37.0,40.0,6.0,43.0,4,1,1.0,28.0,22.0,1.0,11.0,3,1,0.0,Sunday,993005325.0,12,1,19166.0,4.0,1,1,0.3,0,
202510706,2025-10-19T13:00:00,1,2025,7,CHI,NO,HOME,26.0,14.0,40.0,Soldier Field,3.0,17.0,3.0,3.0,0.0,36.0,19.0,36:19,23.0,13.0,10.0,0.0,67.0,386,5.8,2.0,40,222,5.6,2,26,15,164,0,1,6.3,10.9,57.7,60.42,12.0,3.0,25.0,1.0,1.0,100.0,6.0,2.0,0.0,0.0,10,92,2.0,0,1,8,7,7,3.0,129.0,43.0,1,4,3,0.0,7.0,7.0,0.0,0.0,23.0,41.0,23:41,16.0,3.0,9.0,4.0,53.0,253,4.8,2.0,17,44,2.6,0,32,20,209,2,3,6.5,10.4,62.5,63.15,10.0,3.0,30.0,2.0,0.0,0.0,1.0,1.0,0.0,0.0,5,30,1.0,1,4,24,5,2,3.0,127.0,42.3,4,1.0,-3.0,33.3,0.0,100.0,0.0,2.0,2.0,0.0,0.0,0.0,0.0,0.0,4,4,2.0,2.0,0.0,0.0,0.0,0.0,0.0,1,0,33.0,11.0,4.0,24.0,9,1,1.0,35.0,32.0,1.0,8.0,5,0,0.0,Sunday,993005310.0,6,22,19158.0,12.0,1,3,0.25,0,
202510706,2025-10-19T13:00:00,1,2025,7,NO,CHI,AWAY,14.0,26.0,40.0,Soldier Field,0.0,7.0,7.0,0.0,0.0,23.0,41.0,23:41,16.0,3.0,9.0,4.0,53.0,253,4.8,2.0,17,44,2.6,0,32,20,209,2,3,6.5,10.4,62.5,63.15,10.0,3.0,30.0,2.0,0.0,0.0,1.0,1.0,0.0,0.0,5,30,1.0,1,4,24,5,2,3.0,127.0,42.3,4,1,-3,3.0,17.0,3.0,3.0,0.0,36.0,19.0,36:19,23.0,13.0,10.0,0.0,67.0,386,5.8,2.0,40,222,5.6,2,26,15,164,0,1,6.3,10.9,57.7,60.42,12.0,3.0,25.0,1.0,1.0,100.0,6.0,2.0,0.0,0.0,10,92,2.0,0,1,8,7,7,3.0,129.0,43.0,1,4.0,3.0,100.0,0.0,33.3,0.0,2.0,2.0,0.0,0.0,0.0,0.0,0.0,1,0,2.0,2.0,0.0,0.0,0.0,0.0,0.0,4,4,35.0,32.0,1.0,8.0,5,0,0.0,33.0,11.0,4.0,24.0,9,1,1.0,Sunday,993005309.0,22,6,19158.0,-12.0,0,-3,0.3,0,
202510707,2025-10-16T20:15:00,1,2025,7,CIN,PIT,HOME,33.0,31.0,64.0,Paycor Stadium,0.0,17.0,3.0,13.0,0.0,34.0,32.0,34:32,27.0,8.0,16.0,3.0,72.0,470,6.5,3.0,23,142,6.2,0,47,31,328,3,0,7.0,10.6,66.0,107.4,14.0,7.0,50.0,1.0,1.0,100.0,5.0,2.0,0.0,0.0,4,35,0.0,0,2,14,2,2,3.0,135.0,45.0,0,2,2,7.0,3.0,7.0,14.0,0.0,25.0,28.0,25:28,19.0,7.0,12.0,0.0,54.0,396,7.3,4.0,20,147,7.4,0,34,23,249,4,2,7.3,10.8,67.6,103.68,10.0,7.0,70.0,0.0,0.0,0.0,4.0,3.0,0.0,0.0,7,59,0.0,0,0,0,6,3,2.0,84.0,42.0,2,0.0,-2.0,40.0,0.0,75.0,0.0,3.0,3.0,0.0,0.0,0.0,0.0,0.0,4,4,4.0,4.0,0.0,0.0,0.0,0.0,0.0,1,1,29.0,20.0,0.0,0.0,6,0,0.0,38.0,24.0,2.0,14.0,6,0,0.0,Thursday,993005304.0,7,28,19157.0,2.0,1,2,0.5,0,
202510707,2025-10-16T20:15:00,1,2025,7,PIT,CIN,AWAY,31.0,33.0,64.0,Paycor Stadium,7.0,3.0,7.0,14.0,0.0,25.0,28.0,25:28,19.0,7.0,12.0,0.0,54.0,396,7.3,4.0,20,147,7.4,0,34,23,249,4,2,7.3,10.8,67.6,103.68,10.0,7.0,70.0,0.0,0.0,0.0,4.0,3.0,0.0,0.0,7,59,0.0,0,0,0,6,3,2.0,84.0,42.0,2,0,-2,0.0,17.0,3.0,13.0,0.0,34.0,32.0,34:32,27.0,8.0,16.0,3.0,72.0,470,6.5,3.0,23,142,6.2,0,47,31,328,3,0,7.0,10.6,66.0,107.4,14.0,7.0,50.0,1.0,1.0,100.0,5.0,2.0,0.0,0.0,4,35,0.0,0,2,14,2,2,3.0,135.0,45.0,0,2.0,2.0,75.0,0.0,40.0,0.0,4.0,4.0,0.0,0.0,0.0,0.0,0.0,1,1,3.0,3.0,0.0,0.0,0.0,0.0,0.0,4,4,38.0,24.0,2.0,14.0,6,0,0.0,29.0,20.0,0.0,0.0,6,0,0.0,Thursday,993005303.0,28,7,19157.0,-2.0,0,-2,0.7,0,
202510708,2025-10-19T13:00:00,1,2025,7,CLE,MIA,HOME,31.0,6.0,37.0,Huntington Bank Field,3.0,14.0,7.0,7.0,0.0,31.0,45.0,31:45,15.0,5.0,6.0,4.0,53.0,206,3.9,4.0,33,104,3.2,3,18,13,102,0,0,5.7,7.8,72.2,85.88,11.0,4.0,36.4,0.0,0.0,0.0,3.0,2.0,0.0,0.0,5,37,1.0,0,2,14,6,11,6.0,258.0,43.0,0,4,4,0.0,6.0,0.0,0.0,0.0,28.0,15.0,28:15,12.0,3.0,7.0,2.0,57.0,219,3.8,0.0,22,99,4.5,0,31,17,120,0,3,3.9,7.1,54.8,24.33,13.0,1.0,7.7,4.0,2.0,50.0,2.0,0.0,0.0,0.0,11,103,6.0,1,4,33,3,9,4.0,189.0,47.2,4,0.0,-4.0,66.7,0.0,0.0,0.0,4.0,4.0,0.0,0.0,0.0,0.0,0.0,1,1,0.0,0.0,0.0,0.0,0.0,0.0,0.0,2,2,33.0,18.0,4.0,33.0,6,1,1.0,36.0,16.0,2.0,14.0,2,0,0.0,Sunday,993005318.0,8,19,19159.0,25.0,1,4,0.3636363636363636,0,
202510708,2025-10-19T13:00:00,1,2025,7,MIA,CLE,AWAY,6.0,31.0,37.0,Huntington Bank Field,0.0,6.0,0.0,0.0,0.0,28.0,15.0,28:15,12.0,3.0,7.0,2.0,57.0,219,3.8,0.0,22,99,4.5,0,31,17,120,0,3,3.9,7.1,54.8,24.33,13.0,1.0,7.7,4.0,2.0,50.0,2.0,0.0,0.0,0.0,11,103,6.0,1,4,33,3,9,4.0,189.0,47.2,4,0,-4,3.0,14.0,7.0,7.0,0.0,31.0,45.0,31:45,15.0,5.0,6.0,4.0,53.0,206,3.9,4.0,33,104,3.2,3,18,13,102,0,0,5.7,7.8,72.2,85.88,11.0,4.0,36.4,0.0,0.0,0.0,3.0,2.0,0.0,0.0,5,37,1.0,0,2,14,6,11,6.0,258.0,43.0,0,4.0,4.0,0.0,0.0,66.7,0.0,0.0,0.0,0.0,0.0,0.0,0.0,0.0,2,2,4.0,4.0,0.0,0.0,0.0,0.0,0.0,1,1,36.0,16.0,2.0,14.0,2,0,0.0,33.0,18.0,4.0,33.0,6,1,1.0,Sunday,993005317.0,19,8,19159.0,-25.0,0,-4,0.0769230769230769,0,
202510709,2025-10-19T16:25:00,1,2025,7,DAL,WAS,HOME,44.0,22.0,66.0,AT&T Stadium,17.0,10.0,14.0,3.0,0.0,31.0,21.0,31:21,21.0,7.0,11.0,3.0,62.0,409,6.6,5.0,31,152,4.9,1,30,21,257,3,0,8.6,12.2,70.0,129.44,12.0,6.0,50.0,0.0,0.0,0.0,4.0,3.0,0.0,0.0,10,79,1.0,0,1,7,6,7,3.0,128.0,42.7,0,2,2,8.0,7.0,7.0,0.0,0.0,28.0,39.0,28:39,18.0,8.0,8.0,2.0,64.0,341,5.3,3.0,28,136,4.9,2,32,16,205,1,1,6.4,12.8,50.0,67.84,16.0,7.0,43.8,2.0,0.0,0.0,3.0,3.0,0.0,0.0,11,118,1.0,1,4,14,5,3,5.0,286.0,57.2,2,0.0,-2.0,75.0,0.0,100.0,0.0,5.0,5.0,0.0,0.0,0.0,0.0,0.0,3,3,2.0,2.0,0.0,1.0,0.0,0.0,0.0,0,0,34.0,20.0,4.0,14.0,5,1,1.0,28.0,37.0,1.0,7.0,7,0,0.0,Sunday,993005324.0,9,35,19167.0,22.0,1,2,0.5,0,
202510709,2025-10-19T16:25:00,1,2025,7,WAS,DAL,AWAY,22.0,44.0,66.0,AT&T Stadium,8.0,7.0,7.0,0.0,0.0,28.0,39.0,28:39,18.0,8.0,8.0,2.0,64.0,341,5.3,3.0,28,136,4.9,2,32,16,205,1,1,6.4,12.8,50.0,67.84,16.0,7.0,43.8,2.0,0.0,0.0,3.0,3.0,0.0,0.0,11,118,1.0,1,4,14,5,3,5.0,286.0,57.2,2,0,-2,17.0,10.0,14.0,3.0,0.0,31.0,21.0,31:21,21.0,7.0,11.0,3.0,62.0,409,6.6,5.0,31,152,4.9,1,30,21,257,3,0,8.6,12.2,70.0,129.44,12.0,6.0,50.0,0.0,0.0,0.0,4.0,3.0,0.0,0.0,10,79,1.0,0,1,7,6,7,3.0,128.0,42.7,0,2.0,2.0,100.0,0.0,75.0,0.0,2.0,2.0,0.0,1.0,0.0,0.0,0.0,0,0,5.0,5.0,0.0,0.0,0.0,0.0,0.0,3,3,28.0,37.0,1.0,7.0,7,0,0.0,34.0,20.0,4.0,14.0,5,1,1.0,Sunday,993005323.0,35,9,19167.0,-22.0,0,-2,0.4375,0,
202510710,2025-10-19T16:05:00,1,2025,7,DEN,NYG,HOME,33.0,32.0,65.0,Empower Field at Mile High,0.0,0.0,0.0,33.0,0.0,29.0,49.0,29:49,25.0,8.0,15.0,2.0,76.0,407,5.4,4.0,24,142,5.9,2,50,27,265,2,0,5.3,9.8,54.0,82.5,13.0,4.0,30.8,2.0,1.0,50.0,5.0,4.0,0.0,0.0,12,127,1.0,0,2,14,10,4,6.0,303.0,50.5,0,1,1,7.0,6.0,6.0,13.0,0.0,30.0,11.0,30:11,26.0,7.0,12.0,7.0,69.0,387,5.6,5.0,32,119,3.7,2,33,15,268,3,1,8.1,17.9,45.5,91.48,15.0,6.0,40.0,2.0,2.0,100.0,2.0,2.0,0.0,0.0,8,36,0.0,0,4,15,5,5,6.0,263.0,43.8,1,0.0,-1.0,80.0,0.0,100.0,0.0,2.0,2.0,0.0,4.0,2.0,0.0,0.0,1,1,4.0,2.0,0.0,2.0,0.0,0.0,0.0,0,0,29.0,33.0,4.0,15.0,8,0,0.0,38.0,22.0,2.0,14.0,8,0,0.0,Sunday,993005322.0,10,23,19164.0,1.0,1,1,0.3076923076923077,0,
202510710,2025-10-19T16:05:00,1,2025,7,NYG,DEN,AWAY,32.0,33.0,65.0,Empower Field at Mile High,7.0,6.0,6.0,13.0,0.0,30.0,11.0,30:11,26.0,7.0,12.0,7.0,69.0,387,5.6,5.0,32,119,3.7,2,33,15,268,3,1,8.1,17.9,45.5,91.48,15.0,6.0,40.0,2.0,2.0,100.0,2.0,2.0,0.0,0.0,8,36,0.0,0,4,15,5,5,6.0,263.0,43.8,1,0,-1,0.0,0.0,0.0,33.0,0.0,29.0,49.0,29:49,25.0,8.0,15.0,2.0,76.0,407,5.4,4.0,24,142,5.9,2,50,27,265,2,0,5.3,9.8,54.0,82.5,13.0,4.0,30.8,2.0,1.0,50.0,5.0,4.0,0.0,0.0,12,127,1.0,0,2,14,10,4,6.0,303.0,50.5,0,1.0,1.0,100.0,0.0,80.0,0.0,4.0,2.0,0.0,2.0,0.0,0.0,0.0,0,0,2.0,2.0,0.0,4.0,2.0,0.0,0.0,1,1,38.0,22.0,2.0,14.0,8,0,0.0,29.0,33.0,4.0,15.0,8,0,0.0,Sunday,993005321.0,23,10,19164.0,-1.0,0,-1,0.4,0,
202510711,2025-10-20T19:00:00,1,2025,7,DET,TB,HOME,24.0,9.0,33.0,Ford Field,7.0,7.0,7.0,3.0,0.0,31.0,39.0,31:39,17.0,6.0,9.0,2.0,65.0,379,5.8,3.0,32,164,5.1,2,29,20,215,1,1,7.4,10.8,69.0,87.57,13.0,3.0,23.1,2.0,1.0,50.0,2.0,1.0,0.0,0.0,6,50,1.0,1,4,26,8,4,5.0,256.0,51.2,2,2,0,0.0,3.0,6.0,0.0,0.0,28.0,21.0,28:21,15.0,2.0,11.0,2.0,66.0,251,3.8,1.0,12,41,3.4,0,50,28,210,1,1,4.2,7.5,56.0,64.58,16.0,4.0,25.0,5.0,2.0,40.0,1.0,0.0,0.0,0.0,6,35,2.0,1,4,18,9,7,6.0,263.0,43.8,2,2.0,0.0,50.0,0.0,0.0,0.0,3.0,3.0,0.0,0.0,0.0,0.0,0.0,2,1,0.0,0.0,0.0,2.0,0.0,0.0,0.0,1,1,31.0,22.0,4.0,18.0,12,2,1.0,36.0,38.0,4.0,26.0,2,1,1.0,Monday,993005330.0,11,33,19169.0,15.0,1,0,0.2307692307692307,0,
202510711,2025-10-20T19:00:00,1,2025,7,TB,DET,AWAY,9.0,24.0,33.0,Ford Field,0.0,3.0,6.0,0.0,0.0,28.0,21.0,28:21,15.0,2.0,11.0,2.0,66.0,251,3.8,1.0,12,41,3.4,0,50,28,210,1,1,4.2,7.5,56.0,64.58,16.0,4.0,25.0,5.0,2.0,40.0,1.0,0.0,0.0,0.0,6,35,2.0,1,4,18,9,7,6.0,263.0,43.8,2,2,0,7.0,7.0,7.0,3.0,0.0,31.0,39.0,31:39,17.0,6.0,9.0,2.0,65.0,379,5.8,3.0,32,164,5.1,2,29,20,215,1,1,7.4,10.8,69.0,87.57,13.0,3.0,23.1,2.0,1.0,50.0,2.0,1.0,0.0,0.0,6,50,1.0,1,4,26,8,4,5.0,256.0,51.2,2,2.0,0.0,0.0,0.0,50.0,0.0,0.0,0.0,0.0,2.0,0.0,0.0,0.0,1,1,3.0,3.0,0.0,0.0,0.0,0.0,0.0,2,1,36.0,38.0,4.0,26.0,2,1,1.0,31.0,22.0,4.0,18.0,12,2,1.0,Monday,993005329.0,33,11,19169.0,-15.0,0,0,0.25,0,
202510715,2025-10-19T09:30:00,1,2025,7,JAX,LAR,HOME,7.0,35.0,42.0,Wembley Stadium,0.0,0.0,0.0,7.0,0.0,28.0,14.0,28:14,21.0,5.0,13.0,3.0,74.0,358,4.8,1.0,19,94,4.9,0,48,23,264,1,0,5.5,11.5,47.9,71.88,15.0,3.0,20.0,6.0,2.0,33.3,2.0,0.0,0.0,0.0,13,119,1.0,0,7,32,4,1,5.0,207.0,41.4,0,0,0,14.0,7.0,0.0,14.0,0.0,31.0,46.0,31:46,26.0,4.0,14.0,8.0,62.0,271,4.4,5.0,29,89,3.1,0,33,21,182,5,0,5.5,8.7,63.6,117.68,10.0,2.0,20.0,2.0,2.0,100.0,4.0,4.0,0.0,0.0,5,45,0.0,0,0,0,11,5,5.0,242.0,48.4,0,0.0,0.0,0.0,0.0,100.0,0.0,1.0,1.0,0.0,0.0,0.0,0.0,0.0,1,0,5.0,5.0,0.0,0.0,0.0,0.0,0.0,0,0,33.0,18.0,0.0,0.0,4,0,0.0,39.0,18.0,7.0,32.0,10,1,0.0,Sunday,993005306.0,15,32,19049.0,-28.0,0,0,0.2,0,
202510715,2025-10-19T09:30:00,1,2025,7,LAR,JAX,AWAY,35.0,7.0,42.0,Wembley Stadium,14.0,7.0,0.0,14.0,0.0,31.0,46.0,31:46,26.0,4.0,14.0,8.0,62.0,271,4.4,5.0,29,89,3.1,0,33,21,182,5,0,5.5,8.7,63.6,117.68,10.0,2.0,20.0,2.0,2.0,100.0,4.0,4.0,0.0,0.0,5,45,0.0,0,0,0,11,5,5.0,242.0,48.4,0,0,0,0.0,0.0,0.0,7.0,0.0,28.0,14.0,28:14,21.0,5.0,13.0,3.0,74.0,358,4.8,1.0,19,94,4.9,0,48,23,264,1,0,5.5,11.5,47.9,71.88,15.0,3.0,20.0,6.0,2.0,33.3,2.0,0.0,0.0,0.0,13,119,1.0,0,7,32,4,1,5.0,207.0,41.4,0,0.0,0.0,100.0,0.0,0.0,0.0,5.0,5.0,0.0,0.0,0.0,0.0,0.0,0,0,1.0,1.0,0.0,0.0,0.0,0.0,0.0,1,0,39.0,18.0,7.0,32.0,10,1,0.0,33.0,18.0,0.0,0.0,4,0,0.0,Sunday,993005305.0,32,15,19049.0,28.0,1,0,0.2,0,
202510716,2025-10-19T13:00:00,1,2025,7,KC,LV,HOME,31.0,0.0,31.0,Arrowhead Stadium,7.0,14.0,10.0,0.0,0.0,42.0,8.0,42:08,30.0,12.0,16.0,2.0,77.0,434,5.6,4.0,41,152,3.7,1,35,26,282,3,0,8.1,10.8,74.3,126.13,15.0,9.0,60.0,2.0,1.0,50.0,5.0,4.0,0.0,0.0,5,38,2.0,0,1,4,2,1,3.0,106.0,35.3,0,1,1,0.0,0.0,0.0,0.0,0.0,17.0,52.0,17:52,3.0,0.0,2.0,1.0,30.0,95,3.2,0.0,11,25,2.3,0,18,12,70,0,0,3.9,5.8,66.7,73.84,7.0,0.0,0.0,1.0,0.0,0.0,0.0,0.0,0.0,0.0,8,58,2.0,1,1,5,3,6,6.0,283.0,47.2,1,0.0,-1.0,80.0,0.0,0.0,0.0,4.0,4.0,0.0,0.0,0.0,0.0,0.0,1,1,0.0,0.0,0.0,0.0,0.0,0.0,0.0,0,0,14.0,17.0,1.0,5.0,1,0,1.0,43.0,42.0,1.0,4.0,2,1,0.0,Sunday,993005316.0,16,25,19160.0,31.0,1,1,0.6,0,
202510716,2025-10-19T13:00:00,1,2025,7,LV,KC,AWAY,0.0,31.0,31.0,Arrowhead Stadium,0.0,0.0,0.0,0.0,0.0,17.0,52.0,17:52,3.0,0.0,2.0,1.0,30.0,95,3.2,0.0,11,25,2.3,0,18,12,70,0,0,3.9,5.8,66.7,73.84,7.0,0.0,0.0,1.0,0.0,0.0,0.0,0.0,0.0,0.0,8,58,2.0,1,1,5,3,6,6.0,283.0,47.2,1,0,-1,7.0,14.0,10.0,0.0,0.0,42.0,8.0,42:08,30.0,12.0,16.0,2.0,77.0,434,5.6,4.0,41,152,3.7,1,35,26,282,3,0,8.1,10.8,74.3,126.13,15.0,9.0,60.0,2.0,1.0,50.0,5.0,4.0,0.0,0.0,5,38,2.0,0,1,4,2,1,3.0,106.0,35.3,0,1.0,1.0,0.0,0.0,80.0,0.0,0.0,0.0,0.0,0.0,0.0,0.0,0.0,0,0,4.0,4.0,0.0,0.0,0.0,0.0,0.0,1,1,43.0,42.0,1.0,4.0,2,1,0.0,14.0,17.0,1.0,5.0,1,0,1.0,Sunday,993005315.0,25,16,19160.0,-31.0,0,-1,0.0,0,
202510720,2025-10-19T13:00:00,1,2025,7,MIN,PHI,HOME,22.0,28.0,50.0,U.S. Bank Stadium,3.0,3.0,10.0,6.0,0.0,34.0,2.0,34:02,21.0,7.0,13.0,1.0,67.0,387,5.8,1.0,23,89,3.9,1,42,26,298,0,2,7.1,11.5,61.9,63.39,15.0,7.0,46.7,1.0,1.0,100.0,6.0,1.0,0.0,0.0,3,30,2.0,0,2,15,4,8,1.0,34.0,34.0,2,0,-2,7.0,7.0,7.0,7.0,0.0,25.0,58.0,25:58,13.0,4.0,9.0,0.0,49.0,361,7.4,4.0,23,45,2.0,0,23,19,316,3,0,13.7,16.6,82.6,158.33,10.0,3.0,30.0,3.0,2.0,66.7,1.0,0.0,0.0,0.0,8,64,0.0,0,3,10,8,6,3.0,146.0,48.7,0,2.0,2.0,16.7,0.0,0.0,0.0,1.0,1.0,0.0,0.0,0.0,0.0,0.0,5,5,4.0,4.0,0.0,0.0,0.0,0.0,0.0,1,0,30.0,25.0,3.0,10.0,1,0,0.0,39.0,18.0,2.0,15.0,3,0,0.0,Sunday,993005308.0,20,26,19161.0,-6.0,0,-2,0.4666666666666667,0,
202510720,2025-10-19T13:00:00,1,2025,7,PHI,MIN,AWAY,28.0,22.0,50.0,U.S. Bank Stadium,7.0,7.0,7.0,7.0,0.0,25.0,58.0,25:58,13.0,4.0,9.0,0.0,49.0,361,7.4,4.0,23,45,2.0,0,23,19,316,3,0,13.7,16.6,82.6,158.33,10.0,3.0,30.0,3.0,2.0,66.7,1.0,0.0,0.0,0.0,8,64,0.0,0,3,10,8,6,3.0,146.0,48.7,0,2,2,3.0,3.0,10.0,6.0,0.0,34.0,2.0,34:02,21.0,7.0,13.0,1.0,67.0,387,5.8,1.0,23,89,3.9,1,42,26,298,0,2,7.1,11.5,61.9,63.39,15.0,7.0,46.7,1.0,1.0,100.0,6.0,1.0,0.0,0.0,3,30,2.0,0,2,15,4,8,1.0,34.0,34.0,2,0.0,-2.0,0.0,0.0,16.7,0.0,4.0,4.0,0.0,0.0,0.0,0.0,0.0,1,0,1.0,1.0,0.0,0.0,0.0,0.0,0.0,5,5,39.0,18.0,2.0,15.0,3,0,0.0,30.0,25.0,3.0,10.0,1,0,0.0,Sunday,993005307.0,26,20,19161.0,6.0,1,2,0.3,0,
202510724,2025-10-19T13:00:00,1,2025,7,CAR,NYJ,AWAY,13.0,6.0,19.0,MetLife Stadium,3.0,7.0,3.0,0.0,0.0,35.0,5.0,35:05,17.0,7.0,10.0,0.0,70.0,302,4.3,1.0,36,125,3.5,0,32,19,177,1,0,5.5,9.3,59.4,85.03,17.0,5.0,29.4,4.0,3.0,75.0,3.0,1.0,0.0,0.0,6,45,1.0,0,2,21,11,3,6.0,276.0,46.0,0,2,2,0.0,3.0,0.0,3.0,0.0,24.0,55.0,24:55,12.0,3.0,8.0,1.0,60.0,220,3.7,0.0,20,81,4.0,0,34,16,139,0,2,4.1,8.7,47.1,33.82,15.0,7.0,46.7,1.0,0.0,0.0,1.0,0.0,0.0,0.0,5,26,0.0,0,6,33,7,6,5.0,243.0,48.6,2,0.0,-2.0,33.3,0.0,0.0,0.0,1.0,1.0,0.0,0.0,0.0,0.0,0.0,2,2,0.0,0.0,0.0,0.0,0.0,0.0,0.0,2,2,28.0,25.0,6.0,33.0,9,0,0.0,40.0,29.0,2.0,21.0,7,0,0.0,Sunday,993005311.0,5,24,19162.0,7.0,1,2,0.2941176470588235,0,
202510724,2025-10-19T13:00:00,1,2025,7,NYJ,CAR,HOME,6.0,13.0,19.0,MetLife Stadium,0.0,3.0,0.0,3.0,0.0,24.0,55.0,24:55,12.0,3.0,8.0,1.0,60.0,220,3.7,0.0,20,81,4.0,0,34,16,139,0,2,4.1,8.7,47.1,33.82,15.0,7.0,46.7,1.0,0.0,0.0,1.0,0.0,0.0,0.0,5,26,0.0,0,6,33,7,6,5.0,243.0,48.6,2,0,-2,3.0,7.0,3.0,0.0,0.0,35.0,5.0,35:05,17.0,7.0,10.0,0.0,70.0,302,4.3,1.0,36,125,3.5,0,32,19,177,1,0,5.5,9.3,59.4,85.03,17.0,5.0,29.4,4.0,3.0,75.0,3.0,1.0,0.0,0.0,6,45,1.0,0,2,21,11,3,6.0,276.0,46.0,0,2.0,2.0,0.0,0.0,33.3,0.0,0.0,0.0,0.0,0.0,0.0,0.0,0.0,2,2,1.0,1.0,0.0,0.0,0.0,0.0,0.0,2,2,40.0,29.0,2.0,21.0,7,0,0.0,28.0,25.0,6.0,33.0,9,0,0.0,Sunday,993005312.0,24,5,19162.0,-7.0,0,-2,0.4666666666666667,0,
202510729,2025-10-19T16:05:00,1,2025,7,IND,LAC,AWAY,38.0,24.0,62.0,SoFi Stadium,6.0,17.0,15.0,0.0,0.0,25.0,33.0,25:33,24.0,9.0,14.0,1.0,58.0,401,6.9,5.0,23,120,5.2,3,34,23,281,2,0,8.3,12.2,67.6,112.5,11.0,5.0,45.5,3.0,3.0,100.0,5.0,4.0,0.0,0.0,3,42,1.0,0,1,7,15,4,2.0,87.0,43.5,0,2,2,3.0,0.0,14.0,7.0,0.0,34.0,27.0,34:27,25.0,4.0,19.0,2.0,74.0,445,6.0,3.0,16,54,3.4,0,55,37,391,3,2,7.1,10.6,67.3,90.8,16.0,8.0,50.0,4.0,3.0,75.0,4.0,3.0,0.0,0.0,6,35,0.0,0,3,29,5,3,1.0,53.0,53.0,2,0.0,-2.0,80.0,0.0,75.0,0.0,4.0,3.0,0.0,2.0,1.0,0.0,0.0,1,1,3.0,3.0,0.0,0.0,0.0,0.0,0.0,1,1,38.0,26.0,3.0,29.0,6,0,0.0,29.0,20.0,1.0,7.0,4,0,0.0,Sunday,993005319.0,14,29,19165.0,14.0,1,2,0.4545454545454545,0,
202510729,2025-10-19T16:05:00,1,2025,7,LAC,IND,HOME,24.0,38.0,62.0,SoFi Stadium,3.0,0.0,14.0,7.0,0.0,34.0,27.0,34:27,25.0,4.0,19.0,2.0,74.0,445,6.0,3.0,16,54,3.4,0,55,37,391,3,2,7.1,10.6,67.3,90.8,16.0,8.0,50.0,4.0,3.0,75.0,4.0,3.0,0.0,0.0,6,35,0.0,0,3,29,5,3,1.0,53.0,53.0,2,0,-2,6.0,17.0,15.0,0.0,0.0,25.0,33.0,25:33,24.0,9.0,14.0,1.0,58.0,401,6.9,5.0,23,120,5.2,3,34,23,281,2,0,8.3,12.2,67.6,112.5,11.0,5.0,45.5,3.0,3.0,100.0,5.0,4.0,0.0,0.0,3,42,1.0,0,1,7,15,4,2.0,87.0,43.5,0,2.0,2.0,75.0,0.0,80.0,0.0,3.0,3.0,0.0,0.0,0.0,0.0,0.0,1,1,4.0,3.0,0.0,2.0,1.0,0.0,0.0,1,1,29.0,20.0,1.0,7.0,4,0,0.0,38.0,26.0,3.0,29.0,6,0,0.0,Sunday,993005320.0,29,14,19165.0,-14.0,0,-2,0.5,0,
202510730,2025-10-20T22:00:00,1,2025,7,HOU,SEA,AWAY,19.0,27.0,46.0,Lumen Field,0.0,6.0,6.0,7.0,0.0,27.0,43.0,27:43,18.0,1.0,13.0,4.0,69.0,254,3.7,2.0,17,56,3.3,0,49,23,198,1,1,4.0,8.6,46.9,56.34,15.0,2.0,13.3,4.0,1.0,25.0,3.0,1.0,0.0,0.0,10,105,0.0,0,3,31,5,7,7.0,344.0,49.1,1,4,3,14.0,0.0,13.0,0.0,0.0,32.0,17.0,32:17,19.0,6.0,9.0,4.0,67.0,316,4.7,3.0,33,118,3.6,2,32,17,198,1,2,6.2,11.6,53.1,56.51,14.0,2.0,14.3,2.0,2.0,100.0,4.0,3.0,0.0,0.0,12,93,2.0,2,2,15,7,10,4.0,205.0,51.2,4,1.0,-3.0,33.3,0.0,75.0,0.0,1.0,1.0,0.0,2.0,0.0,0.0,0.0,2,2,3.0,3.0,0.0,0.0,0.0,0.0,0.0,3,2,36.0,25.0,2.0,15.0,5,2,2.0,34.0,20.0,3.0,31.0,12,0,0.0,Monday,993005331.0,13,30,19170.0,-8.0,0,3,0.1333333333333333,0,
202510730,2025-10-20T22:00:00,1,2025,7,SEA,HOU,HOME,27.0,19.0,46.0,Lumen Field,14.0,0.0,13.0,0.0,0.0,32.0,17.0,32:17,19.0,6.0,9.0,4.0,67.0,316,4.7,3.0,33,118,3.6,2,32,17,198,1,2,6.2,11.6,53.1,56.51,14.0,2.0,14.3,2.0,2.0,100.0,4.0,3.0,0.0,0.0,12,93,2.0,2,2,15,7,10,4.0,205.0,51.2,4,1,-3,0.0,6.0,6.0,7.0,0.0,27.0,43.0,27:43,18.0,1.0,13.0,4.0,69.0,254,3.7,2.0,17,56,3.3,0,49,23,198,1,1,4.0,8.6,46.9,56.34,15.0,2.0,13.3,4.0,1.0,25.0,3.0,1.0,0.0,0.0,10,105,0.0,0,3,31,5,7,7.0,344.0,49.1,1,4.0,3.0,75.0,0.0,33.3,0.0,3.0,3.0,0.0,0.0,0.0,0.0,0.0,3,2,1.0,1.0,0.0,2.0,0.0,0.0,0.0,2,2,34.0,20.0,3.0,31.0,12,0,0.0,36.0,25.0,2.0,15.0,5,2,2.0,Monday,993005332.0,30,13,19170.0,8.0,1,-3,0.1428571428571428,0,
202510731,2025-10-19T20:20:00,1,2025,7,ATL,SF,AWAY,10.0,20.0,30.0,Levi's Stadium,0.0,3.0,7.0,0.0,0.0,27.0,50.0,27:50,19.0,3.0,13.0,3.0,60.0,292,4.9,1.0,20,62,3.1,0,38,21,230,1,0,6.1,11.0,55.3,82.13,11.0,5.0,45.5,2.0,0.0,0.0,2.0,1.0,0.0,0.0,6,43,1.0,1,2,11,4,7,3.0,152.0,50.7,1,1,0,0.0,10.0,3.0,7.0,0.0,32.0,10.0,32:10,23.0,12.0,10.0,1.0,66.0,324,4.9,2.0,39,174,4.5,2,26,17,150,0,1,5.8,8.8,65.4,64.58,15.0,9.0,60.0,0.0,0.0,0.0,2.0,2.0,0.0,0.0,3,25,0.0,0,1,2,5,4,3.0,143.0,47.7,1,1.0,0.0,50.0,0.0,100.0,0.0,1.0,1.0,0.0,0.0,0.0,0.0,0.0,1,1,2.0,2.0,0.0,0.0,0.0,0.0,0.0,2,2,36.0,36.0,1.0,2.0,2,0,0.0,29.0,24.0,2.0,11.0,2,1,1.0,Sunday,993005327.0,2,31,19168.0,-10.0,0,0,0.4545454545454545,0,
202510731,2025-10-19T20:20:00,1,2025,7,SF,ATL,HOME,20.0,10.0,30.0,Levi's Stadium,0.0,10.0,3.0,7.0,0.0,32.0,10.0,32:10,23.0,12.0,10.0,1.0,66.0,324,4.9,2.0,39,174,4.5,2,26,17,150,0,1,5.8,8.8,65.4,64.58,15.0,9.0,60.0,0.0,0.0,0.0,2.0,2.0,0.0,0.0,3,25,0.0,0,1,2,5,4,3.0,143.0,47.7,1,1,0,0.0,3.0,7.0,0.0,0.0,27.0,50.0,27:50,19.0,3.0,13.0,3.0,60.0,292,4.9,1.0,20,62,3.1,0,38,21,230,1,0,6.1,11.0,55.3,82.13,11.0,5.0,45.5,2.0,0.0,0.0,2.0,1.0,0.0,0.0,6,43,1.0,1,2,11,4,7,3.0,152.0,50.7,1,1.0,0.0,100.0,0.0,50.0,0.0,2.0,2.0,0.0,0.0,0.0,0.0,0.0,2,2,1.0,1.0,0.0,0.0,0.0,0.0,0.0,1,1,29.0,24.0,2.0,11.0,2,1,1.0,36.0,36.0,1.0,2.0,2,0,0.0,Sunday,993005328.0,31,2,19168.0,10.0,1,0,0.6,0,
202510734,2025-10-19T13:00:00,1,2025,7,NE,TEN,AWAY,31.0,13.0,44.0,Nissan Stadium,3.0,14.0,14.0,0.0,0.0,37.0,12.0,37:12,22.0,9.0,13.0,0.0,64.0,387,6.0,4.0,36,175,4.9,1,24,22,212,2,0,8.8,9.6,91.7,131.25,12.0,5.0,41.7,2.0,2.0,100.0,3.0,2.0,0.0,0.0,5,36,0.0,0,4,22,5,6,4.0,150.0,37.5,0,2,2,10.0,3.0,0.0,0.0,0.0,22.0,48.0,22:48,16.0,1.0,14.0,1.0,51.0,255,5.0,1.0,12,39,3.2,0,34,25,216,1,1,6.4,8.6,73.5,87.38,10.0,3.0,30.0,2.0,0.0,0.0,0.0,0.0,0.0,0.0,3,15,1.0,1,5,39,4,6,3.0,122.0,40.7,2,0.0,-2.0,66.7,0.0,0.0,0.0,4.0,4.0,0.0,0.0,0.0,0.0,0.0,1,1,1.0,1.0,0.0,0.0,0.0,0.0,0.0,2,2,32.0,18.0,5.0,39.0,2,0,1.0,40.0,33.0,4.0,22.0,0,0,0.0,Sunday,993005313.0,21,34,19163.0,18.0,1,2,0.4166666666666667,0,
202510734,2025-10-19T13:00:00,1,2025,7,TEN,NE,HOME,13.0,31.0,44.0,Nissan Stadium,10.0,3.0,0.0,0.0,0.0,22.0,48.0,22:48,16.0,1.0,14.0,1.0,51.0,255,5.0,1.0,12,39,3.2,0,34,25,216,1,1,6.4,8.6,73.5,87.38,10.0,3.0,30.0,2.0,0.0,0.0,0.0,0.0,0.0,0.0,3,15,1.0,1,5,39,4,6,3.0,122.0,40.7,2,0,-2,3.0,14.0,14.0,0.0,0.0,37.0,12.0,37:12,22.0,9.0,13.0,0.0,64.0,387,6.0,4.0,36,175,4.9,1,24,22,212,2,0,8.8,9.6,91.7,131.25,12.0,5.0,41.7,2.0,2.0,100.0,3.0,2.0,0.0,0.0,5,36,0.0,0,4,22,5,6,4.0,150.0,37.5,0,2.0,2.0,0.0,0.0,66.7,0.0,1.0,1.0,0.0,0.0,0.0,0.0,0.0,2,2,4.0,4.0,0.0,0.0,0.0,0.0,0.0,1,1,40.0,33.0,4.0,22.0,0,0,0.0,32.0,18.0,5.0,39.0,2,0,1.0,Sunday,993005314.0,34,21,19163.0,-18.0,0,-2,0.3,0,
202510802,2025-10-26T13:00:00,1,2025,8,ATL,MIA,HOME,10.0,34.0,44.0,Mercedes-Benz Stadium,0.0,3.0,0.0,7.0,0.0,22.0,2.0,22:02,11.0,3.0,7.0,1.0,49.0,213,4.3,1.0,17,45,2.6,1,31,21,168,0,0,5.4,8.0,67.7,81.12,11.0,2.0,18.2,4.0,2.0,50.0,2.0,1.0,0.0,0.0,8,76,1.0,1,1,5,2,5,4.0,185.0,46.2,1,0,-1,7.0,10.0,7.0,10.0,0.0,37.0,58.0,37:58,24.0,11.0,10.0,3.0,65.0,338,5.2,4.0,37,141,3.8,0,27,21,197,4,0,7.3,9.4,77.8,136.65,13.0,6.0,46.2,2.0,1.0,50.0,5.0,3.0,0.0,0.0,4,54,0.0,0,1,8,4,4,3.0,148.0,49.3,0,1.0,1.0,50.0,0.0,60.0,0.0,1.0,1.0,0.0,0.0,0.0,0.0,0.0,1,1,4.0,4.0,0.0,0.0,0.0,0.0,0.0,2,2,36.0,40.0,1.0,8.0,3,0,0.0,27.0,19.0,1.0,5.0,2,0,1.0,Sunday,993005342.0,2,19,19172.0,-24.0,0,-1,0.1818181818181818,0,
202510802,2025-10-26T13:00:00,1,2025,8,MIA,ATL,AWAY,34.0,10.0,44.0,Mercedes-Benz Stadium,7.0,10.0,7.0,10.0,0.0,37.0,58.0,37:58,24.0,11.0,10.0,3.0,65.0,338,5.2,4.0,37,141,3.8,0,27,21,197,4,0,7.3,9.4,77.8,136.65,13.0,6.0,46.2,2.0,1.0,50.0,5.0,3.0,0.0,0.0,4,54,0.0,0,1,8,4,4,3.0,148.0,49.3,0,1,1,0.0,3.0,0.0,7.0,0.0,22.0,2.0,22:02,11.0,3.0,7.0,1.0,49.0,213,4.3,1.0,17,45,2.6,1,31,21,168,0,0,5.4,8.0,67.7,81.12,11.0,2.0,18.2,4.0,2.0,50.0,2.0,1.0,0.0,0.0,8,76,1.0,1,1,5,2,5,4.0,185.0,46.2,1,0.0,-1.0,60.0,0.0,50.0,0.0,4.0,4.0,0.0,0.0,0.0,0.0,0.0,2,2,1.0,1.0,0.0,0.0,0.0,0.0,0.0,1,1,27.0,19.0,1.0,5.0,2,0,1.0,36.0,40.0,1.0,8.0,3,0,0.0,Sunday,993005341.0,19,2,19172.0,24.0,1,1,0.4615384615384615,0,
202510803,2025-10-26T13:00:00,1,2025,8,BAL,CHI,HOME,30.0,16.0,46.0,M&T Bank Stadium,0.0,10.0,6.0,14.0,0.0,30.0,30.0,30:30,24.0,13.0,8.0,3.0,59.0,355,6.0,3.0,35,177,5.1,2,22,17,178,1,0,8.1,10.5,77.3,115.34,10.0,4.0,40.0,1.0,1.0,100.0,6.0,3.0,0.0,0.0,6,45,1.0,0,2,8,4,6,2.0,95.0,47.5,0,1,1,6.0,0.0,0.0,10.0,0.0,29.0,30.0,29:30,19.0,5.0,13.0,1.0,62.0,372,6.0,1.0,23,96,4.2,1,38,25,276,0,1,7.3,11.0,65.8,76.21,13.0,6.0,46.2,1.0,0.0,0.0,3.0,1.0,0.0,0.0,11,79,1.0,0,1,9,3,4,2.0,108.0,54.0,1,0.0,-1.0,50.0,0.0,33.3,0.0,3.0,3.0,0.0,0.0,0.0,0.0,0.0,3,3,1.0,1.0,0.0,0.0,0.0,0.0,0.0,4,3,37.0,23.0,1.0,9.0,2,1,0.0,37.0,29.0,2.0,8.0,1,1,0.0,Sunday,993005338.0,3,6,19173.0,14.0,1,1,0.4,0,
202510803,2025-10-26T13:00:00,1,2025,8,CHI,BAL,AWAY,16.0,30.0,46.0,M&T Bank Stadium,6.0,0.0,0.0,10.0,0.0,29.0,30.0,29:30,19.0,5.0,13.0,1.0,62.0,372,6.0,1.0,23,96,4.2,1,38,25,276,0,1,7.3,11.0,65.8,76.21,13.0,6.0,46.2,1.0,0.0,0.0,3.0,1.0,0.0,0.0,11,79,1.0,0,1,9,3,4,2.0,108.0,54.0,1,0,-1,0.0,10.0,6.0,14.0,0.0,30.0,30.0,30:30,24.0,13.0,8.0,3.0,59.0,355,6.0,3.0,35,177,5.1,2,22,17,178,1,0,8.1,10.5,77.3,115.34,10.0,4.0,40.0,1.0,1.0,100.0,6.0,3.0,0.0,0.0,6,45,1.0,0,2,8,4,6,2.0,95.0,47.5,0,1.0,1.0,33.3,0.0,50.0,0.0,1.0,1.0,0.0,0.0,0.0,0.0,0.0,4,3,3.0,3.0,0.0,0.0,0.0,0.0,0.0,3,3,37.0,29.0,2.0,8.0,1,1,0.0,37.0,23.0,1.0,9.0,2,1,0.0,Sunday,993005337.0,6,3,19173.0,-14.0,0,-1,0.4615384615384615,0,
202510805,2025-10-26T13:00:00,1,2025,8,BUF,CAR,AWAY,40.0,9.0,49.0,Bank of America Stadium,3.0,16.0,21.0,0.0,0.0,33.0,32.0,33:32,23.0,12.0,10.0,1.0,60.0,410,6.8,5.0,35,245,7.0,4,23,14,165,1,0,7.2,11.8,60.9,97.19,12.0,7.0,58.3,0.0,0.0,0.0,3.0,2.0,0.0,0.0,7,60,0.0,0,2,20,9,7,3.0,146.0,48.7,0,3,3,0.0,3.0,0.0,6.0,0.0,26.0,28.0,26:28,19.0,5.0,11.0,3.0,59.0,244,4.1,1.0,28,114,4.1,1,24,16,130,0,1,5.4,8.1,66.7,62.85,11.0,4.0,36.4,1.0,1.0,100.0,2.0,1.0,0.0,0.0,4,20,3.0,2,7,45,3,4,4.0,211.0,52.8,3,0.0,-3.0,66.7,0.0,50.0,0.0,5.0,4.0,0.0,0.0,0.0,0.0,0.0,2,2,1.0,0.0,0.0,0.0,0.0,0.0,0.0,2,1,34.0,28.0,7.0,45.0,1,2,2.0,33.0,31.0,2.0,20.0,4,0,0.0,Sunday,993005339.0,4,5,19174.0,31.0,1,3,0.5833333333333334,0,
202510805,2025-10-26T13:00:00,1,2025,8,CAR,BUF,HOME,9.0,40.0,49.0,Bank of America Stadium,0.0,3.0,0.0,6.0,0.0,26.0,28.0,26:28,19.0,5.0,11.0,3.0,59.0,244,4.1,1.0,28,114,4.1,1,24,16,130,0,1,5.4,8.1,66.7,62.85,11.0,4.0,36.4,1.0,1.0,100.0,2.0,1.0,0.0,0.0,4,20,3.0,2,7,45,3,4,4.0,211.0,52.8,3,0,-3,3.0,16.0,21.0,0.0,0.0,33.0,32.0,33:32,23.0,12.0,10.0,1.0,60.0,410,6.8,5.0,35,245,7.0,4,23,14,165,1,0,7.2,11.8,60.9,97.19,12.0,7.0,58.3,0.0,0.0,0.0,3.0,2.0,0.0,0.0,7,60,0.0,0,2,20,9,7,3.0,146.0,48.7,0,3.0,3.0,50.0,0.0,66.7,0.0,1.0,0.0,0.0,0.0,0.0,0.0,0.0,2,1,5.0,4.0,0.0,0.0,0.0,0.0,0.0,2,2,33.0,31.0,2.0,20.0,4,0,0.0,34.0,28.0,7.0,45.0,1,2,2.0,Sunday,993005340.0,5,4,19174.0,-31.0,0,-3,0.3636363636363636,0,
202510807,2025-10-26T13:00:00,1,2025,8,CIN,NYJ,HOME,38.0,39.0,77.0,Paycor Stadium,10.0,14.0,7.0,7.0,0.0,26.0,20.0,26:20,24.0,12.0,11.0,1.0,58.0,398,6.9,5.0,23,181,7.9,3,34,21,217,2,0,6.4,10.3,61.8,99.75,9.0,4.0,44.4,1.0,0.0,0.0,4.0,3.0,0.0,0.0,2,15,0.0,0,1,6,1,3,3.0,174.0,58.0,0,0,0,0.0,13.0,3.0,23.0,0.0,33.0,40.0,33:40,25.0,11.0,13.0,1.0,70.0,502,7.2,4.0,37,254,6.9,2,33,22,248,2,0,7.5,11.3,66.7,109.15,15.0,7.0,46.7,3.0,2.0,66.7,5.0,3.0,0.0,0.0,4,25,0.0,0,0,0,2,3,2.0,81.0,40.5,0,0.0,0.0,75.0,0.0,60.0,0.0,5.0,5.0,0.0,0.0,0.0,0.0,0.0,1,1,2.0,2.0,0.0,2.0,1.0,1.0,1.0,3,3,38.0,33.0,0.0,0.0,4,0,0.0,27.0,26.0,1.0,6.0,7,0,0.0,Sunday,993005336.0,7,24,19175.0,-1.0,0,0,0.4444444444444444,0,
202510807,2025-10-26T13:00:00,1,2025,8,NYJ,CIN,AWAY,39.0,38.0,77.0,Paycor Stadium,0.0,13.0,3.0,23.0,0.0,33.0,40.0,33:40,25.0,11.0,13.0,1.0,70.0,502,7.2,4.0,37,254,6.9,2,33,22,248,2,0,7.5,11.3,66.7,109.15,15.0,7.0,46.7,3.0,2.0,66.7,5.0,3.0,0.0,0.0,4,25,0.0,0,0,0,2,3,2.0,81.0,40.5,0,0,0,10.0,14.0,7.0,7.0,0.0,26.0,20.0,26:20,24.0,12.0,11.0,1.0,58.0,398,6.9,5.0,23,181,7.9,3,34,21,217,2,0,6.4,10.3,61.8,99.75,9.0,4.0,44.4,1.0,0.0,0.0,4.0,3.0,0.0,0.0,2,15,0.0,0,1,6,1,3,3.0,174.0,58.0,0,0.0,0.0,60.0,0.0,75.0,0.0,2.0,2.0,0.0,2.0,1.0,1.0,1.0,3,3,5.0,5.0,0.0,0.0,0.0,0.0,0.0,1,1,27.0,26.0,1.0,6.0,7,0,0.0,38.0,33.0,0.0,0.0,4,0,0.0,Sunday,993005335.0,24,7,19175.0,1.0,1,0,0.4666666666666667,0,
202510810,2025-10-26T16:25:00,1,2025,8,DAL,DEN,AWAY,24.0,44.0,68.0,Empower Field at Mile High,3.0,7.0,7.0,7.0,0.0,33.0,32.0,33:32,24.0,8.0,12.0,4.0,68.0,339,5.0,3.0,31,108,3.5,2,35,22,231,1,2,6.6,10.5,62.9,67.68,11.0,4.0,36.4,1.0,1.0,100.0,4.0,2.0,0.0,0.0,9,80,1.0,0,2,15,1,3,5.0,252.0,50.4,2,1,-1,14.0,13.0,3.0,14.0,0.0,26.0,28.0,26:28,25.0,8.0,15.0,2.0,57.0,426,7.5,6.0,28,179,6.4,2,29,19,247,4,1,8.5,13.0,65.5,117.39,8.0,5.0,62.5,0.0,0.0,0.0,5.0,4.0,0.0,0.0,7,42,0.0,0,0,0,8,3,2.0,80.0,40.0,1,2.0,1.0,50.0,0.0,80.0,0.0,3.0,3.0,0.0,0.0,0.0,0.0,0.0,1,1,5.0,5.0,0.0,2.0,0.0,0.0,0.0,1,1,28.0,23.0,0.0,0.0,2,0,0.0,29.0,46.0,2.0,15.0,12,1,0.0,Sunday,993005353.0,9,10,19180.0,-20.0,0,-1,0.3636363636363636,0,
202510810,2025-10-26T16:25:00,1,2025,8,DEN,DAL,HOME,44.0,24.0,68.0,Empower Field at Mile High,14.0,13.0,3.0,14.0,0.0,26.0,28.0,26:28,25.0,8.0,15.0,2.0,57.0,426,7.5,6.0,28,179,6.4,2,29,19,247,4,1,8.5,13.0,65.5,117.39,8.0,5.0,62.5,0.0,0.0,0.0,5.0,4.0,0.0,0.0,7,42,0.0,0,0,0,8,3,2.0,80.0,40.0,1,2,1,3.0,7.0,7.0,7.0,0.0,33.0,32.0,33:32,24.0,8.0,12.0,4.0,68.0,339,5.0,3.0,31,108,3.5,2,35,22,231,1,2,6.6,10.5,62.9,67.68,11.0,4.0,36.4,1.0,1.0,100.0,4.0,2.0,0.0,0.0,9,80,1.0,0,2,15,1,3,5.0,252.0,50.4,2,1.0,-1.0,80.0,0.0,50.0,0.0,5.0,5.0,0.0,2.0,0.0,0.0,0.0,1,1,3.0,3.0,0.0,0.0,0.0,0.0,0.0,1,1,29.0,46.0,2.0,15.0,12,1,0.0,28.0,23.0,0.0,0.0,2,0,0.0,Sunday,993005354.0,10,9,19180.0,20.0,1,1,0.625,0,
202510813,2025-10-26T13:00:00,1,2025,8,HOU,SF,HOME,26.0,15.0,41.0,NRG Stadium,3.0,13.0,7.0,3.0,0.0,41.0,22.0,41:22,23.0,6.0,16.0,1.0,75.0,475,6.3,2.0,36,157,4.4,0,39,30,318,2,1,8.2,10.6,76.9,106.57,16.0,9.0,56.2,1.0,1.0,100.0,5.0,1.0,0.0,0.0,8,55,0.0,0,0,0,6,4,2.0,96.0,48.0,1,1,0,0.0,7.0,8.0,0.0,0.0,18.0,38.0,18:38,12.0,2.0,10.0,0.0,44.0,223,5.1,2.0,10,48,4.8,0,32,19,175,2,1,5.5,9.2,59.4,82.16,9.0,3.0,33.3,1.0,0.0,0.0,2.0,2.0,0.0,0.0,4,30,1.0,0,2,18,2,3,5.0,238.0,47.6,1,1.0,0.0,20.0,0.0,100.0,0.0,2.0,2.0,0.0,0.0,0.0,0.0,0.0,4,4,1.0,1.0,0.0,2.0,1.0,0.0,0.0,0,0,21.0,17.0,2.0,18.0,5,1,0.0,42.0,41.0,0.0,0.0,2,0,0.0,Sunday,993005346.0,13,31,19176.0,11.0,1,0,0.5625,0,
202510813,2025-10-26T13:00:00,1,2025,8,SF,HOU,AWAY,15.0,26.0,41.0,NRG Stadium,0.0,7.0,8.0,0.0,0.0,18.0,38.0,18:38,12.0,2.0,10.0,0.0,44.0,223,5.1,2.0,10,48,4.8,0,32,19,175,2,1,5.5,9.2,59.4,82.16,9.0,3.0,33.3,1.0,0.0,0.0,2.0,2.0,0.0,0.0,4,30,1.0,0,2,18,2,3,5.0,238.0,47.6,1,1,0,3.0,13.0,7.0,3.0,0.0,41.0,22.0,41:22,23.0,6.0,16.0,1.0,75.0,475,6.3,2.0,36,157,4.4,0,39,30,318,2,1,8.2,10.6,76.9,106.57,16.0,9.0,56.2,1.0,1.0,100.0,5.0,1.0,0.0,0.0,8,55,0.0,0,0,0,6,4,2.0,96.0,48.0,1,1.0,0.0,100.0,0.0,20.0,0.0,1.0,1.0,0.0,2.0,1.0,0.0,0.0,0,0,2.0,2.0,0.0,0.0,0.0,0.0,0.0,4,4,42.0,41.0,0.0,0.0,2,0,0.0,21.0,17.0,2.0,18.0,5,1,0.0,Sunday,993005344.0,31,13,19176.0,-11.0,0,0,0.3333333333333333,0,
202510814,2025-10-26T16:25:00,1,2025,8,IND,TEN,HOME,38.0,14.0,52.0,Lucas Oil Stadium,10.0,7.0,14.0,7.0,0.0,25.0,39.0,25:39,21.0,7.0,14.0,0.0,52.0,420,8.1,5.0,18,164,9.1,2,31,21,256,3,0,8.3,12.2,67.7,125.2,9.0,3.0,33.3,1.0,1.0,100.0,4.0,3.0,0.0,0.0,3,32,0.0,0,3,16,7,8,4.0,189.0,47.2,0,1,1,0.0,7.0,0.0,7.0,0.0,34.0,21.0,34:21,20.0,5.0,13.0,2.0,67.0,341,5.1,2.0,25,113,4.5,1,38,22,228,1,1,6.0,10.4,57.9,73.14,15.0,6.0,40.0,3.0,1.0,33.3,3.0,2.0,0.0,0.0,3,34,0.0,0,4,31,5,5,5.0,215.0,43.0,1,0.0,-1.0,75.0,0.0,66.7,0.0,5.0,5.0,0.0,0.0,0.0,0.0,0.0,1,1,2.0,2.0,0.0,0.0,0.0,0.0,0.0,1,0,38.0,23.0,4.0,31.0,4,0,0.0,32.0,10.0,3.0,16.0,4,0,0.0,Sunday,993005352.0,14,34,19181.0,24.0,1,1,0.3333333333333333,0,
202510814,2025-10-26T16:25:00,1,2025,8,TEN,IND,AWAY,14.0,38.0,52.0,Lucas Oil Stadium,0.0,7.0,0.0,7.0,0.0,34.0,21.0,34:21,20.0,5.0,13.0,2.0,67.0,341,5.1,2.0,25,113,4.5,1,38,22,228,1,1,6.0,10.4,57.9,73.14,15.0,6.0,40.0,3.0,1.0,33.3,3.0,2.0,0.0,0.0,3,34,0.0,0,4,31,5,5,5.0,215.0,43.0,1,0,-1,10.0,7.0,14.0,7.0,0.0,25.0,39.0,25:39,21.0,7.0,14.0,0.0,52.0,420,8.1,5.0,18,164,9.1,2,31,21,256,3,0,8.3,12.2,67.7,125.2,9.0,3.0,33.3,1.0,1.0,100.0,4.0,3.0,0.0,0.0,3,32,0.0,0,3,16,7,8,4.0,189.0,47.2,0,1.0,1.0,66.7,0.0,75.0,0.0,2.0,2.0,0.0,0.0,0.0,0.0,0.0,1,0,5.0,5.0,0.0,0.0,0.0,0.0,0.0,1,1,32.0,10.0,3.0,16.0,4,0,0.0,38.0,23.0,4.0,31.0,4,0,0.0,Sunday,993005351.0,34,14,19181.0,-24.0,0,-1,0.4,0,
202510816,2025-10-27T20:15:00,1,2025,8,KC,WAS,HOME,28.0,7.0,35.0,Arrowhead Stadium,0.0,7.0,14.0,7.0,0.0,34.0,3.0,34:03,26.0,8.0,16.0,2.0,67.0,432,6.4,4.0,30,148,4.9,1,34,25,284,3,2,8.4,11.4,73.5,103.06,10.0,4.0,40.0,2.0,2.0,100.0,4.0,4.0,0.0,0.0,9,95,2.0,0,3,15,4,3,1.0,56.0,56.0,2,2,0,0.0,7.0,0.0,0.0,0.0,25.0,57.0,25:57,14.0,4.0,9.0,1.0,52.0,260,5.0,1.0,20,60,3.0,0,30,21,200,1,2,6.7,9.5,70.0,71.53,12.0,7.0,58.3,2.0,0.0,0.0,2.0,1.0,0.0,0.0,3,35,1.0,0,2,13,7,4,3.0,142.0,47.3,2,2.0,0.0,100.0,0.0,50.0,0.0,4.0,4.0,0.0,0.0,0.0,0.0,0.0,0,0,1.0,1.0,0.0,0.0,0.0,0.0,0.0,0,0,26.0,32.0,2.0,13.0,3,1,0.0,43.0,21.0,3.0,15.0,3,2,0.0,Monday,993005358.0,16,35,19183.0,21.0,1,0,0.4,0,
202510816,2025-10-27T20:15:00,1,2025,8,WAS,KC,AWAY,7.0,28.0,35.0,Arrowhead Stadium,0.0,7.0,0.0,0.0,0.0,25.0,57.0,25:57,14.0,4.0,9.0,1.0,52.0,260,5.0,1.0,20,60,3.0,0,30,21,200,1,2,6.7,9.5,70.0,71.53,12.0,7.0,58.3,2.0,0.0,0.0,2.0,1.0,0.0,0.0,3,35,1.0,0,2,13,7,4,3.0,142.0,47.3,2,2,0,0.0,7.0,14.0,7.0,0.0,34.0,3.0,34:03,26.0,8.0,16.0,2.0,67.0,432,6.4,4.0,30,148,4.9,1,34,25,284,3,2,8.4,11.4,73.5,103.06,10.0,4.0,40.0,2.0,2.0,100.0,4.0,4.0,0.0,0.0,9,95,2.0,0,3,15,4,3,1.0,56.0,56.0,2,2.0,0.0,50.0,0.0,100.0,0.0,1.0,1.0,0.0,0.0,0.0,0.0,0.0,0,0,4.0,4.0,0.0,0.0,0.0,0.0,0.0,0,0,43.0,21.0,3.0,15.0,3,2,0.0,26.0,32.0,2.0,13.0,3,1,0.0,Monday,993005357.0,35,16,19183.0,-21.0,0,0,0.5833333333333334,0,
202510821,2025-10-26T13:00:00,1,2025,8,CLE,NE,AWAY,13.0,32.0,45.0,Gillette Stadium,7.0,0.0,0.0,6.0,0.0,23.0,48.0,23:48,12.0,4.0,7.0,1.0,52.0,213,4.1,2.0,16,68,4.2,0,35,21,145,2,2,4.1,6.9,60.0,64.58,11.0,2.0,18.2,3.0,1.0,33.3,3.0,2.0,0.0,0.0,5,31,0.0,0,1,11,8,11,4.0,161.0,40.2,2,2,0,3.0,6.0,21.0,2.0,0.0,36.0,12.0,36:12,23.0,10.0,11.0,2.0,65.0,422,6.5,3.0,35,177,5.1,0,24,18,245,3,1,10.2,13.6,75.0,129.34,11.0,3.0,27.3,0.0,0.0,0.0,6.0,2.0,0.0,0.0,7,54,2.0,1,6,37,2,7,3.0,124.0,41.3,2,2.0,0.0,66.7,0.0,33.3,0.0,1.0,1.0,0.0,2.0,0.0,0.0,0.0,1,0,3.0,3.0,0.0,0.0,0.0,0.0,0.0,3,3,39.0,26.0,6.0,37.0,3,2,1.0,22.0,29.0,1.0,11.0,8,0,0.0,Sunday,993005347.0,8,21,19177.0,-19.0,0,0,0.1818181818181818,0,
202510821,2025-10-26T13:00:00,1,2025,8,NE,CLE,HOME,32.0,13.0,45.0,Gillette Stadium,3.0,6.0,21.0,2.0,0.0,36.0,12.0,36:12,23.0,10.0,11.0,2.0,65.0,422,6.5,3.0,35,177,5.1,0,24,18,245,3,1,10.2,13.6,75.0,129.34,11.0,3.0,27.3,0.0,0.0,0.0,6.0,2.0,0.0,0.0,7,54,2.0,1,6,37,2,7,3.0,124.0,41.3,2,2,0,7.0,0.0,0.0,6.0,0.0,23.0,48.0,23:48,12.0,4.0,7.0,1.0,52.0,213,4.1,2.0,16,68,4.2,0,35,21,145,2,2,4.1,6.9,60.0,64.58,11.0,2.0,18.2,3.0,1.0,33.3,3.0,2.0,0.0,0.0,5,31,0.0,0,1,11,8,11,4.0,161.0,40.2,2,2.0,0.0,33.3,0.0,66.7,0.0,3.0,3.0,0.0,0.0,0.0,0.0,0.0,3,3,1.0,1.0,0.0,2.0,0.0,0.0,0.0,1,0,22.0,29.0,1.0,11.0,8,0,0.0,39.0,26.0,6.0,37.0,3,2,1.0,Sunday,993005348.0,21,8,19177.0,19.0,1,0,0.2727272727272727,0,
202510822,2025-10-26T16:05:00,1,2025,8,NO,TB,HOME,3.0,23.0,26.0,Caesars Superdome,0.0,3.0,0.0,0.0,0.0,27.0,4.0,27:04,17.0,4.0,13.0,0.0,71.0,275,3.9,0.0,15,48,3.2,0,51,32,227,0,2,4.5,7.1,62.7,56.58,16.0,8.0,50.0,4.0,2.0,50.0,1.0,0.0,0.0,0.0,8,40,2.0,2,5,37,4,2,3.0,121.0,40.3,4,1,-3,0.0,7.0,10.0,6.0,0.0,32.0,56.0,32:56,14.0,5.0,8.0,1.0,56.0,212,3.8,2.0,29,88,3.0,1,24,15,124,0,0,5.2,8.3,62.5,75.69,13.0,3.0,23.1,2.0,1.0,50.0,2.0,1.0,0.0,0.0,4,25,2.0,1,3,28,8,5,3.0,151.0,50.3,1,4.0,3.0,0.0,0.0,50.0,0.0,0.0,0.0,0.0,0.0,0.0,0.0,0.0,1,1,2.0,2.0,0.0,0.0,0.0,0.0,0.0,3,3,30.0,32.0,3.0,28.0,4,2,1.0,34.0,30.0,5.0,37.0,7,2,2.0,Sunday,993005350.0,22,33,19179.0,-20.0,0,-3,0.5,0,
202510822,2025-10-26T16:05:00,1,2025,8,TB,NO,AWAY,23.0,3.0,26.0,Caesars Superdome,0.0,7.0,10.0,6.0,0.0,32.0,56.0,32:56,14.0,5.0,8.0,1.0,56.0,212,3.8,2.0,29,88,3.0,1,24,15,124,0,0,5.2,8.3,62.5,75.69,13.0,3.0,23.1,2.0,1.0,50.0,2.0,1.0,0.0,0.0,4,25,2.0,1,3,28,8,5,3.0,151.0,50.3,1,4,3,0.0,3.0,0.0,0.0,0.0,27.0,4.0,27:04,17.0,4.0,13.0,0.0,71.0,275,3.9,0.0,15,48,3.2,0,51,32,227,0,2,4.5,7.1,62.7,56.58,16.0,8.0,50.0,4.0,2.0,50.0,1.0,0.0,0.0,0.0,8,40,2.0,2,5,37,4,2,3.0,121.0,40.3,4,1.0,-3.0,50.0,0.0,0.0,0.0,2.0,2.0,0.0,0.0,0.0,0.0,0.0,3,3,0.0,0.0,0.0,0.0,0.0,0.0,0.0,1,1,34.0,30.0,5.0,37.0,7,2,2.0,30.0,32.0,3.0,28.0,4,2,1.0,Sunday,993005349.0,33,22,19179.0,20.0,1,3,0.2307692307692307,0,
202510826,2025-10-26T13:00:00,1,2025,8,NYG,PHI,AWAY,20.0,38.0,58.0,Lincoln Financial Field,7.0,3.0,3.0,7.0,0.0,26.0,45.0,26:45,13.0,4.0,9.0,0.0,50.0,246,4.9,2.0,21,68,3.2,1,24,14,178,1,0,7.4,12.7,58.3,95.49,12.0,5.0,41.7,1.0,1.0,100.0,3.0,2.0,0.0,0.0,7,54,0.0,0,5,15,5,3,4.0,194.0,48.5,0,0,0,7.0,14.0,3.0,14.0,0.0,33.0,15.0,33:15,23.0,12.0,10.0,1.0,57.0,427,7.5,5.0,33,276,8.4,1,20,15,151,4,0,7.6,10.1,75.0,135.62,8.0,2.0,25.0,2.0,2.0,100.0,3.0,3.0,0.0,0.0,5,30,0.0,0,4,28,6,7,1.0,57.0,57.0,0,0.0,0.0,66.7,0.0,100.0,0.0,2.0,2.0,0.0,0.0,0.0,0.0,0.0,2,2,5.0,5.0,0.0,0.0,0.0,0.0,0.0,2,1,30.0,26.0,4.0,28.0,4,0,0.0,31.0,12.0,5.0,15.0,4,0,0.0,Sunday,993005343.0,23,26,19178.0,-18.0,0,0,0.4166666666666667,0,
202510826,2025-10-26T13:00:00,1,2025,8,PHI,NYG,HOME,38.0,20.0,58.0,Lincoln Financial Field,7.0,14.0,3.0,14.0,0.0,33.0,15.0,33:15,23.0,12.0,10.0,1.0,57.0,427,7.5,5.0,33,276,8.4,1,20,15,151,4,0,7.6,10.1,75.0,135.62,8.0,2.0,25.0,2.0,2.0,100.0,3.0,3.0,0.0,0.0,5,30,0.0,0,4,28,6,7,1.0,57.0,57.0,0,0,0,7.0,3.0,3.0,7.0,0.0,26.0,45.0,26:45,13.0,4.0,9.0,0.0,50.0,246,4.9,2.0,21,68,3.2,1,24,14,178,1,0,7.4,12.7,58.3,95.49,12.0,5.0,41.7,1.0,1.0,100.0,3.0,2.0,0.0,0.0,7,54,0.0,0,5,15,5,3,4.0,194.0,48.5,0,0.0,0.0,100.0,0.0,66.7,0.0,5.0,5.0,0.0,0.0,0.0,0.0,0.0,2,1,2.0,2.0,0.0,0.0,0.0,0.0,0.0,2,2,31.0,12.0,5.0,15.0,4,0,0.0,30.0,26.0,4.0,28.0,4,0,0.0,Sunday,993005345.0,26,23,19178.0,18.0,1,0,0.25,0,
202510828,2025-10-26T20:20:00,1,2025,8,GB,PIT,AWAY,35.0,25.0,60.0,Acrisure Stadium,7.0,0.0,7.0,21.0,0.0,31.0,48.0,31:48,22.0,5.0,16.0,1.0,63.0,454,7.2,4.0,26,94,3.6,1,37,29,360,3,0,9.7,12.4,78.4,134.23,12.0,5.0,41.7,1.0,1.0,100.0,5.0,3.0,0.0,0.0,5,47,2.0,0,0,0,5,5,3.0,152.0,50.7,0,1,1,3.0,13.0,3.0,6.0,0.0,28.0,12.0,28:12,16.0,4.0,10.0,2.0,57.0,295,5.2,2.0,18,93,5.2,0,36,24,202,2,0,5.6,8.4,66.7,99.54,10.0,1.0,10.0,1.0,1.0,100.0,1.0,1.0,0.0,0.0,6,65,1.0,1,3,17,5,1,4.0,194.0,48.5,1,0.0,-1.0,60.0,0.0,100.0,0.0,3.0,3.0,0.0,2.0,1.0,0.0,0.0,4,2,1.0,1.0,0.0,2.0,0.0,0.0,0.0,4,4,35.0,14.0,3.0,17.0,5,1,1.0,35.0,29.0,0.0,0.0,1,1,0.0,Sunday,993005355.0,12,28,19182.0,10.0,1,1,0.4166666666666667,0,
202510828,2025-10-26T20:20:00,1,2025,8,PIT,GB,HOME,25.0,35.0,60.0,Acrisure Stadium,3.0,13.0,3.0,6.0,0.0,28.0,12.0,28:12,16.0,4.0,10.0,2.0,57.0,295,5.2,2.0,18,93,5.2,0,36,24,202,2,0,5.6,8.4,66.7,99.54,10.0,1.0,10.0,1.0,1.0,100.0,1.0,1.0,0.0,0.0,6,65,1.0,1,3,17,5,1,4.0,194.0,48.5,1,0,-1,7.0,0.0,7.0,21.0,0.0,31.0,48.0,31:48,22.0,5.0,16.0,1.0,63.0,454,7.2,4.0,26,94,3.6,1,37,29,360,3,0,9.7,12.4,78.4,134.23,12.0,5.0,41.7,1.0,1.0,100.0,5.0,3.0,0.0,0.0,5,47,2.0,0,0,0,5,5,3.0,152.0,50.7,0,1.0,1.0,100.0,0.0,60.0,0.0,1.0,1.0,0.0,2.0,0.0,0.0,0.0,4,4,3.0,3.0,0.0,2.0,1.0,0.0,0.0,4,2,35.0,29.0,0.0,0.0,1,1,0.0,35.0,14.0,3.0,17.0,5,1,1.0,Sunday,993005356.0,28,12,19182.0,-10.0,0,-1,0.1,0,
202510829,2025-10-23T20:15:00,1,2025,8,LAC,MIN,HOME,37.0,10.0,47.0,SoFi Stadium,7.0,14.0,3.0,13.0,0.0,39.0,4.0,39:04,29.0,14.0,13.0,2.0,70.0,419,6.0,4.0,43,207,4.8,1,25,18,212,3,1,8.5,11.8,72.0,120.33,13.0,9.0,69.2,0.0,0.0,0.0,4.0,3.0,0.0,0.0,8,46,0.0,0,2,15,8,7,0.0,0.0,0.0,1,1,0,0.0,3.0,7.0,0.0,0.0,20.0,56.0,20:56,12.0,1.0,9.0,2.0,47.0,164,3.5,1.0,11,34,3.1,0,31,18,130,1,1,4.2,7.2,58.1,65.26,11.0,3.0,27.3,1.0,0.0,0.0,1.0,1.0,0.0,0.0,8,66,1.0,0,5,27,8,10,4.0,184.0,46.0,1,1.0,0.0,75.0,0.0,100.0,0.0,4.0,4.0,0.0,0.0,0.0,0.0,0.0,4,3,1.0,1.0,0.0,0.0,0.0,0.0,0.0,2,1,27.0,13.0,5.0,27.0,7,1,0.0,44.0,29.0,2.0,15.0,2,0,0.0,Thursday,993005334.0,29,20,19171.0,27.0,1,0,0.6923076923076923,0,
202510829,2025-10-23T20:15:00,1,2025,8,MIN,LAC,AWAY,10.0,37.0,47.0,SoFi Stadium,0.0,3.0,7.0,0.0,0.0,20.0,56.0,20:56,12.0,1.0,9.0,2.0,47.0,164,3.5,1.0,11,34,3.1,0,31,18,130,1,1,4.2,7.2,58.1,65.26,11.0,3.0,27.3,1.0,0.0,0.0,1.0,1.0,0.0,0.0,8,66,1.0,0,5,27,8,10,4.0,184.0,46.0,1,1,0,7.0,14.0,3.0,13.0,0.0,39.0,4.0,39:04,29.0,14.0,13.0,2.0,70.0,419,6.0,4.0,43,207,4.8,1,25,18,212,3,1,8.5,11.8,72.0,120.33,13.0,9.0,69.2,0.0,0.0,0.0,4.0,3.0,0.0,0.0,8,46,0.0,0,2,15,8,7,0.0,0.0,0.0,1,1.0,0.0,100.0,0.0,75.0,0.0,1.0,1.0,0.0,0.0,0.0,0.0,0.0,2,1,4.0,4.0,0.0,0.0,0.0,0.0,0.0,4,3,44.0,29.0,2.0,15.0,2,0,0.0,27.0,13.0,5.0,27.0,7,1,0.0,Thursday,993005333.0,20,29,19171.0,-27.0,0,0,0.2727272727272727,0,
202510904,2025-11-02T16:25:00,1,2025,9,BUF,KC,HOME,28.0,21.0,49.0,Highmark Stadium,7.0,14.0,7.0,0.0,0.0,34.0,45.0,34:45,23.0,9.0,13.0,1.0,64.0,404,6.3,4.0,35,141,4.0,3,26,23,263,1,0,10.1,11.4,88.5,121.63,12.0,7.0,58.3,1.0,0.0,0.0,3.0,3.0,0.0,0.0,4,40,0.0,0,3,10,15,5,3.0,126.0,42.0,0,1,1,0.0,13.0,0.0,8.0,0.0,25.0,15.0,25:15,16.0,5.0,10.0,1.0,57.0,305,5.4,2.0,20,79,4.0,2,34,15,226,0,1,6.6,15.1,44.1,54.29,13.0,3.0,23.1,3.0,2.0,66.7,3.0,2.0,0.0,0.0,3,25,0.0,0,3,24,6,3,3.0,146.0,48.7,1,0.0,-1.0,100.0,0.0,66.7,0.0,4.0,4.0,0.0,0.0,0.0,0.0,0.0,1,0,1.0,1.0,0.0,2.0,1.0,0.0,0.0,2,2,24.0,22.0,3.0,24.0,5,0,0.0,35.0,42.0,3.0,10.0,1,0,0.0,Sunday,993005382.0,4,16,19080.0,7.0,1,1,0.5833333333333334,0,
202510904,2025-11-02T16:25:00,1,2025,9,KC,BUF,AWAY,21.0,28.0,49.0,Highmark Stadium,0.0,13.0,0.0,8.0,0.0,25.0,15.0,25:15,16.0,5.0,10.0,1.0,57.0,305,5.4,2.0,20,79,4.0,2,34,15,226,0,1,6.6,15.1,44.1,54.29,13.0,3.0,23.1,3.0,2.0,66.7,3.0,2.0,0.0,0.0,3,25,0.0,0,3,24,6,3,3.0,146.0,48.7,1,0,-1,7.0,14.0,7.0,0.0,0.0,34.0,45.0,34:45,23.0,9.0,13.0,1.0,64.0,404,6.3,4.0,35,141,4.0,3,26,23,263,1,0,10.1,11.4,88.5,121.63,12.0,7.0,58.3,1.0,0.0,0.0,3.0,3.0,0.0,0.0,4,40,0.0,0,3,10,15,5,3.0,126.0,42.0,0,1.0,1.0,66.7,0.0,100.0,0.0,1.0,1.0,0.0,2.0,1.0,0.0,0.0,2,2,4.0,4.0,0.0,0.0,0.0,0.0,0.0,1,0,35.0,42.0,3.0,10.0,1,0,0.0,24.0,22.0,3.0,24.0,5,0,0.0,Sunday,993005381.0,16,4,19080.0,-7.0,0,-1,0.2307692307692307,0,
202510907,2025-11-02T13:00:00,1,2025,9,CHI,CIN,AWAY,47.0,42.0,89.0,Paycor Stadium,7.0,10.0,14.0,16.0,0.0,34.0,30.0,34:30,30.0,11.0,17.0,2.0,76.0,576,7.6,6.0,37,283,7.6,2,37,22,293,4,0,7.9,13.3,59.5,120.66,15.0,8.0,53.3,2.0,2.0,100.0,6.0,4.0,0.0,0.0,7,43,0.0,0,2,9,5,4,2.0,117.0,58.5,0,3,3,10.0,10.0,7.0,15.0,0.0,25.0,30.0,25:30,26.0,3.0,22.0,1.0,65.0,495,7.6,5.0,15,46,3.1,0,47,31,449,4,2,9.6,14.5,66.0,107.49,10.0,5.0,50.0,1.0,1.0,100.0,4.0,2.0,0.0,0.0,7,49,1.0,1,3,21,7,2,1.0,53.0,53.0,3,0.0,-3.0,66.7,0.0,50.0,0.0,5.0,5.0,0.0,2.0,0.0,0.0,0.0,3,2,4.0,4.0,0.0,2.0,1.0,0.0,0.0,3,2,34.0,19.0,3.0,21.0,7,1,1.0,32.0,44.0,2.0,9.0,6,0,0.0,Sunday,993005369.0,6,7,19070.0,5.0,1,3,0.5333333333333333,0,
202510907,2025-11-02T13:00:00,1,2025,9,CIN,CHI,HOME,42.0,47.0,89.0,Paycor Stadium,10.0,10.0,7.0,15.0,0.0,25.0,30.0,25:30,26.0,3.0,22.0,1.0,65.0,495,7.6,5.0,15,46,3.1,0,47,31,449,4,2,9.6,14.5,66.0,107.49,10.0,5.0,50.0,1.0,1.0,100.0,4.0,2.0,0.0,0.0,7,49,1.0,1,3,21,7,2,1.0,53.0,53.0,3,0,-3,7.0,10.0,14.0,16.0,0.0,34.0,30.0,34:30,30.0,11.0,17.0,2.0,76.0,576,7.6,6.0,37,283,7.6,2,37,22,293,4,0,7.9,13.3,59.5,120.66,15.0,8.0,53.3,2.0,2.0,100.0,6.0,4.0,0.0,0.0,7,43,0.0,0,2,9,5,4,2.0,117.0,58.5,0,3.0,3.0,50.0,0.0,66.7,0.0,4.0,4.0,0.0,2.0,1.0,0.0,0.0,3,2,5.0,5.0,0.0,2.0,0.0,0.0,0.0,3,2,32.0,44.0,2.0,9.0,6,0,0.0,34.0,19.0,3.0,21.0,7,1,1.0,Sunday,993005370.0,7,6,19070.0,-5.0,0,-3,0.5,0,
202510909,2025-11-03T20:15:00,1,2025,9,ARI,DAL,AWAY,27.0,17.0,44.0,AT&T Stadium,3.0,14.0,10.0,0.0,0.0,33.0,20.0,33:20,23.0,8.0,14.0,1.0,65.0,340,5.2,3.0,29,119,4.1,1,31,21,221,2,0,7.1,10.5,67.7,109.74,13.0,7.0,53.8,1.0,0.0,0.0,4.0,3.0,0.0,0.0,2,10,1.0,0,5,40,9,6,2.0,87.0,43.5,0,3,3,0.0,7.0,3.0,7.0,0.0,26.0,40.0,26:40,22.0,8.0,14.0,0.0,65.0,333,5.1,2.0,21,123,5.9,0,39,24,210,1,1,5.4,8.8,61.5,73.66,12.0,5.0,41.7,3.0,0.0,0.0,3.0,1.0,0.0,0.0,6,55,4.0,2,5,40,11,8,1.0,41.0,41.0,3,0.0,-3.0,75.0,0.0,33.3,0.0,3.0,3.0,0.0,0.0,0.0,0.0,0.0,2,2,2.0,2.0,0.0,0.0,0.0,0.0,0.0,2,1,38.0,23.0,5.0,40.0,6,4,2.0,35.0,29.0,5.0,40.0,2,0,0.0,Monday,993005385.0,1,9,19082.0,10.0,1,3,0.5384615384615384,0,
202510909,2025-11-03T20:15:00,1,2025,9,DAL,ARI,HOME,17.0,27.0,44.0,AT&T Stadium,0.0,7.0,3.0,7.0,0.0,26.0,40.0,26:40,22.0,8.0,14.0,0.0,65.0,333,5.1,2.0,21,123,5.9,0,39,24,210,1,1,5.4,8.8,61.5,73.66,12.0,5.0,41.7,3.0,0.0,0.0,3.0,1.0,0.0,0.0,6,55,4.0,2,5,40,11,8,1.0,41.0,41.0,3,0,-3,3.0,14.0,10.0,0.0,0.0,33.0,20.0,33:20,23.0,8.0,14.0,1.0,65.0,340,5.2,3.0,29,119,4.1,1,31,21,221,2,0,7.1,10.5,67.7,109.74,13.0,7.0,53.8,1.0,0.0,0.0,4.0,3.0,0.0,0.0,2,10,1.0,0,5,40,9,6,2.0,87.0,43.5,0,3.0,3.0,33.3,0.0,75.0,0.0,2.0,2.0,0.0,0.0,0.0,0.0,0.0,2,1,3.0,3.0,0.0,0.0,0.0,0.0,0.0,2,2,35.0,29.0,5.0,40.0,2,0,0.0,38.0,23.0,5.0,40.0,6,4,2.0,Monday,993005386.0,9,1,19082.0,-10.0,0,-3,0.4166666666666667,0,
202510911,2025-11-02T13:00:00,1,2025,9,DET,MIN,HOME,24.0,27.0,51.0,Ford Field,7.0,7.0,3.0,7.0,0.0,31.0,8.0,31:08,15.0,3.0,11.0,1.0,62.0,305,4.9,3.0,20,65,3.2,1,37,25,240,2,0,6.5,9.6,67.6,103.43,17.0,5.0,29.4,3.0,3.0,100.0,3.0,1.0,0.0,0.0,10,76,1.0,1,5,44,9,7,5.0,238.0,47.6,1,1,0,14.0,3.0,7.0,3.0,0.0,28.0,52.0,28:52,20.0,7.0,8.0,5.0,59.0,258,4.4,3.0,29,142,4.9,1,25,14,116,2,1,4.6,8.3,56.0,78.08,12.0,4.0,33.3,0.0,0.0,0.0,5.0,3.0,0.0,0.0,7,56,1.0,0,5,27,11,10,4.0,176.0,44.0,1,1.0,0.0,33.3,0.0,60.0,0.0,3.0,3.0,0.0,0.0,0.0,0.0,0.0,2,1,3.0,3.0,0.0,0.0,0.0,0.0,0.0,2,2,32.0,19.0,5.0,27.0,3,0,0.0,28.0,41.0,5.0,44.0,1,1,1.0,Sunday,993005376.0,11,20,19071.0,-3.0,0,0,0.2941176470588235,0,
202510911,2025-11-02T13:00:00,1,2025,9,MIN,DET,AWAY,27.0,24.0,51.0,Ford Field,14.0,3.0,7.0,3.0,0.0,28.0,52.0,28:52,20.0,7.0,8.0,5.0,59.0,258,4.4,3.0,29,142,4.9,1,25,14,116,2,1,4.6,8.3,56.0,78.08,12.0,4.0,33.3,0.0,0.0,0.0,5.0,3.0,0.0,0.0,7,56,1.0,0,5,27,11,10,4.0,176.0,44.0,1,1,0,7.0,7.0,3.0,7.0,0.0,31.0,8.0,31:08,15.0,3.0,11.0,1.0,62.0,305,4.9,3.0,20,65,3.2,1,37,25,240,2,0,6.5,9.6,67.6,103.43,17.0,5.0,29.4,3.0,3.0,100.0,3.0,1.0,0.0,0.0,10,76,1.0,1,5,44,9,7,5.0,238.0,47.6,1,1.0,0.0,60.0,0.0,33.3,0.0,3.0,3.0,0.0,0.0,0.0,0.0,0.0,2,2,3.0,3.0,0.0,0.0,0.0,0.0,0.0,2,1,28.0,41.0,5.0,44.0,1,1,1.0,32.0,19.0,5.0,27.0,3,0,0.0,Sunday,993005375.0,20,11,19071.0,3.0,1,0,0.3333333333333333,0,
202510912,2025-11-02T13:00:00,1,2025,9,CAR,GB,AWAY,16.0,13.0,29.0,Lambeau Field,0.0,7.0,6.0,3.0,0.0,29.0,50.0,29:50,19.0,11.0,6.0,2.0,54.0,265,4.9,2.0,33,163,4.9,2,20,11,102,0,1,5.1,9.3,55.0,48.33,10.0,4.0,40.0,2.0,2.0,100.0,3.0,2.0,0.0,0.0,5,39,1.0,0,1,0,6,4,3.0,134.0,44.7,1,2,1,0.0,6.0,0.0,7.0,0.0,30.0,10.0,30:10,20.0,7.0,13.0,0.0,63.0,369,5.9,1.0,25,104,4.2,1,37,26,265,0,1,7.2,10.2,70.3,79.22,13.0,7.0,53.8,3.0,2.0,66.7,5.0,1.0,0.0,0.0,7,42,1.0,1,1,8,2,1,0.0,0.0,0.0,2,1.0,-1.0,66.7,0.0,20.0,0.0,2.0,1.0,0.0,0.0,0.0,0.0,0.0,1,1,1.0,1.0,0.0,0.0,0.0,0.0,0.0,3,2,34.0,35.0,1.0,8.0,4,1,1.0,22.0,45.0,1.0,0.0,1,1,0.0,Sunday,993005367.0,5,12,19072.0,3.0,1,1,0.4,0,
202510912,2025-11-02T13:00:00,1,2025,9,GB,CAR,HOME,13.0,16.0,29.0,Lambeau Field,0.0,6.0,0.0,7.0,0.0,30.0,10.0,30:10,20.0,7.0,13.0,0.0,63.0,369,5.9,1.0,25,104,4.2,1,37,26,265,0,1,7.2,10.2,70.3,79.22,13.0,7.0,53.8,3.0,2.0,66.7,5.0,1.0,0.0,0.0,7,42,1.0,1,1,8,2,1,0.0,0.0,0.0,2,1,-1,0.0,7.0,6.0,3.0,0.0,29.0,50.0,29:50,19.0,11.0,6.0,2.0,54.0,265,4.9,2.0,33,163,4.9,2,20,11,102,0,1,5.1,9.3,55.0,48.33,10.0,4.0,40.0,2.0,2.0,100.0,3.0,2.0,0.0,0.0,5,39,1.0,0,1,0,6,4,3.0,134.0,44.7,1,2.0,1.0,20.0,0.0,66.7,0.0,1.0,1.0,0.0,0.0,0.0,0.0,0.0,3,2,2.0,1.0,0.0,0.0,0.0,0.0,0.0,1,1,22.0,45.0,1.0,0.0,1,1,0.0,34.0,35.0,1.0,8.0,4,1,1.0,Sunday,993005368.0,12,5,19072.0,-3.0,0,-1,0.5384615384615384,0,
202510913,2025-11-02T13:00:00,1,2025,9,DEN,HOU,AWAY,18.0,15.0,33.0,NRG Stadium,0.0,7.0,0.0,11.0,0.0,25.0,24.0,25:24,15.0,6.0,9.0,0.0,61.0,271,4.4,2.0,23,100,4.3,0,37,18,171,2,1,4.6,9.5,48.6,68.64,15.0,6.0,40.0,0.0,0.0,0.0,1.0,0.0,0.0,0.0,4,41,1.0,1,1,2,7,4,8.0,428.0,53.5,2,0,-2,3.0,9.0,3.0,0.0,0.0,34.0,36.0,34:36,15.0,2.0,11.0,2.0,72.0,268,3.7,0.0,28,77,2.8,0,40,23,191,0,0,4.8,8.3,57.5,69.9,17.0,3.0,17.6,1.0,1.0,100.0,3.0,0.0,0.0,0.0,4,29,0.0,0,4,25,4,4,8.0,420.0,52.5,0,2.0,2.0,0.0,0.0,0.0,0.0,1.0,1.0,0.0,2.0,1.0,0.0,0.0,2,1,0.0,0.0,0.0,0.0,0.0,0.0,0.0,6,5,37.0,32.0,4.0,25.0,7,0,0.0,26.0,28.0,1.0,2.0,7,0,1.0,Sunday,993005365.0,10,13,19073.0,3.0,1,-2,0.4,0,
202510913,2025-11-02T13:00:00,1,2025,9,HOU,DEN,HOME,15.0,18.0,33.0,NRG Stadium,3.0,9.0,3.0,0.0,0.0,34.0,36.0,34:36,15.0,2.0,11.0,2.0,72.0,268,3.7,0.0,28,77,2.8,0,40,23,191,0,0,4.8,8.3,57.5,69.9,17.0,3.0,17.6,1.0,1.0,100.0,3.0,0.0,0.0,0.0,4,29,0.0,0,4,25,4,4,8.0,420.0,52.5,0,2,2,0.0,7.0,0.0,11.0,0.0,25.0,24.0,25:24,15.0,6.0,9.0,0.0,61.0,271,4.4,2.0,23,100,4.3,0,37,18,171,2,1,4.6,9.5,48.6,68.64,15.0,6.0,40.0,0.0,0.0,0.0,1.0,0.0,0.0,0.0,4,41,1.0,1,1,2,7,4,8.0,428.0,53.5,2,0.0,-2.0,0.0,0.0,0.0,0.0,0.0,0.0,0.0,0.0,0.0,0.0,0.0,6,5,1.0,1.0,0.0,2.0,1.0,0.0,0.0,2,1,26.0,28.0,1.0,2.0,7,0,1.0,37.0,32.0,4.0,25.0,7,0,0.0,Sunday,993005366.0,13,10,19073.0,-3.0,0,2,0.1764705882352941,0,
202510919,2025-10-30T20:15:00,1,2025,9,BAL,MIA,AWAY,28.0,6.0,34.0,Hard Rock Stadium,7.0,7.0,14.0,0.0,0.0,31.0,43.0,31:43,18.0,7.0,11.0,0.0,56.0,338,6.0,4.0,31,150,4.8,0,23,18,188,4,0,8.2,10.4,78.3,140.31,13.0,5.0,38.5,1.0,1.0,100.0,3.0,3.0,0.0,0.0,5,56,0.0,0,2,16,5,3,6.0,336.0,56.0,0,3,3,3.0,3.0,0.0,0.0,0.0,28.0,17.0,28:17,17.0,4.0,12.0,1.0,62.0,332,5.4,0.0,20,87,4.4,0,40,25,245,0,1,6.1,9.8,62.5,69.27,12.0,2.0,16.7,3.0,2.0,66.7,3.0,0.0,0.0,0.0,5,45,2.0,2,2,16,4,5,3.0,128.0,42.7,3,0.0,-3.0,100.0,0.0,0.0,0.0,4.0,4.0,0.0,0.0,0.0,0.0,0.0,0,0,0.0,0.0,0.0,0.0,0.0,0.0,0.0,3,2,35.0,25.0,2.0,16.0,4,2,2.0,31.0,32.0,2.0,16.0,1,0,0.0,Thursday,993005359.0,3,19,19069.0,22.0,1,3,0.3846153846153846,0,
202510919,2025-10-30T20:15:00,1,2025,9,MIA,BAL,HOME,6.0,28.0,34.0,Hard Rock Stadium,3.0,3.0,0.0,0.0,0.0,28.0,17.0,28:17,17.0,4.0,12.0,1.0,62.0,332,5.4,0.0,20,87,4.4,0,40,25,245,0,1,6.1,9.8,62.5,69.27,12.0,2.0,16.7,3.0,2.0,66.7,3.0,0.0,0.0,0.0,5,45,2.0,2,2,16,4,5,3.0,128.0,42.7,3,0,-3,7.0,7.0,14.0,0.0,0.0,31.0,43.0,31:43,18.0,7.0,11.0,0.0,56.0,338,6.0,4.0,31,150,4.8,0,23,18,188,4,0,8.2,10.4,78.3,140.31,13.0,5.0,38.5,1.0,1.0,100.0,3.0,3.0,0.0,0.0,5,56,0.0,0,2,16,5,3,6.0,336.0,56.0,0,3.0,3.0,0.0,0.0,100.0,0.0,0.0,0.0,0.0,0.0,0.0,0.0,0.0,3,2,4.0,4.0,0.0,0.0,0.0,0.0,0.0,0,0,31.0,32.0,2.0,16.0,1,0,0.0,35.0,25.0,2.0,16.0,4,2,2.0,Thursday,993005360.0,19,3,19069.0,-22.0,0,-3,0.1666666666666666,0,
202510921,2025-11-02T13:00:00,1,2025,9,ATL,NE,AWAY,23.0,24.0,47.0,Gillette Stadium,7.0,7.0,0.0,9.0,0.0,25.0,55.0,25:55,17.0,3.0,13.0,1.0,54.0,288,5.3,3.0,16,71,4.4,0,37,22,217,3,0,5.9,9.9,59.5,103.1,10.0,1.0,10.0,3.0,2.0,66.7,3.0,3.0,0.0,0.0,5,40,1.0,0,1,4,6,7,5.0,217.0,43.4,0,2,2,7.0,14.0,3.0,0.0,0.0,34.0,5.0,34:05,23.0,9.0,14.0,0.0,68.0,331,4.9,3.0,33,110,3.3,1,29,19,221,2,1,7.6,11.6,65.5,97.05,12.0,8.0,66.7,0.0,0.0,0.0,4.0,3.0,0.0,0.0,2,15,2.0,1,6,38,4,2,3.0,150.0,50.0,2,0.0,-2.0,100.0,0.0,75.0,0.0,3.0,2.0,0.0,0.0,0.0,0.0,0.0,1,1,3.0,3.0,0.0,0.0,0.0,0.0,0.0,1,1,43.0,18.0,6.0,38.0,3,2,1.0,25.0,16.0,1.0,4.0,5,1,0.0,Sunday,993005373.0,2,21,19074.0,-1.0,0,2,0.1,0,
202510921,2025-11-02T13:00:00,1,2025,9,NE,ATL,HOME,24.0,23.0,47.0,Gillette Stadium,7.0,14.0,3.0,0.0,0.0,34.0,5.0,34:05,23.0,9.0,14.0,0.0,68.0,331,4.9,3.0,33,110,3.3,1,29,19,221,2,1,7.6,11.6,65.5,97.05,12.0,8.0,66.7,0.0,0.0,0.0,4.0,3.0,0.0,0.0,2,15,2.0,1,6,38,4,2,3.0,150.0,50.0,2,0,-2,7.0,7.0,0.0,9.0,0.0,25.0,55.0,25:55,17.0,3.0,13.0,1.0,54.0,288,5.3,3.0,16,71,4.4,0,37,22,217,3,0,5.9,9.9,59.5,103.1,10.0,1.0,10.0,3.0,2.0,66.7,3.0,3.0,0.0,0.0,5,40,1.0,0,1,4,6,7,5.0,217.0,43.4,0,2.0,2.0,75.0,0.0,100.0,0.0,3.0,3.0,0.0,0.0,0.0,0.0,0.0,1,1,3.0,2.0,0.0,0.0,0.0,0.0,0.0,1,1,25.0,16.0,1.0,4.0,5,1,0.0,43.0,18.0,6.0,38.0,3,2,1.0,Sunday,993005374.0,21,2,19074.0,1.0,1,-2,0.6666666666666666,0,
202510923,2025-11-02T13:00:00,1,2025,9,NYG,SF,HOME,24.0,34.0,58.0,MetLife Stadium,7.0,0.0,3.0,14.0,0.0,26.0,49.0,26:49,19.0,10.0,7.0,2.0,56.0,296,5.3,3.0,21,117,5.6,1,33,24,179,2,0,5.4,7.5,72.7,105.49,12.0,5.0,41.7,0.0,0.0,0.0,3.0,2.0,0.0,0.0,5,23,0.0,0,2,12,3,7,5.0,233.0,46.6,0,1,1,7.0,10.0,3.0,14.0,0.0,33.0,11.0,33:11,25.0,10.0,13.0,2.0,65.0,380,5.8,4.0,39,159,4.1,2,24,19,221,2,0,9.2,11.6,79.2,132.81,11.0,6.0,54.5,1.0,1.0,100.0,5.0,4.0,0.0,0.0,6,34,1.0,1,2,14,3,3,2.0,87.0,43.5,1,0.0,-1.0,66.7,0.0,80.0,0.0,3.0,3.0,0.0,0.0,0.0,0.0,0.0,2,1,4.0,4.0,0.0,0.0,0.0,0.0,0.0,2,2,35.0,43.0,2.0,14.0,2,1,1.0,30.0,29.0,2.0,12.0,4,0,0.0,Sunday,993005362.0,23,31,19075.0,-10.0,0,1,0.4166666666666667,0,
202510923,2025-11-02T13:00:00,1,2025,9,SF,NYG,AWAY,34.0,24.0,58.0,MetLife Stadium,7.0,10.0,3.0,14.0,0.0,33.0,11.0,33:11,25.0,10.0,13.0,2.0,65.0,380,5.8,4.0,39,159,4.1,2,24,19,221,2,0,9.2,11.6,79.2,132.81,11.0,6.0,54.5,1.0,1.0,100.0,5.0,4.0,0.0,0.0,6,34,1.0,1,2,14,3,3,2.0,87.0,43.5,1,0,-1,7.0,0.0,3.0,14.0,0.0,26.0,49.0,26:49,19.0,10.0,7.0,2.0,56.0,296,5.3,3.0,21,117,5.6,1,33,24,179,2,0,5.4,7.5,72.7,105.49,12.0,5.0,41.7,0.0,0.0,0.0,3.0,2.0,0.0,0.0,5,23,0.0,0,2,12,3,7,5.0,233.0,46.6,0,1.0,1.0,80.0,0.0,66.7,0.0,4.0,4.0,0.0,0.0,0.0,0.0,0.0,2,2,3.0,3.0,0.0,0.0,0.0,0.0,0.0,2,1,30.0,29.0,2.0,12.0,4,0,0.0,35.0,43.0,2.0,14.0,2,1,1.0,Sunday,993005361.0,31,23,19075.0,10.0,1,-1,0.5454545454545454,0,
202510925,2025-11-02T16:05:00,1,2025,9,JAX,LV,AWAY,30.0,29.0,59.0,Allegiant Stadium,0.0,3.0,3.0,17.0,7.0,42.0,57.0,42:57,26.0,15.0,9.0,2.0,77.0,367,4.8,3.0,42,151,3.6,3,34,23,216,0,1,6.4,9.4,67.6,72.67,16.0,9.0,56.2,3.0,3.0,100.0,5.0,3.0,0.0,0.0,9,80,1.0,0,1,4,4,5,2.0,73.0,36.5,1,1,0,0.0,6.0,3.0,14.0,6.0,26.0,47.0,26:47,26.0,5.0,17.0,4.0,60.0,331,5.5,4.0,19,57,3.0,0,39,29,274,4,1,7.0,9.4,74.4,116.83,10.0,7.0,70.0,1.0,0.0,0.0,4.0,3.0,0.0,0.0,7,55,0.0,0,2,10,2,7,1.0,56.0,56.0,1,1.0,0.0,60.0,0.0,75.0,0.0,3.0,3.0,0.0,0.0,0.0,0.0,0.0,3,3,3.0,2.0,0.0,2.0,0.0,0.0,0.0,1,1,32.0,31.0,2.0,10.0,5,0,0.0,51.0,27.0,1.0,4.0,4,0,0.0,Sunday,993005379.0,15,25,19079.0,1.0,1,0,0.5625,0,
202510925,2025-11-02T16:05:00,1,2025,9,LV,JAX,HOME,29.0,30.0,59.0,Allegiant Stadium,0.0,6.0,3.0,14.0,6.0,26.0,47.0,26:47,26.0,5.0,17.0,4.0,60.0,331,5.5,4.0,19,57,3.0,0,39,29,274,4,1,7.0,9.4,74.4,116.83,10.0,7.0,70.0,1.0,0.0,0.0,4.0,3.0,0.0,0.0,7,55,0.0,0,2,10,2,7,1.0,56.0,56.0,1,1,0,0.0,3.0,3.0,17.0,7.0,42.0,57.0,42:57,26.0,15.0,9.0,2.0,77.0,367,4.8,3.0,42,151,3.6,3,34,23,216,0,1,6.4,9.4,67.6,72.67,16.0,9.0,56.2,3.0,3.0,100.0,5.0,3.0,0.0,0.0,9,80,1.0,0,1,4,4,5,2.0,73.0,36.5,1,1.0,0.0,75.0,0.0,60.0,0.0,3.0,2.0,0.0,2.0,0.0,0.0,0.0,1,1,3.0,3.0,0.0,0.0,0.0,0.0,0.0,3,3,51.0,27.0,1.0,4.0,4,0,0.0,32.0,31.0,2.0,10.0,5,0,0.0,Sunday,993005380.0,25,15,19079.0,-1.0,0,0,0.7,0,
202510928,2025-11-02T13:00:00,1,2025,9,IND,PIT,AWAY,20.0,27.0,47.0,Acrisure Stadium,7.0,0.0,0.0,13.0,0.0,31.0,55.0,31:55,26.0,6.0,17.0,3.0,74.0,368,5.0,2.0,19,55,2.9,1,50,31,313,1,3,6.3,10.1,62.0,61.5,14.0,6.0,42.9,5.0,5.0,100.0,2.0,2.0,0.0,0.0,5,53,4.0,3,5,29,4,6,2.0,110.0,55.0,6,1,-5,0.0,17.0,0.0,10.0,0.0,28.0,5.0,28:05,17.0,5.0,10.0,2.0,61.0,225,3.7,3.0,23,38,1.7,2,35,25,187,1,0,5.3,7.5,71.4,93.39,12.0,4.0,33.3,2.0,1.0,50.0,6.0,3.0,0.0,0.0,8,46,1.0,1,3,16,6,5,5.0,252.0,50.4,1,6.0,5.0,100.0,0.0,50.0,0.0,2.0,2.0,0.0,0.0,0.0,0.0,0.0,2,2,3.0,3.0,0.0,0.0,0.0,0.0,0.0,2,2,30.0,32.0,3.0,16.0,3,1,1.0,38.0,28.0,5.0,29.0,13,3,3.0,Sunday,993005363.0,14,28,19076.0,-7.0,0,-5,0.4285714285714285,0,
202510928,2025-11-02T13:00:00,1,2025,9,PIT,IND,HOME,27.0,20.0,47.0,Acrisure Stadium,0.0,17.0,0.0,10.0,0.0,28.0,5.0,28:05,17.0,5.0,10.0,2.0,61.0,225,3.7,3.0,23,38,1.7,2,35,25,187,1,0,5.3,7.5,71.4,93.39,12.0,4.0,33.3,2.0,1.0,50.0,6.0,3.0,0.0,0.0,8,46,1.0,1,3,16,6,5,5.0,252.0,50.4,1,6,5,7.0,0.0,0.0,13.0,0.0,31.0,55.0,31:55,26.0,6.0,17.0,3.0,74.0,368,5.0,2.0,19,55,2.9,1,50,31,313,1,3,6.3,10.1,62.0,61.5,14.0,6.0,42.9,5.0,5.0,100.0,2.0,2.0,0.0,0.0,5,53,4.0,3,5,29,4,6,2.0,110.0,55.0,6,1.0,-5.0,50.0,0.0,100.0,0.0,3.0,3.0,0.0,0.0,0.0,0.0,0.0,2,2,2.0,2.0,0.0,0.0,0.0,0.0,0.0,2,2,38.0,28.0,5.0,29.0,13,3,3.0,30.0,32.0,3.0,16.0,3,1,1.0,Sunday,993005364.0,28,14,19076.0,7.0,1,5,0.3333333333333333,0,
202510932,2025-11-02T16:05:00,1,2025,9,LAR,NO,HOME,34.0,10.0,44.0,SoFi Stadium,7.0,13.0,7.0,7.0,0.0,43.0,53.0,43:53,30.0,13.0,14.0,3.0,77.0,438,5.7,5.0,43,171,4.0,1,32,24,267,4,0,8.3,11.1,75.0,138.93,14.0,7.0,50.0,2.0,2.0,100.0,5.0,4.0,0.0,0.0,3,32,0.0,0,2,14,2,2,2.0,100.0,50.0,0,2,2,0.0,10.0,0.0,0.0,0.0,16.0,7.0,16:07,10.0,1.0,8.0,1.0,40.0,224,5.6,1.0,14,57,4.1,0,25,15,167,1,1,6.7,11.1,60.0,76.58,9.0,2.0,22.2,2.0,0.0,0.0,3.0,1.0,0.0,0.0,5,33,1.0,1,1,9,4,4,4.0,184.0,46.0,2,0.0,-2.0,80.0,0.0,33.3,0.0,5.0,4.0,0.0,0.0,0.0,0.0,0.0,1,0,1.0,1.0,0.0,0.0,0.0,0.0,0.0,1,1,19.0,19.0,1.0,9.0,5,1,1.0,34.0,53.0,2.0,14.0,4,0,0.0,Sunday,993005378.0,32,22,19078.0,24.0,1,2,0.5,0,
202510932,2025-11-02T16:05:00,1,2025,9,NO,LAR,AWAY,10.0,34.0,44.0,SoFi Stadium,0.0,10.0,0.0,0.0,0.0,16.0,7.0,16:07,10.0,1.0,8.0,1.0,40.0,224,5.6,1.0,14,57,4.1,0,25,15,167,1,1,6.7,11.1,60.0,76.58,9.0,2.0,22.2,2.0,0.0,0.0,3.0,1.0,0.0,0.0,5,33,1.0,1,1,9,4,4,4.0,184.0,46.0,2,0,-2,7.0,13.0,7.0,7.0,0.0,43.0,53.0,43:53,30.0,13.0,14.0,3.0,77.0,438,5.7,5.0,43,171,4.0,1,32,24,267,4,0,8.3,11.1,75.0,138.93,14.0,7.0,50.0,2.0,2.0,100.0,5.0,4.0,0.0,0.0,3,32,0.0,0,2,14,2,2,2.0,100.0,50.0,0,2.0,2.0,33.3,0.0,80.0,0.0,1.0,1.0,0.0,0.0,0.0,0.0,0.0,1,1,5.0,4.0,0.0,0.0,0.0,0.0,0.0,1,0,34.0,53.0,2.0,14.0,4,0,0.0,19.0,19.0,1.0,9.0,5,1,1.0,Sunday,993005377.0,22,32,19078.0,-24.0,0,-2,0.2222222222222222,0,
202510934,2025-11-02T13:00:00,1,2025,9,LAC,TEN,AWAY,27.0,20.0,47.0,Nissan Stadium,7.0,13.0,0.0,7.0,0.0,34.0,20.0,34:20,21.0,8.0,12.0,1.0,65.0,343,5.3,3.0,30,131,4.4,1,29,19,212,2,1,7.3,11.2,65.5,95.76,13.0,7.0,53.8,0.0,0.0,0.0,4.0,3.0,0.0,0.0,3,20,1.0,0,6,38,5,4,4.0,209.0,52.2,1,0,-1,14.0,3.0,0.0,3.0,0.0,25.0,40.0,25:40,10.0,3.0,7.0,0.0,44.0,206,4.7,2.0,19,88,4.6,0,21,12,118,0,0,5.6,9.8,57.1,73.12,9.0,1.0,11.1,1.0,0.0,0.0,2.0,0.0,0.0,0.0,7,60,2.0,0,4,27,11,6,5.0,187.0,37.4,0,1.0,1.0,75.0,0.0,0.0,0.0,3.0,3.0,0.0,0.0,0.0,0.0,0.0,2,2,2.0,2.0,0.0,0.0,0.0,0.0,0.0,2,2,23.0,22.0,4.0,27.0,3,1,0.0,38.0,27.0,6.0,38.0,4,1,0.0,Sunday,993005371.0,29,34,19077.0,7.0,1,-1,0.5384615384615384,0,
202510934,2025-11-02T13:00:00,1,2025,9,TEN,LAC,HOME,20.0,27.0,47.0,Nissan Stadium,14.0,3.0,0.0,3.0,0.0,25.0,40.0,25:40,10.0,3.0,7.0,0.0,44.0,206,4.7,2.0,19,88,4.6,0,21,12,118,0,0,5.6,9.8,57.1,73.12,9.0,1.0,11.1,1.0,0.0,0.0,2.0,0.0,0.0,0.0,7,60,2.0,0,4,27,11,6,5.0,187.0,37.4,0,1,1,7.0,13.0,0.0,7.0,0.0,34.0,20.0,34:20,21.0,8.0,12.0,1.0,65.0,343,5.3,3.0,30,131,4.4,1,29,19,212,2,1,7.3,11.2,65.5,95.76,13.0,7.0,53.8,0.0,0.0,0.0,4.0,3.0,0.0,0.0,3,20,1.0,0,6,38,5,4,4.0,209.0,52.2,1,0.0,-1.0,0.0,0.0,75.0,0.0,2.0,2.0,0.0,0.0,0.0,0.0,0.0,2,2,3.0,3.0,0.0,0.0,0.0,0.0,0.0,2,2,38.0,27.0,6.0,38.0,4,1,0.0,23.0,22.0,4.0,27.0,3,1,0.0,Sunday,993005372.0,34,29,19077.0,-7.0,0,1,0.1111111111111111,0,
202510935,2025-11-02T20:20:00,1,2025,9,SEA,WAS,AWAY,38.0,14.0,52.0,Northwest Stadium,7.0,24.0,7.0,0.0,0.0,27.0,18.0,27:18,21.0,5.0,13.0,3.0,48.0,418,8.7,5.0,24,88,3.7,1,24,21,330,4,1,13.8,15.7,87.5,140.97,11.0,7.0,63.6,0.0,0.0,0.0,2.0,2.0,0.0,0.0,5,44,2.0,0,0,0,7,5,3.0,155.0,51.7,1,2,1,0.0,7.0,0.0,7.0,0.0,32.0,42.0,32:42,19.0,9.0,8.0,2.0,62.0,290,4.7,2.0,36,157,4.4,2,22,16,133,0,1,6.0,8.3,72.7,68.94,13.0,6.0,46.2,2.0,1.0,50.0,2.0,2.0,0.0,0.0,8,87,1.0,1,4,20,1,2,4.0,191.0,47.8,2,1.0,-1.0,100.0,0.0,100.0,0.0,5.0,5.0,0.0,0.0,0.0,0.0,0.0,1,1,2.0,2.0,0.0,0.0,0.0,0.0,0.0,0,0,29.0,50.0,4.0,20.0,3,1,1.0,24.0,34.0,0.0,0.0,3,1,0.0,Sunday,993005383.0,30,35,19081.0,24.0,1,1,0.6363636363636364,0,
202510935,2025-11-02T20:20:00,1,2025,9,WAS,SEA,HOME,14.0,38.0,52.0,Northwest Stadium,0.0,7.0,0.0,7.0,0.0,32.0,42.0,32:42,19.0,9.0,8.0,2.0,62.0,290,4.7,2.0,36,157,4.4,2,22,16,133,0,1,6.0,8.3,72.7,68.94,13.0,6.0,46.2,2.0,1.0,50.0,2.0,2.0,0.0,0.0,8,87,1.0,1,4,20,1,2,4.0,191.0,47.8,2,1,-1,7.0,24.0,7.0,0.0,0.0,27.0,18.0,27:18,21.0,5.0,13.0,3.0,48.0,418,8.7,5.0,24,88,3.7,1,24,21,330,4,1,13.8,15.7,87.5,140.97,11.0,7.0,63.6,0.0,0.0,0.0,2.0,2.0,0.0,0.0,5,44,2.0,0,0,0,7,5,3.0,155.0,51.7,1,2.0,1.0,100.0,0.0,100.0,0.0,2.0,2.0,0.0,0.0,0.0,0.0,0.0,0,0,5.0,5.0,0.0,0.0,0.0,0.0,0.0,1,1,24.0,34.0,0.0,0.0,3,1,0.0,29.0,50.0,4.0,20.0,3,1,1.0,Sunday,993005384.0,35,30,19081.0,-24.0,0,-1,0.4615384615384615,0,
202511005,2025-11-09T13:00:00,1,2025,10,CAR,NO,HOME,7.0,17.0,24.0,Bank of America Stadium,7.0,0.0,0.0,0.0,0.0,26.0,39.0,26:39,13.0,5.0,6.0,2.0,50.0,175,3.5,1.0,23,73,3.2,1,25,17,102,0,1,4.1,6.0,68.0,59.08,9.0,3.0,33.3,1.0,0.0,0.0,2.0,1.0,0.0,0.0,1,5,1.0,1,2,22,5,6,4.0,204.0,51.0,2,1,-1,3.0,7.0,0.0,7.0,0.0,33.0,21.0,33:21,17.0,8.0,9.0,0.0,67.0,388,5.8,2.0,37,122,3.3,0,28,19,266,2,0,9.5,14.0,67.9,122.02,17.0,8.0,47.1,3.0,2.0,66.7,2.0,0.0,0.0,0.0,6,60,1.0,1,2,16,3,4,4.0,177.0,44.2,1,2.0,1.0,50.0,0.0,0.0,0.0,1.0,1.0,0.0,0.0,0.0,0.0,0.0,1,0,2.0,2.0,0.0,0.0,0.0,0.0,0.0,1,1,39.0,31.0,2.0,16.0,1,0,1.0,25.0,29.0,2.0,22.0,4,0,1.0,Sunday,993005398.0,5,22,19185.0,-10.0,0,-1,0.3333333333333333,0,
202511005,2025-11-09T13:00:00,1,2025,10,NO,CAR,AWAY,17.0,7.0,24.0,Bank of America Stadium,3.0,7.0,0.0,7.0,0.0,33.0,21.0,33:21,17.0,8.0,9.0,0.0,67.0,388,5.8,2.0,37,122,3.3,0,28,19,266,2,0,9.5,14.0,67.9,122.02,17.0,8.0,47.1,3.0,2.0,66.7,2.0,0.0,0.0,0.0,6,60,1.0,1,2,16,3,4,4.0,177.0,44.2,1,2,1,7.0,0.0,0.0,0.0,0.0,26.0,39.0,26:39,13.0,5.0,6.0,2.0,50.0,175,3.5,1.0,23,73,3.2,1,25,17,102,0,1,4.1,6.0,68.0,59.08,9.0,3.0,33.3,1.0,0.0,0.0,2.0,1.0,0.0,0.0,1,5,1.0,1,2,22,5,6,4.0,204.0,51.0,2,1.0,-1.0,0.0,0.0,50.0,0.0,2.0,2.0,0.0,0.0,0.0,0.0,0.0,1,1,1.0,1.0,0.0,0.0,0.0,0.0,0.0,1,0,25.0,29.0,2.0,22.0,4,0,1.0,39.0,31.0,2.0,16.0,1,0,1.0,Sunday,993005397.0,22,5,19185.0,10.0,1,1,0.4705882352941176,0,
202511006,2025-11-09T13:00:00,1,2025,10,CHI,NYG,HOME,24.0,20.0,44.0,Soldier Field,7.0,0.0,3.0,14.0,0.0,28.0,42.0,28:42,23.0,8.0,11.0,4.0,64.0,391,6.1,3.0,28,171,6.1,2,36,20,220,1,0,6.1,11.0,55.6,83.1,11.0,3.0,27.3,4.0,1.0,25.0,4.0,3.0,0.0,0.0,3,25,0.0,0,0,0,9,7,3.0,135.0,45.0,0,1,1,0.0,10.0,7.0,3.0,0.0,31.0,18.0,31:18,21.0,8.0,11.0,2.0,70.0,431,6.2,2.0,30,169,5.6,2,36,22,262,0,0,7.3,11.9,61.1,83.33,14.0,5.0,35.7,4.0,1.0,25.0,4.0,1.0,0.0,0.0,10,69,1.0,1,4,25,3,2,3.0,110.0,36.7,1,0.0,-1.0,75.0,0.0,25.0,0.0,3.0,3.0,0.0,0.0,0.0,0.0,0.0,1,1,2.0,2.0,0.0,0.0,0.0,0.0,0.0,2,2,39.0,27.0,4.0,25.0,5,1,1.0,30.0,29.0,0.0,0.0,2,0,0.0,Sunday,993005404.0,6,23,19186.0,4.0,1,1,0.2727272727272727,0,
202511006,2025-11-09T13:00:00,1,2025,10,NYG,CHI,AWAY,20.0,24.0,44.0,Soldier Field,0.0,10.0,7.0,3.0,0.0,31.0,18.0,31:18,21.0,8.0,11.0,2.0,70.0,431,6.2,2.0,30,169,5.6,2,36,22,262,0,0,7.3,11.9,61.1,83.33,14.0,5.0,35.7,4.0,1.0,25.0,4.0,1.0,0.0,0.0,10,69,1.0,1,4,25,3,2,3.0,110.0,36.7,1,0,-1,7.0,0.0,3.0,14.0,0.0,28.0,42.0,28:42,23.0,8.0,11.0,4.0,64.0,391,6.1,3.0,28,171,6.1,2,36,20,220,1,0,6.1,11.0,55.6,83.1,11.0,3.0,27.3,4.0,1.0,25.0,4.0,3.0,0.0,0.0,3,25,0.0,0,0,0,9,7,3.0,135.0,45.0,0,1.0,1.0,25.0,0.0,75.0,0.0,2.0,2.0,0.0,0.0,0.0,0.0,0.0,2,2,3.0,3.0,0.0,0.0,0.0,0.0,0.0,1,1,30.0,29.0,0.0,0.0,2,0,0.0,39.0,27.0,4.0,25.0,5,1,1.0,Sunday,993005403.0,23,6,19186.0,-4.0,0,-1,0.3571428571428571,0,
202511010,2025-11-06T20:15:00,1,2025,10,DEN,LV,HOME,10.0,7.0,17.0,Empower Field at Mile High,0.0,7.0,3.0,0.0,0.0,30.0,46.0,30:46,10.0,5.0,5.0,0.0,57.0,220,3.9,1.0,27,84,3.1,0,28,16,136,1,2,4.9,8.5,57.1,52.08,15.0,5.0,33.3,0.0,0.0,0.0,3.0,1.0,0.0,0.0,11,78,0.0,0,2,14,11,5,7.0,293.0,41.9,2,1,-1,7.0,0.0,0.0,0.0,0.0,29.0,14.0,29:14,10.0,4.0,6.0,0.0,58.0,188,3.2,1.0,25,74,3.0,1,27,16,114,0,1,4.2,7.1,59.3,53.63,15.0,4.0,26.7,1.0,0.0,0.0,1.0,1.0,0.0,0.0,11,83,2.0,0,6,29,4,4,7.0,299.0,42.7,1,2.0,1.0,33.3,0.0,100.0,0.0,1.0,1.0,0.0,0.0,0.0,0.0,0.0,2,1,1.0,1.0,0.0,0.0,0.0,0.0,0.0,1,0,31.0,30.0,6.0,29.0,3,1,0.0,28.0,26.0,2.0,14.0,4,0,0.0,Thursday,993005388.0,10,25,19184.0,3.0,1,-1,0.3333333333333333,0,
202511010,2025-11-06T20:15:00,1,2025,10,LV,DEN,AWAY,7.0,10.0,17.0,Empower Field at Mile High,7.0,0.0,0.0,0.0,0.0,29.0,14.0,29:14,10.0,4.0,6.0,0.0,58.0,188,3.2,1.0,25,74,3.0,1,27,16,114,0,1,4.2,7.1,59.3,53.63,15.0,4.0,26.7,1.0,0.0,0.0,1.0,1.0,0.0,0.0,11,83,2.0,0,6,29,4,4,7.0,299.0,42.7,1,2,1,0.0,7.0,3.0,0.0,0.0,30.0,46.0,30:46,10.0,5.0,5.0,0.0,57.0,220,3.9,1.0,27,84,3.1,0,28,16,136,1,2,4.9,8.5,57.1,52.08,15.0,5.0,33.3,0.0,0.0,0.0,3.0,1.0,0.0,0.0,11,78,0.0,0,2,14,11,5,7.0,293.0,41.9,2,1.0,-1.0,100.0,0.0,33.3,0.0,1.0,1.0,0.0,0.0,0.0,0.0,0.0,1,0,1.0,1.0,0.0,0.0,0.0,0.0,0.0,2,1,28.0,26.0,2.0,14.0,4,0,0.0,31.0,30.0,6.0,29.0,3,1,0.0,Thursday,993005387.0,25,10,19184.0,-3.0,0,1,0.2666666666666666,0,
202511012,2025-11-10T20:15:00,1,2025,10,GB,PHI,HOME,7.0,10.0,17.0,Lambeau Field,0.0,0.0,0.0,7.0,0.0,27.0,55.0,27:55,18.0,7.0,10.0,1.0,66.0,261,4.0,1.0,27,104,3.9,1,36,20,157,0,0,4.4,7.8,55.6,66.55,13.0,5.0,38.5,3.0,1.0,33.3,1.0,1.0,0.0,0.0,4,20,3.0,2,3,19,0,6,5.0,239.0,47.8,2,1,-1,0.0,0.0,3.0,7.0,0.0,32.0,5.0,32:05,13.0,4.0,8.0,1.0,60.0,294,4.9,1.0,34,111,3.3,0,26,15,183,1,0,7.0,12.2,57.7,92.31,16.0,7.0,43.8,2.0,0.0,0.0,1.0,0.0,0.0,0.0,7,61,1.0,1,0,0,8,5,5.0,238.0,47.6,1,2.0,1.0,100.0,0.0,0.0,0.0,1.0,1.0,0.0,0.0,0.0,0.0,0.0,1,0,1.0,1.0,0.0,0.0,0.0,0.0,0.0,1,1,34.0,25.0,0.0,0.0,2,1,1.0,38.0,20.0,3.0,19.0,5,2,2.0,Monday,993005414.0,12,26,19044.0,-3.0,0,-1,0.3846153846153846,0,
202511012,2025-11-10T20:15:00,1,2025,10,PHI,GB,AWAY,10.0,7.0,17.0,Lambeau Field,0.0,0.0,3.0,7.0,0.0,32.0,5.0,32:05,13.0,4.0,8.0,1.0,60.0,294,4.9,1.0,34,111,3.3,0,26,15,183,1,0,7.0,12.2,57.7,92.31,16.0,7.0,43.8,2.0,0.0,0.0,1.0,0.0,0.0,0.0,7,61,1.0,1,0,0,8,5,5.0,238.0,47.6,1,2,1,0.0,0.0,0.0,7.0,0.0,27.0,55.0,27:55,18.0,7.0,10.0,1.0,66.0,261,4.0,1.0,27,104,3.9,1,36,20,157,0,0,4.4,7.8,55.6,66.55,13.0,5.0,38.5,3.0,1.0,33.3,1.0,1.0,0.0,0.0,4,20,3.0,2,3,19,0,6,5.0,239.0,47.8,2,1.0,-1.0,0.0,0.0,100.0,0.0,1.0,1.0,0.0,0.0,0.0,0.0,0.0,1,1,1.0,1.0,0.0,0.0,0.0,0.0,0.0,1,0,38.0,20.0,3.0,19.0,5,2,2.0,34.0,25.0,0.0,0.0,2,1,1.0,Monday,993005413.0,26,12,19044.0,3.0,1,1,0.4375,0,
202511013,2025-11-09T13:00:00,1,2025,10,HOU,JAX,HOME,36.0,29.0,65.0,NRG Stadium,0.0,10.0,0.0,26.0,0.0,31.0,0.0,31:00,27.0,8.0,17.0,2.0,69.0,412,6.0,5.0,22,130,5.9,2,45,27,282,2,1,6.3,10.4,60.0,83.75,15.0,10.0,66.7,2.0,1.0,50.0,5.0,4.0,0.0,0.0,11,80,2.0,1,2,10,6,8,2.0,108.0,54.0,2,2,0,10.0,10.0,9.0,0.0,0.0,29.0,0.0,29:00,19.0,6.0,7.0,6.0,55.0,213,3.9,3.0,27,94,3.5,1,23,13,119,1,1,5.2,9.2,56.5,67.12,11.0,4.0,36.4,0.0,0.0,0.0,4.0,2.0,0.0,0.0,9,90,2.0,1,5,39,3,5,3.0,137.0,45.7,2,2.0,0.0,80.0,0.0,50.0,0.0,1.0,1.0,0.0,5.0,1.0,0.0,0.0,1,1,2.0,2.0,0.0,2.0,0.0,0.0,0.0,3,3,32.0,22.0,5.0,39.0,9,2,1.0,26.0,39.0,2.0,10.0,8,0,1.0,Sunday,993005396.0,13,15,19187.0,7.0,1,0,0.6666666666666666,0,
202511013,2025-11-09T13:00:00,1,2025,10,JAX,HOU,AWAY,29.0,36.0,65.0,NRG Stadium,10.0,10.0,9.0,0.0,0.0,29.0,0.0,29:00,19.0,6.0,7.0,6.0,55.0,213,3.9,3.0,27,94,3.5,1,23,13,119,1,1,5.2,9.2,56.5,67.12,11.0,4.0,36.4,0.0,0.0,0.0,4.0,2.0,0.0,0.0,9,90,2.0,1,5,39,3,5,3.0,137.0,45.7,2,2,0,0.0,10.0,0.0,26.0,0.0,31.0,0.0,31:00,27.0,8.0,17.0,2.0,69.0,412,6.0,5.0,22,130,5.9,2,45,27,282,2,1,6.3,10.4,60.0,83.75,15.0,10.0,66.7,2.0,1.0,50.0,5.0,4.0,0.0,0.0,11,80,2.0,1,2,10,6,8,2.0,108.0,54.0,2,2.0,0.0,50.0,0.0,80.0,0.0,2.0,2.0,0.0,2.0,0.0,0.0,0.0,3,3,1.0,1.0,0.0,5.0,1.0,0.0,0.0,1,1,26.0,39.0,2.0,10.0,8,0,1.0,32.0,22.0,5.0,39.0,9,2,1.0,Sunday,993005395.0,15,13,19187.0,-7.0,0,0,0.3636363636363636,0,
202511014,2025-11-09T09:30:00,1,2025,10,ATL,IND,AWAY,25.0,31.0,56.0,Olympiastadion,7.0,7.0,3.0,8.0,0.0,26.0,9.0,26:09,22.0,10.0,10.0,2.0,60.0,290,4.8,3.0,29,140,4.8,2,28,12,150,1,0,5.4,12.5,42.9,72.02,8.0,0.0,0.0,0.0,0.0,0.0,3.0,3.0,0.0,0.0,3,35,1.0,1,3,27,7,9,6.0,263.0,43.8,1,2,1,13.0,0.0,0.0,12.0,6.0,40.0,20.0,40:20,25.0,15.0,10.0,0.0,74.0,519,7.0,4.0,41,323,7.9,3,26,19,196,1,1,7.5,10.3,73.1,91.19,12.0,2.0,16.7,4.0,2.0,50.0,4.0,2.0,0.0,0.0,7,56,4.0,1,7,59,3,4,1.0,44.0,44.0,2,1.0,-1.0,100.0,0.0,50.0,0.0,2.0,2.0,0.0,2.0,1.0,0.0,0.0,1,1,2.0,1.0,0.0,2.0,0.0,0.0,0.0,3,2,42.0,43.0,7.0,59.0,5,4,1.0,27.0,27.0,3.0,27.0,3,1,1.0,Sunday,993005389.0,2,14,19050.0,-6.0,0,1,0.0,0,
202511014,2025-11-09T09:30:00,1,2025,10,IND,ATL,HOME,31.0,25.0,56.0,Olympiastadion,13.0,0.0,0.0,12.0,6.0,40.0,20.0,40:20,25.0,15.0,10.0,0.0,74.0,519,7.0,4.0,41,323,7.9,3,26,19,196,1,1,7.5,10.3,73.1,91.19,12.0,2.0,16.7,4.0,2.0,50.0,4.0,2.0,0.0,0.0,7,56,4.0,1,7,59,3,4,1.0,44.0,44.0,2,1,-1,7.0,7.0,3.0,8.0,0.0,26.0,9.0,26:09,22.0,10.0,10.0,2.0,60.0,290,4.8,3.0,29,140,4.8,2,28,12,150,1,0,5.4,12.5,42.9,72.02,8.0,0.0,0.0,0.0,0.0,0.0,3.0,3.0,0.0,0.0,3,35,1.0,1,3,27,7,9,6.0,263.0,43.8,1,2.0,1.0,50.0,0.0,100.0,0.0,2.0,1.0,0.0,2.0,0.0,0.0,0.0,3,2,2.0,2.0,0.0,2.0,1.0,0.0,0.0,1,1,27.0,27.0,3.0,27.0,3,1,1.0,42.0,43.0,7.0,59.0,5,4,1.0,Sunday,993005390.0,14,2,19050.0,6.0,1,-1,0.1666666666666666,0,
202511019,2025-11-09T13:00:00,1,2025,10,BUF,MIA,AWAY,13.0,30.0,43.0,Hard Rock Stadium,0.0,0.0,0.0,13.0,0.0,31.0,23.0,31:23,20.0,4.0,12.0,4.0,65.0,376,5.8,2.0,22,87,4.0,0,40,28,289,2,1,7.2,10.3,70.0,96.77,15.0,5.0,33.3,2.0,1.0,50.0,1.0,0.0,0.0,0.0,6,67,2.0,2,3,17,2,6,4.0,217.0,54.2,3,2,-1,7.0,9.0,0.0,14.0,0.0,28.0,37.0,28:37,19.0,9.0,9.0,1.0,53.0,370,7.0,4.0,32,197,6.2,2,21,15,173,2,2,8.2,11.5,71.4,88.1,9.0,3.0,33.3,0.0,0.0,0.0,1.0,1.0,0.0,0.0,5,35,0.0,0,0,0,7,6,3.0,153.0,51.0,2,3.0,1.0,0.0,0.0,100.0,0.0,1.0,1.0,0.0,2.0,0.0,0.0,0.0,0,0,4.0,3.0,0.0,0.0,0.0,0.0,0.0,1,1,30.0,23.0,0.0,0.0,4,0,0.0,40.0,24.0,3.0,17.0,4,2,2.0,Sunday,993005391.0,4,19,19188.0,-17.0,0,-1,0.3333333333333333,0,
202511019,2025-11-09T13:00:00,1,2025,10,MIA,BUF,HOME,30.0,13.0,43.0,Hard Rock Stadium,7.0,9.0,0.0,14.0,0.0,28.0,37.0,28:37,19.0,9.0,9.0,1.0,53.0,370,7.0,4.0,32,197,6.2,2,21,15,173,2,2,8.2,11.5,71.4,88.1,9.0,3.0,33.3,0.0,0.0,0.0,1.0,1.0,0.0,0.0,5,35,0.0,0,0,0,7,6,3.0,153.0,51.0,2,3,1,0.0,0.0,0.0,13.0,0.0,31.0,23.0,31:23,20.0,4.0,12.0,4.0,65.0,376,5.8,2.0,22,87,4.0,0,40,28,289,2,1,7.2,10.3,70.0,96.77,15.0,5.0,33.3,2.0,1.0,50.0,1.0,0.0,0.0,0.0,6,67,2.0,2,3,17,2,6,4.0,217.0,54.2,3,2.0,-1.0,100.0,0.0,0.0,0.0,4.0,3.0,0.0,0.0,0.0,0.0,0.0,1,1,1.0,1.0,0.0,2.0,0.0,0.0,0.0,0,0,40.0,24.0,3.0,17.0,4,2,2.0,30.0,23.0,0.0,0.0,4,0,0.0,Sunday,993005392.0,19,4,19188.0,17.0,1,1,0.3333333333333333,0,
202511020,2025-11-09T13:00:00,1,2025,10,BAL,MIN,AWAY,27.0,19.0,46.0,U.S. Bank Stadium,3.0,6.0,10.0,8.0,0.0,32.0,35.0,32:35,23.0,11.0,9.0,3.0,66.0,321,4.9,2.0,36,152,4.2,1,29,17,169,1,0,5.8,9.9,58.6,86.71,15.0,6.0,40.0,0.0,0.0,0.0,5.0,2.0,0.0,0.0,5,62,3.0,0,1,7,12,3,5.0,248.0,49.6,0,3,3,7.0,3.0,3.0,6.0,0.0,27.0,25.0,27:25,18.0,6.0,9.0,3.0,61.0,365,6.0,2.0,18,120,6.7,1,42,20,245,1,2,5.8,12.2,47.6,54.17,14.0,3.0,21.4,5.0,2.0,40.0,3.0,2.0,0.0,0.0,13,102,2.0,1,1,3,4,3,2.0,102.0,51.0,3,0.0,-3.0,40.0,0.0,66.7,0.0,1.0,1.0,0.0,2.0,1.0,0.0,0.0,5,4,1.0,1.0,0.0,2.0,0.0,0.0,0.0,2,2,30.0,12.0,1.0,3.0,13,0,1.0,40.0,23.0,1.0,7.0,4,1,0.0,Sunday,993005401.0,3,20,19189.0,8.0,1,3,0.4,0,
202511020,2025-11-09T13:00:00,1,2025,10,MIN,BAL,HOME,19.0,27.0,46.0,U.S. Bank Stadium,7.0,3.0,3.0,6.0,0.0,27.0,25.0,27:25,18.0,6.0,9.0,3.0,61.0,365,6.0,2.0,18,120,6.7,1,42,20,245,1,2,5.8,12.2,47.6,54.17,14.0,3.0,21.4,5.0,2.0,40.0,3.0,2.0,0.0,0.0,13,102,2.0,1,1,3,4,3,2.0,102.0,51.0,3,0,-3,3.0,6.0,10.0,8.0,0.0,32.0,35.0,32:35,23.0,11.0,9.0,3.0,66.0,321,4.9,2.0,36,152,4.2,1,29,17,169,1,0,5.8,9.9,58.6,86.71,15.0,6.0,40.0,0.0,0.0,0.0,5.0,2.0,0.0,0.0,5,62,3.0,0,1,7,12,3,5.0,248.0,49.6,0,3.0,3.0,66.7,0.0,40.0,0.0,1.0,1.0,0.0,2.0,0.0,0.0,0.0,2,2,1.0,1.0,0.0,2.0,1.0,0.0,0.0,5,4,40.0,23.0,1.0,7.0,4,1,0.0,30.0,12.0,1.0,3.0,13,0,1.0,Sunday,993005402.0,20,3,19189.0,-8.0,0,-3,0.2142857142857142,0,
202511024,2025-11-09T13:00:00,1,2025,10,CLE,NYJ,AWAY,20.0,27.0,47.0,MetLife Stadium,7.0,10.0,0.0,3.0,0.0,34.0,4.0,34:04,23.0,10.0,8.0,5.0,70.0,278,4.0,2.0,32,158,4.9,0,32,17,120,2,0,3.8,7.1,53.1,82.81,16.0,6.0,37.5,1.0,0.0,0.0,2.0,1.0,0.0,0.0,10,78,0.0,0,6,47,8,10,7.0,351.0,50.1,0,1,1,14.0,3.0,0.0,10.0,0.0,25.0,56.0,25:56,12.0,8.0,1.0,3.0,47.0,169,3.6,3.0,33,127,3.8,0,11,6,42,1,1,3.8,7.0,54.5,55.87,11.0,3.0,27.3,0.0,0.0,0.0,2.0,0.0,0.0,0.0,7,61,0.0,0,3,12,7,10,5.0,249.0,49.8,1,0.0,-1.0,50.0,0.0,0.0,0.0,2.0,2.0,0.0,0.0,0.0,0.0,0.0,2,2,3.0,3.0,0.0,0.0,0.0,0.0,0.0,2,2,29.0,23.0,3.0,12.0,5,0,0.0,43.0,22.0,6.0,47.0,3,0,0.0,Sunday,993005393.0,8,24,19190.0,-7.0,0,1,0.375,0,
202511024,2025-11-09T13:00:00,1,2025,10,NYJ,CLE,HOME,27.0,20.0,47.0,MetLife Stadium,14.0,3.0,0.0,10.0,0.0,25.0,56.0,25:56,12.0,8.0,1.0,3.0,47.0,169,3.6,3.0,33,127,3.8,0,11,6,42,1,1,3.8,7.0,54.5,55.87,11.0,3.0,27.3,0.0,0.0,0.0,2.0,0.0,0.0,0.0,7,61,0.0,0,3,12,7,10,5.0,249.0,49.8,1,0,-1,7.0,10.0,0.0,3.0,0.0,34.0,4.0,34:04,23.0,10.0,8.0,5.0,70.0,278,4.0,2.0,32,158,4.9,0,32,17,120,2,0,3.8,7.1,53.1,82.81,16.0,6.0,37.5,1.0,0.0,0.0,2.0,1.0,0.0,0.0,10,78,0.0,0,6,47,8,10,7.0,351.0,50.1,0,1.0,1.0,0.0,0.0,50.0,0.0,3.0,3.0,0.0,0.0,0.0,0.0,0.0,2,2,2.0,2.0,0.0,0.0,0.0,0.0,0.0,2,2,43.0,22.0,6.0,47.0,3,0,0.0,29.0,23.0,3.0,12.0,5,0,0.0,Sunday,993005394.0,24,8,19190.0,7.0,1,-1,0.2727272727272727,0,
202511029,2025-11-09T20:20:00,1,2025,10,LAC,PIT,HOME,25.0,10.0,35.0,SoFi Stadium,2.0,10.0,3.0,10.0,0.0,37.0,35.0,37:35,18.0,11.0,7.0,0.0,69.0,314,4.6,2.0,31,115,3.7,1,33,20,199,1,0,6.0,10.0,60.6,87.82,17.0,6.0,35.3,1.0,1.0,100.0,3.0,2.0,0.0,0.0,8,55,0.0,0,5,21,5,4,6.0,263.0,43.8,0,3,3,3.0,0.0,0.0,7.0,0.0,22.0,25.0,22:25,11.0,4.0,6.0,1.0,50.0,221,4.4,1.0,16,73,4.6,0,31,16,148,1,2,4.8,9.2,51.6,48.86,11.0,2.0,18.2,1.0,0.0,0.0,1.0,0.0,0.0,0.0,4,29,2.0,1,3,13,9,11,4.0,183.0,45.8,3,0.0,-3.0,66.7,0.0,0.0,0.0,2.0,2.0,0.0,0.0,0.0,0.0,0.0,4,3,1.0,1.0,0.0,0.0,0.0,0.0,0.0,2,1,26.0,17.0,3.0,13.0,5,1,1.0,31.0,44.0,5.0,21.0,5,0,0.0,Sunday,993005412.0,29,28,19195.0,15.0,1,3,0.3529411764705882,0,
202511029,2025-11-09T20:20:00,1,2025,10,PIT,LAC,AWAY,10.0,25.0,35.0,SoFi Stadium,3.0,0.0,0.0,7.0,0.0,22.0,25.0,22:25,11.0,4.0,6.0,1.0,50.0,221,4.4,1.0,16,73,4.6,0,31,16,148,1,2,4.8,9.2,51.6,48.86,11.0,2.0,18.2,1.0,0.0,0.0,1.0,0.0,0.0,0.0,4,29,2.0,1,3,13,9,11,4.0,183.0,45.8,3,0,-3,2.0,10.0,3.0,10.0,0.0,37.0,35.0,37:35,18.0,11.0,7.0,0.0,69.0,314,4.6,2.0,31,115,3.7,1,33,20,199,1,0,6.0,10.0,60.6,87.82,17.0,6.0,35.3,1.0,1.0,100.0,3.0,2.0,0.0,0.0,8,55,0.0,0,5,21,5,4,6.0,263.0,43.8,0,3.0,3.0,0.0,0.0,66.7,0.0,1.0,1.0,0.0,0.0,0.0,0.0,0.0,2,1,2.0,2.0,0.0,0.0,0.0,0.0,0.0,4,3,31.0,44.0,5.0,21.0,5,0,0.0,26.0,17.0,3.0,13.0,5,1,1.0,Sunday,993005411.0,28,29,19195.0,-15.0,0,-3,0.1818181818181818,0,
202511030,2025-11-09T16:05:00,1,2025,10,ARI,SEA,AWAY,22.0,44.0,66.0,Lumen Field,0.0,7.0,8.0,7.0,0.0,26.0,20.0,26:20,21.0,7.0,13.0,1.0,73.0,335,4.6,3.0,23,129,5.6,1,45,22,206,2,0,4.6,9.4,48.9,76.71,16.0,6.0,37.5,5.0,2.0,40.0,6.0,3.0,0.0,0.0,5,37,2.0,2,5,52,1,5,4.0,163.0,40.8,2,3,1,21.0,17.0,0.0,6.0,0.0,33.0,40.0,33:40,22.0,14.0,6.0,2.0,59.0,372,6.3,5.0,46,198,4.3,2,12,10,174,1,1,14.5,17.4,83.3,111.81,10.0,6.0,60.0,0.0,0.0,0.0,4.0,2.0,0.0,0.0,3,20,4.0,2,1,4,10,10,0.0,0.0,0.0,3,2.0,-1.0,50.0,0.0,50.0,0.0,2.0,2.0,0.0,2.0,1.0,0.0,0.0,0,0,5.0,5.0,0.0,0.0,0.0,0.0,0.0,3,3,36.0,25.0,1.0,4.0,2,2,2.0,34.0,28.0,5.0,52.0,10,2,2.0,Sunday,993005405.0,1,30,19192.0,-22.0,0,1,0.375,0,
202511030,2025-11-09T16:05:00,1,2025,10,SEA,ARI,HOME,44.0,22.0,66.0,Lumen Field,21.0,17.0,0.0,6.0,0.0,33.0,40.0,33:40,22.0,14.0,6.0,2.0,59.0,372,6.3,5.0,46,198,4.3,2,12,10,174,1,1,14.5,17.4,83.3,111.81,10.0,6.0,60.0,0.0,0.0,0.0,4.0,2.0,0.0,0.0,3,20,4.0,2,1,4,10,10,0.0,0.0,0.0,3,2,-1,0.0,7.0,8.0,7.0,0.0,26.0,20.0,26:20,21.0,7.0,13.0,1.0,73.0,335,4.6,3.0,23,129,5.6,1,45,22,206,2,0,4.6,9.4,48.9,76.71,16.0,6.0,37.5,5.0,2.0,40.0,6.0,3.0,0.0,0.0,5,37,2.0,2,5,52,1,5,4.0,163.0,40.8,2,3.0,1.0,50.0,0.0,50.0,0.0,5.0,5.0,0.0,0.0,0.0,0.0,0.0,3,3,2.0,2.0,0.0,2.0,1.0,0.0,0.0,0,0,34.0,28.0,5.0,52.0,10,2,2.0,36.0,25.0,1.0,4.0,2,2,2.0,Sunday,993005406.0,30,1,19192.0,22.0,1,-1,0.6,0,
202511031,2025-11-09T16:25:00,1,2025,10,LAR,SF,AWAY,42.0,26.0,68.0,Levi's Stadium,14.0,7.0,7.0,14.0,0.0,32.0,32.0,32:32,31.0,9.0,20.0,2.0,67.0,401,6.0,6.0,30,126,4.2,2,36,24,275,4,0,7.6,11.5,66.7,126.5,9.0,5.0,55.6,1.0,1.0,100.0,6.0,5.0,0.0,0.0,0,0,0.0,0,1,5,1,2,2.0,73.0,36.5,0,2,2,0.0,7.0,7.0,12.0,0.0,27.0,28.0,27:28,24.0,8.0,16.0,0.0,60.0,393,6.6,4.0,21,74,3.5,1,39,33,319,3,1,8.2,9.7,84.6,115.71,8.0,3.0,37.5,3.0,1.0,33.3,5.0,4.0,0.0,0.0,7,45,1.0,1,0,0,8,3,2.0,87.0,43.5,2,0.0,-2.0,83.3,0.0,80.0,0.0,6.0,6.0,0.0,0.0,0.0,0.0,0.0,0,0,3.0,2.0,1.0,2.0,0.0,0.0,0.0,0,0,35.0,32.0,0.0,0.0,5,1,1.0,29.0,36.0,1.0,5.0,3,0,0.0,Sunday,993005407.0,32,31,19193.0,16.0,1,2,0.5555555555555556,0,
202511031,2025-11-09T16:25:00,1,2025,10,SF,LAR,HOME,26.0,42.0,68.0,Levi's Stadium,0.0,7.0,7.0,12.0,0.0,27.0,28.0,27:28,24.0,8.0,16.0,0.0,60.0,393,6.6,4.0,21,74,3.5,1,39,33,319,3,1,8.2,9.7,84.6,115.71,8.0,3.0,37.5,3.0,1.0,33.3,5.0,4.0,0.0,0.0,7,45,1.0,1,0,0,8,3,2.0,87.0,43.5,2,0,-2,14.0,7.0,7.0,14.0,0.0,32.0,32.0,32:32,31.0,9.0,20.0,2.0,67.0,401,6.0,6.0,30,126,4.2,2,36,24,275,4,0,7.6,11.5,66.7,126.5,9.0,5.0,55.6,1.0,1.0,100.0,6.0,5.0,0.0,0.0,0,0,0.0,0,1,5,1,2,2.0,73.0,36.5,0,2.0,2.0,80.0,0.0,83.3,0.0,3.0,2.0,1.0,2.0,0.0,0.0,0.0,0,0,6.0,6.0,0.0,0.0,0.0,0.0,0.0,0,0,29.0,36.0,1.0,5.0,3,0,0.0,35.0,32.0,0.0,0.0,5,1,1.0,Sunday,993005408.0,31,32,19193.0,-16.0,0,-2,0.375,0,
202511033,2025-11-09T13:00:00,1,2025,10,NE,TB,AWAY,28.0,23.0,51.0,Raymond James Stadium,7.0,7.0,7.0,7.0,0.0,27.0,35.0,27:35,16.0,5.0,9.0,2.0,59.0,435,7.4,4.0,27,166,6.1,2,31,16,269,2,1,8.7,16.8,51.6,89.31,14.0,5.0,35.7,3.0,2.0,66.7,2.0,1.0,0.0,0.0,5,49,1.0,0,1,1,5,6,5.0,248.0,49.6,1,0,-1,7.0,3.0,6.0,7.0,0.0,32.0,25.0,32:25,24.0,9.0,14.0,1.0,66.0,371,5.6,3.0,21,113,5.4,0,43,28,258,3,0,6.0,9.2,65.1,104.6,13.0,5.0,38.5,1.0,0.0,0.0,3.0,2.0,0.0,0.0,6,40,0.0,0,2,15,6,3,6.0,258.0,43.0,0,1.0,1.0,50.0,0.0,66.7,0.0,4.0,4.0,0.0,0.0,0.0,0.0,0.0,0,0,2.0,2.0,0.0,1.0,0.0,0.0,0.0,1,1,28.0,41.0,2.0,15.0,5,0,0.0,31.0,17.0,1.0,1.0,5,0,0.0,Sunday,993005399.0,21,33,19191.0,5.0,1,-1,0.3571428571428571,0,
202511033,2025-11-09T13:00:00,1,2025,10,TB,NE,HOME,23.0,28.0,51.0,Raymond James Stadium,7.0,3.0,6.0,7.0,0.0,32.0,25.0,32:25,24.0,9.0,14.0,1.0,66.0,371,5.6,3.0,21,113,5.4,0,43,28,258,3,0,6.0,9.2,65.1,104.6,13.0,5.0,38.5,1.0,0.0,0.0,3.0,2.0,0.0,0.0,6,40,0.0,0,2,15,6,3,6.0,258.0,43.0,0,1,1,7.0,7.0,7.0,7.0,0.0,27.0,35.0,27:35,16.0,5.0,9.0,2.0,59.0,435,7.4,4.0,27,166,6.1,2,31,16,269,2,1,8.7,16.8,51.6,89.31,14.0,5.0,35.7,3.0,2.0,66.7,2.0,1.0,0.0,0.0,5,49,1.0,0,1,1,5,6,5.0,248.0,49.6,1,0.0,-1.0,66.7,0.0,50.0,0.0,2.0,2.0,0.0,1.0,0.0,0.0,0.0,1,1,4.0,4.0,0.0,0.0,0.0,0.0,0.0,0,0,31.0,17.0,1.0,1.0,5,0,0.0,28.0,41.0,2.0,15.0,5,0,0.0,Sunday,993005400.0,33,21,19191.0,-5.0,0,1,0.3846153846153846,0,
202511035,2025-11-09T16:25:00,1,2025,10,DET,WAS,AWAY,44.0,22.0,66.0,Northwest Stadium,14.0,11.0,10.0,9.0,0.0,32.0,36.0,32:36,30.0,11.0,19.0,0.0,68.0,546,8.0,5.0,33,226,6.8,2,35,25,320,3,0,9.1,12.8,71.4,128.27,10.0,5.0,50.0,2.0,2.0,100.0,6.0,4.0,0.0,0.0,3,1,0.0,0,0,0,6,3,0.0,0.0,0.0,0,0,0,3.0,7.0,6.0,6.0,0.0,27.0,24.0,27:24,14.0,5.0,9.0,0.0,51.0,288,5.6,3.0,27,93,3.4,1,22,16,195,2,0,8.9,12.2,72.7,129.92,10.0,2.0,20.0,3.0,3.0,100.0,3.0,3.0,0.0,0.0,8,61,0.0,0,2,18,5,0,4.0,200.0,50.0,0,0.0,0.0,66.7,0.0,100.0,0.0,4.0,3.0,1.0,0.0,0.0,1.0,1.0,3,3,1.0,1.0,0.0,3.0,0.0,0.0,0.0,1,1,34.0,16.0,2.0,18.0,4,0,0.0,32.0,40.0,0.0,0.0,3,0,0.0,Sunday,993005409.0,11,35,19194.0,22.0,1,0,0.5,0,
202511035,2025-11-09T16:25:00,1,2025,10,WAS,DET,HOME,22.0,44.0,66.0,Northwest Stadium,3.0,7.0,6.0,6.0,0.0,27.0,24.0,27:24,14.0,5.0,9.0,0.0,51.0,288,5.6,3.0,27,93,3.4,1,22,16,195,2,0,8.9,12.2,72.7,129.92,10.0,2.0,20.0,3.0,3.0,100.0,3.0,3.0,0.0,0.0,8,61,0.0,0,2,18,5,0,4.0,200.0,50.0,0,0,0,14.0,11.0,10.0,9.0,0.0,32.0,36.0,32:36,30.0,11.0,19.0,0.0,68.0,546,8.0,5.0,33,226,6.8,2,35,25,320,3,0,9.1,12.8,71.4,128.27,10.0,5.0,50.0,2.0,2.0,100.0,6.0,4.0,0.0,0.0,3,1,0.0,0,0,0,6,3,0.0,0.0,0.0,0,0.0,0.0,100.0,0.0,66.7,0.0,1.0,1.0,0.0,3.0,0.0,0.0,0.0,1,1,4.0,3.0,1.0,0.0,0.0,1.0,1.0,3,3,32.0,40.0,0.0,0.0,3,0,0.0,34.0,16.0,2.0,18.0,4,0,0.0,Sunday,993005410.0,35,11,19194.0,-22.0,0,0,0.2,0,
202511101,2025-11-16T16:05:00,1,2025,11,ARI,SF,HOME,22.0,41.0,63.0,State Farm Stadium,7.0,3.0,0.0,12.0,0.0,34.0,15.0,34:15,24.0,5.0,18.0,1.0,71.0,488,6.9,3.0,14,36,2.6,1,57,47,452,2,2,7.9,9.6,82.5,96.78,14.0,6.0,42.9,0.0,0.0,0.0,5.0,3.0,0.0,0.0,17,130,1.0,1,0,0,3,3,3.0,122.0,40.7,3,0,-3,13.0,12.0,10.0,6.0,0.0,25.0,45.0,25:45,24.0,8.0,13.0,3.0,52.0,281,5.4,5.0,25,95,3.8,2,26,19,186,3,0,7.2,9.8,73.1,131.25,9.0,3.0,33.3,0.0,0.0,0.0,5.0,4.0,0.0,0.0,1,15,0.0,0,1,14,4,3,3.0,139.0,46.3,0,3.0,3.0,60.0,0.0,80.0,0.0,1.0,1.0,0.0,3.0,0.0,0.0,0.0,2,1,4.0,2.0,1.0,1.0,0.0,0.0,0.0,3,3,22.0,31.0,1.0,14.0,4,0,0.0,37.0,47.0,0.0,0.0,4,1,1.0,Sunday,993005434.0,1,31,19204.0,-19.0,0,-3,0.4285714285714285,0,
202511101,2025-11-16T16:05:00,1,2025,11,SF,ARI,AWAY,41.0,22.0,63.0,State Farm Stadium,13.0,12.0,10.0,6.0,0.0,25.0,45.0,25:45,24.0,8.0,13.0,3.0,52.0,281,5.4,5.0,25,95,3.8,2,26,19,186,3,0,7.2,9.8,73.1,131.25,9.0,3.0,33.3,0.0,0.0,0.0,5.0,4.0,0.0,0.0,1,15,0.0,0,1,14,4,3,3.0,139.0,46.3,0,3,3,7.0,3.0,0.0,12.0,0.0,34.0,15.0,34:15,24.0,5.0,18.0,1.0,71.0,488,6.9,3.0,14,36,2.6,1,57,47,452,2,2,7.9,9.6,82.5,96.78,14.0,6.0,42.9,0.0,0.0,0.0,5.0,3.0,0.0,0.0,17,130,1.0,1,0,0,3,3,3.0,122.0,40.7,3,0.0,-3.0,80.0,0.0,60.0,0.0,4.0,2.0,1.0,1.0,0.0,0.0,0.0,3,3,1.0,1.0,0.0,3.0,0.0,0.0,0.0,2,1,37.0,47.0,0.0,0.0,4,1,1.0,22.0,31.0,1.0,14.0,4,0,0.0,Sunday,993005433.0,31,1,19204.0,19.0,1,3,0.3333333333333333,0,
202511102,2025-11-16T13:00:00,1,2025,11,ATL,CAR,HOME,27.0,30.0,57.0,Mercedes-Benz Stadium,7.0,14.0,0.0,6.0,0.0,27.0,43.0,27:43,23.0,8.0,11.0,4.0,58.0,348,6.0,3.0,28,125,4.5,3,30,19,223,0,0,7.4,11.7,63.3,85.83,11.0,4.0,36.4,0.0,0.0,0.0,3.0,3.0,0.0,0.0,6,44,3.0,1,0,0,10,6,5.0,255.0,51.0,1,0,-1,7.0,3.0,9.0,8.0,3.0,37.0,7.0,37:07,22.0,2.0,20.0,0.0,75.0,486,6.5,3.0,25,67,2.7,0,45,31,419,3,0,9.3,13.5,68.9,120.51,17.0,6.0,35.3,5.0,3.0,60.0,6.0,2.0,0.0,0.0,8,49,0.0,0,5,29,1,2,3.0,140.0,46.7,0,1.0,1.0,100.0,0.0,33.3,0.0,3.0,3.0,0.0,0.0,0.0,0.0,0.0,2,2,1.0,1.0,0.0,3.0,1.0,0.0,0.0,3,3,49.0,14.0,5.0,29.0,7,0,0.0,23.0,43.0,0.0,0.0,5,1,1.0,Sunday,993005429.0,2,5,19197.0,-3.0,0,-1,0.3636363636363636,0,
202511102,2025-11-16T13:00:00,1,2025,11,CAR,ATL,AWAY,30.0,27.0,57.0,Mercedes-Benz Stadium,7.0,3.0,9.0,8.0,3.0,37.0,7.0,37:07,22.0,2.0,20.0,0.0,75.0,486,6.5,3.0,25,67,2.7,0,45,31,419,3,0,9.3,13.5,68.9,120.51,17.0,6.0,35.3,5.0,3.0,60.0,6.0,2.0,0.0,0.0,8,49,0.0,0,5,29,1,2,3.0,140.0,46.7,0,1,1,7.0,14.0,0.0,6.0,0.0,27.0,43.0,27:43,23.0,8.0,11.0,4.0,58.0,348,6.0,3.0,28,125,4.5,3,30,19,223,0,0,7.4,11.7,63.3,85.83,11.0,4.0,36.4,0.0,0.0,0.0,3.0,3.0,0.0,0.0,6,44,3.0,1,0,0,10,6,5.0,255.0,51.0,1,0.0,-1.0,33.3,0.0,100.0,0.0,1.0,1.0,0.0,3.0,1.0,0.0,0.0,3,3,3.0,3.0,0.0,0.0,0.0,0.0,0.0,2,2,23.0,43.0,0.0,0.0,5,1,1.0,49.0,14.0,5.0,29.0,7,0,0.0,Sunday,993005427.0,5,2,19197.0,3.0,1,1,0.3529411764705882,0,
202511104,2025-11-16T13:00:00,1,2025,11,BUF,TB,HOME,44.0,32.0,76.0,Highmark Stadium,7.0,14.0,10.0,13.0,0.0,24.0,53.0,24:53,19.0,4.0,13.0,2.0,53.0,414,7.8,6.0,23,97,4.2,3,30,19,317,3,2,10.6,16.7,63.3,104.44,11.0,6.0,54.5,2.0,1.0,50.0,4.0,3.0,0.0,0.0,7,45,2.0,1,0,0,3,3,2.0,83.0,41.5,3,2,-1,3.0,17.0,6.0,6.0,0.0,35.0,7.0,35:07,21.0,13.0,6.0,2.0,68.0,367,5.4,4.0,39,202,5.2,3,28,16,165,1,1,5.9,10.3,57.1,71.28,16.0,9.0,56.2,1.0,1.0,100.0,4.0,2.0,0.0,0.0,2,30,1.0,1,1,8,1,3,4.0,161.0,40.2,2,3.0,1.0,75.0,0.0,50.0,0.0,5.0,5.0,0.0,2.0,0.0,0.0,0.0,1,1,2.0,2.0,0.0,3.0,0.0,0.0,0.0,2,2,35.0,34.0,1.0,8.0,6,1,1.0,26.0,17.0,0.0,0.0,6,2,1.0,Sunday,993005420.0,4,33,19198.0,12.0,1,-1,0.5454545454545454,0,
202511104,2025-11-16T13:00:00,1,2025,11,TB,BUF,AWAY,32.0,44.0,76.0,Highmark Stadium,3.0,17.0,6.0,6.0,0.0,35.0,7.0,35:07,21.0,13.0,6.0,2.0,68.0,367,5.4,4.0,39,202,5.2,3,28,16,165,1,1,5.9,10.3,57.1,71.28,16.0,9.0,56.2,1.0,1.0,100.0,4.0,2.0,0.0,0.0,2,30,1.0,1,1,8,1,3,4.0,161.0,40.2,2,3,1,7.0,14.0,10.0,13.0,0.0,24.0,53.0,24:53,19.0,4.0,13.0,2.0,53.0,414,7.8,6.0,23,97,4.2,3,30,19,317,3,2,10.6,16.7,63.3,104.44,11.0,6.0,54.5,2.0,1.0,50.0,4.0,3.0,0.0,0.0,7,45,2.0,1,0,0,3,3,2.0,83.0,41.5,3,2.0,-1.0,50.0,0.0,75.0,0.0,2.0,2.0,0.0,3.0,0.0,0.0,0.0,2,2,5.0,5.0,0.0,2.0,0.0,0.0,0.0,1,1,26.0,17.0,0.0,0.0,6,2,1.0,35.0,34.0,1.0,8.0,6,1,1.0,Sunday,993005419.0,33,4,19198.0,-12.0,0,1,0.5625,0,
202511108,2025-11-16T16:25:00,1,2025,11,BAL,CLE,AWAY,23.0,16.0,39.0,Huntington Bank Field,3.0,7.0,0.0,13.0,0.0,32.0,59.0,32:59,17.0,8.0,9.0,0.0,60.0,351,5.8,2.0,30,184,6.1,2,25,14,167,0,2,6.7,11.9,56.0,43.25,13.0,5.0,38.5,1.0,1.0,100.0,4.0,1.0,0.0,0.0,4,26,1.0,1,5,26,10,6,4.0,176.0,44.0,3,1,-2,3.0,13.0,0.0,0.0,0.0,27.0,1.0,27:01,10.0,5.0,4.0,1.0,54.0,187,3.5,1.0,25,106,4.2,0,26,11,81,0,1,3.1,7.4,42.3,34.29,14.0,2.0,14.3,1.0,0.0,0.0,2.0,0.0,0.0,0.0,5,41,1.0,0,3,34,7,10,6.0,299.0,49.8,1,3.0,2.0,25.0,0.0,0.0,0.0,2.0,2.0,0.0,0.0,0.0,0.0,0.0,3,3,1.0,1.0,0.0,0.0,0.0,0.0,0.0,3,3,28.0,24.0,3.0,34.0,9,1,0.0,36.0,19.0,5.0,26.0,3,0,1.0,Sunday,993005437.0,3,8,19206.0,7.0,1,-2,0.3846153846153846,0,
202511108,2025-11-16T16:25:00,1,2025,11,CLE,BAL,HOME,16.0,23.0,39.0,Huntington Bank Field,3.0,13.0,0.0,0.0,0.0,27.0,1.0,27:01,10.0,5.0,4.0,1.0,54.0,187,3.5,1.0,25,106,4.2,0,26,11,81,0,1,3.1,7.4,42.3,34.29,14.0,2.0,14.3,1.0,0.0,0.0,2.0,0.0,0.0,0.0,5,41,1.0,0,3,34,7,10,6.0,299.0,49.8,1,3,2,3.0,7.0,0.0,13.0,0.0,32.0,59.0,32:59,17.0,8.0,9.0,0.0,60.0,351,5.8,2.0,30,184,6.1,2,25,14,167,0,2,6.7,11.9,56.0,43.25,13.0,5.0,38.5,1.0,1.0,100.0,4.0,1.0,0.0,0.0,4,26,1.0,1,5,26,10,6,4.0,176.0,44.0,3,1.0,-2.0,0.0,0.0,25.0,0.0,1.0,1.0,0.0,0.0,0.0,0.0,0.0,3,3,2.0,2.0,0.0,0.0,0.0,0.0,0.0,3,3,36.0,19.0,5.0,26.0,3,0,1.0,28.0,24.0,3.0,34.0,9,1,0.0,Sunday,993005438.0,8,3,19206.0,-7.0,0,2,0.1428571428571428,0,
202511110,2025-11-16T16:25:00,1,2025,11,DEN,KC,HOME,22.0,19.0,41.0,Empower Field at Mile High,6.0,0.0,7.0,9.0,0.0,29.0,29.0,29:29,16.0,5.0,11.0,0.0,61.0,342,5.6,1.0,21,59,2.8,1,38,24,283,0,0,7.4,11.8,63.2,85.75,15.0,7.0,46.7,0.0,0.0,0.0,5.0,1.0,0.0,0.0,10,147,1.0,0,2,12,8,4,4.0,211.0,52.8,0,1,1,3.0,3.0,7.0,6.0,0.0,30.0,31.0,30:31,19.0,3.0,13.0,3.0,62.0,311,5.0,2.0,14,62,4.4,1,45,29,249,1,1,5.5,8.6,64.4,76.99,13.0,5.0,38.5,1.0,0.0,0.0,4.0,1.0,0.0,0.0,10,69,0.0,0,3,27,5,6,4.0,238.0,59.5,1,0.0,-1.0,20.0,0.0,25.0,0.0,1.0,1.0,0.0,0.0,0.0,0.0,0.0,5,5,2.0,1.0,1.0,0.0,0.0,0.0,0.0,2,2,30.0,28.0,3.0,27.0,4,0,0.0,36.0,19.0,2.0,12.0,3,1,0.0,Sunday,993005440.0,10,16,19207.0,3.0,1,1,0.4666666666666667,0,
202511110,2025-11-16T16:25:00,1,2025,11,KC,DEN,AWAY,19.0,22.0,41.0,Empower Field at Mile High,3.0,3.0,7.0,6.0,0.0,30.0,31.0,30:31,19.0,3.0,13.0,3.0,62.0,311,5.0,2.0,14,62,4.4,1,45,29,249,1,1,5.5,8.6,64.4,76.99,13.0,5.0,38.5,1.0,0.0,0.0,4.0,1.0,0.0,0.0,10,69,0.0,0,3,27,5,6,4.0,238.0,59.5,1,0,-1,6.0,0.0,7.0,9.0,0.0,29.0,29.0,29:29,16.0,5.0,11.0,0.0,61.0,342,5.6,1.0,21,59,2.8,1,38,24,283,0,0,7.4,11.8,63.2,85.75,15.0,7.0,46.7,0.0,0.0,0.0,5.0,1.0,0.0,0.0,10,147,1.0,0,2,12,8,4,4.0,211.0,52.8,0,1.0,1.0,25.0,0.0,20.0,0.0,2.0,1.0,1.0,0.0,0.0,0.0,0.0,2,2,1.0,1.0,0.0,0.0,0.0,0.0,0.0,5,5,36.0,19.0,2.0,12.0,3,1,0.0,30.0,28.0,3.0,27.0,4,0,0.0,Sunday,993005439.0,16,10,19207.0,-3.0,0,-1,0.3846153846153846,0,
202511115,2025-11-16T13:00:00,1,2025,11,JAX,LAC,HOME,35.0,6.0,41.0,EverBank Stadium,7.0,7.0,7.0,14.0,0.0,37.0,55.0,37:55,30.0,16.0,11.0,3.0,69.0,345,5.0,5.0,47,192,4.1,4,22,14,153,1,1,7.0,10.9,63.6,80.3,10.0,5.0,50.0,5.0,3.0,60.0,6.0,5.0,0.0,0.0,1,5,0.0,0,0,0,6,5,0.0,0.0,0.0,1,1,0,3.0,3.0,0.0,0.0,0.0,22.0,5.0,22:05,8.0,3.0,4.0,1.0,45.0,135,3.0,0.0,16,42,2.6,0,26,13,93,0,1,3.6,7.2,50.0,42.63,12.0,3.0,25.0,3.0,1.0,33.3,1.0,0.0,0.0,0.0,5,71,0.0,0,3,25,2,2,4.0,195.0,48.8,1,1.0,0.0,83.3,0.0,0.0,0.0,5.0,5.0,0.0,0.0,0.0,0.0,0.0,0,0,0.0,0.0,0.0,0.0,0.0,0.0,0.0,2,2,20.0,24.0,3.0,25.0,7,0,0.0,41.0,31.0,0.0,7.0,3,0,0.0,Sunday,993005422.0,15,29,19199.0,29.0,1,0,0.5,0,
202511115,2025-11-16T13:00:00,1,2025,11,LAC,JAX,AWAY,6.0,35.0,41.0,EverBank Stadium,3.0,3.0,0.0,0.0,0.0,22.0,5.0,22:05,8.0,3.0,4.0,1.0,45.0,135,3.0,0.0,16,42,2.6,0,26,13,93,0,1,3.6,7.2,50.0,42.63,12.0,3.0,25.0,3.0,1.0,33.3,1.0,0.0,0.0,0.0,5,71,0.0,0,3,25,2,2,4.0,195.0,48.8,1,1,0,7.0,7.0,7.0,14.0,0.0,37.0,55.0,37:55,30.0,16.0,11.0,3.0,69.0,345,5.0,5.0,47,192,4.1,4,22,14,153,1,1,7.0,10.9,63.6,80.3,10.0,5.0,50.0,5.0,3.0,60.0,6.0,5.0,0.0,0.0,1,5,0.0,0,0,0,6,5,0.0,0.0,0.0,1,1.0,0.0,0.0,0.0,83.3,0.0,0.0,0.0,0.0,0.0,0.0,0.0,0.0,2,2,5.0,5.0,0.0,0.0,0.0,0.0,0.0,0,0,41.0,31.0,0.0,7.0,3,0,0.0,20.0,24.0,3.0,25.0,7,0,0.0,Sunday,993005421.0,29,15,19199.0,-29.0,0,0,0.25,0,
202511119,2025-11-16T09:30:00,1,2025,11,MIA,WAS,HOME,16.0,13.0,29.0,Santiago Bernabéu Stadium,3.0,3.0,0.0,7.0,3.0,29.0,51.0,29:51,19.0,11.0,8.0,0.0,54.0,311,5.8,1.0,31,169,5.5,1,20,14,142,0,0,7.1,10.1,70.0,90.0,9.0,3.0,33.3,2.0,0.0,0.0,5.0,1.0,0.0,0.0,4,39,0.0,0,3,29,5,5,2.0,106.0,53.0,0,2,2,3.0,3.0,7.0,0.0,0.0,32.0,36.0,32:36,22.0,9.0,10.0,3.0,64.0,379,5.9,1.0,33,172,5.2,0,30,20,207,1,1,6.9,10.4,66.7,83.61,13.0,6.0,46.2,2.0,1.0,50.0,3.0,0.0,0.0,0.0,6,31,1.0,1,1,6,3,6,1.0,41.0,41.0,2,0.0,-2.0,20.0,0.0,0.0,0.0,1.0,1.0,0.0,0.0,0.0,0.0,0.0,3,3,1.0,1.0,0.0,0.0,0.0,0.0,0.0,4,2,35.0,40.0,1.0,6.0,2,0,1.0,33.0,29.0,3.0,29.0,1,0,0.0,Sunday,993005418.0,19,35,19046.0,3.0,1,2,0.3333333333333333,0,
202511119,2025-11-16T09:30:00,1,2025,11,WAS,MIA,AWAY,13.0,16.0,29.0,Santiago Bernabéu Stadium,3.0,3.0,7.0,0.0,0.0,32.0,36.0,32:36,22.0,9.0,10.0,3.0,64.0,379,5.9,1.0,33,172,5.2,0,30,20,207,1,1,6.9,10.4,66.7,83.61,13.0,6.0,46.2,2.0,1.0,50.0,3.0,0.0,0.0,0.0,6,31,1.0,1,1,6,3,6,1.0,41.0,41.0,2,0,-2,3.0,3.0,0.0,7.0,3.0,29.0,51.0,29:51,19.0,11.0,8.0,0.0,54.0,311,5.8,1.0,31,169,5.5,1,20,14,142,0,0,7.1,10.1,70.0,90.0,9.0,3.0,33.3,2.0,0.0,0.0,5.0,1.0,0.0,0.0,4,39,0.0,0,3,29,5,5,2.0,106.0,53.0,0,2.0,2.0,0.0,0.0,20.0,0.0,1.0,1.0,0.0,0.0,0.0,0.0,0.0,4,2,1.0,1.0,0.0,0.0,0.0,0.0,0.0,3,3,33.0,29.0,3.0,29.0,1,0,0.0,35.0,40.0,1.0,6.0,2,0,1.0,Sunday,993005417.0,35,19,19046.0,-3.0,0,-2,0.4615384615384615,0,
202511120,2025-11-16T13:00:00,1,2025,11,CHI,MIN,AWAY,19.0,17.0,36.0,U.S. Bank Stadium,0.0,10.0,6.0,3.0,0.0,36.0,59.0,36:59,19.0,13.0,6.0,0.0,73.0,320,4.4,1.0,39,140,3.6,1,32,16,180,0,0,5.6,11.2,50.0,67.19,18.0,7.0,38.9,0.0,0.0,0.0,2.0,1.0,0.0,0.0,6,40,1.0,0,2,13,5,1,6.0,286.0,47.7,0,2,2,3.0,0.0,0.0,14.0,0.0,23.0,1.0,23:01,15.0,4.0,10.0,1.0,54.0,265,4.9,2.0,22,115,5.2,1,32,16,150,1,2,4.7,9.4,50.0,47.66,11.0,3.0,27.3,1.0,1.0,100.0,3.0,2.0,0.0,0.0,2,15,1.0,0,0,0,5,10,6.0,297.0,49.5,2,0.0,-2.0,50.0,0.0,66.7,0.0,1.0,1.0,0.0,0.0,0.0,0.0,0.0,5,4,2.0,2.0,0.0,0.0,0.0,0.0,0.0,1,1,23.0,24.0,0.0,0.0,5,1,0.0,35.0,44.0,2.0,13.0,3,0,0.0,Sunday,993005428.0,6,20,19200.0,2.0,1,2,0.3888888888888889,0,
202511120,2025-11-16T13:00:00,1,2025,11,MIN,CHI,HOME,17.0,19.0,36.0,U.S. Bank Stadium,3.0,0.0,0.0,14.0,0.0,23.0,1.0,23:01,15.0,4.0,10.0,1.0,54.0,265,4.9,2.0,22,115,5.2,1,32,16,150,1,2,4.7,9.4,50.0,47.66,11.0,3.0,27.3,1.0,1.0,100.0,3.0,2.0,0.0,0.0,2,15,1.0,0,0,0,5,10,6.0,297.0,49.5,2,0,-2,0.0,10.0,6.0,3.0,0.0,36.0,59.0,36:59,19.0,13.0,6.0,0.0,73.0,320,4.4,1.0,39,140,3.6,1,32,16,180,0,0,5.6,11.2,50.0,67.19,18.0,7.0,38.9,0.0,0.0,0.0,2.0,1.0,0.0,0.0,6,40,1.0,0,2,13,5,1,6.0,286.0,47.7,0,2.0,2.0,66.7,0.0,50.0,0.0,2.0,2.0,0.0,0.0,0.0,0.0,0.0,1,1,1.0,1.0,0.0,0.0,0.0,0.0,0.0,5,4,35.0,44.0,2.0,13.0,3,0,0.0,23.0,24.0,0.0,0.0,5,1,0.0,Sunday,993005430.0,20,6,19200.0,-2.0,0,-2,0.2727272727272727,0,
202511121,2025-11-13T20:15:00,1,2025,11,NE,NYJ,HOME,27.0,14.0,41.0,Gillette Stadium,0.0,14.0,7.0,6.0,0.0,31.0,56.0,31:56,23.0,4.0,16.0,3.0,62.0,336,5.4,3.0,27,65,2.4,2,34,25,271,1,0,8.0,10.8,73.5,106.37,12.0,6.0,50.0,1.0,1.0,100.0,5.0,3.0,0.0,0.0,2,20,0.0,0,1,10,6,3,3.0,153.0,51.0,0,1,1,7.0,0.0,7.0,0.0,0.0,28.0,4.0,28:04,15.0,10.0,5.0,0.0,57.0,245,4.3,2.0,28,140,5.0,1,27,15,105,1,0,3.9,7.0,55.6,76.93,14.0,8.0,57.1,1.0,0.0,0.0,2.0,1.0,0.0,0.0,7,62,1.0,1,2,11,4,4,5.0,227.0,45.4,1,0.0,-1.0,60.0,0.0,50.0,0.0,3.0,3.0,0.0,0.0,0.0,0.0,0.0,3,2,2.0,2.0,0.0,0.0,0.0,0.0,0.0,0,0,34.0,16.0,2.0,11.0,5,0,1.0,34.0,29.0,1.0,10.0,3,0,0.0,Thursday,993005416.0,21,24,19196.0,13.0,1,1,0.5,0,
202511121,2025-11-13T20:15:00,1,2025,11,NYJ,NE,AWAY,14.0,27.0,41.0,Gillette Stadium,7.0,0.0,7.0,0.0,0.0,28.0,4.0,28:04,15.0,10.0,5.0,0.0,57.0,245,4.3,2.0,28,140,5.0,1,27,15,105,1,0,3.9,7.0,55.6,76.93,14.0,8.0,57.1,1.0,0.0,0.0,2.0,1.0,0.0,0.0,7,62,1.0,1,2,11,4,4,5.0,227.0,45.4,1,0,-1,0.0,14.0,7.0,6.0,0.0,31.0,56.0,31:56,23.0,4.0,16.0,3.0,62.0,336,5.4,3.0,27,65,2.4,2,34,25,271,1,0,8.0,10.8,73.5,106.37,12.0,6.0,50.0,1.0,1.0,100.0,5.0,3.0,0.0,0.0,2,20,0.0,0,1,10,6,3,3.0,153.0,51.0,0,1.0,1.0,50.0,0.0,60.0,0.0,2.0,2.0,0.0,0.0,0.0,0.0,0.0,0,0,3.0,3.0,0.0,0.0,0.0,0.0,0.0,3,2,34.0,29.0,1.0,10.0,3,0,0.0,34.0,16.0,2.0,11.0,5,0,1.0,Thursday,993005415.0,24,21,19196.0,-13.0,0,-1,0.5714285714285714,0,
202511123,2025-11-16T13:00:00,1,2025,11,GB,NYG,AWAY,27.0,20.0,47.0,MetLife Stadium,0.0,13.0,6.0,8.0,0.0,24.0,4.0,24:04,19.0,7.0,11.0,1.0,51.0,296,5.8,4.0,23,128,5.6,1,26,15,168,3,0,6.5,11.2,57.7,115.54,11.0,7.0,63.6,0.0,0.0,0.0,4.0,4.0,0.0,0.0,5,48,2.0,0,2,12,5,1,4.0,195.0,48.8,0,2,2,7.0,6.0,0.0,7.0,0.0,35.0,56.0,35:56,22.0,10.0,10.0,2.0,69.0,336,4.9,3.0,38,142,3.7,3,29,19,194,0,1,6.7,10.2,65.5,70.19,14.0,7.0,50.0,4.0,3.0,75.0,5.0,3.0,0.0,0.0,6,77,1.0,1,2,7,8,2,2.0,90.0,45.0,2,0.0,-2.0,100.0,0.0,60.0,0.0,3.0,1.0,0.0,2.0,1.0,0.0,0.0,0,0,3.0,2.0,0.0,0.0,0.0,0.0,0.0,0,0,37.0,38.0,2.0,7.0,5,1,1.0,29.0,13.0,2.0,12.0,5,1,0.0,Sunday,993005425.0,12,23,19201.0,7.0,1,2,0.6363636363636364,0,
202511123,2025-11-16T13:00:00,1,2025,11,NYG,GB,HOME,20.0,27.0,47.0,MetLife Stadium,7.0,6.0,0.0,7.0,0.0,35.0,56.0,35:56,22.0,10.0,10.0,2.0,69.0,336,4.9,3.0,38,142,3.7,3,29,19,194,0,1,6.7,10.2,65.5,70.19,14.0,7.0,50.0,4.0,3.0,75.0,5.0,3.0,0.0,0.0,6,77,1.0,1,2,7,8,2,2.0,90.0,45.0,2,0,-2,0.0,13.0,6.0,8.0,0.0,24.0,4.0,24:04,19.0,7.0,11.0,1.0,51.0,296,5.8,4.0,23,128,5.6,1,26,15,168,3,0,6.5,11.2,57.7,115.54,11.0,7.0,63.6,0.0,0.0,0.0,4.0,4.0,0.0,0.0,5,48,2.0,0,2,12,5,1,4.0,195.0,48.8,0,2.0,2.0,60.0,0.0,100.0,0.0,3.0,2.0,0.0,0.0,0.0,0.0,0.0,0,0,3.0,1.0,0.0,2.0,1.0,0.0,0.0,0,0,29.0,13.0,2.0,12.0,5,1,0.0,37.0,38.0,2.0,7.0,5,1,1.0,Sunday,993005426.0,23,12,19201.0,-7.0,0,-2,0.5,0,
202511125,2025-11-17T20:15:00,1,2025,11,DAL,LV,AWAY,33.0,16.0,49.0,Allegiant Stadium,3.0,21.0,7.0,2.0,0.0,33.0,36.0,33:36,24.0,7.0,16.0,1.0,65.0,381,5.9,4.0,31,114,3.7,0,33,25,267,4,0,8.1,10.7,75.8,138.51,10.0,4.0,40.0,3.0,1.0,33.3,5.0,3.0,0.0,0.0,6,50,1.0,1,1,1,11,8,2.0,93.0,46.5,1,1,0,6.0,3.0,0.0,7.0,0.0,26.0,24.0,26:24,17.0,4.0,12.0,1.0,58.0,236,4.1,1.0,12,27,2.2,0,42,27,209,1,1,5.0,7.7,64.3,74.4,12.0,3.0,25.0,3.0,2.0,66.7,3.0,1.0,0.0,0.0,6,40,0.0,0,4,29,4,2,3.0,160.0,53.3,1,1.0,0.0,60.0,0.0,33.3,0.0,4.0,4.0,0.0,0.0,0.0,0.0,0.0,1,1,1.0,1.0,0.0,0.0,0.0,0.0,0.0,3,3,33.0,18.0,4.0,29.0,8,0,0.0,27.0,44.0,1.0,1.0,3,1,1.0,Monday,993005443.0,9,25,19209.0,17.0,1,0,0.4,0,
202511125,2025-11-17T20:15:00,1,2025,11,LV,DAL,HOME,16.0,33.0,49.0,Allegiant Stadium,6.0,3.0,0.0,7.0,0.0,26.0,24.0,26:24,17.0,4.0,12.0,1.0,58.0,236,4.1,1.0,12,27,2.2,0,42,27,209,1,1,5.0,7.7,64.3,74.4,12.0,3.0,25.0,3.0,2.0,66.7,3.0,1.0,0.0,0.0,6,40,0.0,0,4,29,4,2,3.0,160.0,53.3,1,1,0,3.0,21.0,7.0,2.0,0.0,33.0,36.0,33:36,24.0,7.0,16.0,1.0,65.0,381,5.9,4.0,31,114,3.7,0,33,25,267,4,0,8.1,10.7,75.8,138.51,10.0,4.0,40.0,3.0,1.0,33.3,5.0,3.0,0.0,0.0,6,50,1.0,1,1,1,11,8,2.0,93.0,46.5,1,1.0,0.0,33.3,0.0,60.0,0.0,1.0,1.0,0.0,0.0,0.0,0.0,0.0,3,3,4.0,4.0,0.0,0.0,0.0,0.0,0.0,1,1,27.0,44.0,1.0,1.0,3,1,1.0,33.0,18.0,4.0,29.0,8,0,0.0,Monday,993005444.0,25,9,19209.0,-17.0,0,0,0.25,0,
202511126,2025-11-16T20:20:00,1,2025,11,DET,PHI,AWAY,9.0,16.0,25.0,Lincoln Financial Field,0.0,6.0,0.0,3.0,0.0,24.0,12.0,24:12,13.0,3.0,10.0,0.0,60.0,317,5.3,1.0,21,74,3.5,0,37,14,243,1,1,6.6,17.4,37.8,58.73,13.0,3.0,23.1,5.0,0.0,0.0,1.0,0.0,0.0,0.0,5,48,0.0,0,2,12,2,4,4.0,169.0,42.2,1,0,-1,3.0,10.0,0.0,3.0,0.0,35.0,48.0,35:48,16.0,7.0,6.0,3.0,69.0,272,3.9,1.0,40,148,3.7,1,28,14,124,0,0,4.4,8.9,50.0,62.2,15.0,4.0,26.7,1.0,0.0,0.0,3.0,1.0,0.0,0.0,9,78,2.0,0,1,11,7,3,7.0,289.0,41.3,0,1.0,1.0,0.0,0.0,33.3,0.0,1.0,0.0,0.0,0.0,0.0,0.0,0.0,1,1,1.0,1.0,0.0,0.0,0.0,0.0,0.0,3,3,38.0,28.0,1.0,11.0,3,0,0.0,26.0,18.0,2.0,12.0,10,0,0.0,Sunday,993005441.0,11,26,19208.0,-7.0,0,-1,0.2307692307692307,0,
202511126,2025-11-16T20:20:00,1,2025,11,PHI,DET,HOME,16.0,9.0,25.0,Lincoln Financial Field,3.0,10.0,0.0,3.0,0.0,35.0,48.0,35:48,16.0,7.0,6.0,3.0,69.0,272,3.9,1.0,40,148,3.7,1,28,14,124,0,0,4.4,8.9,50.0,62.2,15.0,4.0,26.7,1.0,0.0,0.0,3.0,1.0,0.0,0.0,9,78,2.0,0,1,11,7,3,7.0,289.0,41.3,0,1,1,0.0,6.0,0.0,3.0,0.0,24.0,12.0,24:12,13.0,3.0,10.0,0.0,60.0,317,5.3,1.0,21,74,3.5,0,37,14,243,1,1,6.6,17.4,37.8,58.73,13.0,3.0,23.1,5.0,0.0,0.0,1.0,0.0,0.0,0.0,5,48,0.0,0,2,12,2,4,4.0,169.0,42.2,1,0.0,-1.0,33.3,0.0,0.0,0.0,1.0,1.0,0.0,0.0,0.0,0.0,0.0,3,3,1.0,0.0,0.0,0.0,0.0,0.0,0.0,1,1,26.0,18.0,2.0,12.0,10,0,0.0,38.0,28.0,1.0,11.0,3,0,0.0,Sunday,993005442.0,26,11,19208.0,7.0,1,1,0.2666666666666666,0,
202511128,2025-11-16T13:00:00,1,2025,11,CIN,PIT,AWAY,12.0,34.0,46.0,Acrisure Stadium,6.0,0.0,3.0,3.0,0.0,29.0,55.0,29:55,17.0,6.0,9.0,2.0,63.0,297,4.7,1.0,22,105,4.8,0,40,23,192,1,1,4.8,8.3,57.5,67.92,15.0,7.0,46.7,1.0,0.0,0.0,2.0,0.0,0.0,0.0,8,67,1.0,1,1,7,4,3,3.0,171.0,57.0,2,0,-2,7.0,3.0,10.0,14.0,0.0,30.0,5.0,30:05,22.0,6.0,13.0,3.0,60.0,343,5.7,4.0,28,111,4.0,0,31,21,232,2,0,7.5,11.0,67.7,111.22,13.0,7.0,53.8,1.0,1.0,100.0,4.0,2.0,0.0,0.0,8,76,0.0,0,1,11,3,2,3.0,133.0,44.3,0,2.0,2.0,0.0,0.0,50.0,0.0,0.0,0.0,0.0,1.0,0.0,0.0,0.0,2,2,4.0,4.0,0.0,0.0,0.0,0.0,0.0,2,2,30.0,35.0,1.0,11.0,3,0,0.0,26.0,37.0,1.0,7.0,8,1,1.0,Sunday,993005423.0,7,28,19202.0,-22.0,0,-2,0.4666666666666667,0,
202511128,2025-11-16T13:00:00,1,2025,11,PIT,CIN,HOME,34.0,12.0,46.0,Acrisure Stadium,7.0,3.0,10.0,14.0,0.0,30.0,5.0,30:05,22.0,6.0,13.0,3.0,60.0,343,5.7,4.0,28,111,4.0,0,31,21,232,2,0,7.5,11.0,67.7,111.22,13.0,7.0,53.8,1.0,1.0,100.0,4.0,2.0,0.0,0.0,8,76,0.0,0,1,11,3,2,3.0,133.0,44.3,0,2,2,6.0,0.0,3.0,3.0,0.0,29.0,55.0,29:55,17.0,6.0,9.0,2.0,63.0,297,4.7,1.0,22,105,4.8,0,40,23,192,1,1,4.8,8.3,57.5,67.92,15.0,7.0,46.7,1.0,0.0,0.0,2.0,0.0,0.0,0.0,8,67,1.0,1,1,7,4,3,3.0,171.0,57.0,2,0.0,-2.0,50.0,0.0,0.0,0.0,4.0,4.0,0.0,0.0,0.0,0.0,0.0,2,2,0.0,0.0,0.0,1.0,0.0,0.0,0.0,2,2,26.0,37.0,1.0,7.0,8,1,1.0,30.0,35.0,1.0,11.0,3,0,0.0,Sunday,993005424.0,28,7,19202.0,22.0,1,2,0.5384615384615384,0,
202511132,2025-11-16T16:05:00,1,2025,11,LAR,SEA,HOME,21.0,19.0,40.0,SoFi Stadium,14.0,0.0,0.0,7.0,0.0,22.0,11.0,22:11,12.0,5.0,6.0,1.0,50.0,249,5.0,3.0,22,119,5.4,1,28,15,130,2,0,4.6,8.7,53.6,89.88,11.0,2.0,18.2,3.0,2.0,66.7,4.0,3.0,0.0,0.0,6,43,1.0,1,0,0,3,0,6.0,253.0,42.2,1,4,3,3.0,6.0,3.0,7.0,0.0,37.0,49.0,37:49,26.0,9.0,15.0,2.0,79.0,414,5.2,1.0,35,135,3.9,1,44,29,279,0,4,6.3,9.6,65.9,45.55,16.0,7.0,43.8,1.0,1.0,100.0,4.0,1.0,0.0,0.0,6,47,1.0,0,0,0,3,3,2.0,103.0,51.5,4,1.0,-3.0,75.0,0.0,25.0,0.0,3.0,3.0,0.0,0.0,0.0,0.0,0.0,0,0,1.0,1.0,0.0,0.0,0.0,0.0,0.0,5,4,50.0,24.0,0.0,0.0,8,1,0.0,24.0,21.0,0.0,0.0,4,1,1.0,Sunday,993005436.0,32,30,19205.0,2.0,1,3,0.1818181818181818,0,
202511132,2025-11-16T16:05:00,1,2025,11,SEA,LAR,AWAY,19.0,21.0,40.0,SoFi Stadium,3.0,6.0,3.0,7.0,0.0,37.0,49.0,37:49,26.0,9.0,15.0,2.0,79.0,414,5.2,1.0,35,135,3.9,1,44,29,279,0,4,6.3,9.6,65.9,45.55,16.0,7.0,43.8,1.0,1.0,100.0,4.0,1.0,0.0,0.0,6,47,1.0,0,0,0,3,3,2.0,103.0,51.5,4,1,-3,14.0,0.0,0.0,7.0,0.0,22.0,11.0,22:11,12.0,5.0,6.0,1.0,50.0,249,5.0,3.0,22,119,5.4,1,28,15,130,2,0,4.6,8.7,53.6,89.88,11.0,2.0,18.2,3.0,2.0,66.7,4.0,3.0,0.0,0.0,6,43,1.0,1,0,0,3,0,6.0,253.0,42.2,1,4.0,3.0,25.0,0.0,75.0,0.0,1.0,1.0,0.0,0.0,0.0,0.0,0.0,5,4,3.0,3.0,0.0,0.0,0.0,0.0,0.0,0,0,24.0,21.0,0.0,0.0,4,1,1.0,50.0,24.0,0.0,0.0,8,1,0.0,Sunday,993005435.0,30,32,19205.0,-2.0,0,-3,0.4375,0,
202511134,2025-11-16T13:00:00,1,2025,11,HOU,TEN,AWAY,16.0,13.0,29.0,Nissan Stadium,0.0,0.0,10.0,6.0,0.0,31.0,3.0,31:03,20.0,5.0,13.0,2.0,68.0,315,4.6,1.0,23,75,3.3,0,41,26,240,1,0,5.9,9.2,63.4,87.45,13.0,4.0,30.8,1.0,0.0,0.0,3.0,1.0,0.0,0.0,5,53,0.0,0,4,34,6,5,5.0,208.0,41.6,0,1,1,3.0,0.0,3.0,7.0,0.0,28.0,57.0,28:57,14.0,2.0,10.0,2.0,57.0,229,4.0,1.0,17,58,3.4,0,37,24,171,1,0,4.6,7.1,64.9,84.4,15.0,6.0,40.0,0.0,0.0,0.0,1.0,1.0,0.0,0.0,9,62,2.0,1,3,23,8,8,6.0,305.0,50.8,1,0.0,-1.0,33.3,0.0,100.0,0.0,1.0,1.0,0.0,0.0,0.0,0.0,0.0,3,3,1.0,1.0,0.0,0.0,0.0,0.0,0.0,2,2,28.0,29.0,3.0,23.0,5,1,1.0,37.0,28.0,4.0,34.0,9,0,0.0,Sunday,993005431.0,13,34,19203.0,3.0,1,1,0.3076923076923077,0,
202511134,2025-11-16T13:00:00,1,2025,11,TEN,HOU,HOME,13.0,16.0,29.0,Nissan Stadium,3.0,0.0,3.0,7.0,0.0,28.0,57.0,28:57,14.0,2.0,10.0,2.0,57.0,229,4.0,1.0,17,58,3.4,0,37,24,171,1,0,4.6,7.1,64.9,84.4,15.0,6.0,40.0,0.0,0.0,0.0,1.0,1.0,0.0,0.0,9,62,2.0,1,3,23,8,8,6.0,305.0,50.8,1,0,-1,0.0,0.0,10.0,6.0,0.0,31.0,3.0,31:03,20.0,5.0,13.0,2.0,68.0,315,4.6,1.0,23,75,3.3,0,41,26,240,1,0,5.9,9.2,63.4,87.45,13.0,4.0,30.8,1.0,0.0,0.0,3.0,1.0,0.0,0.0,5,53,0.0,0,4,34,6,5,5.0,208.0,41.6,0,1.0,1.0,100.0,0.0,33.3,0.0,1.0,1.0,0.0,0.0,0.0,0.0,0.0,2,2,1.0,1.0,0.0,0.0,0.0,0.0,0.0,3,3,37.0,28.0,4.0,34.0,9,0,0.0,28.0,29.0,3.0,23.0,5,1,1.0,Sunday,993005432.0,34,13,19203.0,-3.0,0,-1,0.4,0,
202511201,2025-11-23T16:05:00,1,2025,12,ARI,JAX,HOME,24.0,27.0,51.0,State Farm Stadium,7.0,7.0,0.0,10.0,0.0,37.0,26.0,37:26,25.0,6.0,15.0,4.0,76.0,326,4.3,3.0,20,55,2.8,1,50,34,271,1,0,5.4,8.0,68.0,88.0,16.0,5.0,31.2,3.0,1.0,33.3,3.0,1.0,0.0,0.0,7,53,1.0,0,6,44,5,3,6.0,299.0,49.8,0,4,4,7.0,3.0,7.0,7.0,3.0,28.0,33.0,28:33,18.0,5.0,13.0,0.0,61.0,371,6.1,3.0,28,134,4.8,0,30,18,237,3,3,7.9,13.2,60.0,78.75,11.0,3.0,27.3,1.0,0.0,0.0,5.0,3.0,0.0,0.0,7,60,1.0,1,3,19,15,11,2.0,96.0,48.0,4,0.0,-4.0,33.3,0.0,60.0,0.0,3.0,3.0,0.0,0.0,0.0,0.0,0.0,2,1,3.0,3.0,0.0,0.0,0.0,0.0,0.0,2,2,32.0,27.0,3.0,19.0,7,1,1.0,46.0,27.0,6.0,44.0,5,1,0.0,Sunday,993005462.0,1,15,19218.0,-3.0,0,4,0.3125,0,
202511201,2025-11-23T16:05:00,1,2025,12,JAX,ARI,AWAY,27.0,24.0,51.0,State Farm Stadium,7.0,3.0,7.0,7.0,3.0,28.0,33.0,28:33,18.0,5.0,13.0,0.0,61.0,371,6.1,3.0,28,134,4.8,0,30,18,237,3,3,7.9,13.2,60.0,78.75,11.0,3.0,27.3,1.0,0.0,0.0,5.0,3.0,0.0,0.0,7,60,1.0,1,3,19,15,11,2.0,96.0,48.0,4,0,-4,7.0,7.0,0.0,10.0,0.0,37.0,26.0,37:26,25.0,6.0,15.0,4.0,76.0,326,4.3,3.0,20,55,2.8,1,50,34,271,1,0,5.4,8.0,68.0,88.0,16.0,5.0,31.2,3.0,1.0,33.3,3.0,1.0,0.0,0.0,7,53,1.0,0,6,44,5,3,6.0,299.0,49.8,0,4.0,4.0,60.0,0.0,33.3,0.0,3.0,3.0,0.0,0.0,0.0,0.0,0.0,2,2,3.0,3.0,0.0,0.0,0.0,0.0,0.0,2,1,46.0,27.0,6.0,44.0,5,1,0.0,32.0,27.0,3.0,19.0,7,1,1.0,Sunday,993005461.0,15,1,19218.0,3.0,1,-4,0.2727272727272727,0,
202511203,2025-11-23T13:00:00,1,2025,12,BAL,NYJ,HOME,23.0,10.0,33.0,M&T Bank Stadium,0.0,3.0,14.0,6.0,0.0,31.0,47.0,31:47,16.0,6.0,7.0,3.0,58.0,241,4.2,2.0,34,98,2.9,2,23,13,143,0,0,6.2,11.0,56.5,75.09,11.0,2.0,18.2,2.0,2.0,100.0,5.0,2.0,0.0,0.0,5,30,1.0,0,1,10,7,4,4.0,246.0,61.5,0,2,2,0.0,7.0,0.0,3.0,0.0,28.0,13.0,28:13,15.0,5.0,10.0,0.0,57.0,282,4.9,1.0,26,78,3.0,0,28,17,204,1,1,7.3,12.0,60.7,80.06,11.0,4.0,36.4,2.0,0.0,0.0,2.0,1.0,0.0,0.0,6,81,1.0,1,3,18,1,2,4.0,152.0,38.0,2,0.0,-2.0,40.0,0.0,50.0,0.0,2.0,2.0,0.0,0.0,0.0,0.0,0.0,3,3,1.0,1.0,0.0,0.0,0.0,0.0,0.0,1,1,30.0,31.0,3.0,18.0,2,1,1.0,23.0,42.0,1.0,10.0,3,0,0.0,Sunday,993005453.0,3,24,19211.0,13.0,1,2,0.1818181818181818,0,
202511203,2025-11-23T13:00:00,1,2025,12,NYJ,BAL,AWAY,10.0,23.0,33.0,M&T Bank Stadium,0.0,7.0,0.0,3.0,0.0,28.0,13.0,28:13,15.0,5.0,10.0,0.0,57.0,282,4.9,1.0,26,78,3.0,0,28,17,204,1,1,7.3,12.0,60.7,80.06,11.0,4.0,36.4,2.0,0.0,0.0,2.0,1.0,0.0,0.0,6,81,1.0,1,3,18,1,2,4.0,152.0,38.0,2,0,-2,0.0,3.0,14.0,6.0,0.0,31.0,47.0,31:47,16.0,6.0,7.0,3.0,58.0,241,4.2,2.0,34,98,2.9,2,23,13,143,0,0,6.2,11.0,56.5,75.09,11.0,2.0,18.2,2.0,2.0,100.0,5.0,2.0,0.0,0.0,5,30,1.0,0,1,10,7,4,4.0,246.0,61.5,0,2.0,2.0,50.0,0.0,40.0,0.0,1.0,1.0,0.0,0.0,0.0,0.0,0.0,1,1,2.0,2.0,0.0,0.0,0.0,0.0,0.0,3,3,23.0,42.0,1.0,10.0,3,0,0.0,30.0,31.0,3.0,18.0,2,1,1.0,Sunday,993005450.0,24,3,19211.0,-13.0,0,-2,0.3636363636363636,0,
202511206,2025-11-23T13:00:00,1,2025,12,CHI,PIT,HOME,31.0,28.0,59.0,Soldier Field,7.0,10.0,7.0,7.0,0.0,26.0,51.0,26:51,19.0,7.0,11.0,1.0,61.0,328,5.4,4.0,25,99,4.0,1,35,19,229,3,0,6.5,12.1,54.3,103.15,13.0,7.0,53.8,1.0,1.0,100.0,3.0,3.0,0.0,0.0,7,83,2.0,2,1,10,4,5,4.0,202.0,50.5,2,2,0,7.0,14.0,0.0,7.0,0.0,33.0,9.0,33:09,22.0,12.0,8.0,2.0,69.0,345,5.0,4.0,36,186,5.2,2,31,24,159,1,1,5.1,6.6,77.4,85.28,14.0,8.0,57.1,3.0,1.0,33.3,3.0,3.0,0.0,0.0,6,41,2.0,1,2,12,1,2,3.0,106.0,35.3,2,2.0,0.0,100.0,0.0,100.0,0.0,4.0,4.0,0.0,0.0,0.0,0.0,0.0,1,1,4.0,4.0,0.0,0.0,0.0,0.0,0.0,0,0,35.0,46.0,2.0,12.0,4,1,1.0,23.0,35.0,1.0,10.0,2,2,2.0,Sunday,993005460.0,6,28,19212.0,3.0,1,0,0.5384615384615384,0,
202511206,2025-11-23T13:00:00,1,2025,12,PIT,CHI,AWAY,28.0,31.0,59.0,Soldier Field,7.0,14.0,0.0,7.0,0.0,33.0,9.0,33:09,22.0,12.0,8.0,2.0,69.0,345,5.0,4.0,36,186,5.2,2,31,24,159,1,1,5.1,6.6,77.4,85.28,14.0,8.0,57.1,3.0,1.0,33.3,3.0,3.0,0.0,0.0,6,41,2.0,1,2,12,1,2,3.0,106.0,35.3,2,2,0,7.0,10.0,7.0,7.0,0.0,26.0,51.0,26:51,19.0,7.0,11.0,1.0,61.0,328,5.4,4.0,25,99,4.0,1,35,19,229,3,0,6.5,12.1,54.3,103.15,13.0,7.0,53.8,1.0,1.0,100.0,3.0,3.0,0.0,0.0,7,83,2.0,2,1,10,4,5,4.0,202.0,50.5,2,2.0,0.0,100.0,0.0,100.0,0.0,4.0,4.0,0.0,0.0,0.0,0.0,0.0,0,0,4.0,4.0,0.0,0.0,0.0,0.0,0.0,1,1,23.0,35.0,1.0,10.0,2,2,2.0,35.0,46.0,2.0,12.0,4,1,1.0,Sunday,993005459.0,28,6,19212.0,-3.0,0,0,0.5714285714285714,0,
202511207,2025-11-23T13:00:00,1,2025,12,CIN,NE,HOME,20.0,26.0,46.0,Paycor Stadium,3.0,10.0,0.0,7.0,0.0,26.0,46.0,26:46,20.0,8.0,10.0,2.0,62.0,307,5.0,2.0,23,120,5.2,0,38,20,187,1,1,4.9,9.4,52.6,64.25,13.0,3.0,23.1,3.0,2.0,66.7,1.0,1.0,0.0,0.0,6,65,0.0,0,1,10,3,3,5.0,227.0,45.4,1,1,0,0.0,17.0,3.0,6.0,0.0,33.0,14.0,33:14,21.0,7.0,12.0,2.0,67.0,392,5.9,2.0,31,107,3.5,0,35,22,285,1,1,8.1,13.0,62.9,86.01,13.0,5.0,38.5,1.0,0.0,0.0,2.0,0.0,0.0,0.0,4,52,0.0,0,1,9,6,1,2.0,98.0,49.0,1,1.0,0.0,100.0,0.0,0.0,0.0,2.0,2.0,0.0,0.0,0.0,0.0,0.0,2,2,2.0,2.0,0.0,0.0,0.0,0.0,0.0,4,4,31.0,43.0,1.0,9.0,5,0,0.0,28.0,27.0,1.0,10.0,5,0,0.0,Sunday,993005452.0,7,21,19213.0,-6.0,0,0,0.2307692307692307,0,
202511207,2025-11-23T13:00:00,1,2025,12,NE,CIN,AWAY,26.0,20.0,46.0,Paycor Stadium,0.0,17.0,3.0,6.0,0.0,33.0,14.0,33:14,21.0,7.0,12.0,2.0,67.0,392,5.9,2.0,31,107,3.5,0,35,22,285,1,1,8.1,13.0,62.9,86.01,13.0,5.0,38.5,1.0,0.0,0.0,2.0,0.0,0.0,0.0,4,52,0.0,0,1,9,6,1,2.0,98.0,49.0,1,1,0,3.0,10.0,0.0,7.0,0.0,26.0,46.0,26:46,20.0,8.0,10.0,2.0,62.0,307,5.0,2.0,23,120,5.2,0,38,20,187,1,1,4.9,9.4,52.6,64.25,13.0,3.0,23.1,3.0,2.0,66.7,1.0,1.0,0.0,0.0,6,65,0.0,0,1,10,3,3,5.0,227.0,45.4,1,1.0,0.0,0.0,0.0,100.0,0.0,2.0,2.0,0.0,0.0,0.0,0.0,0.0,4,4,2.0,2.0,0.0,0.0,0.0,0.0,0.0,2,2,28.0,27.0,1.0,10.0,5,0,0.0,31.0,43.0,1.0,9.0,5,0,0.0,Sunday,993005449.0,21,7,19213.0,6.0,1,0,0.3846153846153846,0,
202511209,2025-11-23T16:25:00,1,2025,12,DAL,PHI,HOME,24.0,21.0,45.0,AT&T Stadium,0.0,7.0,7.0,10.0,0.0,29.0,2.0,29:02,25.0,6.0,16.0,3.0,68.0,473,7.0,3.0,31,125,4.0,1,36,23,348,2,1,9.7,15.1,63.9,102.55,12.0,5.0,41.7,2.0,0.0,0.0,5.0,3.0,0.0,0.0,8,69,2.0,1,1,6,6,2,3.0,168.0,56.0,2,2,0,14.0,7.0,0.0,0.0,0.0,30.0,58.0,30:58,19.0,4.0,14.0,1.0,58.0,339,5.8,3.0,18,63,3.5,2,39,27,276,1,0,7.1,10.2,69.2,97.81,12.0,5.0,41.7,0.0,0.0,0.0,3.0,3.0,0.0,0.0,14,96,2.0,2,1,13,6,2,5.0,250.0,50.0,2,2.0,0.0,60.0,0.0,100.0,0.0,3.0,3.0,0.0,0.0,0.0,0.0,0.0,2,1,3.0,3.0,0.0,0.0,0.0,0.0,0.0,1,0,33.0,16.0,1.0,13.0,3,2,2.0,34.0,30.0,1.0,6.0,4,1,1.0,Sunday,993005466.0,9,26,19220.0,3.0,1,0,0.4166666666666667,0,
202511209,2025-11-23T16:25:00,1,2025,12,PHI,DAL,AWAY,21.0,24.0,45.0,AT&T Stadium,14.0,7.0,0.0,0.0,0.0,30.0,58.0,30:58,19.0,4.0,14.0,1.0,58.0,339,5.8,3.0,18,63,3.5,2,39,27,276,1,0,7.1,10.2,69.2,97.81,12.0,5.0,41.7,0.0,0.0,0.0,3.0,3.0,0.0,0.0,14,96,2.0,2,1,13,6,2,5.0,250.0,50.0,2,2,0,0.0,7.0,7.0,10.0,0.0,29.0,2.0,29:02,25.0,6.0,16.0,3.0,68.0,473,7.0,3.0,31,125,4.0,1,36,23,348,2,1,9.7,15.1,63.9,102.55,12.0,5.0,41.7,2.0,0.0,0.0,5.0,3.0,0.0,0.0,8,69,2.0,1,1,6,6,2,3.0,168.0,56.0,2,2.0,0.0,100.0,0.0,60.0,0.0,3.0,3.0,0.0,0.0,0.0,0.0,0.0,1,0,3.0,3.0,0.0,0.0,0.0,0.0,0.0,2,1,34.0,30.0,1.0,6.0,4,1,1.0,33.0,16.0,1.0,13.0,3,2,2.0,Sunday,993005465.0,26,9,19220.0,-3.0,0,0,0.4166666666666667,0,
202511211,2025-11-23T13:00:00,1,2025,12,DET,NYG,HOME,34.0,27.0,61.0,Ford Field,0.0,17.0,0.0,10.0,7.0,28.0,30.0,28:30,23.0,9.0,13.0,1.0,65.0,494,7.6,4.0,20,237,11.8,2,42,28,257,2,1,6.1,9.2,66.7,89.09,12.0,5.0,41.7,0.0,0.0,0.0,4.0,2.0,0.0,0.0,9,81,0.0,0,3,22,7,4,5.0,200.0,40.0,1,1,0,10.0,10.0,0.0,7.0,0.0,37.0,11.0,37:11,25.0,6.0,16.0,3.0,77.0,517,6.7,3.0,39,122,3.1,0,37,19,395,3,1,10.7,20.8,51.4,105.12,16.0,8.0,50.0,3.0,1.0,33.3,3.0,1.0,0.0,0.0,7,59,1.0,0,1,4,7,6,3.0,120.0,40.0,1,1.0,0.0,50.0,0.0,33.3,0.0,4.0,4.0,0.0,0.0,0.0,0.0,0.0,2,2,3.0,3.0,0.0,0.0,0.0,0.0,0.0,2,2,38.0,36.0,1.0,4.0,6,1,0.0,36.0,24.0,3.0,22.0,4,0,0.0,Sunday,993005458.0,11,23,19214.0,7.0,1,0,0.4166666666666667,0,
202511211,2025-11-23T13:00:00,1,2025,12,NYG,DET,AWAY,27.0,34.0,61.0,Ford Field,10.0,10.0,0.0,7.0,0.0,37.0,11.0,37:11,25.0,6.0,16.0,3.0,77.0,517,6.7,3.0,39,122,3.1,0,37,19,395,3,1,10.7,20.8,51.4,105.12,16.0,8.0,50.0,3.0,1.0,33.3,3.0,1.0,0.0,0.0,7,59,1.0,0,1,4,7,6,3.0,120.0,40.0,1,1,0,0.0,17.0,0.0,10.0,7.0,28.0,30.0,28:30,23.0,9.0,13.0,1.0,65.0,494,7.6,4.0,20,237,11.8,2,42,28,257,2,1,6.1,9.2,66.7,89.09,12.0,5.0,41.7,0.0,0.0,0.0,4.0,2.0,0.0,0.0,9,81,0.0,0,3,22,7,4,5.0,200.0,40.0,1,1.0,0.0,33.3,0.0,50.0,0.0,3.0,3.0,0.0,0.0,0.0,0.0,0.0,2,2,4.0,4.0,0.0,0.0,0.0,0.0,0.0,2,2,36.0,24.0,3.0,22.0,4,0,0.0,38.0,36.0,1.0,4.0,6,1,0.0,Sunday,993005457.0,23,11,19214.0,-7.0,0,0,0.5,0,
202511212,2025-11-23T13:00:00,1,2025,12,GB,MIN,HOME,23.0,6.0,29.0,Lambeau Field,7.0,3.0,7.0,6.0,0.0,37.0,15.0,37:15,22.0,13.0,8.0,1.0,65.0,288,4.4,2.0,42,146,3.5,2,22,15,142,0,0,6.5,9.5,68.2,85.8,14.0,7.0,50.0,0.0,0.0,0.0,4.0,2.0,0.0,0.0,2,10,0.0,0,1,4,10,7,4.0,190.0,47.5,0,3,3,3.0,3.0,0.0,0.0,0.0,22.0,45.0,22:45,10.0,7.0,3.0,0.0,44.0,145,3.3,0.0,20,93,4.6,0,19,12,52,0,2,2.7,4.3,63.2,27.63,9.0,2.0,22.2,1.0,0.0,0.0,1.0,0.0,0.0,0.0,2,29,2.0,1,5,35,5,5,4.0,222.0,55.5,3,0.0,-3.0,50.0,0.0,0.0,0.0,2.0,2.0,0.0,0.0,0.0,0.0,0.0,3,3,0.0,0.0,0.0,0.0,0.0,0.0,0.0,2,2,27.0,18.0,5.0,35.0,4,0,1.0,35.0,36.0,1.0,4.0,4,0,0.0,Sunday,993005448.0,12,20,19215.0,17.0,1,3,0.5,0,
202511212,2025-11-23T13:00:00,1,2025,12,MIN,GB,AWAY,6.0,23.0,29.0,Lambeau Field,3.0,3.0,0.0,0.0,0.0,22.0,45.0,22:45,10.0,7.0,3.0,0.0,44.0,145,3.3,0.0,20,93,4.6,0,19,12,52,0,2,2.7,4.3,63.2,27.63,9.0,2.0,22.2,1.0,0.0,0.0,1.0,0.0,0.0,0.0,2,29,2.0,1,5,35,5,5,4.0,222.0,55.5,3,0,-3,7.0,3.0,7.0,6.0,0.0,37.0,15.0,37:15,22.0,13.0,8.0,1.0,65.0,288,4.4,2.0,42,146,3.5,2,22,15,142,0,0,6.5,9.5,68.2,85.8,14.0,7.0,50.0,0.0,0.0,0.0,4.0,2.0,0.0,0.0,2,10,0.0,0,1,4,10,7,4.0,190.0,47.5,0,3.0,3.0,0.0,0.0,50.0,0.0,0.0,0.0,0.0,0.0,0.0,0.0,0.0,2,2,2.0,2.0,0.0,0.0,0.0,0.0,0.0,3,3,35.0,36.0,1.0,4.0,4,0,0.0,27.0,18.0,5.0,35.0,4,0,1.0,Sunday,993005447.0,20,12,19215.0,-17.0,0,-3,0.2222222222222222,0,
202511213,2025-11-20T20:15:00,1,2025,12,BUF,HOU,AWAY,19.0,23.0,42.0,NRG Stadium,6.0,10.0,0.0,3.0,0.0,32.0,22.0,32:22,14.0,5.0,9.0,0.0,66.0,326,4.9,2.0,24,143,6.0,1,34,24,183,0,2,5.4,7.6,70.6,58.82,16.0,5.0,31.2,5.0,3.0,60.0,2.0,0.0,0.0,0.0,6,54,1.0,1,8,70,4,3,3.0,136.0,45.3,3,0,-3,3.0,17.0,3.0,0.0,0.0,27.0,38.0,27:38,15.0,6.0,7.0,2.0,56.0,261,4.7,2.0,26,108,4.2,0,30,16,153,2,0,5.1,9.6,53.3,90.0,12.0,2.0,16.7,1.0,1.0,100.0,4.0,2.0,0.0,0.0,5,40,0.0,0,0,0,12,11,6.0,286.0,47.7,0,3.0,3.0,0.0,0.0,50.0,0.0,2.0,1.0,0.0,0.0,0.0,0.0,0.0,2,2,2.0,2.0,0.0,0.0,0.0,0.0,0.0,3,3,23.0,31.0,0.0,0.0,5,0,0.0,39.0,28.0,8.0,70.0,5,1,1.0,Thursday,993005445.0,4,13,19210.0,-4.0,0,-3,0.3125,0,
202511213,2025-11-20T20:15:00,1,2025,12,HOU,BUF,HOME,23.0,19.0,42.0,NRG Stadium,3.0,17.0,3.0,0.0,0.0,27.0,38.0,27:38,15.0,6.0,7.0,2.0,56.0,261,4.7,2.0,26,108,4.2,0,30,16,153,2,0,5.1,9.6,53.3,90.0,12.0,2.0,16.7,1.0,1.0,100.0,4.0,2.0,0.0,0.0,5,40,0.0,0,0,0,12,11,6.0,286.0,47.7,0,3,3,6.0,10.0,0.0,3.0,0.0,32.0,22.0,32:22,14.0,5.0,9.0,0.0,66.0,326,4.9,2.0,24,143,6.0,1,34,24,183,0,2,5.4,7.6,70.6,58.82,16.0,5.0,31.2,5.0,3.0,60.0,2.0,0.0,0.0,0.0,6,54,1.0,1,8,70,4,3,3.0,136.0,45.3,3,0.0,-3.0,50.0,0.0,0.0,0.0,2.0,2.0,0.0,0.0,0.0,0.0,0.0,3,3,2.0,1.0,0.0,0.0,0.0,0.0,0.0,2,2,39.0,28.0,8.0,70.0,5,1,1.0,23.0,31.0,0.0,0.0,5,0,0.0,Thursday,993005446.0,13,4,19210.0,4.0,1,3,0.1666666666666666,0,
202511216,2025-11-23T13:00:00,1,2025,12,IND,KC,AWAY,20.0,23.0,43.0,Arrowhead Stadium,7.0,7.0,6.0,0.0,0.0,25.0,28.0,25:28,10.0,4.0,6.0,0.0,50.0,255,5.1,2.0,19,74,3.9,0,31,19,181,2,0,5.8,9.5,61.3,98.99,13.0,5.0,38.5,0.0,0.0,0.0,4.0,2.0,0.0,0.0,11,83,0.0,0,0,0,10,4,6.0,294.0,49.0,0,2,2,0.0,9.0,0.0,11.0,3.0,42.0,35.0,42:35,33.0,13.0,15.0,5.0,91.0,494,5.4,1.0,41,148,3.6,1,46,29,346,0,1,7.5,11.9,63.0,76.9,16.0,7.0,43.8,2.0,2.0,100.0,6.0,1.0,0.0,0.0,7,57,1.0,1,4,6,6,4,3.0,147.0,49.0,2,0.0,-2.0,50.0,0.0,16.7,0.0,2.0,2.0,0.0,0.0,0.0,0.0,0.0,2,2,0.0,0.0,0.0,2.0,1.0,0.0,0.0,5,5,51.0,38.0,4.0,6.0,5,1,1.0,29.0,16.0,0.0,0.0,6,0,0.0,Sunday,993005451.0,14,16,19216.0,-3.0,0,2,0.3846153846153846,0,
202511216,2025-11-23T13:00:00,1,2025,12,KC,IND,HOME,23.0,20.0,43.0,Arrowhead Stadium,0.0,9.0,0.0,11.0,3.0,42.0,35.0,42:35,33.0,13.0,15.0,5.0,91.0,494,5.4,1.0,41,148,3.6,1,46,29,346,0,1,7.5,11.9,63.0,76.9,16.0,7.0,43.8,2.0,2.0,100.0,6.0,1.0,0.0,0.0,7,57,1.0,1,4,6,6,4,3.0,147.0,49.0,2,0,-2,7.0,7.0,6.0,0.0,0.0,25.0,28.0,25:28,10.0,4.0,6.0,0.0,50.0,255,5.1,2.0,19,74,3.9,0,31,19,181,2,0,5.8,9.5,61.3,98.99,13.0,5.0,38.5,0.0,0.0,0.0,4.0,2.0,0.0,0.0,11,83,0.0,0,0,0,10,4,6.0,294.0,49.0,0,2.0,2.0,16.7,0.0,50.0,0.0,0.0,0.0,0.0,2.0,1.0,0.0,0.0,5,5,2.0,2.0,0.0,0.0,0.0,0.0,0.0,2,2,29.0,16.0,0.0,0.0,6,0,0.0,51.0,38.0,4.0,6.0,5,1,1.0,Sunday,993005454.0,16,14,19216.0,3.0,1,-2,0.4375,0,
202511222,2025-11-23T16:25:00,1,2025,12,ATL,NO,AWAY,24.0,10.0,34.0,Caesars Superdome,3.0,13.0,0.0,8.0,0.0,27.0,9.0,27:09,13.0,6.0,7.0,0.0,55.0,302,5.5,2.0,29,121,4.2,0,23,16,181,2,1,7.9,11.3,69.6,103.71,12.0,3.0,25.0,1.0,1.0,100.0,2.0,1.0,0.0,0.0,9,82,1.0,0,3,18,9,6,5.0,210.0,42.0,1,2,1,0.0,7.0,0.0,3.0,0.0,32.0,51.0,32:51,21.0,8.0,11.0,2.0,78.0,293,3.8,1.0,28,79,2.8,0,45,30,214,0,1,4.8,7.1,66.7,68.19,16.0,5.0,31.2,5.0,2.0,40.0,3.0,0.0,0.0,0.0,4,36,2.0,1,5,29,2,6,3.0,106.0,35.3,2,1.0,-1.0,50.0,0.0,0.0,0.0,1.0,1.0,0.0,0.0,0.0,1.0,1.0,3,3,1.0,1.0,0.0,0.0,0.0,0.0,0.0,3,1,54.0,18.0,5.0,29.0,6,0,1.0,32.0,26.0,3.0,18.0,4,1,0.0,Sunday,993005467.0,2,22,19221.0,14.0,1,1,0.25,0,
202511222,2025-11-23T16:25:00,1,2025,12,NO,ATL,HOME,10.0,24.0,34.0,Caesars Superdome,0.0,7.0,0.0,3.0,0.0,32.0,51.0,32:51,21.0,8.0,11.0,2.0,78.0,293,3.8,1.0,28,79,2.8,0,45,30,214,0,1,4.8,7.1,66.7,68.19,16.0,5.0,31.2,5.0,2.0,40.0,3.0,0.0,0.0,0.0,4,36,2.0,1,5,29,2,6,3.0,106.0,35.3,2,1,-1,3.0,13.0,0.0,8.0,0.0,27.0,9.0,27:09,13.0,6.0,7.0,0.0,55.0,302,5.5,2.0,29,121,4.2,0,23,16,181,2,1,7.9,11.3,69.6,103.71,12.0,3.0,25.0,1.0,1.0,100.0,2.0,1.0,0.0,0.0,9,82,1.0,0,3,18,9,6,5.0,210.0,42.0,1,2.0,1.0,0.0,0.0,50.0,0.0,1.0,1.0,0.0,0.0,0.0,0.0,0.0,3,1,1.0,1.0,0.0,0.0,0.0,1.0,1.0,3,3,32.0,26.0,3.0,18.0,4,1,0.0,54.0,18.0,5.0,29.0,6,0,1.0,Sunday,993005468.0,22,2,19221.0,-14.0,0,-1,0.3125,0,
202511225,2025-11-23T16:05:00,1,2025,12,CLE,LV,AWAY,24.0,10.0,34.0,Allegiant Stadium,14.0,0.0,0.0,10.0,0.0,23.0,34.0,23:34,11.0,4.0,4.0,3.0,48.0,270,5.6,3.0,27,64,2.4,2,20,11,206,1,1,10.3,18.7,55.0,86.67,12.0,3.0,25.0,0.0,0.0,0.0,3.0,2.0,0.0,0.0,8,77,1.0,1,1,3,20,13,8.0,318.0,39.8,2,1,-1,0.0,3.0,0.0,7.0,0.0,36.0,26.0,36:26,19.0,2.0,15.0,2.0,75.0,268,3.6,1.0,21,60,2.9,0,44,30,208,1,0,4.7,6.9,68.2,86.17,17.0,4.0,23.5,3.0,1.0,33.3,1.0,1.0,0.0,0.0,13,109,2.0,1,10,77,5,11,8.0,374.0,46.8,1,2.0,1.0,66.7,0.0,100.0,0.0,3.0,3.0,0.0,0.0,0.0,0.0,0.0,1,1,1.0,1.0,0.0,0.0,0.0,0.0,0.0,2,1,42.0,38.0,10.0,77.0,5,2,1.0,25.0,21.0,1.0,3.0,1,1,1.0,Sunday,993005463.0,8,25,19219.0,14.0,1,-1,0.25,0,
202511225,2025-11-23T16:05:00,1,2025,12,LV,CLE,HOME,10.0,24.0,34.0,Allegiant Stadium,0.0,3.0,0.0,7.0,0.0,36.0,26.0,36:26,19.0,2.0,15.0,2.0,75.0,268,3.6,1.0,21,60,2.9,0,44,30,208,1,0,4.7,6.9,68.2,86.17,17.0,4.0,23.5,3.0,1.0,33.3,1.0,1.0,0.0,0.0,13,109,2.0,1,10,77,5,11,8.0,374.0,46.8,1,2,1,14.0,0.0,0.0,10.0,0.0,23.0,34.0,23:34,11.0,4.0,4.0,3.0,48.0,270,5.6,3.0,27,64,2.4,2,20,11,206,1,1,10.3,18.7,55.0,86.67,12.0,3.0,25.0,0.0,0.0,0.0,3.0,2.0,0.0,0.0,8,77,1.0,1,1,3,20,13,8.0,318.0,39.8,2,1.0,-1.0,100.0,0.0,66.7,0.0,1.0,1.0,0.0,0.0,0.0,0.0,0.0,2,1,3.0,3.0,0.0,0.0,0.0,0.0,0.0,1,1,25.0,21.0,1.0,3.0,1,1,1.0,42.0,38.0,10.0,77.0,5,2,1.0,Sunday,993005464.0,25,8,19219.0,-14.0,0,1,0.2352941176470588,0,
202511231,2025-11-24T20:15:00,1,2025,12,CAR,SF,AWAY,9.0,20.0,29.0,Levi's Stadium,0.0,3.0,6.0,0.0,0.0,22.0,18.0,22:18,12.0,3.0,9.0,0.0,43.0,230,5.3,1.0,13,69,5.3,0,29,18,161,1,2,5.6,8.9,62.1,59.7,7.0,1.0,14.3,0.0,0.0,0.0,2.0,0.0,0.0,0.0,4,30,1.0,0,1,8,1,3,4.0,201.0,50.2,2,3,1,7.0,3.0,7.0,3.0,0.0,37.0,42.0,37:42,23.0,12.0,11.0,0.0,70.0,340,4.9,2.0,38,147,3.9,1,32,23,193,1,3,6.0,8.4,71.9,58.46,13.0,7.0,53.8,2.0,2.0,100.0,3.0,2.0,0.0,0.0,2,6,1.0,0,0,0,3,2,1.0,40.0,40.0,3,2.0,-1.0,0.0,0.0,66.7,0.0,0.0,0.0,0.0,2.0,0.0,0.0,0.0,2,1,2.0,2.0,0.0,0.0,0.0,0.0,0.0,2,2,30.0,54.0,0.0,0.0,4,1,0.0,24.0,13.0,1.0,8.0,4,0,0.0,Monday,993005471.0,5,31,19223.0,-11.0,0,1,0.1428571428571428,0,
202511231,2025-11-24T20:15:00,1,2025,12,SF,CAR,HOME,20.0,9.0,29.0,Levi's Stadium,7.0,3.0,7.0,3.0,0.0,37.0,42.0,37:42,23.0,12.0,11.0,0.0,70.0,340,4.9,2.0,38,147,3.9,1,32,23,193,1,3,6.0,8.4,71.9,58.46,13.0,7.0,53.8,2.0,2.0,100.0,3.0,2.0,0.0,0.0,2,6,1.0,0,0,0,3,2,1.0,40.0,40.0,3,2,-1,0.0,3.0,6.0,0.0,0.0,22.0,18.0,22:18,12.0,3.0,9.0,0.0,43.0,230,5.3,1.0,13,69,5.3,0,29,18,161,1,2,5.6,8.9,62.1,59.7,7.0,1.0,14.3,0.0,0.0,0.0,2.0,0.0,0.0,0.0,4,30,1.0,0,1,8,1,3,4.0,201.0,50.2,2,3.0,1.0,66.7,0.0,0.0,0.0,2.0,2.0,0.0,0.0,0.0,0.0,0.0,2,2,0.0,0.0,0.0,2.0,0.0,0.0,0.0,2,1,24.0,13.0,1.0,8.0,4,0,0.0,30.0,54.0,0.0,0.0,4,1,0.0,Monday,993005472.0,31,5,19223.0,11.0,1,-1,0.5384615384615384,0,
202511232,2025-11-23T20:20:00,1,2025,12,LAR,TB,HOME,34.0,7.0,41.0,SoFi Stadium,14.0,17.0,0.0,3.0,0.0,28.0,12.0,28:12,20.0,4.0,16.0,0.0,55.0,333,6.1,4.0,19,70,3.7,0,35,25,263,3,0,7.5,10.5,71.4,121.49,10.0,4.0,40.0,1.0,0.0,0.0,2.0,2.0,0.0,0.0,4,32,0.0,0,1,10,6,7,3.0,105.0,35.0,0,2,2,0.0,7.0,0.0,0.0,0.0,31.0,48.0,31:48,14.0,7.0,5.0,2.0,67.0,193,2.9,1.0,29,123,4.2,0,34,17,70,1,2,2.1,4.1,50.0,41.54,17.0,7.0,41.2,5.0,1.0,20.0,3.0,1.0,0.0,0.0,2,10,1.0,0,4,33,3,3,4.0,169.0,42.2,2,0.0,-2.0,100.0,0.0,33.3,0.0,4.0,4.0,0.0,0.0,0.0,0.0,0.0,2,2,1.0,1.0,0.0,0.0,0.0,0.0,0.0,0,0,35.0,26.0,4.0,33.0,10,0,0.0,30.0,22.0,1.0,10.0,3,0,0.0,Sunday,993005470.0,32,33,19222.0,27.0,1,2,0.4,0,
202511232,2025-11-23T20:20:00,1,2025,12,TB,LAR,AWAY,7.0,34.0,41.0,SoFi Stadium,0.0,7.0,0.0,0.0,0.0,31.0,48.0,31:48,14.0,7.0,5.0,2.0,67.0,193,2.9,1.0,29,123,4.2,0,34,17,70,1,2,2.1,4.1,50.0,41.54,17.0,7.0,41.2,5.0,1.0,20.0,3.0,1.0,0.0,0.0,2,10,1.0,0,4,33,3,3,4.0,169.0,42.2,2,0,-2,14.0,17.0,0.0,3.0,0.0,28.0,12.0,28:12,20.0,4.0,16.0,0.0,55.0,333,6.1,4.0,19,70,3.7,0,35,25,263,3,0,7.5,10.5,71.4,121.49,10.0,4.0,40.0,1.0,0.0,0.0,2.0,2.0,0.0,0.0,4,32,0.0,0,1,10,6,7,3.0,105.0,35.0,0,2.0,2.0,33.3,0.0,100.0,0.0,1.0,1.0,0.0,0.0,0.0,0.0,0.0,0,0,4.0,4.0,0.0,0.0,0.0,0.0,0.0,2,2,30.0,22.0,1.0,10.0,3,0,0.0,35.0,26.0,4.0,33.0,10,0,0.0,Sunday,993005469.0,33,32,19222.0,-27.0,0,-2,0.4117647058823529,0,
202511234,2025-11-23T13:00:00,1,2025,12,SEA,TEN,AWAY,30.0,24.0,54.0,Nissan Stadium,3.0,13.0,14.0,0.0,0.0,22.0,35.0,22:35,19.0,8.0,9.0,2.0,47.0,353,7.5,3.0,20,114,5.7,1,26,16,239,2,0,9.2,14.9,61.5,117.31,7.0,2.0,28.6,1.0,0.0,0.0,4.0,2.0,0.0,0.0,11,69,0.0,0,1,5,11,6,2.0,106.0,53.0,0,0,0,3.0,0.0,14.0,7.0,0.0,37.0,25.0,37:25,18.0,5.0,12.0,1.0,68.0,296,4.4,3.0,22,64,2.9,1,42,28,232,1,0,5.5,8.3,66.7,88.59,17.0,6.0,35.3,7.0,5.0,71.4,3.0,2.0,0.0,0.0,10,63,0.0,0,4,24,3,3,3.0,135.0,45.0,0,0.0,0.0,50.0,0.0,66.7,0.0,3.0,3.0,0.0,0.0,0.0,0.0,0.0,3,3,3.0,3.0,0.0,0.0,0.0,0.0,0.0,1,1,37.0,28.0,4.0,24.0,6,0,0.0,25.0,14.0,1.0,5.0,5,0,0.0,Sunday,993005455.0,30,34,19217.0,6.0,1,0,0.2857142857142857,0,
202511234,2025-11-23T13:00:00,1,2025,12,TEN,SEA,HOME,24.0,30.0,54.0,Nissan Stadium,3.0,0.0,14.0,7.0,0.0,37.0,25.0,37:25,18.0,5.0,12.0,1.0,68.0,296,4.4,3.0,22,64,2.9,1,42,28,232,1,0,5.5,8.3,66.7,88.59,17.0,6.0,35.3,7.0,5.0,71.4,3.0,2.0,0.0,0.0,10,63,0.0,0,4,24,3,3,3.0,135.0,45.0,0,0,0,3.0,13.0,14.0,0.0,0.0,22.0,35.0,22:35,19.0,8.0,9.0,2.0,47.0,353,7.5,3.0,20,114,5.7,1,26,16,239,2,0,9.2,14.9,61.5,117.31,7.0,2.0,28.6,1.0,0.0,0.0,4.0,2.0,0.0,0.0,11,69,0.0,0,1,5,11,6,2.0,106.0,53.0,0,0.0,0.0,66.7,0.0,50.0,0.0,3.0,3.0,0.0,0.0,0.0,0.0,0.0,1,1,3.0,3.0,0.0,0.0,0.0,0.0,0.0,3,3,25.0,14.0,1.0,5.0,5,0,0.0,37.0,28.0,4.0,24.0,6,0,0.0,Sunday,993005456.0,34,30,19217.0,-6.0,0,0,0.3529411764705882,0,
202511303,2025-11-27T20:20:00,1,2025,13,BAL,CIN,HOME,14.0,32.0,46.0,M&T Bank Stadium,7.0,0.0,7.0,0.0,0.0,21.0,14.0,21:14,16.0,8.0,7.0,1.0,57.0,346,6.1,2.0,22,123,5.6,2,32,17,223,0,1,7.0,13.1,53.1,62.37,10.0,3.0,30.0,2.0,1.0,50.0,2.0,1.0,0.0,0.0,7,53,4.0,4,3,23,7,4,3.0,149.0,49.7,5,1,-4,3.0,9.0,14.0,6.0,0.0,38.0,46.0,38:46,22.0,8.0,11.0,3.0,80.0,382,4.8,2.0,33,128,3.9,0,46,24,254,2,0,5.5,10.6,52.2,83.06,19.0,8.0,42.1,2.0,1.0,50.0,6.0,1.0,0.0,0.0,6,35,1.0,1,1,7,5,2,2.0,105.0,52.5,1,5.0,4.0,50.0,0.0,16.7,0.0,2.0,2.0,0.0,0.0,0.0,0.0,0.0,0,0,2.0,2.0,0.0,0.0,0.0,0.0,0.0,6,6,38.0,33.0,1.0,7.0,6,1,1.0,29.0,18.0,3.0,23.0,6,3,3.0,Thursday,993005478.0,3,7,19225.0,-18.0,0,-4,0.3,0,
202511303,2025-11-27T20:20:00,1,2025,13,CIN,BAL,AWAY,32.0,14.0,46.0,M&T Bank Stadium,3.0,9.0,14.0,6.0,0.0,38.0,46.0,38:46,22.0,8.0,11.0,3.0,80.0,382,4.8,2.0,33,128,3.9,0,46,24,254,2,0,5.5,10.6,52.2,83.06,19.0,8.0,42.1,2.0,1.0,50.0,6.0,1.0,0.0,0.0,6,35,1.0,1,1,7,5,2,2.0,105.0,52.5,1,5,4,7.0,0.0,7.0,0.0,0.0,21.0,14.0,21:14,16.0,8.0,7.0,1.0,57.0,346,6.1,2.0,22,123,5.6,2,32,17,223,0,1,7.0,13.1,53.1,62.37,10.0,3.0,30.0,2.0,1.0,50.0,2.0,1.0,0.0,0.0,7,53,4.0,4,3,23,7,4,3.0,149.0,49.7,5,1.0,-4.0,16.7,0.0,50.0,0.0,2.0,2.0,0.0,0.0,0.0,0.0,0.0,6,6,2.0,2.0,0.0,0.0,0.0,0.0,0.0,0,0,29.0,18.0,3.0,23.0,6,3,3.0,38.0,33.0,1.0,7.0,6,1,1.0,Thursday,993005477.0,7,3,19225.0,18.0,1,4,0.4210526315789473,0,
202511305,2025-11-30T13:00:00,1,2025,13,CAR,LAR,HOME,31.0,28.0,59.0,Bank of America Stadium,14.0,3.0,7.0,7.0,0.0,35.0,16.0,35:16,17.0,9.0,8.0,0.0,62.0,358,5.8,4.0,40,164,4.1,0,20,15,194,3,0,9.7,12.9,75.0,144.58,15.0,7.0,46.7,3.0,3.0,100.0,1.0,0.0,0.0,0.0,7,70,0.0,0,2,12,2,3,3.0,112.0,37.3,0,3,3,7.0,14.0,0.0,7.0,0.0,24.0,44.0,24:44,22.0,9.0,12.0,1.0,51.0,379,7.4,4.0,21,152,7.2,2,28,18,227,2,2,8.1,12.6,64.3,83.48,5.0,2.0,40.0,0.0,0.0,0.0,6.0,4.0,0.0,0.0,1,5,1.0,1,2,16,2,3,1.0,56.0,56.0,3,0.0,-3.0,0.0,0.0,66.7,0.0,4.0,4.0,0.0,0.0,0.0,0.0,0.0,1,1,4.0,4.0,0.0,0.0,0.0,0.0,0.0,0,0,19.0,32.0,2.0,16.0,4,1,1.0,34.0,35.0,2.0,12.0,0,0,0.0,Sunday,993005484.0,5,32,19226.0,3.0,1,3,0.4666666666666667,0,
202511305,2025-11-30T13:00:00,1,2025,13,LAR,CAR,AWAY,28.0,31.0,59.0,Bank of America Stadium,7.0,14.0,0.0,7.0,0.0,24.0,44.0,24:44,22.0,9.0,12.0,1.0,51.0,379,7.4,4.0,21,152,7.2,2,28,18,227,2,2,8.1,12.6,64.3,83.48,5.0,2.0,40.0,0.0,0.0,0.0,6.0,4.0,0.0,0.0,1,5,1.0,1,2,16,2,3,1.0,56.0,56.0,3,0,-3,14.0,3.0,7.0,7.0,0.0,35.0,16.0,35:16,17.0,9.0,8.0,0.0,62.0,358,5.8,4.0,40,164,4.1,0,20,15,194,3,0,9.7,12.9,75.0,144.58,15.0,7.0,46.7,3.0,3.0,100.0,1.0,0.0,0.0,0.0,7,70,0.0,0,2,12,2,3,3.0,112.0,37.3,0,3.0,3.0,66.7,0.0,0.0,0.0,4.0,4.0,0.0,0.0,0.0,0.0,0.0,0,0,4.0,4.0,0.0,0.0,0.0,0.0,0.0,1,1,34.0,35.0,2.0,12.0,0,0,0.0,19.0,32.0,2.0,16.0,4,1,1.0,Sunday,993005483.0,32,5,19226.0,-3.0,0,-3,0.4,0,
202511308,2025-11-30T13:00:00,1,2025,13,CLE,SF,HOME,8.0,26.0,34.0,Huntington Bank Field,0.0,8.0,0.0,0.0,0.0,29.0,50.0,29:50,15.0,8.0,7.0,0.0,60.0,253,4.2,1.0,31,138,4.5,0,26,17,115,1,0,4.4,6.8,65.4,87.82,11.0,3.0,27.3,4.0,0.0,0.0,0.0,0.0,0.0,0.0,4,25,4.0,2,3,34,7,4,4.0,178.0,44.5,2,0,-2,7.0,3.0,7.0,9.0,0.0,30.0,10.0,30:10,19.0,7.0,11.0,1.0,64.0,252,3.9,3.0,33,91,2.8,2,30,16,161,1,0,5.4,10.1,53.3,80.0,17.0,11.0,64.7,0.0,0.0,0.0,5.0,3.0,0.0,0.0,3,11,0.0,0,1,7,6,5,5.0,178.0,35.6,0,2.0,2.0,0.0,0.0,60.0,0.0,0.0,0.0,0.0,0.0,0.0,1.0,1.0,0,0,2.0,2.0,0.0,2.0,0.0,0.0,0.0,2,2,27.0,39.0,1.0,7.0,3,0,0.0,36.0,27.0,3.0,34.0,1,1,2.0,Sunday,993005490.0,8,31,19227.0,-18.0,0,-2,0.2727272727272727,0,
202511308,2025-11-30T13:00:00,1,2025,13,SF,CLE,AWAY,26.0,8.0,34.0,Huntington Bank Field,7.0,3.0,7.0,9.0,0.0,30.0,10.0,30:10,19.0,7.0,11.0,1.0,64.0,252,3.9,3.0,33,91,2.8,2,30,16,161,1,0,5.4,10.1,53.3,80.0,17.0,11.0,64.7,0.0,0.0,0.0,5.0,3.0,0.0,0.0,3,11,0.0,0,1,7,6,5,5.0,178.0,35.6,0,2,2,0.0,8.0,0.0,0.0,0.0,29.0,50.0,29:50,15.0,8.0,7.0,0.0,60.0,253,4.2,1.0,31,138,4.5,0,26,17,115,1,0,4.4,6.8,65.4,87.82,11.0,3.0,27.3,4.0,0.0,0.0,0.0,0.0,0.0,0.0,4,25,4.0,2,3,34,7,4,4.0,178.0,44.5,2,0.0,-2.0,60.0,0.0,0.0,0.0,2.0,2.0,0.0,2.0,0.0,0.0,0.0,2,2,0.0,0.0,0.0,0.0,0.0,1.0,1.0,0,0,36.0,27.0,3.0,34.0,1,1,2.0,27.0,39.0,1.0,7.0,3,0,0.0,Sunday,993005489.0,31,8,19227.0,18.0,1,2,0.6470588235294118,0,
202511309,2025-11-27T16:30:00,1,2025,13,DAL,KC,HOME,31.0,28.0,59.0,AT&T Stadium,7.0,10.0,3.0,11.0,0.0,30.0,54.0,30:54,23.0,3.0,15.0,5.0,65.0,457,7.0,3.0,26,137,5.3,1,39,27,320,2,1,8.2,11.9,69.2,100.37,16.0,9.0,56.2,1.0,1.0,100.0,4.0,2.0,0.0,0.0,7,50,1.0,0,0,0,9,4,1.0,62.0,62.0,1,0,-1,14.0,0.0,0.0,14.0,0.0,29.0,6.0,29:06,19.0,7.0,12.0,0.0,60.0,362,6.0,4.0,23,119,5.2,0,34,23,243,4,0,7.1,10.6,67.6,127.45,13.0,5.0,38.5,3.0,3.0,100.0,3.0,3.0,0.0,0.0,10,119,1.0,0,3,18,6,2,5.0,215.0,43.0,0,1.0,1.0,50.0,0.0,100.0,0.0,2.0,2.0,0.0,2.0,1.0,0.0,0.0,3,3,4.0,4.0,0.0,0.0,0.0,0.0,0.0,0,0,30.0,30.0,3.0,18.0,1,1,0.0,34.0,26.0,0.0,0.0,6,1,0.0,Thursday,993005476.0,9,16,19051.0,3.0,1,-1,0.5625,0,
202511309,2025-11-27T16:30:00,1,2025,13,KC,DAL,AWAY,28.0,31.0,59.0,AT&T Stadium,14.0,0.0,0.0,14.0,0.0,29.0,6.0,29:06,19.0,7.0,12.0,0.0,60.0,362,6.0,4.0,23,119,5.2,0,34,23,243,4,0,7.1,10.6,67.6,127.45,13.0,5.0,38.5,3.0,3.0,100.0,3.0,3.0,0.0,0.0,10,119,1.0,0,3,18,6,2,5.0,215.0,43.0,0,1,1,7.0,10.0,3.0,11.0,0.0,30.0,54.0,30:54,23.0,3.0,15.0,5.0,65.0,457,7.0,3.0,26,137,5.3,1,39,27,320,2,1,8.2,11.9,69.2,100.37,16.0,9.0,56.2,1.0,1.0,100.0,4.0,2.0,0.0,0.0,7,50,1.0,0,0,0,9,4,1.0,62.0,62.0,1,0.0,-1.0,100.0,0.0,50.0,0.0,4.0,4.0,0.0,0.0,0.0,0.0,0.0,0,0,2.0,2.0,0.0,2.0,1.0,0.0,0.0,3,3,34.0,26.0,0.0,0.0,6,1,0.0,30.0,30.0,3.0,18.0,1,1,0.0,Thursday,993005475.0,16,9,19051.0,-3.0,0,1,0.3846153846153846,0,
202511311,2025-11-27T13:00:00,1,2025,13,DET,GB,HOME,24.0,31.0,55.0,Ford Field,0.0,14.0,7.0,3.0,0.0,31.0,6.0,31:06,20.0,7.0,12.0,1.0,60.0,352,5.9,3.0,30,119,4.0,1,27,20,233,2,0,8.6,11.6,74.1,124.46,13.0,8.0,61.5,2.0,0.0,0.0,3.0,2.0,0.0,0.0,5,22,1.0,0,3,23,2,1,2.0,85.0,42.5,0,0,0,3.0,14.0,14.0,0.0,0.0,28.0,54.0,28:54,18.0,5.0,11.0,2.0,60.0,359,6.0,4.0,30,125,4.2,0,30,18,234,4,0,7.8,13.0,60.0,124.17,12.0,6.0,50.0,3.0,3.0,100.0,2.0,2.0,0.0,0.0,3,20,2.0,0,0,0,7,7,2.0,134.0,67.0,0,0.0,0.0,66.7,0.0,100.0,0.0,3.0,3.0,0.0,0.0,0.0,0.0,0.0,1,1,4.0,4.0,0.0,0.0,0.0,0.0,0.0,1,1,29.0,24.0,0.0,0.0,5,1,0.0,35.0,31.0,3.0,23.0,2,0,0.0,Thursday,993005474.0,11,12,19224.0,-7.0,0,0,0.6153846153846154,0,
202511311,2025-11-27T13:00:00,1,2025,13,GB,DET,AWAY,31.0,24.0,55.0,Ford Field,3.0,14.0,14.0,0.0,0.0,28.0,54.0,28:54,18.0,5.0,11.0,2.0,60.0,359,6.0,4.0,30,125,4.2,0,30,18,234,4,0,7.8,13.0,60.0,124.17,12.0,6.0,50.0,3.0,3.0,100.0,2.0,2.0,0.0,0.0,3,20,2.0,0,0,0,7,7,2.0,134.0,67.0,0,0,0,0.0,14.0,7.0,3.0,0.0,31.0,6.0,31:06,20.0,7.0,12.0,1.0,60.0,352,5.9,3.0,30,119,4.0,1,27,20,233,2,0,8.6,11.6,74.1,124.46,13.0,8.0,61.5,2.0,0.0,0.0,3.0,2.0,0.0,0.0,5,22,1.0,0,3,23,2,1,2.0,85.0,42.5,0,0.0,0.0,100.0,0.0,66.7,0.0,4.0,4.0,0.0,0.0,0.0,0.0,0.0,1,1,3.0,3.0,0.0,0.0,0.0,0.0,0.0,1,1,35.0,31.0,3.0,23.0,2,0,0.0,29.0,24.0,0.0,0.0,5,1,0.0,Thursday,993005473.0,12,11,19224.0,7.0,1,0,0.5,0,
202511314,2025-11-30T13:00:00,1,2025,13,HOU,IND,AWAY,20.0,16.0,36.0,Lucas Oil Stadium,3.0,7.0,3.0,7.0,0.0,34.0,58.0,34:58,24.0,7.0,14.0,3.0,71.0,364,5.1,2.0,34,108,3.2,2,35,22,256,0,1,7.3,11.6,62.9,73.04,13.0,6.0,46.2,2.0,0.0,0.0,5.0,2.0,0.0,0.0,9,85,1.0,0,2,20,6,5,2.0,96.0,48.0,1,0,-1,0.0,6.0,7.0,3.0,0.0,25.0,2.0,25:02,17.0,5.0,9.0,3.0,51.0,281,5.5,2.0,23,86,3.7,0,27,14,195,2,0,7.2,13.9,51.9,100.08,10.0,3.0,30.0,2.0,0.0,0.0,4.0,2.0,0.0,0.0,5,33,2.0,0,1,6,5,4,4.0,189.0,47.2,0,1.0,1.0,40.0,0.0,50.0,0.0,2.0,2.0,0.0,0.0,0.0,0.0,0.0,2,2,2.0,1.0,0.0,0.0,0.0,0.0,0.0,1,1,22.0,30.0,1.0,6.0,4,0,0.0,35.0,38.0,2.0,20.0,5,1,0.0,Sunday,993005485.0,13,14,19228.0,4.0,1,-1,0.4615384615384615,0,
202511314,2025-11-30T13:00:00,1,2025,13,IND,HOU,HOME,16.0,20.0,36.0,Lucas Oil Stadium,0.0,6.0,7.0,3.0,0.0,25.0,2.0,25:02,17.0,5.0,9.0,3.0,51.0,281,5.5,2.0,23,86,3.7,0,27,14,195,2,0,7.2,13.9,51.9,100.08,10.0,3.0,30.0,2.0,0.0,0.0,4.0,2.0,0.0,0.0,5,33,2.0,0,1,6,5,4,4.0,189.0,47.2,0,1,1,3.0,7.0,3.0,7.0,0.0,34.0,58.0,34:58,24.0,7.0,14.0,3.0,71.0,364,5.1,2.0,34,108,3.2,2,35,22,256,0,1,7.3,11.6,62.9,73.04,13.0,6.0,46.2,2.0,0.0,0.0,5.0,2.0,0.0,0.0,9,85,1.0,0,2,20,6,5,2.0,96.0,48.0,1,0.0,-1.0,50.0,0.0,40.0,0.0,2.0,1.0,0.0,0.0,0.0,0.0,0.0,1,1,2.0,2.0,0.0,0.0,0.0,0.0,0.0,2,2,35.0,38.0,2.0,20.0,5,1,0.0,22.0,30.0,1.0,6.0,4,0,0.0,Sunday,993005486.0,14,13,19228.0,-4.0,0,1,0.3,0,
202511319,2025-11-30T13:00:00,1,2025,13,MIA,NO,HOME,21.0,17.0,38.0,Hard Rock Stadium,7.0,9.0,0.0,5.0,0.0,30.0,8.0,30:08,16.0,8.0,8.0,0.0,59.0,298,5.1,1.0,32,164,5.1,1,23,12,134,0,1,5.8,11.2,52.2,51.72,12.0,4.0,33.3,1.0,0.0,0.0,2.0,0.0,0.0,0.0,3,15,1.0,0,4,23,8,5,4.0,201.0,50.2,1,2,1,0.0,0.0,8.0,9.0,0.0,29.0,52.0,29:52,20.0,6.0,12.0,2.0,69.0,294,4.3,2.0,27,81,3.0,0,38,26,213,2,1,5.6,8.2,68.4,89.04,12.0,4.0,33.3,1.0,0.0,0.0,2.0,2.0,0.0,0.0,6,45,1.0,1,4,26,6,7,6.0,293.0,48.8,2,1.0,-1.0,0.0,0.0,100.0,0.0,1.0,1.0,0.0,0.0,0.0,0.0,0.0,4,4,0.0,0.0,0.0,2.0,0.0,1.0,1.0,1,1,37.0,35.0,4.0,26.0,6,1,1.0,29.0,32.0,4.0,23.0,3,0,0.0,Sunday,993005494.0,19,22,19229.0,4.0,1,1,0.3333333333333333,0,
202511319,2025-11-30T13:00:00,1,2025,13,NO,MIA,AWAY,17.0,21.0,38.0,Hard Rock Stadium,0.0,0.0,8.0,9.0,0.0,29.0,52.0,29:52,20.0,6.0,12.0,2.0,69.0,294,4.3,2.0,27,81,3.0,0,38,26,213,2,1,5.6,8.2,68.4,89.04,12.0,4.0,33.3,1.0,0.0,0.0,2.0,2.0,0.0,0.0,6,45,1.0,1,4,26,6,7,6.0,293.0,48.8,2,1,-1,7.0,9.0,0.0,5.0,0.0,30.0,8.0,30:08,16.0,8.0,8.0,0.0,59.0,298,5.1,1.0,32,164,5.1,1,23,12,134,0,1,5.8,11.2,52.2,51.72,12.0,4.0,33.3,1.0,0.0,0.0,2.0,0.0,0.0,0.0,3,15,1.0,0,4,23,8,5,4.0,201.0,50.2,1,2.0,1.0,100.0,0.0,0.0,0.0,0.0,0.0,0.0,2.0,0.0,1.0,1.0,1,1,1.0,1.0,0.0,0.0,0.0,0.0,0.0,4,4,29.0,32.0,4.0,23.0,3,0,0.0,37.0,35.0,4.0,26.0,6,1,1.0,Sunday,993005492.0,22,19,19229.0,-4.0,0,-1,0.3333333333333333,0,
202511321,2025-12-01T20:15:00,1,2025,13,NE,NYG,HOME,33.0,15.0,48.0,Gillette Stadium,17.0,13.0,0.0,3.0,0.0,33.0,26.0,33:26,21.0,7.0,14.0,0.0,63.0,395,6.3,3.0,29,119,4.1,0,31,24,276,2,0,8.9,11.5,77.4,125.2,13.0,6.0,46.2,1.0,1.0,100.0,5.0,1.0,0.0,0.0,3,30,0.0,0,3,6,7,5,2.0,54.0,27.0,0,1,1,0.0,7.0,0.0,8.0,0.0,26.0,34.0,26:34,14.0,9.0,4.0,1.0,53.0,239,4.5,2.0,27,111,4.1,1,24,17,128,1,0,5.3,7.5,70.8,97.22,11.0,4.0,36.4,3.0,0.0,0.0,0.0,0.0,0.0,0.0,4,30,1.0,1,2,11,5,5,4.0,199.0,49.8,1,0.0,-1.0,20.0,0.0,0.0,0.0,3.0,3.0,0.0,0.0,0.0,0.0,0.0,5,4,1.0,1.0,0.0,2.0,1.0,0.0,0.0,0,0,30.0,26.0,2.0,11.0,7,1,1.0,43.0,23.0,3.0,6.0,4,0,0.0,Monday,993005504.0,21,23,19237.0,18.0,1,1,0.4615384615384615,0,
202511321,2025-12-01T20:15:00,1,2025,13,NYG,NE,AWAY,15.0,33.0,48.0,Gillette Stadium,0.0,7.0,0.0,8.0,0.0,26.0,34.0,26:34,14.0,9.0,4.0,1.0,53.0,239,4.5,2.0,27,111,4.1,1,24,17,128,1,0,5.3,7.5,70.8,97.22,11.0,4.0,36.4,3.0,0.0,0.0,0.0,0.0,0.0,0.0,4,30,1.0,1,2,11,5,5,4.0,199.0,49.8,1,0,-1,17.0,13.0,0.0,3.0,0.0,33.0,26.0,33:26,21.0,7.0,14.0,0.0,63.0,395,6.3,3.0,29,119,4.1,0,31,24,276,2,0,8.9,11.5,77.4,125.2,13.0,6.0,46.2,1.0,1.0,100.0,5.0,1.0,0.0,0.0,3,30,0.0,0,3,6,7,5,2.0,54.0,27.0,0,1.0,1.0,0.0,0.0,20.0,0.0,1.0,1.0,0.0,2.0,1.0,0.0,0.0,0,0,3.0,3.0,0.0,0.0,0.0,0.0,0.0,5,4,43.0,23.0,3.0,6.0,4,0,0.0,30.0,26.0,2.0,11.0,7,1,1.0,Monday,993005503.0,23,21,19237.0,-18.0,0,-1,0.3636363636363636,0,
202511324,2025-11-30T13:00:00,1,2025,13,ATL,NYJ,AWAY,24.0,27.0,51.0,MetLife Stadium,0.0,7.0,10.0,7.0,0.0,32.0,55.0,32:55,25.0,11.0,12.0,2.0,67.0,389,5.8,3.0,32,167,5.2,2,33,21,222,1,0,6.7,10.6,63.6,93.24,12.0,4.0,33.3,0.0,0.0,0.0,3.0,3.0,0.0,0.0,1,27,1.0,1,2,12,6,7,6.0,233.0,38.8,1,0,-1,0.0,7.0,7.0,13.0,0.0,27.0,5.0,27:05,16.0,7.0,8.0,1.0,63.0,269,4.3,3.0,28,110,3.9,2,33,19,159,1,0,4.8,8.4,57.6,80.24,16.0,7.0,43.8,1.0,1.0,100.0,3.0,2.0,0.0,0.0,9,59,0.0,0,2,13,7,7,6.0,296.0,49.3,0,1.0,1.0,100.0,0.0,66.7,0.0,3.0,3.0,0.0,0.0,0.0,0.0,0.0,2,1,3.0,3.0,0.0,0.0,0.0,0.0,0.0,3,2,34.0,21.0,2.0,13.0,3,0,0.0,36.0,32.0,2.0,12.0,7,0,1.0,Sunday,993005487.0,2,24,19230.0,-3.0,0,-1,0.3333333333333333,0,
202511324,2025-11-30T13:00:00,1,2025,13,NYJ,ATL,HOME,27.0,24.0,51.0,MetLife Stadium,0.0,7.0,7.0,13.0,0.0,27.0,5.0,27:05,16.0,7.0,8.0,1.0,63.0,269,4.3,3.0,28,110,3.9,2,33,19,159,1,0,4.8,8.4,57.6,80.24,16.0,7.0,43.8,1.0,1.0,100.0,3.0,2.0,0.0,0.0,9,59,0.0,0,2,13,7,7,6.0,296.0,49.3,0,1,1,0.0,7.0,10.0,7.0,0.0,32.0,55.0,32:55,25.0,11.0,12.0,2.0,67.0,389,5.8,3.0,32,167,5.2,2,33,21,222,1,0,6.7,10.6,63.6,93.24,12.0,4.0,33.3,0.0,0.0,0.0,3.0,3.0,0.0,0.0,1,27,1.0,1,2,12,6,7,6.0,233.0,38.8,1,0.0,-1.0,66.7,0.0,100.0,0.0,3.0,3.0,0.0,0.0,0.0,0.0,0.0,3,2,3.0,3.0,0.0,0.0,0.0,0.0,0.0,2,1,36.0,32.0,2.0,12.0,7,0,1.0,34.0,21.0,2.0,13.0,3,0,0.0,Sunday,993005488.0,24,2,19230.0,3.0,1,1,0.4375,0,
202511326,2025-11-28T15:00:00,1,2025,13,CHI,PHI,AWAY,24.0,15.0,39.0,Lincoln Financial Field,7.0,3.0,0.0,14.0,0.0,39.0,18.0,39:18,28.0,17.0,10.0,1.0,85.0,425,5.0,3.0,47,281,6.0,2,36,17,144,1,1,4.0,8.5,47.2,55.79,17.0,10.0,58.8,3.0,1.0,33.3,3.0,2.0,0.0,0.0,4,35,0.0,0,2,10,1,1,3.0,127.0,42.3,1,2,1,0.0,3.0,6.0,6.0,0.0,20.0,42.0,20:42,14.0,2.0,11.0,1.0,51.0,317,6.2,2.0,17,87,5.1,0,34,19,230,2,1,6.8,12.1,55.9,84.19,12.0,4.0,33.3,0.0,0.0,0.0,2.0,1.0,0.0,0.0,7,44,2.0,1,0,0,6,2,5.0,245.0,49.0,2,1.0,-1.0,66.7,0.0,50.0,0.0,3.0,3.0,0.0,0.0,0.0,0.0,0.0,1,1,1.0,0.0,0.0,2.0,0.0,0.0,0.0,2,1,24.0,16.0,0.0,0.0,3,1,1.0,42.0,39.0,2.0,10.0,7,0,0.0,Friday,993005479.0,6,26,19042.0,9.0,1,1,0.5882352941176471,0,
202511326,2025-11-28T15:00:00,1,2025,13,PHI,CHI,HOME,15.0,24.0,39.0,Lincoln Financial Field,0.0,3.0,6.0,6.0,0.0,20.0,42.0,20:42,14.0,2.0,11.0,1.0,51.0,317,6.2,2.0,17,87,5.1,0,34,19,230,2,1,6.8,12.1,55.9,84.19,12.0,4.0,33.3,0.0,0.0,0.0,2.0,1.0,0.0,0.0,7,44,2.0,1,0,0,6,2,5.0,245.0,49.0,2,1,-1,7.0,3.0,0.0,14.0,0.0,39.0,18.0,39:18,28.0,17.0,10.0,1.0,85.0,425,5.0,3.0,47,281,6.0,2,36,17,144,1,1,4.0,8.5,47.2,55.79,17.0,10.0,58.8,3.0,1.0,33.3,3.0,2.0,0.0,0.0,4,35,0.0,0,2,10,1,1,3.0,127.0,42.3,1,2.0,1.0,50.0,0.0,66.7,0.0,1.0,0.0,0.0,2.0,0.0,0.0,0.0,2,1,3.0,3.0,0.0,0.0,0.0,0.0,0.0,1,1,42.0,39.0,2.0,10.0,7,0,0.0,24.0,16.0,0.0,0.0,3,1,1.0,Friday,993005480.0,26,6,19042.0,-9.0,0,-1,0.3333333333333333,0,
202511328,2025-11-30T16:25:00,1,2025,13,BUF,PIT,AWAY,26.0,7.0,33.0,Acrisure Stadium,0.0,3.0,13.0,10.0,0.0,41.0,59.0,41:59,26.0,16.0,9.0,1.0,74.0,372,5.0,3.0,51,249,4.9,1,23,15,123,1,1,5.3,8.2,65.2,75.09,15.0,8.0,53.3,2.0,2.0,100.0,4.0,2.0,0.0,0.0,7,45,2.0,1,0,0,2,4,2.0,99.0,49.5,2,2,0,0.0,7.0,0.0,0.0,0.0,18.0,1.0,18:01,10.0,5.0,4.0,1.0,43.0,166,3.9,1.0,18,58,3.2,1,24,10,108,0,1,4.5,10.8,41.7,38.19,9.0,3.0,33.3,1.0,0.0,0.0,2.0,1.0,0.0,0.0,5,67,2.0,1,1,9,1,4,4.0,161.0,40.2,2,2.0,0.0,50.0,0.0,50.0,0.0,3.0,2.0,0.0,0.0,0.0,0.0,0.0,2,2,1.0,1.0,0.0,0.0,0.0,0.0,0.0,0,0,16.0,23.0,1.0,9.0,4,1,1.0,42.0,46.0,0.0,0.0,3,2,1.0,Sunday,993005499.0,4,28,19235.0,19.0,1,0,0.5333333333333333,0,
202511328,2025-11-30T16:25:00,1,2025,13,PIT,BUF,HOME,7.0,26.0,33.0,Acrisure Stadium,0.0,7.0,0.0,0.0,0.0,18.0,1.0,18:01,10.0,5.0,4.0,1.0,43.0,166,3.9,1.0,18,58,3.2,1,24,10,108,0,1,4.5,10.8,41.7,38.19,9.0,3.0,33.3,1.0,0.0,0.0,2.0,1.0,0.0,0.0,5,67,2.0,1,1,9,1,4,4.0,161.0,40.2,2,2,0,0.0,3.0,13.0,10.0,0.0,41.0,59.0,41:59,26.0,16.0,9.0,1.0,74.0,372,5.0,3.0,51,249,4.9,1,23,15,123,1,1,5.3,8.2,65.2,75.09,15.0,8.0,53.3,2.0,2.0,100.0,4.0,2.0,0.0,0.0,7,45,2.0,1,0,0,2,4,2.0,99.0,49.5,2,2.0,0.0,50.0,0.0,50.0,0.0,1.0,1.0,0.0,0.0,0.0,0.0,0.0,0,0,3.0,2.0,0.0,0.0,0.0,0.0,0.0,2,2,42.0,46.0,0.0,0.0,3,2,1.0,16.0,23.0,1.0,9.0,4,1,1.0,Sunday,993005500.0,28,4,19235.0,-19.0,0,0,0.3333333333333333,0,
202511329,2025-11-30T16:25:00,1,2025,13,LAC,LV,HOME,31.0,14.0,45.0,SoFi Stadium,7.0,0.0,14.0,10.0,0.0,35.0,48.0,35:48,22.0,8.0,11.0,3.0,67.0,341,5.1,4.0,43,192,4.5,2,21,16,149,2,1,7.1,9.3,76.2,107.04,17.0,12.0,70.6,1.0,0.0,0.0,5.0,3.0,0.0,0.0,4,27,0.0,0,3,11,9,8,2.0,115.0,57.5,1,1,0,0.0,7.0,0.0,7.0,0.0,24.0,12.0,24:12,12.0,1.0,9.0,2.0,46.0,156,3.4,2.0,18,31,1.7,0,23,18,125,2,1,5.4,6.9,78.3,100.18,8.0,2.0,25.0,2.0,0.0,0.0,2.0,2.0,0.0,0.0,4,50,1.0,0,5,40,4,7,4.0,186.0,46.5,1,1.0,0.0,60.0,0.0,100.0,0.0,4.0,4.0,0.0,0.0,0.0,0.0,0.0,1,1,2.0,2.0,0.0,0.0,0.0,0.0,0.0,0,0,31.0,14.0,5.0,40.0,5,1,0.0,39.0,34.0,3.0,11.0,1,0,0.0,Sunday,993005498.0,29,25,19234.0,17.0,1,0,0.7058823529411765,0,
202511329,2025-11-30T16:25:00,1,2025,13,LV,LAC,AWAY,14.0,31.0,45.0,SoFi Stadium,0.0,7.0,0.0,7.0,0.0,24.0,12.0,24:12,12.0,1.0,9.0,2.0,46.0,156,3.4,2.0,18,31,1.7,0,23,18,125,2,1,5.4,6.9,78.3,100.18,8.0,2.0,25.0,2.0,0.0,0.0,2.0,2.0,0.0,0.0,4,50,1.0,0,5,40,4,7,4.0,186.0,46.5,1,1,0,7.0,0.0,14.0,10.0,0.0,35.0,48.0,35:48,22.0,8.0,11.0,3.0,67.0,341,5.1,4.0,43,192,4.5,2,21,16,149,2,1,7.1,9.3,76.2,107.04,17.0,12.0,70.6,1.0,0.0,0.0,5.0,3.0,0.0,0.0,4,27,0.0,0,3,11,9,8,2.0,115.0,57.5,1,1.0,0.0,100.0,0.0,60.0,0.0,2.0,2.0,0.0,0.0,0.0,0.0,0.0,0,0,4.0,4.0,0.0,0.0,0.0,0.0,0.0,1,1,39.0,34.0,3.0,11.0,1,0,0.0,31.0,14.0,5.0,40.0,5,1,0.0,Sunday,993005497.0,25,29,19234.0,-17.0,0,0,0.25,0,
202511330,2025-11-30T16:05:00,1,2025,13,MIN,SEA,AWAY,0.0,26.0,26.0,Lumen Field,0.0,0.0,0.0,0.0,0.0,25.0,39.0,25:39,11.0,3.0,6.0,2.0,50.0,162,3.2,0.0,16,66,4.1,0,30,19,96,0,4,3.2,5.1,63.3,28.61,10.0,2.0,20.0,2.0,0.0,0.0,1.0,0.0,0.0,0.0,10,80,2.0,1,4,30,5,7,5.0,252.0,50.4,5,2,-3,0.0,13.0,6.0,7.0,0.0,34.0,21.0,34:21,17.0,8.0,8.0,1.0,62.0,219,3.5,2.0,32,125,3.9,1,26,14,94,0,0,3.6,6.7,53.8,62.02,15.0,6.0,40.0,1.0,1.0,100.0,2.0,1.0,0.0,0.0,4,25,3.0,2,4,34,7,4,4.0,203.0,50.8,2,5.0,3.0,0.0,0.0,50.0,0.0,0.0,0.0,0.0,0.0,0.0,0.0,0.0,0,0,2.0,2.0,0.0,0.0,0.0,0.0,0.0,4,4,35.0,28.0,4.0,34.0,6,3,2.0,29.0,21.0,4.0,30.0,6,2,1.0,Sunday,993005495.0,20,30,19233.0,-26.0,0,-3,0.2,0,
202511330,2025-11-30T16:05:00,1,2025,13,SEA,MIN,HOME,26.0,0.0,26.0,Lumen Field,0.0,13.0,6.0,7.0,0.0,34.0,21.0,34:21,17.0,8.0,8.0,1.0,62.0,219,3.5,2.0,32,125,3.9,1,26,14,94,0,0,3.6,6.7,53.8,62.02,15.0,6.0,40.0,1.0,1.0,100.0,2.0,1.0,0.0,0.0,4,25,3.0,2,4,34,7,4,4.0,203.0,50.8,2,5,3,0.0,0.0,0.0,0.0,0.0,25.0,39.0,25:39,11.0,3.0,6.0,2.0,50.0,162,3.2,0.0,16,66,4.1,0,30,19,96,0,4,3.2,5.1,63.3,28.61,10.0,2.0,20.0,2.0,0.0,0.0,1.0,0.0,0.0,0.0,10,80,2.0,1,4,30,5,7,5.0,252.0,50.4,5,2.0,-3.0,50.0,0.0,0.0,0.0,2.0,2.0,0.0,0.0,0.0,0.0,0.0,4,4,0.0,0.0,0.0,0.0,0.0,0.0,0.0,0,0,29.0,21.0,4.0,30.0,6,2,1.0,35.0,28.0,4.0,34.0,6,3,2.0,Sunday,993005496.0,30,20,19233.0,26.0,1,3,0.4,0,
202511333,2025-11-30T13:00:00,1,2025,13,ARI,TB,AWAY,17.0,20.0,37.0,Raymond James Stadium,0.0,3.0,7.0,7.0,0.0,29.0,34.0,29:34,22.0,6.0,16.0,0.0,61.0,386,6.3,2.0,19,95,5.0,0,40,29,291,2,1,7.3,10.0,72.5,99.06,8.0,3.0,37.5,2.0,0.0,0.0,2.0,2.0,0.0,0.0,4,33,1.0,1,2,10,1,5,2.0,92.0,46.0,2,0,-2,0.0,10.0,7.0,3.0,0.0,30.0,26.0,30:26,13.0,5.0,8.0,0.0,57.0,279,4.9,2.0,27,95,3.5,1,28,18,184,1,0,6.6,10.2,64.3,94.94,16.0,7.0,43.8,1.0,1.0,100.0,4.0,2.0,0.0,0.0,5,40,1.0,0,2,10,7,3,5.0,240.0,48.0,0,2.0,2.0,100.0,0.0,50.0,0.0,2.0,2.0,0.0,0.0,0.0,0.0,0.0,2,1,2.0,2.0,0.0,0.0,0.0,0.0,0.0,2,2,27.0,35.0,2.0,10.0,3,1,0.0,36.0,25.0,2.0,10.0,3,1,1.0,Sunday,993005491.0,1,33,19231.0,-3.0,0,-2,0.375,0,
202511333,2025-11-30T13:00:00,1,2025,13,TB,ARI,HOME,20.0,17.0,37.0,Raymond James Stadium,0.0,10.0,7.0,3.0,0.0,30.0,26.0,30:26,13.0,5.0,8.0,0.0,57.0,279,4.9,2.0,27,95,3.5,1,28,18,184,1,0,6.6,10.2,64.3,94.94,16.0,7.0,43.8,1.0,1.0,100.0,4.0,2.0,0.0,0.0,5,40,1.0,0,2,10,7,3,5.0,240.0,48.0,0,2,2,0.0,3.0,7.0,7.0,0.0,29.0,34.0,29:34,22.0,6.0,16.0,0.0,61.0,386,6.3,2.0,19,95,5.0,0,40,29,291,2,1,7.3,10.0,72.5,99.06,8.0,3.0,37.5,2.0,0.0,0.0,2.0,2.0,0.0,0.0,4,33,1.0,1,2,10,1,5,2.0,92.0,46.0,2,0.0,-2.0,50.0,0.0,100.0,0.0,2.0,2.0,0.0,0.0,0.0,0.0,0.0,2,2,2.0,2.0,0.0,0.0,0.0,0.0,0.0,2,1,36.0,25.0,2.0,10.0,3,1,1.0,27.0,35.0,2.0,10.0,3,1,0.0,Sunday,993005493.0,33,1,19231.0,3.0,1,2,0.4375,0,
202511334,2025-11-30T13:00:00,1,2025,13,JAX,TEN,AWAY,25.0,3.0,28.0,Nissan Stadium,7.0,11.0,7.0,0.0,0.0,31.0,26.0,31:26,20.0,3.0,13.0,4.0,57.0,272,4.8,3.0,27,70,2.6,1,27,16,202,2,0,7.5,12.6,59.3,107.33,13.0,3.0,23.1,1.0,1.0,100.0,2.0,2.0,0.0,0.0,13,98,0.0,0,3,27,5,4,7.0,313.0,44.7,0,2,2,3.0,0.0,0.0,0.0,0.0,28.0,34.0,28:34,11.0,5.0,4.0,2.0,55.0,188,3.4,0.0,14,67,4.8,0,38,24,121,0,0,3.2,5.0,63.2,67.98,12.0,2.0,16.7,4.0,1.0,25.0,1.0,0.0,0.0,0.0,10,86,3.0,2,3,20,5,5,5.0,232.0,46.4,2,0.0,-2.0,100.0,0.0,0.0,0.0,2.0,2.0,0.0,0.0,0.0,1.0,1.0,1,1,0.0,0.0,0.0,0.0,0.0,0.0,0.0,1,1,31.0,20.0,3.0,20.0,3,3,2.0,29.0,23.0,3.0,27.0,2,0,0.0,Sunday,993005481.0,15,34,19232.0,22.0,1,2,0.2307692307692307,0,
202511334,2025-11-30T13:00:00,1,2025,13,TEN,JAX,HOME,3.0,25.0,28.0,Nissan Stadium,3.0,0.0,0.0,0.0,0.0,28.0,34.0,28:34,11.0,5.0,4.0,2.0,55.0,188,3.4,0.0,14,67,4.8,0,38,24,121,0,0,3.2,5.0,63.2,67.98,12.0,2.0,16.7,4.0,1.0,25.0,1.0,0.0,0.0,0.0,10,86,3.0,2,3,20,5,5,5.0,232.0,46.4,2,0,-2,7.0,11.0,7.0,0.0,0.0,31.0,26.0,31:26,20.0,3.0,13.0,4.0,57.0,272,4.8,3.0,27,70,2.6,1,27,16,202,2,0,7.5,12.6,59.3,107.33,13.0,3.0,23.1,1.0,1.0,100.0,2.0,2.0,0.0,0.0,13,98,0.0,0,3,27,5,4,7.0,313.0,44.7,0,2.0,2.0,0.0,0.0,100.0,0.0,0.0,0.0,0.0,0.0,0.0,0.0,0.0,1,1,2.0,2.0,0.0,0.0,0.0,1.0,1.0,1,1,29.0,23.0,3.0,27.0,2,0,0.0,31.0,20.0,3.0,20.0,3,3,2.0,Sunday,993005482.0,34,15,19232.0,-22.0,0,-2,0.1666666666666666,0,
202511335,2025-11-30T20:20:00,1,2025,13,DEN,WAS,AWAY,27.0,26.0,53.0,Northwest Stadium,3.0,10.0,7.0,0.0,7.0,32.0,13.0,32:13,23.0,6.0,17.0,0.0,69.0,402,5.8,3.0,23,87,3.8,2,45,29,315,1,1,7.0,10.9,64.4,83.1,15.0,7.0,46.7,1.0,1.0,100.0,5.0,3.0,0.0,0.0,5,33,1.0,0,1,6,6,8,4.0,181.0,45.2,1,1,0,0.0,7.0,7.0,6.0,6.0,35.0,0.0,35:00,30.0,10.0,17.0,3.0,85.0,419,4.9,3.0,33,143,4.3,1,50,28,276,2,1,5.5,9.9,56.0,76.75,17.0,8.0,47.1,3.0,3.0,100.0,5.0,3.0,0.0,0.0,5,35,2.0,0,2,18,4,2,4.0,169.0,42.2,1,1.0,0.0,60.0,0.0,60.0,0.0,3.0,3.0,0.0,0.0,0.0,0.0,0.0,2,2,2.0,2.0,0.0,2.0,0.0,0.0,0.0,2,2,47.0,27.0,2.0,18.0,9,2,0.0,32.0,38.0,1.0,6.0,5,1,0.0,Sunday,993005501.0,10,35,19236.0,1.0,1,0,0.4666666666666667,0,
202511335,2025-11-30T20:20:00,1,2025,13,WAS,DEN,HOME,26.0,27.0,53.0,Northwest Stadium,0.0,7.0,7.0,6.0,6.0,35.0,0.0,35:00,30.0,10.0,17.0,3.0,85.0,419,4.9,3.0,33,143,4.3,1,50,28,276,2,1,5.5,9.9,56.0,76.75,17.0,8.0,47.1,3.0,3.0,100.0,5.0,3.0,0.0,0.0,5,35,2.0,0,2,18,4,2,4.0,169.0,42.2,1,1,0,3.0,10.0,7.0,0.0,7.0,32.0,13.0,32:13,23.0,6.0,17.0,0.0,69.0,402,5.8,3.0,23,87,3.8,2,45,29,315,1,1,7.0,10.9,64.4,83.1,15.0,7.0,46.7,1.0,1.0,100.0,5.0,3.0,0.0,0.0,5,33,1.0,0,1,6,6,8,4.0,181.0,45.2,1,1.0,0.0,60.0,0.0,60.0,0.0,2.0,2.0,0.0,2.0,0.0,0.0,0.0,2,2,3.0,3.0,0.0,0.0,0.0,0.0,0.0,2,2,32.0,38.0,1.0,6.0,5,1,0.0,47.0,27.0,2.0,18.0,9,2,0.0,Sunday,993005502.0,35,10,19236.0,-1.0,0,0,0.4705882352941176,0,
202511401,2025-12-07T16:25:00,1,2025,14,ARI,LAR,HOME,17.0,45.0,62.0,State Farm Stadium,7.0,3.0,0.0,7.0,0.0,24.0,56.0,24:56,17.0,2.0,15.0,0.0,61.0,314,5.1,2.0,14,51,3.6,0,44,25,263,2,1,6.0,10.5,56.8,80.02,12.0,4.0,33.3,1.0,0.0,0.0,4.0,2.0,0.0,0.0,7,42,0.0,0,3,8,2,0,5.0,271.0,54.2,1,0,-1,10.0,14.0,14.0,7.0,0.0,35.0,4.0,35:04,30.0,15.0,13.0,2.0,67.0,530,7.9,6.0,36,249,6.9,3,31,22,281,3,0,9.1,12.8,71.0,131.25,8.0,3.0,37.5,0.0,0.0,0.0,4.0,3.0,0.0,0.0,5,30,0.0,0,0,0,11,1,3.0,140.0,46.7,0,1.0,1.0,50.0,0.0,75.0,0.0,2.0,2.0,0.0,0.0,0.0,0.0,0.0,2,1,6.0,6.0,0.0,0.0,0.0,0.0,0.0,1,1,28.0,42.0,0.0,0.0,2,0,0.0,31.0,16.0,3.0,8.0,6,0,0.0,Sunday,993005526.0,1,32,19248.0,-28.0,0,-1,0.3333333333333333,0,
202511401,2025-12-07T16:25:00,1,2025,14,LAR,ARI,AWAY,45.0,17.0,62.0,State Farm Stadium,10.0,14.0,14.0,7.0,0.0,35.0,4.0,35:04,30.0,15.0,13.0,2.0,67.0,530,7.9,6.0,36,249,6.9,3,31,22,281,3,0,9.1,12.8,71.0,131.25,8.0,3.0,37.5,0.0,0.0,0.0,4.0,3.0,0.0,0.0,5,30,0.0,0,0,0,11,1,3.0,140.0,46.7,0,1,1,7.0,3.0,0.0,7.0,0.0,24.0,56.0,24:56,17.0,2.0,15.0,0.0,61.0,314,5.1,2.0,14,51,3.6,0,44,25,263,2,1,6.0,10.5,56.8,80.02,12.0,4.0,33.3,1.0,0.0,0.0,4.0,2.0,0.0,0.0,7,42,0.0,0,3,8,2,0,5.0,271.0,54.2,1,0.0,-1.0,75.0,0.0,50.0,0.0,6.0,6.0,0.0,0.0,0.0,0.0,0.0,1,1,2.0,2.0,0.0,0.0,0.0,0.0,0.0,2,1,31.0,16.0,3.0,8.0,6,0,0.0,28.0,42.0,0.0,0.0,2,0,0.0,Sunday,993005525.0,32,1,19248.0,28.0,1,1,0.375,0,
202511402,2025-12-07T13:00:00,1,2025,14,ATL,SEA,HOME,9.0,37.0,46.0,Mercedes-Benz Stadium,3.0,3.0,0.0,3.0,0.0,28.0,40.0,28:40,15.0,6.0,6.0,3.0,62.0,274,4.4,0.0,31,120,3.9,0,30,15,154,0,2,5.1,10.3,50.0,37.36,13.0,1.0,7.7,2.0,1.0,50.0,4.0,0.0,0.0,0.0,8,56,1.0,1,1,8,3,7,2.0,84.0,42.0,3,1,-2,3.0,3.0,17.0,14.0,0.0,31.0,20.0,31:20,20.0,6.0,11.0,3.0,58.0,365,6.3,4.0,26,129,5.0,0,30,20,236,3,1,7.9,11.8,66.7,109.86,13.0,6.0,46.2,0.0,0.0,0.0,4.0,2.0,0.0,0.0,6,60,2.0,0,2,13,7,3,3.0,148.0,49.3,1,3.0,2.0,0.0,0.0,50.0,0.0,0.0,0.0,0.0,0.0,0.0,0.0,0.0,4,3,4.0,4.0,0.0,0.0,0.0,0.0,0.0,3,3,35.0,22.0,2.0,13.0,3,1,0.0,33.0,29.0,1.0,8.0,10,1,1.0,Sunday,993005518.0,2,30,19239.0,-28.0,0,-2,0.0769230769230769,0,
202511402,2025-12-07T13:00:00,1,2025,14,SEA,ATL,AWAY,37.0,9.0,46.0,Mercedes-Benz Stadium,3.0,3.0,17.0,14.0,0.0,31.0,20.0,31:20,20.0,6.0,11.0,3.0,58.0,365,6.3,4.0,26,129,5.0,0,30,20,236,3,1,7.9,11.8,66.7,109.86,13.0,6.0,46.2,0.0,0.0,0.0,4.0,2.0,0.0,0.0,6,60,2.0,0,2,13,7,3,3.0,148.0,49.3,1,3,2,3.0,3.0,0.0,3.0,0.0,28.0,40.0,28:40,15.0,6.0,6.0,3.0,62.0,274,4.4,0.0,31,120,3.9,0,30,15,154,0,2,5.1,10.3,50.0,37.36,13.0,1.0,7.7,2.0,1.0,50.0,4.0,0.0,0.0,0.0,8,56,1.0,1,1,8,3,7,2.0,84.0,42.0,3,1.0,-2.0,50.0,0.0,0.0,0.0,4.0,4.0,0.0,0.0,0.0,0.0,0.0,3,3,0.0,0.0,0.0,0.0,0.0,0.0,0.0,4,3,33.0,29.0,1.0,8.0,10,1,1.0,35.0,22.0,2.0,13.0,3,1,0.0,Sunday,993005517.0,30,2,19239.0,28.0,1,2,0.4615384615384615,0,
202511403,2025-12-07T13:00:00,1,2025,14,BAL,PIT,HOME,22.0,27.0,49.0,M&T Bank Stadium,3.0,6.0,7.0,6.0,0.0,33.0,44.0,33:44,22.0,10.0,9.0,3.0,77.0,420,5.5,2.0,40,217,5.4,1,35,19,203,1,1,5.8,10.7,54.3,69.11,18.0,7.0,38.9,4.0,3.0,75.0,6.0,2.0,0.0,0.0,5,39,0.0,0,2,16,1,3,2.0,102.0,51.0,1,0,-1,7.0,10.0,10.0,0.0,0.0,26.0,16.0,26:16,13.0,4.0,7.0,2.0,51.0,318,6.2,3.0,17,34,2.0,2,34,23,284,1,0,8.4,12.3,67.6,103.06,14.0,6.0,42.9,1.0,1.0,100.0,4.0,2.0,0.0,0.0,7,33,0.0,0,0,0,5,5,4.0,197.0,49.2,0,1.0,1.0,33.3,0.0,50.0,0.0,2.0,1.0,0.0,0.0,0.0,0.0,0.0,3,3,3.0,3.0,0.0,0.0,0.0,0.0,0.0,2,2,25.0,24.0,0.0,0.0,5,0,0.0,44.0,26.0,2.0,16.0,5,0,0.0,Sunday,993005508.0,3,28,19240.0,-5.0,0,-1,0.3888888888888889,0,
202511403,2025-12-07T13:00:00,1,2025,14,PIT,BAL,AWAY,27.0,22.0,49.0,M&T Bank Stadium,7.0,10.0,10.0,0.0,0.0,26.0,16.0,26:16,13.0,4.0,7.0,2.0,51.0,318,6.2,3.0,17,34,2.0,2,34,23,284,1,0,8.4,12.3,67.6,103.06,14.0,6.0,42.9,1.0,1.0,100.0,4.0,2.0,0.0,0.0,7,33,0.0,0,0,0,5,5,4.0,197.0,49.2,0,1,1,3.0,6.0,7.0,6.0,0.0,33.0,44.0,33:44,22.0,10.0,9.0,3.0,77.0,420,5.5,2.0,40,217,5.4,1,35,19,203,1,1,5.8,10.7,54.3,69.11,18.0,7.0,38.9,4.0,3.0,75.0,6.0,2.0,0.0,0.0,5,39,0.0,0,2,16,1,3,2.0,102.0,51.0,1,0.0,-1.0,50.0,0.0,33.3,0.0,3.0,3.0,0.0,0.0,0.0,0.0,0.0,2,2,2.0,1.0,0.0,0.0,0.0,0.0,0.0,3,3,44.0,26.0,2.0,16.0,5,0,0.0,25.0,24.0,0.0,0.0,5,0,0.0,Sunday,993005507.0,28,3,19240.0,5.0,1,1,0.4285714285714285,0,
202511404,2025-12-07T13:00:00,1,2025,14,BUF,CIN,HOME,39.0,34.0,73.0,Highmark Stadium,3.0,8.0,7.0,21.0,0.0,31.0,48.0,31:48,22.0,7.0,13.0,2.0,60.0,416,6.9,5.0,29,183,6.3,1,28,22,233,3,0,8.3,10.6,78.6,137.05,11.0,6.0,54.5,4.0,3.0,75.0,5.0,3.0,0.0,0.0,6,68,2.0,1,3,18,5,2,0.0,0.0,0.0,1,2,1,7.0,14.0,0.0,13.0,0.0,28.0,12.0,28:12,25.0,4.0,18.0,3.0,56.0,338,6.0,5.0,19,62,3.3,1,36,25,276,4,2,7.7,11.0,69.4,105.79,12.0,10.0,83.3,0.0,0.0,0.0,3.0,3.0,0.0,0.0,4,30,0.0,0,1,8,5,5,2.0,79.0,39.5,2,1.0,-1.0,60.0,0.0,100.0,0.0,4.0,4.0,0.0,2.0,1.0,0.0,0.0,1,1,4.0,4.0,0.0,1.0,0.0,0.0,0.0,0,0,27.0,26.0,1.0,8.0,7,0,0.0,33.0,27.0,3.0,18.0,3,2,1.0,Sunday,993005516.0,4,7,19249.0,5.0,1,1,0.5454545454545454,0,
202511404,2025-12-07T13:00:00,1,2025,14,CIN,BUF,AWAY,34.0,39.0,73.0,Highmark Stadium,7.0,14.0,0.0,13.0,0.0,28.0,12.0,28:12,25.0,4.0,18.0,3.0,56.0,338,6.0,5.0,19,62,3.3,1,36,25,276,4,2,7.7,11.0,69.4,105.79,12.0,10.0,83.3,0.0,0.0,0.0,3.0,3.0,0.0,0.0,4,30,0.0,0,1,8,5,5,2.0,79.0,39.5,2,1,-1,3.0,8.0,7.0,21.0,0.0,31.0,48.0,31:48,22.0,7.0,13.0,2.0,60.0,416,6.9,5.0,29,183,6.3,1,28,22,233,3,0,8.3,10.6,78.6,137.05,11.0,6.0,54.5,4.0,3.0,75.0,5.0,3.0,0.0,0.0,6,68,2.0,1,3,18,5,2,0.0,0.0,0.0,1,2.0,1.0,100.0,0.0,60.0,0.0,4.0,4.0,0.0,1.0,0.0,0.0,0.0,0,0,4.0,4.0,0.0,2.0,1.0,0.0,0.0,1,1,33.0,27.0,3.0,18.0,3,2,1.0,27.0,26.0,1.0,8.0,7,0,0.0,Sunday,993005515.0,7,4,19249.0,-5.0,0,-1,0.8333333333333334,0,
202511408,2025-12-07T13:00:00,1,2025,14,CLE,TEN,HOME,29.0,31.0,60.0,Huntington Bank Field,3.0,14.0,0.0,12.0,0.0,28.0,4.0,28:04,22.0,5.0,13.0,4.0,64.0,412,6.4,4.0,20,61,3.0,1,42,23,351,3,1,8.4,15.3,54.8,96.43,14.0,6.0,42.9,0.0,0.0,0.0,3.0,3.0,0.0,0.0,7,50,2.0,1,2,13,5,7,6.0,222.0,37.0,2,1,-1,14.0,0.0,7.0,10.0,0.0,31.0,56.0,31:56,13.0,7.0,6.0,0.0,64.0,292,4.6,4.0,35,184,5.3,2,28,14,108,2,1,3.9,7.7,50.0,68.75,17.0,6.0,35.3,0.0,0.0,0.0,2.0,2.0,0.0,0.0,11,85,0.0,0,1,9,13,5,8.0,383.0,47.9,1,2.0,1.0,100.0,0.0,100.0,0.0,2.0,2.0,0.0,3.0,0.0,0.0,0.0,1,1,4.0,4.0,0.0,0.0,0.0,0.0,0.0,1,1,31.0,34.0,1.0,9.0,5,0,0.0,30.0,24.0,2.0,13.0,9,1,1.0,Sunday,993005520.0,8,34,19241.0,-2.0,0,-1,0.4285714285714285,0,
202511408,2025-12-07T13:00:00,1,2025,14,TEN,CLE,AWAY,31.0,29.0,60.0,Huntington Bank Field,14.0,0.0,7.0,10.0,0.0,31.0,56.0,31:56,13.0,7.0,6.0,0.0,64.0,292,4.6,4.0,35,184,5.3,2,28,14,108,2,1,3.9,7.7,50.0,68.75,17.0,6.0,35.3,0.0,0.0,0.0,2.0,2.0,0.0,0.0,11,85,0.0,0,1,9,13,5,8.0,383.0,47.9,1,2,1,3.0,14.0,0.0,12.0,0.0,28.0,4.0,28:04,22.0,5.0,13.0,4.0,64.0,412,6.4,4.0,20,61,3.0,1,42,23,351,3,1,8.4,15.3,54.8,96.43,14.0,6.0,42.9,0.0,0.0,0.0,3.0,3.0,0.0,0.0,7,50,2.0,1,2,13,5,7,6.0,222.0,37.0,2,1.0,-1.0,100.0,0.0,100.0,0.0,4.0,4.0,0.0,0.0,0.0,0.0,0.0,1,1,2.0,2.0,0.0,3.0,0.0,0.0,0.0,1,1,30.0,24.0,2.0,13.0,9,1,1.0,31.0,34.0,1.0,9.0,5,0,0.0,Sunday,993005519.0,34,8,19241.0,2.0,1,1,0.3529411764705882,0,
202511411,2025-12-04T20:15:00,1,2025,14,DAL,DET,AWAY,30.0,44.0,74.0,Ford Field,3.0,6.0,10.0,11.0,0.0,31.0,23.0,31:23,25.0,7.0,17.0,1.0,76.0,417,5.5,2.0,24,91,3.8,1,47,31,326,1,2,6.9,10.5,66.0,75.31,15.0,6.0,40.0,2.0,2.0,100.0,3.0,1.0,0.0,0.0,7,76,3.0,1,5,50,8,4,1.0,62.0,62.0,3,0,-3,10.0,10.0,7.0,17.0,0.0,28.0,37.0,28:37,20.0,8.0,10.0,2.0,57.0,408,7.2,5.0,22,109,5.0,4,34,25,299,1,0,8.8,12.0,73.5,109.8,8.0,3.0,37.5,0.0,0.0,0.0,5.0,4.0,0.0,0.0,8,50,0.0,0,1,10,11,6,2.0,84.0,42.0,0,3.0,3.0,33.3,0.0,80.0,0.0,1.0,1.0,0.0,2.0,1.0,0.0,0.0,5,5,5.0,5.0,0.0,0.0,0.0,0.0,0.0,4,3,25.0,33.0,1.0,10.0,1,0,0.0,48.0,22.0,5.0,50.0,11,3,1.0,Thursday,993005505.0,9,11,19238.0,-14.0,0,-3,0.4,0,
202511411,2025-12-04T20:15:00,1,2025,14,DET,DAL,HOME,44.0,30.0,74.0,Ford Field,10.0,10.0,7.0,17.0,0.0,28.0,37.0,28:37,20.0,8.0,10.0,2.0,57.0,408,7.2,5.0,22,109,5.0,4,34,25,299,1,0,8.8,12.0,73.5,109.8,8.0,3.0,37.5,0.0,0.0,0.0,5.0,4.0,0.0,0.0,8,50,0.0,0,1,10,11,6,2.0,84.0,42.0,0,3,3,3.0,6.0,10.0,11.0,0.0,31.0,23.0,31:23,25.0,7.0,17.0,1.0,76.0,417,5.5,2.0,24,91,3.8,1,47,31,326,1,2,6.9,10.5,66.0,75.31,15.0,6.0,40.0,2.0,2.0,100.0,3.0,1.0,0.0,0.0,7,76,3.0,1,5,50,8,4,1.0,62.0,62.0,3,0.0,-3.0,80.0,0.0,33.3,0.0,5.0,5.0,0.0,0.0,0.0,0.0,0.0,4,3,1.0,1.0,0.0,2.0,1.0,0.0,0.0,5,5,48.0,22.0,5.0,50.0,11,3,1.0,25.0,33.0,1.0,10.0,1,0,0.0,Thursday,993005506.0,11,9,19238.0,14.0,1,3,0.375,0,
202511412,2025-12-07T16:25:00,1,2025,14,CHI,GB,AWAY,21.0,28.0,49.0,Lambeau Field,0.0,3.0,11.0,7.0,0.0,33.0,29.0,33:29,21.0,7.0,12.0,2.0,68.0,315,4.6,2.0,32,138,4.3,0,35,19,177,2,1,5.1,9.3,54.3,75.54,16.0,8.0,50.0,2.0,1.0,50.0,4.0,2.0,0.0,0.0,4,17,1.0,0,1,9,1,2,4.0,208.0,52.0,1,1,0,0.0,14.0,7.0,7.0,0.0,26.0,31.0,26:31,17.0,8.0,9.0,0.0,52.0,337,6.5,4.0,26,117,4.5,1,25,17,220,3,1,8.8,12.9,68.0,118.33,12.0,8.0,66.7,0.0,0.0,0.0,1.0,1.0,0.0,0.0,6,55,0.0,0,1,14,6,2,3.0,145.0,48.3,1,1.0,0.0,50.0,0.0,100.0,0.0,1.0,1.0,0.0,0.0,0.0,1.0,1.0,2,2,4.0,4.0,0.0,0.0,0.0,0.0,0.0,0,0,33.0,13.0,1.0,14.0,3,0,0.0,33.0,32.0,1.0,9.0,3,1,0.0,Sunday,993005527.0,6,12,19242.0,-7.0,0,0,0.5,0,
202511412,2025-12-07T16:25:00,1,2025,14,GB,CHI,HOME,28.0,21.0,49.0,Lambeau Field,0.0,14.0,7.0,7.0,0.0,26.0,31.0,26:31,17.0,8.0,9.0,0.0,52.0,337,6.5,4.0,26,117,4.5,1,25,17,220,3,1,8.8,12.9,68.0,118.33,12.0,8.0,66.7,0.0,0.0,0.0,1.0,1.0,0.0,0.0,6,55,0.0,0,1,14,6,2,3.0,145.0,48.3,1,1,0,0.0,3.0,11.0,7.0,0.0,33.0,29.0,33:29,21.0,7.0,12.0,2.0,68.0,315,4.6,2.0,32,138,4.3,0,35,19,177,2,1,5.1,9.3,54.3,75.54,16.0,8.0,50.0,2.0,1.0,50.0,4.0,2.0,0.0,0.0,4,17,1.0,0,1,9,1,2,4.0,208.0,52.0,1,1.0,0.0,100.0,0.0,50.0,0.0,4.0,4.0,0.0,0.0,0.0,0.0,0.0,0,0,1.0,1.0,0.0,0.0,0.0,1.0,1.0,2,2,33.0,32.0,1.0,9.0,3,1,0.0,33.0,13.0,1.0,14.0,3,0,0.0,Sunday,993005528.0,12,6,19242.0,7.0,1,0,0.6666666666666666,0,
202511415,2025-12-07T13:00:00,1,2025,14,IND,JAX,AWAY,19.0,36.0,55.0,EverBank Stadium,7.0,3.0,3.0,6.0,0.0,29.0,55.0,29:55,20.0,5.0,12.0,3.0,63.0,285,4.5,2.0,26,89,3.4,2,36,23,196,0,2,5.4,8.5,63.9,54.86,11.0,6.0,54.5,1.0,0.0,0.0,4.0,2.0,0.0,0.0,5,45,1.0,1,1,9,0,4,2.0,101.0,50.5,3,1,-2,14.0,14.0,0.0,8.0,0.0,30.0,5.0,30:05,18.0,8.0,10.0,0.0,63.0,350,5.6,4.0,32,103,3.2,2,31,18,247,2,0,8.0,13.7,58.1,105.17,15.0,7.0,46.7,2.0,1.0,50.0,5.0,3.0,0.0,0.0,8,64,2.0,1,0,0,5,4,3.0,137.0,45.7,1,3.0,2.0,50.0,0.0,60.0,0.0,1.0,1.0,0.0,2.0,0.0,0.0,0.0,2,2,4.0,4.0,0.0,0.0,0.0,0.0,0.0,2,2,33.0,24.0,0.0,0.0,9,2,1.0,31.0,35.0,1.0,9.0,9,1,1.0,Sunday,993005521.0,14,15,19243.0,-17.0,0,-2,0.5454545454545454,0,
202511415,2025-12-07T13:00:00,1,2025,14,JAX,IND,HOME,36.0,19.0,55.0,EverBank Stadium,14.0,14.0,0.0,8.0,0.0,30.0,5.0,30:05,18.0,8.0,10.0,0.0,63.0,350,5.6,4.0,32,103,3.2,2,31,18,247,2,0,8.0,13.7,58.1,105.17,15.0,7.0,46.7,2.0,1.0,50.0,5.0,3.0,0.0,0.0,8,64,2.0,1,0,0,5,4,3.0,137.0,45.7,1,3,2,7.0,3.0,3.0,6.0,0.0,29.0,55.0,29:55,20.0,5.0,12.0,3.0,63.0,285,4.5,2.0,26,89,3.4,2,36,23,196,0,2,5.4,8.5,63.9,54.86,11.0,6.0,54.5,1.0,0.0,0.0,4.0,2.0,0.0,0.0,5,45,1.0,1,1,9,0,4,2.0,101.0,50.5,3,1.0,-2.0,60.0,0.0,50.0,0.0,4.0,4.0,0.0,0.0,0.0,0.0,0.0,2,2,1.0,1.0,0.0,2.0,0.0,0.0,0.0,2,2,31.0,35.0,1.0,9.0,9,1,1.0,33.0,24.0,0.0,0.0,9,2,1.0,Sunday,993005522.0,15,14,19243.0,17.0,1,2,0.4666666666666667,0,
202511416,2025-12-07T20:20:00,1,2025,14,HOU,KC,AWAY,20.0,10.0,30.0,Arrowhead Stadium,3.0,7.0,0.0,10.0,0.0,31.0,58.0,31:58,14.0,5.0,7.0,2.0,65.0,268,4.1,2.0,31,82,2.6,1,31,15,186,1,0,6.0,12.4,48.4,78.16,18.0,8.0,44.4,0.0,0.0,0.0,4.0,2.0,0.0,0.0,8,59,0.0,0,3,17,8,2,8.0,329.0,41.1,0,3,3,0.0,0.0,10.0,0.0,0.0,28.0,2.0,28:02,15.0,6.0,8.0,1.0,64.0,274,4.3,1.0,29,126,4.3,1,33,14,148,0,3,4.5,10.6,42.4,18.24,14.0,4.0,28.6,3.0,1.0,33.3,2.0,1.0,0.0,0.0,5,20,0.0,0,2,12,10,6,4.0,188.0,47.0,3,0.0,-3.0,50.0,0.0,50.0,0.0,2.0,2.0,0.0,0.0,0.0,0.0,0.0,2,2,1.0,1.0,0.0,0.0,0.0,0.0,0.0,2,1,27.0,32.0,2.0,12.0,7,0,0.0,34.0,26.0,3.0,17.0,4,0,0.0,Sunday,993005529.0,13,16,19250.0,10.0,1,3,0.4444444444444444,0,
202511416,2025-12-07T20:20:00,1,2025,14,KC,HOU,HOME,10.0,20.0,30.0,Arrowhead Stadium,0.0,0.0,10.0,0.0,0.0,28.0,2.0,28:02,15.0,6.0,8.0,1.0,64.0,274,4.3,1.0,29,126,4.3,1,33,14,148,0,3,4.5,10.6,42.4,18.24,14.0,4.0,28.6,3.0,1.0,33.3,2.0,1.0,0.0,0.0,5,20,0.0,0,2,12,10,6,4.0,188.0,47.0,3,0,-3,3.0,7.0,0.0,10.0,0.0,31.0,58.0,31:58,14.0,5.0,7.0,2.0,65.0,268,4.1,2.0,31,82,2.6,1,31,15,186,1,0,6.0,12.4,48.4,78.16,18.0,8.0,44.4,0.0,0.0,0.0,4.0,2.0,0.0,0.0,8,59,0.0,0,3,17,8,2,8.0,329.0,41.1,0,3.0,3.0,50.0,0.0,50.0,0.0,1.0,1.0,0.0,0.0,0.0,0.0,0.0,2,1,2.0,2.0,0.0,0.0,0.0,0.0,0.0,2,2,34.0,26.0,3.0,17.0,4,0,0.0,27.0,32.0,2.0,12.0,7,0,0.0,Sunday,993005530.0,16,13,19250.0,-10.0,0,-3,0.2857142857142857,0,
202511420,2025-12-07T13:00:00,1,2025,14,MIN,WAS,HOME,31.0,0.0,31.0,U.S. Bank Stadium,7.0,7.0,10.0,7.0,0.0,34.0,52.0,34:52,25.0,10.0,13.0,2.0,61.0,313,5.1,4.0,34,162,4.8,1,23,16,151,3,0,6.6,9.4,69.6,126.99,11.0,6.0,54.5,2.0,2.0,100.0,4.0,4.0,0.0,0.0,3,24,0.0,0,4,12,3,4,1.0,43.0,43.0,0,3,3,0.0,0.0,0.0,0.0,0.0,25.0,8.0,25:08,12.0,4.0,6.0,2.0,49.0,206,4.2,0.0,23,107,4.7,0,24,11,99,0,2,4.1,9.0,45.8,22.74,10.0,3.0,30.0,3.0,1.0,33.3,2.0,0.0,0.0,0.0,4,34,1.0,1,2,9,6,3,3.0,140.0,46.7,3,0.0,-3.0,100.0,0.0,0.0,0.0,4.0,4.0,0.0,0.0,0.0,0.0,0.0,1,1,0.0,0.0,0.0,0.0,0.0,0.0,0.0,0,0,18.0,37.0,2.0,9.0,3,1,1.0,29.0,37.0,4.0,12.0,5,0,0.0,Sunday,993005510.0,20,35,19244.0,31.0,1,3,0.5454545454545454,0,
202511420,2025-12-07T13:00:00,1,2025,14,WAS,MIN,AWAY,0.0,31.0,31.0,U.S. Bank Stadium,0.0,0.0,0.0,0.0,0.0,25.0,8.0,25:08,12.0,4.0,6.0,2.0,49.0,206,4.2,0.0,23,107,4.7,0,24,11,99,0,2,4.1,9.0,45.8,22.74,10.0,3.0,30.0,3.0,1.0,33.3,2.0,0.0,0.0,0.0,4,34,1.0,1,2,9,6,3,3.0,140.0,46.7,3,0,-3,7.0,7.0,10.0,7.0,0.0,34.0,52.0,34:52,25.0,10.0,13.0,2.0,61.0,313,5.1,4.0,34,162,4.8,1,23,16,151,3,0,6.6,9.4,69.6,126.99,11.0,6.0,54.5,2.0,2.0,100.0,4.0,4.0,0.0,0.0,3,24,0.0,0,4,12,3,4,1.0,43.0,43.0,0,3.0,3.0,0.0,0.0,100.0,0.0,0.0,0.0,0.0,0.0,0.0,0.0,0.0,0,0,4.0,4.0,0.0,0.0,0.0,0.0,0.0,1,1,29.0,37.0,4.0,12.0,5,0,0.0,18.0,37.0,2.0,9.0,3,1,1.0,Sunday,993005509.0,35,20,19244.0,-31.0,0,-3,0.3,0,
202511424,2025-12-07T13:00:00,1,2025,14,MIA,NYJ,AWAY,34.0,10.0,44.0,MetLife Stadium,21.0,3.0,0.0,10.0,0.0,36.0,7.0,36:07,23.0,14.0,8.0,1.0,63.0,358,5.7,4.0,41,239,5.8,3,21,13,119,1,0,5.7,9.2,61.9,93.15,10.0,2.0,20.0,0.0,0.0,0.0,4.0,4.0,0.0,0.0,5,54,1.0,0,1,8,8,7,6.0,259.0,43.2,0,3,3,7.0,0.0,0.0,3.0,0.0,23.0,53.0,23:53,12.0,3.0,8.0,1.0,57.0,207,3.6,1.0,17,65,3.8,0,34,15,142,0,3,4.2,9.5,44.1,19.49,12.0,1.0,8.3,2.0,1.0,50.0,3.0,0.0,0.0,0.0,6,50,3.0,0,6,27,3,7,6.0,326.0,54.3,3,0.0,-3.0,100.0,0.0,0.0,0.0,4.0,4.0,0.0,0.0,0.0,0.0,0.0,2,2,1.0,1.0,0.0,0.0,0.0,0.0,0.0,1,1,27.0,21.0,6.0,27.0,9,1,0.0,29.0,40.0,1.0,8.0,6,0,0.0,Sunday,993005511.0,19,24,19245.0,24.0,1,3,0.2,0,
202511424,2025-12-07T13:00:00,1,2025,14,NYJ,MIA,HOME,10.0,34.0,44.0,MetLife Stadium,7.0,0.0,0.0,3.0,0.0,23.0,53.0,23:53,12.0,3.0,8.0,1.0,57.0,207,3.6,1.0,17,65,3.8,0,34,15,142,0,3,4.2,9.5,44.1,19.49,12.0,1.0,8.3,2.0,1.0,50.0,3.0,0.0,0.0,0.0,6,50,3.0,0,6,27,3,7,6.0,326.0,54.3,3,0,-3,21.0,3.0,0.0,10.0,0.0,36.0,7.0,36:07,23.0,14.0,8.0,1.0,63.0,358,5.7,4.0,41,239,5.8,3,21,13,119,1,0,5.7,9.2,61.9,93.15,10.0,2.0,20.0,0.0,0.0,0.0,4.0,4.0,0.0,0.0,5,54,1.0,0,1,8,8,7,6.0,259.0,43.2,0,3.0,3.0,0.0,0.0,100.0,0.0,1.0,1.0,0.0,0.0,0.0,0.0,0.0,1,1,4.0,4.0,0.0,0.0,0.0,0.0,0.0,2,2,29.0,40.0,1.0,8.0,6,0,0.0,27.0,21.0,6.0,27.0,9,1,0.0,Sunday,993005512.0,24,19,19245.0,-24.0,0,-3,0.0833333333333333,0,
202511425,2025-12-07T16:05:00,1,2025,14,DEN,LV,AWAY,24.0,17.0,41.0,Allegiant Stadium,7.0,7.0,7.0,3.0,0.0,39.0,3.0,39:03,27.0,11.0,14.0,2.0,72.0,356,4.9,3.0,31,152,4.9,2,38,31,204,0,0,5.4,6.6,81.6,89.04,12.0,7.0,58.3,3.0,1.0,33.3,3.0,2.0,0.0,0.0,8,50,0.0,0,3,8,7,5,1.0,35.0,35.0,0,0,0,7.0,0.0,0.0,10.0,0.0,20.0,57.0,20:57,16.0,3.0,11.0,2.0,48.0,229,4.8,2.0,12,40,3.3,0,32,21,189,2,0,5.9,9.0,65.6,102.21,9.0,3.0,33.3,3.0,1.0,33.3,2.0,1.0,0.0,0.0,3,25,0.0,0,4,24,6,4,3.0,143.0,47.7,0,0.0,0.0,66.7,0.0,50.0,0.0,3.0,3.0,0.0,0.0,0.0,0.0,0.0,1,1,2.0,2.0,0.0,0.0,0.0,0.0,0.0,1,1,25.0,20.0,4.0,24.0,1,0,0.0,45.0,36.0,3.0,8.0,2,0,0.0,Sunday,993005523.0,10,25,19247.0,7.0,1,0,0.5833333333333334,0,
202511425,2025-12-07T16:05:00,1,2025,14,LV,DEN,HOME,17.0,24.0,41.0,Allegiant Stadium,7.0,0.0,0.0,10.0,0.0,20.0,57.0,20:57,16.0,3.0,11.0,2.0,48.0,229,4.8,2.0,12,40,3.3,0,32,21,189,2,0,5.9,9.0,65.6,102.21,9.0,3.0,33.3,3.0,1.0,33.3,2.0,1.0,0.0,0.0,3,25,0.0,0,4,24,6,4,3.0,143.0,47.7,0,0,0,7.0,7.0,7.0,3.0,0.0,39.0,3.0,39:03,27.0,11.0,14.0,2.0,72.0,356,4.9,3.0,31,152,4.9,2,38,31,204,0,0,5.4,6.6,81.6,89.04,12.0,7.0,58.3,3.0,1.0,33.3,3.0,2.0,0.0,0.0,8,50,0.0,0,3,8,7,5,1.0,35.0,35.0,0,0.0,0.0,50.0,0.0,66.7,0.0,2.0,2.0,0.0,0.0,0.0,0.0,0.0,1,1,3.0,3.0,0.0,0.0,0.0,0.0,0.0,1,1,45.0,36.0,3.0,8.0,2,0,0.0,25.0,20.0,4.0,24.0,1,0,0.0,Sunday,993005524.0,25,10,19247.0,-7.0,0,0,0.3333333333333333,0,
202511429,2025-12-08T20:15:00,1,2025,14,LAC,PHI,HOME,22.0,19.0,41.0,SoFi Stadium,7.0,3.0,3.0,6.0,3.0,38.0,5.0,38:05,16.0,9.0,5.0,2.0,71.0,275,3.9,1.0,38,169,4.4,0,26,12,106,1,1,4.1,8.8,46.2,54.33,19.0,7.0,36.8,0.0,0.0,0.0,3.0,1.0,0.0,0.0,7,55,3.0,2,7,33,6,7,5.0,256.0,51.2,3,5,2,3.0,3.0,3.0,10.0,0.0,29.0,26.0,29:26,19.0,5.0,12.0,2.0,66.0,365,5.5,1.0,25,134,5.4,1,40,21,231,0,4,5.8,11.0,52.5,30.31,13.0,4.0,30.8,0.0,0.0,0.0,2.0,0.0,0.0,0.0,6,53,2.0,1,1,9,11,7,3.0,155.0,51.7,5,3.0,-2.0,33.3,0.0,0.0,0.0,1.0,1.0,0.0,0.0,0.0,0.0,0.0,5,5,1.0,1.0,0.0,0.0,0.0,0.0,0.0,5,4,38.0,14.0,1.0,9.0,10,2,1.0,41.0,32.0,7.0,33.0,5,3,2.0,Monday,993005532.0,29,26,19251.0,3.0,1,2,0.3684210526315789,0,
202511429,2025-12-08T20:15:00,1,2025,14,PHI,LAC,AWAY,19.0,22.0,41.0,SoFi Stadium,3.0,3.0,3.0,10.0,0.0,29.0,26.0,29:26,19.0,5.0,12.0,2.0,66.0,365,5.5,1.0,25,134,5.4,1,40,21,231,0,4,5.8,11.0,52.5,30.31,13.0,4.0,30.8,0.0,0.0,0.0,2.0,0.0,0.0,0.0,6,53,2.0,1,1,9,11,7,3.0,155.0,51.7,5,3,-2,7.0,3.0,3.0,6.0,3.0,38.0,5.0,38:05,16.0,9.0,5.0,2.0,71.0,275,3.9,1.0,38,169,4.4,0,26,12,106,1,1,4.1,8.8,46.2,54.33,19.0,7.0,36.8,0.0,0.0,0.0,3.0,1.0,0.0,0.0,7,55,3.0,2,7,33,6,7,5.0,256.0,51.2,3,5.0,2.0,0.0,0.0,33.3,0.0,1.0,1.0,0.0,0.0,0.0,0.0,0.0,5,4,1.0,1.0,0.0,0.0,0.0,0.0,0.0,5,5,41.0,32.0,7.0,33.0,5,3,2.0,38.0,14.0,1.0,9.0,10,2,1.0,Monday,993005531.0,26,29,19251.0,-3.0,0,-2,0.3076923076923077,0,
202511433,2025-12-07T13:00:00,1,2025,14,NO,TB,AWAY,24.0,20.0,44.0,Raymond James Stadium,7.0,0.0,10.0,7.0,0.0,27.0,48.0,27:48,16.0,7.0,9.0,0.0,55.0,260,4.7,3.0,32,139,4.3,3,20,13,121,0,1,6.0,9.3,65.0,60.62,11.0,5.0,45.5,1.0,0.0,0.0,3.0,2.0,0.0,0.0,10,82,1.0,0,3,23,2,3,3.0,152.0,50.7,1,1,0,7.0,3.0,7.0,3.0,0.0,32.0,12.0,32:12,19.0,11.0,4.0,4.0,69.0,301,4.4,2.0,39,179,4.6,1,30,14,122,1,1,4.1,8.7,46.7,55.14,13.0,3.0,23.1,7.0,2.0,28.6,2.0,1.0,0.0,0.0,7,49,1.0,0,0,0,4,6,1.0,31.0,31.0,1,1.0,0.0,66.7,0.0,50.0,0.0,3.0,3.0,0.0,0.0,0.0,0.0,0.0,2,1,2.0,2.0,0.0,0.0,0.0,0.0,0.0,2,2,40.0,22.0,0.0,0.0,6,0,0.0,33.0,19.0,3.0,23.0,4,0,0.0,Sunday,993005513.0,22,33,19246.0,4.0,1,0,0.4545454545454545,0,
202511433,2025-12-07T13:00:00,1,2025,14,TB,NO,HOME,20.0,24.0,44.0,Raymond James Stadium,7.0,3.0,7.0,3.0,0.0,32.0,12.0,32:12,19.0,11.0,4.0,4.0,69.0,301,4.4,2.0,39,179,4.6,1,30,14,122,1,1,4.1,8.7,46.7,55.14,13.0,3.0,23.1,7.0,2.0,28.6,2.0,1.0,0.0,0.0,7,49,1.0,0,0,0,4,6,1.0,31.0,31.0,1,1,0,7.0,0.0,10.0,7.0,0.0,27.0,48.0,27:48,16.0,7.0,9.0,0.0,55.0,260,4.7,3.0,32,139,4.3,3,20,13,121,0,1,6.0,9.3,65.0,60.62,11.0,5.0,45.5,1.0,0.0,0.0,3.0,2.0,0.0,0.0,10,82,1.0,0,3,23,2,3,3.0,152.0,50.7,1,1.0,0.0,50.0,0.0,66.7,0.0,2.0,2.0,0.0,0.0,0.0,0.0,0.0,2,2,3.0,3.0,0.0,0.0,0.0,0.0,0.0,2,1,33.0,19.0,3.0,23.0,4,0,0.0,40.0,22.0,0.0,0.0,6,0,0.0,Sunday,993005514.0,33,22,19246.0,-4.0,0,0,0.2307692307692307,0,
202511506,2025-12-14T13:00:00,1,2025,15,CHI,CLE,HOME,31.0,3.0,34.0,Soldier Field,14.0,0.0,14.0,3.0,0.0,32.0,52.0,32:52,21.0,8.0,12.0,1.0,64.0,361,5.6,4.0,33,142,4.3,2,28,17,219,2,0,7.8,12.9,60.7,109.08,13.0,5.0,38.5,2.0,1.0,50.0,4.0,3.0,0.0,0.0,4,25,1.0,0,3,23,15,8,4.0,171.0,42.8,0,3,3,0.0,0.0,3.0,0.0,0.0,27.0,8.0,27:08,9.0,2.0,7.0,0.0,56.0,192,3.4,0.0,16,50,3.1,0,35,18,142,0,3,4.1,7.9,51.4,26.13,14.0,4.0,28.6,1.0,0.0,0.0,1.0,0.0,0.0,0.0,6,21,0.0,0,5,35,7,6,7.0,339.0,48.4,3,0.0,-3.0,75.0,0.0,0.0,0.0,4.0,4.0,0.0,0.0,0.0,0.0,0.0,2,1,0.0,0.0,0.0,0.0,0.0,0.0,0.0,1,1,27.0,22.0,5.0,35.0,6,0,0.0,25.0,43.0,3.0,23.0,4,0,0.0,Sunday,993005538.0,6,8,19253.0,28.0,1,3,0.3846153846153846,0,
202511506,2025-12-14T13:00:00,1,2025,15,CLE,CHI,AWAY,3.0,31.0,34.0,Soldier Field,0.0,0.0,3.0,0.0,0.0,27.0,8.0,27:08,9.0,2.0,7.0,0.0,56.0,192,3.4,0.0,16,50,3.1,0,35,18,142,0,3,4.1,7.9,51.4,26.13,14.0,4.0,28.6,1.0,0.0,0.0,1.0,0.0,0.0,0.0,6,21,0.0,0,5,35,7,6,7.0,339.0,48.4,3,0,-3,14.0,0.0,14.0,3.0,0.0,32.0,52.0,32:52,21.0,8.0,12.0,1.0,64.0,361,5.6,4.0,33,142,4.3,2,28,17,219,2,0,7.8,12.9,60.7,109.08,13.0,5.0,38.5,2.0,1.0,50.0,4.0,3.0,0.0,0.0,4,25,1.0,0,3,23,15,8,4.0,171.0,42.8,0,3.0,3.0,0.0,0.0,75.0,0.0,0.0,0.0,0.0,0.0,0.0,0.0,0.0,1,1,4.0,4.0,0.0,0.0,0.0,0.0,0.0,2,1,25.0,43.0,3.0,23.0,4,0,0.0,27.0,22.0,5.0,35.0,6,0,0.0,Sunday,993005537.0,8,6,19253.0,-28.0,0,-3,0.2857142857142857,0,
202511507,2025-12-14T13:00:00,1,2025,15,BAL,CIN,AWAY,24.0,0.0,24.0,Paycor Stadium,0.0,14.0,3.0,7.0,0.0,20.0,41.0,20:41,15.0,9.0,6.0,0.0,40.0,317,7.9,3.0,24,189,7.9,0,12,8,128,2,1,10.7,16.0,66.7,106.94,7.0,2.0,28.6,0.0,0.0,0.0,1.0,0.0,0.0,0.0,2,10,1.0,0,4,22,10,3,3.0,135.0,45.0,1,2,1,0.0,0.0,0.0,0.0,0.0,39.0,19.0,39:19,18.0,6.0,10.0,2.0,71.0,298,4.2,0.0,29,100,3.4,0,39,25,198,0,2,5.1,7.9,64.1,55.29,15.0,3.0,20.0,5.0,3.0,60.0,1.0,0.0,0.0,0.0,4,30,1.0,0,3,27,5,5,4.0,182.0,45.5,2,1.0,-1.0,0.0,0.0,0.0,0.0,3.0,3.0,0.0,0.0,0.0,0.0,0.0,1,1,0.0,0.0,0.0,0.0,0.0,0.0,0.0,0,0,41.0,32.0,3.0,27.0,5,1,0.0,23.0,17.0,4.0,22.0,1,1,0.0,Sunday,993005547.0,3,7,19254.0,24.0,1,1,0.2857142857142857,0,
202511507,2025-12-14T13:00:00,1,2025,15,CIN,BAL,HOME,0.0,24.0,24.0,Paycor Stadium,0.0,0.0,0.0,0.0,0.0,39.0,19.0,39:19,18.0,6.0,10.0,2.0,71.0,298,4.2,0.0,29,100,3.4,0,39,25,198,0,2,5.1,7.9,64.1,55.29,15.0,3.0,20.0,5.0,3.0,60.0,1.0,0.0,0.0,0.0,4,30,1.0,0,3,27,5,5,4.0,182.0,45.5,2,1,-1,0.0,14.0,3.0,7.0,0.0,20.0,41.0,20:41,15.0,9.0,6.0,0.0,40.0,317,7.9,3.0,24,189,7.9,0,12,8,128,2,1,10.7,16.0,66.7,106.94,7.0,2.0,28.6,0.0,0.0,0.0,1.0,0.0,0.0,0.0,2,10,1.0,0,4,22,10,3,3.0,135.0,45.0,1,2.0,1.0,0.0,0.0,0.0,0.0,0.0,0.0,0.0,0.0,0.0,0.0,0.0,0,0,3.0,3.0,0.0,0.0,0.0,0.0,0.0,1,1,23.0,17.0,4.0,22.0,1,1,0.0,41.0,32.0,3.0,27.0,5,1,0.0,Sunday,993005548.0,7,3,19254.0,-24.0,0,-1,0.2,0,
202511509,2025-12-14T20:20:00,1,2025,15,DAL,MIN,HOME,26.0,34.0,60.0,AT&T Stadium,7.0,10.0,6.0,3.0,0.0,32.0,36.0,32:36,25.0,12.0,12.0,1.0,69.0,423,6.1,2.0,29,138,4.8,2,38,23,285,0,0,7.5,12.4,60.5,83.77,12.0,2.0,16.7,4.0,3.0,75.0,5.0,2.0,0.0,0.0,7,58,0.0,0,2,9,1,5,1.0,42.0,42.0,0,1,1,7.0,10.0,7.0,10.0,0.0,27.0,24.0,27:24,21.0,7.0,11.0,3.0,52.0,327,6.3,4.0,28,77,2.8,2,24,15,250,2,1,10.4,16.7,62.5,107.99,9.0,2.0,22.2,3.0,3.0,100.0,4.0,3.0,0.0,0.0,3,17,0.0,0,0,0,11,0,2.0,112.0,56.0,1,0.0,-1.0,40.0,0.0,75.0,0.0,2.0,2.0,0.0,0.0,0.0,0.0,0.0,6,4,4.0,4.0,0.0,0.0,0.0,0.0,0.0,2,2,27.0,23.0,0.0,0.0,3,0,0.0,32.0,40.0,2.0,9.0,5,0,0.0,Sunday,993005562.0,9,20,19266.0,-8.0,0,1,0.1666666666666666,0,
202511509,2025-12-14T20:20:00,1,2025,15,MIN,DAL,AWAY,34.0,26.0,60.0,AT&T Stadium,7.0,10.0,7.0,10.0,0.0,27.0,24.0,27:24,21.0,7.0,11.0,3.0,52.0,327,6.3,4.0,28,77,2.8,2,24,15,250,2,1,10.4,16.7,62.5,107.99,9.0,2.0,22.2,3.0,3.0,100.0,4.0,3.0,0.0,0.0,3,17,0.0,0,0,0,11,0,2.0,112.0,56.0,1,0,-1,7.0,10.0,6.0,3.0,0.0,32.0,36.0,32:36,25.0,12.0,12.0,1.0,69.0,423,6.1,2.0,29,138,4.8,2,38,23,285,0,0,7.5,12.4,60.5,83.77,12.0,2.0,16.7,4.0,3.0,75.0,5.0,2.0,0.0,0.0,7,58,0.0,0,2,9,1,5,1.0,42.0,42.0,0,1.0,1.0,75.0,0.0,40.0,0.0,4.0,4.0,0.0,0.0,0.0,0.0,0.0,2,2,2.0,2.0,0.0,0.0,0.0,0.0,0.0,6,4,32.0,40.0,2.0,9.0,5,0,0.0,27.0,23.0,0.0,0.0,3,0,0.0,Sunday,993005561.0,20,9,19266.0,8.0,1,-1,0.2222222222222222,0,
202511510,2025-12-14T16:25:00,1,2025,15,DEN,GB,HOME,34.0,26.0,60.0,Empower Field at Mile High,0.0,14.0,13.0,7.0,0.0,30.0,32.0,30:32,21.0,4.0,15.0,2.0,65.0,391,6.0,5.0,31,89,2.9,1,34,23,302,4,0,8.9,13.1,67.6,134.68,11.0,4.0,36.4,4.0,2.0,50.0,4.0,4.0,0.0,0.0,6,60,1.0,1,0,0,15,5,2.0,94.0,47.0,1,2,1,3.0,13.0,7.0,3.0,0.0,29.0,28.0,29:28,19.0,5.0,12.0,2.0,63.0,362,5.7,2.0,20,115,5.8,1,40,24,247,1,2,6.2,10.3,60.0,65.31,13.0,6.0,46.2,3.0,1.0,33.3,4.0,1.0,0.0,0.0,10,72,0.0,0,3,29,3,3,1.0,57.0,57.0,2,1.0,-1.0,100.0,0.0,25.0,0.0,4.0,4.0,0.0,1.0,0.0,0.0,0.0,0,0,2.0,2.0,0.0,0.0,0.0,0.0,0.0,4,4,32.0,20.0,3.0,29.0,5,0,0.0,37.0,20.0,0.0,0.0,6,1,1.0,Sunday,993005556.0,10,12,19261.0,8.0,1,1,0.3636363636363636,0,
202511510,2025-12-14T16:25:00,1,2025,15,GB,DEN,AWAY,26.0,34.0,60.0,Empower Field at Mile High,3.0,13.0,7.0,3.0,0.0,29.0,28.0,29:28,19.0,5.0,12.0,2.0,63.0,362,5.7,2.0,20,115,5.8,1,40,24,247,1,2,6.2,10.3,60.0,65.31,13.0,6.0,46.2,3.0,1.0,33.3,4.0,1.0,0.0,0.0,10,72,0.0,0,3,29,3,3,1.0,57.0,57.0,2,1,-1,0.0,14.0,13.0,7.0,0.0,30.0,32.0,30:32,21.0,4.0,15.0,2.0,65.0,391,6.0,5.0,31,89,2.9,1,34,23,302,4,0,8.9,13.1,67.6,134.68,11.0,4.0,36.4,4.0,2.0,50.0,4.0,4.0,0.0,0.0,6,60,1.0,1,0,0,15,5,2.0,94.0,47.0,1,2.0,1.0,25.0,0.0,100.0,0.0,2.0,2.0,0.0,0.0,0.0,0.0,0.0,4,4,4.0,4.0,0.0,1.0,0.0,0.0,0.0,0,0,37.0,20.0,0.0,0.0,6,1,1.0,32.0,20.0,3.0,29.0,5,0,0.0,Sunday,993005555.0,12,10,19261.0,-8.0,0,-1,0.4615384615384615,0,
202511513,2025-12-14T13:00:00,1,2025,15,ARI,HOU,AWAY,20.0,40.0,60.0,NRG Stadium,0.0,7.0,7.0,6.0,0.0,27.0,42.0,27:42,22.0,6.0,14.0,2.0,63.0,307,4.9,3.0,21,72,3.4,0,40,27,235,3,1,5.9,8.7,67.5,97.4,12.0,5.0,41.7,3.0,1.0,33.3,3.0,2.0,0.0,0.0,2,34,1.0,1,2,14,2,3,3.0,135.0,45.0,2,0,-2,17.0,6.0,7.0,10.0,0.0,32.0,18.0,32:18,23.0,9.0,13.0,1.0,63.0,399,6.3,4.0,33,143,4.3,1,29,22,256,3,0,8.8,11.6,75.9,136.57,13.0,7.0,53.8,0.0,0.0,0.0,6.0,3.0,0.0,0.0,5,40,1.0,0,1,4,3,4,1.0,43.0,43.0,0,2.0,2.0,66.7,0.0,50.0,0.0,2.0,2.0,0.0,2.0,0.0,0.0,0.0,0,0,4.0,4.0,0.0,0.0,0.0,0.0,0.0,5,4,32.0,38.0,1.0,4.0,3,0,0.0,33.0,28.0,2.0,14.0,6,1,1.0,Sunday,993005535.0,1,13,19255.0,-20.0,0,-2,0.4166666666666667,0,
202511513,2025-12-14T13:00:00,1,2025,15,HOU,ARI,HOME,40.0,20.0,60.0,NRG Stadium,17.0,6.0,7.0,10.0,0.0,32.0,18.0,32:18,23.0,9.0,13.0,1.0,63.0,399,6.3,4.0,33,143,4.3,1,29,22,256,3,0,8.8,11.6,75.9,136.57,13.0,7.0,53.8,0.0,0.0,0.0,6.0,3.0,0.0,0.0,5,40,1.0,0,1,4,3,4,1.0,43.0,43.0,0,2,2,0.0,7.0,7.0,6.0,0.0,27.0,42.0,27:42,22.0,6.0,14.0,2.0,63.0,307,4.9,3.0,21,72,3.4,0,40,27,235,3,1,5.9,8.7,67.5,97.4,12.0,5.0,41.7,3.0,1.0,33.3,3.0,2.0,0.0,0.0,2,34,1.0,1,2,14,2,3,3.0,135.0,45.0,2,0.0,-2.0,50.0,0.0,66.7,0.0,4.0,4.0,0.0,0.0,0.0,0.0,0.0,5,4,2.0,2.0,0.0,2.0,0.0,0.0,0.0,0,0,33.0,28.0,2.0,14.0,6,1,1.0,32.0,38.0,1.0,4.0,3,0,0.0,Sunday,993005536.0,13,1,19255.0,20.0,1,2,0.5384615384615384,0,
202511515,2025-12-14T13:00:00,1,2025,15,JAX,NYJ,HOME,48.0,20.0,68.0,EverBank Stadium,14.0,17.0,10.0,7.0,0.0,26.0,53.0,26:53,24.0,6.0,16.0,2.0,59.0,438,7.4,6.0,27,108,4.0,1,32,20,330,5,0,10.3,16.5,62.5,136.72,9.0,4.0,44.4,0.0,0.0,0.0,6.0,4.0,0.0,0.0,5,60,1.0,1,0,0,7,7,2.0,104.0,52.0,1,3,2,7.0,3.0,3.0,7.0,0.0,33.0,7.0,33:07,19.0,6.0,11.0,2.0,68.0,284,4.2,2.0,32,130,4.1,1,33,22,154,1,3,4.7,7.0,66.7,49.31,15.0,8.0,53.3,3.0,1.0,33.3,2.0,1.0,0.0,0.0,6,44,0.0,0,3,22,2,2,2.0,57.0,28.5,3,1.0,-2.0,66.7,0.0,50.0,0.0,6.0,6.0,0.0,0.0,0.0,0.0,0.0,2,2,2.0,2.0,0.0,0.0,0.0,0.0,0.0,2,2,39.0,30.0,3.0,22.0,6,0,0.0,33.0,12.0,0.0,0.0,3,1,1.0,Sunday,993005550.0,15,24,19256.0,28.0,1,2,0.4444444444444444,0,
202511515,2025-12-14T13:00:00,1,2025,15,NYJ,JAX,AWAY,20.0,48.0,68.0,EverBank Stadium,7.0,3.0,3.0,7.0,0.0,33.0,7.0,33:07,19.0,6.0,11.0,2.0,68.0,284,4.2,2.0,32,130,4.1,1,33,22,154,1,3,4.7,7.0,66.7,49.31,15.0,8.0,53.3,3.0,1.0,33.3,2.0,1.0,0.0,0.0,6,44,0.0,0,3,22,2,2,2.0,57.0,28.5,3,1,-2,14.0,17.0,10.0,7.0,0.0,26.0,53.0,26:53,24.0,6.0,16.0,2.0,59.0,438,7.4,6.0,27,108,4.0,1,32,20,330,5,0,10.3,16.5,62.5,136.72,9.0,4.0,44.4,0.0,0.0,0.0,6.0,4.0,0.0,0.0,5,60,1.0,1,0,0,7,7,2.0,104.0,52.0,1,3.0,2.0,50.0,0.0,66.7,0.0,2.0,2.0,0.0,0.0,0.0,0.0,0.0,2,2,6.0,6.0,0.0,0.0,0.0,0.0,0.0,2,2,33.0,12.0,0.0,0.0,3,1,1.0,39.0,30.0,3.0,22.0,6,0,0.0,Sunday,993005549.0,24,15,19256.0,-28.0,0,-2,0.5333333333333333,0,
202511516,2025-12-14T13:00:00,1,2025,15,KC,LAC,HOME,13.0,16.0,29.0,Arrowhead Stadium,7.0,6.0,0.0,0.0,0.0,25.0,18.0,25:18,17.0,6.0,9.0,2.0,59.0,239,4.1,1.0,21,49,2.3,1,33,19,190,0,2,5.8,10.0,57.6,48.8,13.0,6.0,46.2,0.0,0.0,0.0,3.0,1.0,0.0,0.0,9,64,0.0,0,5,21,12,6,4.0,190.0,47.5,2,1,-1,3.0,7.0,6.0,0.0,0.0,34.0,42.0,34:42,18.0,6.0,9.0,3.0,62.0,295,4.8,1.0,29,94,3.2,0,29,19,201,1,1,6.9,10.6,65.5,82.69,14.0,5.0,35.7,0.0,0.0,0.0,2.0,1.0,0.0,0.0,5,50,1.0,0,4,9,9,9,4.0,150.0,37.5,1,2.0,1.0,33.3,0.0,50.0,0.0,1.0,1.0,0.0,0.0,0.0,0.0,0.0,2,2,1.0,1.0,0.0,0.0,0.0,0.0,0.0,3,3,35.0,31.0,4.0,9.0,3,0,0.0,32.0,29.0,5.0,21.0,5,0,0.0,Sunday,993005544.0,16,29,19257.0,-3.0,0,-1,0.4615384615384615,0,
202511516,2025-12-14T13:00:00,1,2025,15,LAC,KC,AWAY,16.0,13.0,29.0,Arrowhead Stadium,3.0,7.0,6.0,0.0,0.0,34.0,42.0,34:42,18.0,6.0,9.0,3.0,62.0,295,4.8,1.0,29,94,3.2,0,29,19,201,1,1,6.9,10.6,65.5,82.69,14.0,5.0,35.7,0.0,0.0,0.0,2.0,1.0,0.0,0.0,5,50,1.0,0,4,9,9,9,4.0,150.0,37.5,1,2,1,7.0,6.0,0.0,0.0,0.0,25.0,18.0,25:18,17.0,6.0,9.0,2.0,59.0,239,4.1,1.0,21,49,2.3,1,33,19,190,0,2,5.8,10.0,57.6,48.8,13.0,6.0,46.2,0.0,0.0,0.0,3.0,1.0,0.0,0.0,9,64,0.0,0,5,21,12,6,4.0,190.0,47.5,2,1.0,-1.0,50.0,0.0,33.3,0.0,1.0,1.0,0.0,0.0,0.0,0.0,0.0,3,3,1.0,1.0,0.0,0.0,0.0,0.0,0.0,2,2,32.0,29.0,5.0,21.0,5,0,0.0,35.0,31.0,4.0,9.0,3,0,0.0,Sunday,993005543.0,29,16,19257.0,3.0,1,1,0.3571428571428571,0,
202511521,2025-12-14T13:00:00,1,2025,15,BUF,NE,AWAY,35.0,31.0,66.0,Gillette Stadium,0.0,7.0,14.0,14.0,0.0,35.0,21.0,35:21,22.0,9.0,11.0,2.0,67.0,349,5.2,5.0,37,168,4.5,2,28,19,181,3,0,6.5,9.5,67.9,121.28,14.0,8.0,57.1,1.0,1.0,100.0,6.0,5.0,0.0,0.0,2,15,0.0,0,2,12,5,5,4.0,162.0,40.5,0,1,1,14.0,10.0,0.0,7.0,0.0,24.0,39.0,24:39,19.0,13.0,6.0,0.0,51.0,385,7.5,4.0,25,246,9.8,4,23,14,139,0,1,6.0,9.9,60.9,59.87,10.0,5.0,50.0,1.0,0.0,0.0,3.0,2.0,0.0,0.0,7,65,2.0,0,3,16,4,5,3.0,163.0,54.3,1,0.0,-1.0,83.3,0.0,66.7,0.0,5.0,5.0,0.0,0.0,0.0,0.0,0.0,0,0,4.0,4.0,0.0,0.0,0.0,0.0,0.0,1,1,29.0,19.0,3.0,16.0,3,1,0.0,33.0,37.0,2.0,12.0,4,0,0.0,Sunday,993005541.0,4,21,19258.0,4.0,1,1,0.5714285714285714,0,
202511521,2025-12-14T13:00:00,1,2025,15,NE,BUF,HOME,31.0,35.0,66.0,Gillette Stadium,14.0,10.0,0.0,7.0,0.0,24.0,39.0,24:39,19.0,13.0,6.0,0.0,51.0,385,7.5,4.0,25,246,9.8,4,23,14,139,0,1,6.0,9.9,60.9,59.87,10.0,5.0,50.0,1.0,0.0,0.0,3.0,2.0,0.0,0.0,7,65,2.0,0,3,16,4,5,3.0,163.0,54.3,1,0,-1,0.0,7.0,14.0,14.0,0.0,35.0,21.0,35:21,22.0,9.0,11.0,2.0,67.0,349,5.2,5.0,37,168,4.5,2,28,19,181,3,0,6.5,9.5,67.9,121.28,14.0,8.0,57.1,1.0,1.0,100.0,6.0,5.0,0.0,0.0,2,15,0.0,0,2,12,5,5,4.0,162.0,40.5,0,1.0,1.0,66.7,0.0,83.3,0.0,4.0,4.0,0.0,0.0,0.0,0.0,0.0,1,1,5.0,5.0,0.0,0.0,0.0,0.0,0.0,0,0,33.0,37.0,2.0,12.0,4,0,0.0,29.0,19.0,3.0,16.0,3,1,0.0,Sunday,993005542.0,21,4,19258.0,-4.0,0,-1,0.5,0,
202511522,2025-12-14T16:25:00,1,2025,15,CAR,NO,AWAY,17.0,20.0,37.0,Caesars Superdome,7.0,3.0,7.0,0.0,0.0,28.0,16.0,28:16,15.0,7.0,7.0,1.0,56.0,281,5.0,2.0,31,127,4.1,1,24,15,154,1,0,6.4,10.3,62.5,94.79,14.0,7.0,50.0,3.0,2.0,66.7,1.0,1.0,0.0,0.0,11,103,1.0,1,1,9,6,3,3.0,142.0,47.3,1,0,-1,0.0,7.0,3.0,10.0,0.0,31.0,44.0,31:44,27.0,7.0,14.0,6.0,63.0,337,5.3,2.0,25,81,3.2,1,33,24,256,1,0,7.8,10.7,72.7,105.11,11.0,6.0,54.5,2.0,1.0,50.0,3.0,2.0,0.0,0.0,9,78,1.0,0,5,16,3,5,2.0,95.0,47.5,0,1.0,1.0,100.0,0.0,66.7,0.0,2.0,2.0,0.0,0.0,0.0,0.0,0.0,1,1,2.0,2.0,0.0,0.0,0.0,0.0,0.0,2,2,35.0,30.0,5.0,16.0,3,1,0.0,33.0,22.0,1.0,9.0,2,0,1.0,Sunday,993005557.0,5,22,19263.0,-3.0,0,-1,0.5,0,
202511522,2025-12-14T16:25:00,1,2025,15,NO,CAR,HOME,20.0,17.0,37.0,Caesars Superdome,0.0,7.0,3.0,10.0,0.0,31.0,44.0,31:44,27.0,7.0,14.0,6.0,63.0,337,5.3,2.0,25,81,3.2,1,33,24,256,1,0,7.8,10.7,72.7,105.11,11.0,6.0,54.5,2.0,1.0,50.0,3.0,2.0,0.0,0.0,9,78,1.0,0,5,16,3,5,2.0,95.0,47.5,0,1,1,7.0,3.0,7.0,0.0,0.0,28.0,16.0,28:16,15.0,7.0,7.0,1.0,56.0,281,5.0,2.0,31,127,4.1,1,24,15,154,1,0,6.4,10.3,62.5,94.79,14.0,7.0,50.0,3.0,2.0,66.7,1.0,1.0,0.0,0.0,11,103,1.0,1,1,9,6,3,3.0,142.0,47.3,1,0.0,-1.0,66.7,0.0,100.0,0.0,2.0,2.0,0.0,0.0,0.0,0.0,0.0,2,2,2.0,2.0,0.0,0.0,0.0,0.0,0.0,1,1,33.0,22.0,1.0,9.0,2,0,1.0,35.0,30.0,5.0,16.0,3,1,0.0,Sunday,993005558.0,22,5,19263.0,3.0,1,1,0.5454545454545454,0,
202511523,2025-12-14T13:00:00,1,2025,15,NYG,WAS,HOME,21.0,29.0,50.0,MetLife Stadium,0.0,7.0,7.0,7.0,0.0,29.0,12.0,29:12,22.0,7.0,12.0,3.0,67.0,384,5.7,3.0,29,146,5.0,1,37,20,238,2,1,6.4,11.9,54.1,80.69,12.0,2.0,16.7,4.0,2.0,50.0,4.0,3.0,0.0,0.0,6,62,1.0,0,1,8,5,6,4.0,182.0,45.5,1,2,1,3.0,19.0,0.0,7.0,0.0,30.0,48.0,30:48,19.0,8.0,10.0,1.0,58.0,340,5.9,3.0,37,145,3.9,1,19,10,195,1,0,10.3,19.5,52.6,106.25,11.0,3.0,27.3,0.0,0.0,0.0,1.0,1.0,0.0,0.0,11,67,4.0,2,2,16,8,4,4.0,183.0,45.8,2,1.0,-1.0,75.0,0.0,100.0,0.0,3.0,3.0,0.0,0.0,0.0,0.0,0.0,2,0,3.0,2.0,0.0,0.0,0.0,0.0,0.0,3,3,30.0,30.0,2.0,16.0,2,4,2.0,40.0,15.0,1.0,8.0,6,1,0.0,Sunday,993005546.0,23,35,19259.0,-8.0,0,1,0.1666666666666666,0,
202511523,2025-12-14T13:00:00,1,2025,15,WAS,NYG,AWAY,29.0,21.0,50.0,MetLife Stadium,3.0,19.0,0.0,7.0,0.0,30.0,48.0,30:48,19.0,8.0,10.0,1.0,58.0,340,5.9,3.0,37,145,3.9,1,19,10,195,1,0,10.3,19.5,52.6,106.25,11.0,3.0,27.3,0.0,0.0,0.0,1.0,1.0,0.0,0.0,11,67,4.0,2,2,16,8,4,4.0,183.0,45.8,2,1,-1,0.0,7.0,7.0,7.0,0.0,29.0,12.0,29:12,22.0,7.0,12.0,3.0,67.0,384,5.7,3.0,29,146,5.0,1,37,20,238,2,1,6.4,11.9,54.1,80.69,12.0,2.0,16.7,4.0,2.0,50.0,4.0,3.0,0.0,0.0,6,62,1.0,0,1,8,5,6,4.0,182.0,45.5,1,2.0,1.0,100.0,0.0,75.0,0.0,3.0,2.0,0.0,0.0,0.0,0.0,0.0,3,3,3.0,3.0,0.0,0.0,0.0,0.0,0.0,2,0,40.0,15.0,1.0,8.0,6,1,0.0,30.0,30.0,2.0,16.0,2,4,2.0,Sunday,993005545.0,35,23,19259.0,8.0,1,-1,0.2727272727272727,0,
202511526,2025-12-14T13:00:00,1,2025,15,LV,PHI,AWAY,0.0,31.0,31.0,Lincoln Financial Field,0.0,0.0,0.0,0.0,0.0,20.0,35.0,20:35,7.0,2.0,4.0,1.0,42.0,75,1.8,0.0,13,46,3.5,0,25,15,29,0,1,1.2,1.9,60.0,47.92,12.0,3.0,25.0,1.0,0.0,0.0,0.0,0.0,0.0,0.0,3,39,0.0,0,4,35,1,8,5.0,223.0,44.6,1,0,-1,7.0,10.0,7.0,7.0,0.0,39.0,25.0,39:25,27.0,12.0,12.0,3.0,66.0,387,5.9,4.0,47,183,3.9,1,18,15,204,3,0,11.3,13.6,83.3,153.47,13.0,10.0,76.9,1.0,0.0,0.0,5.0,3.0,0.0,0.0,3,35,0.0,0,1,4,9,6,1.0,43.0,43.0,0,1.0,1.0,0.0,0.0,60.0,0.0,0.0,0.0,0.0,0.0,0.0,0.0,0.0,0,0,4.0,4.0,0.0,0.0,0.0,0.0,0.0,1,1,43.0,32.0,1.0,4.0,0,0,0.0,21.0,20.0,4.0,35.0,5,0,0.0,Sunday,993005539.0,25,26,19260.0,-31.0,0,-1,0.25,0,
202511526,2025-12-14T13:00:00,1,2025,15,PHI,LV,HOME,31.0,0.0,31.0,Lincoln Financial Field,7.0,10.0,7.0,7.0,0.0,39.0,25.0,39:25,27.0,12.0,12.0,3.0,66.0,387,5.9,4.0,47,183,3.9,1,18,15,204,3,0,11.3,13.6,83.3,153.47,13.0,10.0,76.9,1.0,0.0,0.0,5.0,3.0,0.0,0.0,3,35,0.0,0,1,4,9,6,1.0,43.0,43.0,0,1,1,0.0,0.0,0.0,0.0,0.0,20.0,35.0,20:35,7.0,2.0,4.0,1.0,42.0,75,1.8,0.0,13,46,3.5,0,25,15,29,0,1,1.2,1.9,60.0,47.92,12.0,3.0,25.0,1.0,0.0,0.0,0.0,0.0,0.0,0.0,3,39,0.0,0,4,35,1,8,5.0,223.0,44.6,1,0.0,-1.0,60.0,0.0,0.0,0.0,4.0,4.0,0.0,0.0,0.0,0.0,0.0,1,1,0.0,0.0,0.0,0.0,0.0,0.0,0.0,0,0,21.0,20.0,4.0,35.0,5,0,0.0,43.0,32.0,1.0,4.0,0,0,0.0,Sunday,993005540.0,26,25,19260.0,31.0,1,1,0.7692307692307693,0,
202511528,2025-12-15T20:15:00,1,2025,15,MIA,PIT,AWAY,15.0,28.0,43.0,Acrisure Stadium,0.0,3.0,0.0,12.0,0.0,26.0,27.0,26:27,16.0,1.0,15.0,0.0,48.0,285,5.9,2.0,16,63,3.9,0,28,22,222,2,1,7.9,10.1,78.6,108.63,8.0,2.0,25.0,1.0,1.0,100.0,2.0,2.0,0.0,0.0,6,31,0.0,0,4,31,3,5,4.0,194.0,48.5,1,0,-1,0.0,7.0,14.0,7.0,0.0,33.0,33.0,33:33,22.0,8.0,11.0,3.0,62.0,336,5.4,4.0,32,135,4.2,2,27,23,201,2,0,7.4,8.7,85.2,122.38,13.0,4.0,30.8,3.0,3.0,100.0,3.0,3.0,0.0,0.0,4,25,0.0,0,3,23,5,7,5.0,231.0,46.2,0,1.0,1.0,100.0,0.0,100.0,0.0,0.0,0.0,0.0,4.0,0.0,0.0,0.0,1,1,4.0,4.0,0.0,0.0,0.0,0.0,0.0,0,0,38.0,32.0,3.0,23.0,2,0,0.0,35.0,10.0,4.0,31.0,2,0,0.0,Monday,993005563.0,19,28,19267.0,-13.0,0,-1,0.25,0,
202511528,2025-12-15T20:15:00,1,2025,15,PIT,MIA,HOME,28.0,15.0,43.0,Acrisure Stadium,0.0,7.0,14.0,7.0,0.0,33.0,33.0,33:33,22.0,8.0,11.0,3.0,62.0,336,5.4,4.0,32,135,4.2,2,27,23,201,2,0,7.4,8.7,85.2,122.38,13.0,4.0,30.8,3.0,3.0,100.0,3.0,3.0,0.0,0.0,4,25,0.0,0,3,23,5,7,5.0,231.0,46.2,0,1,1,0.0,3.0,0.0,12.0,0.0,26.0,27.0,26:27,16.0,1.0,15.0,0.0,48.0,285,5.9,2.0,16,63,3.9,0,28,22,222,2,1,7.9,10.1,78.6,108.63,8.0,2.0,25.0,1.0,1.0,100.0,2.0,2.0,0.0,0.0,6,31,0.0,0,4,31,3,5,4.0,194.0,48.5,1,0.0,-1.0,100.0,0.0,100.0,0.0,4.0,4.0,0.0,0.0,0.0,0.0,0.0,0,0,0.0,0.0,0.0,4.0,0.0,0.0,0.0,1,1,35.0,10.0,4.0,31.0,2,0,0.0,38.0,32.0,3.0,23.0,2,0,0.0,Monday,993005564.0,28,19,19267.0,13.0,1,1,0.3076923076923077,0,
202511530,2025-12-14T16:25:00,1,2025,15,IND,SEA,AWAY,16.0,18.0,34.0,Lumen Field,3.0,10.0,0.0,3.0,0.0,31.0,5.0,31:05,14.0,5.0,8.0,1.0,58.0,220,3.8,1.0,30,102,3.4,0,27,18,118,1,1,4.4,6.6,66.7,72.76,13.0,5.0,38.5,0.0,0.0,0.0,1.0,1.0,0.0,0.0,3,14,1.0,0,1,2,5,5,5.0,228.0,45.6,1,0,-1,3.0,3.0,3.0,9.0,0.0,28.0,55.0,28:55,15.0,6.0,9.0,0.0,59.0,314,5.3,0.0,22,50,2.3,0,36,22,264,0,0,7.3,12.0,61.1,83.56,13.0,2.0,15.4,1.0,1.0,100.0,2.0,0.0,0.0,0.0,5,34,1.0,0,1,7,4,5,4.0,193.0,48.2,0,1.0,1.0,100.0,0.0,0.0,0.0,1.0,1.0,0.0,0.0,0.0,0.0,0.0,3,3,0.0,0.0,0.0,0.0,0.0,0.0,0.0,6,6,35.0,19.0,1.0,7.0,1,1,1.0,34.0,28.0,1.0,2.0,6,0,0.0,Sunday,993005551.0,14,30,19264.0,-2.0,0,-1,0.3846153846153846,0,
202511530,2025-12-14T16:25:00,1,2025,15,SEA,IND,HOME,18.0,16.0,34.0,Lumen Field,3.0,3.0,3.0,9.0,0.0,28.0,55.0,28:55,15.0,6.0,9.0,0.0,59.0,314,5.3,0.0,22,50,2.3,0,36,22,264,0,0,7.3,12.0,61.1,83.56,13.0,2.0,15.4,1.0,1.0,100.0,2.0,0.0,0.0,0.0,5,34,1.0,0,1,7,4,5,4.0,193.0,48.2,0,1,1,3.0,10.0,0.0,3.0,0.0,31.0,5.0,31:05,14.0,5.0,8.0,1.0,58.0,220,3.8,1.0,30,102,3.4,0,27,18,118,1,1,4.4,6.6,66.7,72.76,13.0,5.0,38.5,0.0,0.0,0.0,1.0,1.0,0.0,0.0,3,14,1.0,0,1,2,5,5,5.0,228.0,45.6,1,0.0,-1.0,0.0,0.0,100.0,0.0,0.0,0.0,0.0,0.0,0.0,0.0,0.0,6,6,1.0,1.0,0.0,0.0,0.0,0.0,0.0,3,3,34.0,28.0,1.0,2.0,6,0,0.0,35.0,19.0,1.0,7.0,1,1,1.0,Sunday,993005552.0,30,14,19264.0,2.0,1,1,0.1538461538461538,0,
202511531,2025-12-14T16:25:00,1,2025,15,SF,TEN,HOME,37.0,24.0,61.0,Levi's Stadium,7.0,10.0,14.0,6.0,0.0,37.0,5.0,37:05,28.0,7.0,18.0,3.0,70.0,430,6.1,4.0,38,138,3.6,1,30,23,292,3,0,9.7,12.7,76.7,139.86,15.0,9.0,60.0,1.0,1.0,100.0,6.0,4.0,0.0,0.0,6,30,1.0,1,2,3,3,1,0.0,0.0,0.0,1,0,-1,3.0,7.0,0.0,14.0,0.0,22.0,55.0,22:55,18.0,9.0,8.0,1.0,49.0,306,6.2,3.0,20,136,6.8,1,29,18,170,2,0,5.9,9.4,62.1,101.22,9.0,3.0,33.3,2.0,2.0,100.0,3.0,2.0,0.0,0.0,7,57,0.0,0,0,0,5,5,3.0,136.0,45.3,0,1.0,1.0,66.7,0.0,66.7,0.0,4.0,4.0,0.0,0.0,0.0,0.0,0.0,3,3,3.0,3.0,0.0,0.0,0.0,0.0,0.0,2,1,20.0,30.0,0.0,0.0,2,0,0.0,41.0,38.0,2.0,3.0,2,1,1.0,Sunday,993005554.0,31,34,19265.0,13.0,1,-1,0.6,0,
202511531,2025-12-14T16:25:00,1,2025,15,TEN,SF,AWAY,24.0,37.0,61.0,Levi's Stadium,3.0,7.0,0.0,14.0,0.0,22.0,55.0,22:55,18.0,9.0,8.0,1.0,49.0,306,6.2,3.0,20,136,6.8,1,29,18,170,2,0,5.9,9.4,62.1,101.22,9.0,3.0,33.3,2.0,2.0,100.0,3.0,2.0,0.0,0.0,7,57,0.0,0,0,0,5,5,3.0,136.0,45.3,0,1,1,7.0,10.0,14.0,6.0,0.0,37.0,5.0,37:05,28.0,7.0,18.0,3.0,70.0,430,6.1,4.0,38,138,3.6,1,30,23,292,3,0,9.7,12.7,76.7,139.86,15.0,9.0,60.0,1.0,1.0,100.0,6.0,4.0,0.0,0.0,6,30,1.0,1,2,3,3,1,0.0,0.0,0.0,1,0.0,-1.0,66.7,0.0,66.7,0.0,3.0,3.0,0.0,0.0,0.0,0.0,0.0,2,1,4.0,4.0,0.0,0.0,0.0,0.0,0.0,3,3,41.0,38.0,2.0,3.0,2,1,1.0,20.0,30.0,0.0,0.0,2,0,0.0,Sunday,993005553.0,34,31,19265.0,-13.0,0,1,0.3333333333333333,0,
202511532,2025-12-14T16:25:00,1,2025,15,DET,LAR,AWAY,34.0,41.0,75.0,SoFi Stadium,7.0,17.0,0.0,10.0,0.0,26.0,25.0,26:25,21.0,3.0,17.0,1.0,62.0,396,6.4,4.0,20,70,3.5,1,41,25,326,3,0,8.0,13.0,61.0,110.42,14.0,5.0,35.7,2.0,2.0,100.0,4.0,3.0,0.0,0.0,4,25,0.0,0,1,12,8,1,3.0,150.0,50.0,0,1,1,7.0,10.0,17.0,7.0,0.0,33.0,35.0,33:35,30.0,8.0,20.0,2.0,69.0,519,7.5,5.0,29,159,5.5,3,38,24,360,2,1,9.5,15.0,63.2,100.77,9.0,2.0,22.2,3.0,3.0,100.0,6.0,4.0,0.0,0.0,2,8,1.0,0,2,8,8,3,3.0,149.0,49.7,1,0.0,-1.0,75.0,0.0,66.7,0.0,4.0,4.0,0.0,0.0,0.0,0.0,0.0,3,2,5.0,5.0,0.0,0.0,0.0,0.0,0.0,2,2,35.0,28.0,2.0,8.0,7,0,0.0,28.0,31.0,1.0,12.0,2,0,0.0,Sunday,993005559.0,11,32,19262.0,-7.0,0,1,0.3571428571428571,0,
202511532,2025-12-14T16:25:00,1,2025,15,LAR,DET,HOME,41.0,34.0,75.0,SoFi Stadium,7.0,10.0,17.0,7.0,0.0,33.0,35.0,33:35,30.0,8.0,20.0,2.0,69.0,519,7.5,5.0,29,159,5.5,3,38,24,360,2,1,9.5,15.0,63.2,100.77,9.0,2.0,22.2,3.0,3.0,100.0,6.0,4.0,0.0,0.0,2,8,1.0,0,2,8,8,3,3.0,149.0,49.7,1,0,-1,7.0,17.0,0.0,10.0,0.0,26.0,25.0,26:25,21.0,3.0,17.0,1.0,62.0,396,6.4,4.0,20,70,3.5,1,41,25,326,3,0,8.0,13.0,61.0,110.42,14.0,5.0,35.7,2.0,2.0,100.0,4.0,3.0,0.0,0.0,4,25,0.0,0,1,12,8,1,3.0,150.0,50.0,0,1.0,1.0,66.7,0.0,75.0,0.0,5.0,5.0,0.0,0.0,0.0,0.0,0.0,2,2,4.0,4.0,0.0,0.0,0.0,0.0,0.0,3,2,28.0,31.0,1.0,12.0,2,0,0.0,35.0,28.0,2.0,8.0,7,0,0.0,Sunday,993005560.0,32,11,19262.0,7.0,1,-1,0.2222222222222222,0,
202511533,2025-12-11T20:15:00,1,2025,15,ATL,TB,AWAY,29.0,28.0,57.0,Raymond James Stadium,0.0,14.0,0.0,15.0,0.0,31.0,51.0,31:51,27.0,6.0,19.0,2.0,66.0,476,7.2,4.0,21,111,5.3,1,44,30,365,3,0,8.3,12.2,68.2,116.19,11.0,5.0,45.5,1.0,1.0,100.0,4.0,4.0,0.0,0.0,19,125,3.0,1,1,8,7,7,4.0,170.0,42.5,1,1,0,7.0,6.0,7.0,8.0,0.0,28.0,9.0,28:09,28.0,5.0,16.0,7.0,61.0,338,5.5,3.0,22,88,4.0,1,34,19,250,2,1,7.4,13.2,55.9,86.64,9.0,4.0,44.4,0.0,0.0,0.0,3.0,3.0,0.0,0.0,4,25,1.0,0,5,27,4,2,4.0,165.0,41.2,1,1.0,0.0,100.0,0.0,100.0,0.0,2.0,2.0,0.0,4.0,0.0,0.0,0.0,1,1,2.0,2.0,0.0,2.0,1.0,0.0,0.0,2,2,36.0,12.0,5.0,27.0,7,0,0.0,34.0,26.0,1.0,8.0,1,3,1.0,Thursday,993005533.0,2,33,19252.0,1.0,1,0,0.4545454545454545,0,
202511533,2025-12-11T20:15:00,1,2025,15,TB,ATL,HOME,28.0,29.0,57.0,Raymond James Stadium,7.0,6.0,7.0,8.0,0.0,28.0,9.0,28:09,28.0,5.0,16.0,7.0,61.0,338,5.5,3.0,22,88,4.0,1,34,19,250,2,1,7.4,13.2,55.9,86.64,9.0,4.0,44.4,0.0,0.0,0.0,3.0,3.0,0.0,0.0,4,25,1.0,0,5,27,4,2,4.0,165.0,41.2,1,1,0,0.0,14.0,0.0,15.0,0.0,31.0,51.0,31:51,27.0,6.0,19.0,2.0,66.0,476,7.2,4.0,21,111,5.3,1,44,30,365,3,0,8.3,12.2,68.2,116.19,11.0,5.0,45.5,1.0,1.0,100.0,4.0,4.0,0.0,0.0,19,125,3.0,1,1,8,7,7,4.0,170.0,42.5,1,1.0,0.0,100.0,0.0,100.0,0.0,2.0,2.0,0.0,2.0,1.0,0.0,0.0,2,2,2.0,2.0,0.0,4.0,0.0,0.0,0.0,1,1,34.0,26.0,1.0,8.0,1,3,1.0,36.0,12.0,5.0,27.0,7,0,0.0,Thursday,993005534.0,33,2,19252.0,-1.0,0,0,0.4444444444444444,0,
202511601,2025-12-21T16:05:00,1,2025,16,ARI,ATL,HOME,19.0,26.0,45.0,State Farm Stadium,10.0,6.0,0.0,3.0,0.0,24.0,26.0,24:26,16.0,6.0,9.0,1.0,56.0,320,5.7,1.0,23,132,5.7,0,31,16,188,1,1,6.1,11.8,51.6,67.67,13.0,7.0,53.8,0.0,0.0,0.0,2.0,0.0,0.0,0.0,5,14,0.0,0,2,15,4,5,1.0,51.0,51.0,1,2,1,3.0,13.0,3.0,7.0,0.0,35.0,34.0,35:34,24.0,10.0,11.0,3.0,73.0,342,4.7,3.0,37,152,4.1,1,35,21,190,2,1,5.4,9.0,60.0,81.85,14.0,7.0,50.0,5.0,2.0,40.0,3.0,3.0,0.0,0.0,4,20,1.0,1,1,7,5,6,0.0,0.0,0.0,2,1.0,-1.0,0.0,0.0,100.0,0.0,1.0,1.0,0.0,0.0,0.0,0.0,0.0,6,4,3.0,2.0,1.0,0.0,0.0,0.0,0.0,2,2,32.0,41.0,1.0,7.0,6,0,1.0,31.0,19.0,2.0,15.0,7,0,0.0,Sunday,993005588.0,1,2,19276.0,-7.0,0,1,0.5384615384615384,0,
202511601,2025-12-21T16:05:00,1,2025,16,ATL,ARI,AWAY,26.0,19.0,45.0,State Farm Stadium,3.0,13.0,3.0,7.0,0.0,35.0,34.0,35:34,24.0,10.0,11.0,3.0,73.0,342,4.7,3.0,37,152,4.1,1,35,21,190,2,1,5.4,9.0,60.0,81.85,14.0,7.0,50.0,5.0,2.0,40.0,3.0,3.0,0.0,0.0,4,20,1.0,1,1,7,5,6,0.0,0.0,0.0,2,1,-1,10.0,6.0,0.0,3.0,0.0,24.0,26.0,24:26,16.0,6.0,9.0,1.0,56.0,320,5.7,1.0,23,132,5.7,0,31,16,188,1,1,6.1,11.8,51.6,67.67,13.0,7.0,53.8,0.0,0.0,0.0,2.0,0.0,0.0,0.0,5,14,0.0,0,2,15,4,5,1.0,51.0,51.0,1,2.0,1.0,100.0,0.0,0.0,0.0,3.0,2.0,1.0,0.0,0.0,0.0,0.0,2,2,1.0,1.0,0.0,0.0,0.0,0.0,0.0,6,4,31.0,19.0,2.0,15.0,7,0,0.0,32.0,41.0,1.0,7.0,6,0,1.0,Sunday,993005587.0,2,1,19276.0,7.0,1,-1,0.5,0,
202511603,2025-12-21T20:20:00,1,2025,16,BAL,NE,HOME,24.0,28.0,52.0,M&T Bank Stadium,7.0,3.0,7.0,7.0,0.0,28.0,11.0,28:11,18.0,8.0,9.0,1.0,54.0,330,6.1,3.0,33,171,5.2,3,20,16,159,0,0,8.0,9.9,80.0,99.79,11.0,7.0,63.6,0.0,0.0,0.0,3.0,2.0,0.0,0.0,7,28,2.0,2,1,7,10,5,2.0,84.0,42.0,2,2,0,0.0,10.0,3.0,15.0,0.0,31.0,49.0,31:49,24.0,6.0,17.0,1.0,71.0,453,6.4,3.0,23,79,3.4,1,44,31,374,2,1,8.5,12.1,70.5,101.89,12.0,4.0,33.3,3.0,2.0,66.7,3.0,1.0,0.0,0.0,5,50,3.0,1,4,6,5,4,1.0,49.0,49.0,2,2.0,0.0,66.7,0.0,33.3,0.0,3.0,3.0,0.0,0.0,0.0,0.0,0.0,2,1,2.0,2.0,0.0,2.0,1.0,0.0,0.0,2,2,45.0,10.0,4.0,6.0,7,2,1.0,34.0,24.0,1.0,7.0,1,2,2.0,Sunday,993005594.0,3,21,19269.0,-4.0,0,0,0.6363636363636364,0,
202511603,2025-12-21T20:20:00,1,2025,16,NE,BAL,AWAY,28.0,24.0,52.0,M&T Bank Stadium,0.0,10.0,3.0,15.0,0.0,31.0,49.0,31:49,24.0,6.0,17.0,1.0,71.0,453,6.4,3.0,23,79,3.4,1,44,31,374,2,1,8.5,12.1,70.5,101.89,12.0,4.0,33.3,3.0,2.0,66.7,3.0,1.0,0.0,0.0,5,50,3.0,1,4,6,5,4,1.0,49.0,49.0,2,2,0,7.0,3.0,7.0,7.0,0.0,28.0,11.0,28:11,18.0,8.0,9.0,1.0,54.0,330,6.1,3.0,33,171,5.2,3,20,16,159,0,0,8.0,9.9,80.0,99.79,11.0,7.0,63.6,0.0,0.0,0.0,3.0,2.0,0.0,0.0,7,28,2.0,2,1,7,10,5,2.0,84.0,42.0,2,2.0,0.0,33.3,0.0,66.7,0.0,2.0,2.0,0.0,2.0,1.0,0.0,0.0,2,2,3.0,3.0,0.0,0.0,0.0,0.0,0.0,2,1,34.0,24.0,1.0,7.0,1,2,2.0,45.0,10.0,4.0,6.0,7,2,1.0,Sunday,993005593.0,21,3,19269.0,4.0,1,0,0.3333333333333333,0,
202511605,2025-12-21T13:00:00,1,2025,16,CAR,TB,HOME,23.0,20.0,43.0,Bank of America Stadium,3.0,10.0,7.0,3.0,0.0,25.0,24.0,25:24,16.0,7.0,9.0,0.0,54.0,275,5.1,2.0,20,101,5.0,0,32,21,174,2,0,5.4,8.3,65.6,100.26,12.0,6.0,50.0,0.0,0.0,0.0,2.0,1.0,0.0,0.0,5,30,0.0,0,2,17,2,5,3.0,136.0,45.3,0,1,1,7.0,3.0,7.0,3.0,0.0,34.0,36.0,34:36,20.0,8.0,9.0,3.0,61.0,296,4.9,2.0,33,169,5.1,1,26,18,127,1,1,4.9,7.1,69.2,76.92,14.0,8.0,57.1,0.0,0.0,0.0,3.0,2.0,0.0,0.0,8,56,0.0,0,2,18,9,4,3.0,134.0,44.7,1,0.0,-1.0,50.0,0.0,66.7,0.0,2.0,2.0,0.0,0.0,0.0,0.0,0.0,3,3,2.0,2.0,0.0,0.0,0.0,0.0,0.0,2,2,39.0,22.0,2.0,18.0,4,0,0.0,30.0,21.0,2.0,17.0,5,0,0.0,Sunday,993005580.0,5,33,19270.0,3.0,1,1,0.5,0,
202511605,2025-12-21T13:00:00,1,2025,16,TB,CAR,AWAY,20.0,23.0,43.0,Bank of America Stadium,7.0,3.0,7.0,3.0,0.0,34.0,36.0,34:36,20.0,8.0,9.0,3.0,61.0,296,4.9,2.0,33,169,5.1,1,26,18,127,1,1,4.9,7.1,69.2,76.92,14.0,8.0,57.1,0.0,0.0,0.0,3.0,2.0,0.0,0.0,8,56,0.0,0,2,18,9,4,3.0,134.0,44.7,1,0,-1,3.0,10.0,7.0,3.0,0.0,25.0,24.0,25:24,16.0,7.0,9.0,0.0,54.0,275,5.1,2.0,20,101,5.0,0,32,21,174,2,0,5.4,8.3,65.6,100.26,12.0,6.0,50.0,0.0,0.0,0.0,2.0,1.0,0.0,0.0,5,30,0.0,0,2,17,2,5,3.0,136.0,45.3,0,1.0,1.0,66.7,0.0,50.0,0.0,2.0,2.0,0.0,0.0,0.0,0.0,0.0,2,2,2.0,2.0,0.0,0.0,0.0,0.0,0.0,3,3,30.0,21.0,2.0,17.0,5,0,0.0,39.0,22.0,2.0,18.0,4,0,0.0,Sunday,993005579.0,33,5,19270.0,-3.0,0,-1,0.5714285714285714,0,
202511606,2025-12-20T20:20:00,1,2025,16,CHI,GB,HOME,22.0,16.0,38.0,Soldier Field,0.0,0.0,3.0,13.0,6.0,26.0,13.0,26:13,20.0,8.0,10.0,2.0,60.0,400,6.7,2.0,26,150,5.8,0,34,19,250,2,0,7.4,13.2,55.9,98.9,11.0,2.0,18.2,3.0,2.0,66.7,2.0,1.0,0.0,0.0,10,105,1.0,0,0,0,5,1,3.0,125.0,41.7,0,1,1,0.0,6.0,7.0,3.0,0.0,38.0,57.0,38:57,24.0,11.0,10.0,3.0,70.0,384,5.5,1.0,44,192,4.4,0,24,17,192,1,0,8.0,11.3,70.8,108.33,12.0,6.0,50.0,3.0,1.0,33.3,5.0,0.0,0.0,0.0,4,40,3.0,1,2,6,4,2,0.0,0.0,0.0,1,0.0,-1.0,50.0,0.0,0.0,0.0,1.0,1.0,0.0,0.0,0.0,0.0,0.0,3,3,1.0,1.0,0.0,0.0,0.0,0.0,0.0,3,3,37.0,40.0,2.0,6.0,2,1,1.0,24.0,35.0,0.0,0.0,3,0,0.0,Saturday,993005570.0,6,12,19041.0,6.0,1,1,0.1818181818181818,0,
202511606,2025-12-20T20:20:00,1,2025,16,GB,CHI,AWAY,16.0,22.0,38.0,Soldier Field,0.0,6.0,7.0,3.0,0.0,38.0,57.0,38:57,24.0,11.0,10.0,3.0,70.0,384,5.5,1.0,44,192,4.4,0,24,17,192,1,0,8.0,11.3,70.8,108.33,12.0,6.0,50.0,3.0,1.0,33.3,5.0,0.0,0.0,0.0,4,40,3.0,1,2,6,4,2,0.0,0.0,0.0,1,0,-1,0.0,0.0,3.0,13.0,6.0,26.0,13.0,26:13,20.0,8.0,10.0,2.0,60.0,400,6.7,2.0,26,150,5.8,0,34,19,250,2,0,7.4,13.2,55.9,98.9,11.0,2.0,18.2,3.0,2.0,66.7,2.0,1.0,0.0,0.0,10,105,1.0,0,0,0,5,1,3.0,125.0,41.7,0,1.0,1.0,0.0,0.0,50.0,0.0,1.0,1.0,0.0,0.0,0.0,0.0,0.0,3,3,1.0,1.0,0.0,0.0,0.0,0.0,0.0,3,3,24.0,35.0,0.0,0.0,3,0,0.0,37.0,40.0,2.0,6.0,2,1,1.0,Saturday,993005569.0,12,6,19041.0,-6.0,0,-1,0.5,0,
202511608,2025-12-21T13:00:00,1,2025,16,BUF,CLE,AWAY,23.0,20.0,43.0,Huntington Bank Field,7.0,13.0,3.0,0.0,0.0,24.0,37.0,24:37,16.0,10.0,6.0,0.0,50.0,259,5.2,3.0,29,164,5.7,3,19,12,95,0,0,5.0,7.9,63.2,75.55,8.0,2.0,25.0,2.0,0.0,0.0,3.0,2.0,0.0,0.0,5,35,0.0,0,2,35,11,5,3.0,149.0,49.7,0,2,2,7.0,3.0,7.0,3.0,0.0,35.0,23.0,35:23,22.0,12.0,8.0,2.0,64.0,294,4.6,2.0,31,160,5.2,1,30,20,134,1,2,4.5,6.7,66.7,59.58,14.0,8.0,57.1,1.0,0.0,0.0,4.0,2.0,0.0,0.0,5,44,1.0,0,3,23,5,1,2.0,103.0,51.5,2,0.0,-2.0,66.7,0.0,50.0,0.0,3.0,2.0,0.0,0.0,0.0,0.0,0.0,1,1,2.0,2.0,0.0,0.0,0.0,0.0,0.0,2,2,32.0,40.0,3.0,23.0,6,0,0.0,25.0,27.0,2.0,35.0,1,0,0.0,Sunday,993005575.0,4,8,19271.0,3.0,1,2,0.25,0,
202511608,2025-12-21T13:00:00,1,2025,16,CLE,BUF,HOME,20.0,23.0,43.0,Huntington Bank Field,7.0,3.0,7.0,3.0,0.0,35.0,23.0,35:23,22.0,12.0,8.0,2.0,64.0,294,4.6,2.0,31,160,5.2,1,30,20,134,1,2,4.5,6.7,66.7,59.58,14.0,8.0,57.1,1.0,0.0,0.0,4.0,2.0,0.0,0.0,5,44,1.0,0,3,23,5,1,2.0,103.0,51.5,2,0,-2,7.0,13.0,3.0,0.0,0.0,24.0,37.0,24:37,16.0,10.0,6.0,0.0,50.0,259,5.2,3.0,29,164,5.7,3,19,12,95,0,0,5.0,7.9,63.2,75.55,8.0,2.0,25.0,2.0,0.0,0.0,3.0,2.0,0.0,0.0,5,35,0.0,0,2,35,11,5,3.0,149.0,49.7,0,2.0,2.0,50.0,0.0,66.7,0.0,2.0,2.0,0.0,0.0,0.0,0.0,0.0,2,2,3.0,2.0,0.0,0.0,0.0,0.0,0.0,1,1,25.0,27.0,2.0,35.0,1,0,0.0,32.0,40.0,3.0,23.0,6,0,0.0,Sunday,993005576.0,8,4,19271.0,-3.0,0,-2,0.5714285714285714,0,
202511609,2025-12-21T13:00:00,1,2025,16,DAL,LAC,HOME,17.0,34.0,51.0,AT&T Stadium,7.0,10.0,0.0,0.0,0.0,25.0,33.0,25:33,18.0,4.0,13.0,1.0,56.0,340,6.1,2.0,23,91,4.0,0,32,23,249,2,0,7.8,10.8,71.9,115.23,9.0,4.0,44.4,3.0,1.0,33.3,3.0,1.0,0.0,0.0,5,40,1.0,1,1,6,5,3,1.0,42.0,42.0,1,0,-1,7.0,14.0,3.0,10.0,0.0,34.0,27.0,34:27,24.0,9.0,15.0,0.0,62.0,452,7.3,4.0,33,152,4.6,2,29,23,300,2,0,10.3,13.0,79.3,132.76,11.0,7.0,63.6,1.0,0.0,0.0,4.0,2.0,0.0,0.0,4,34,1.0,0,0,0,3,2,1.0,55.0,55.0,0,1.0,1.0,33.3,0.0,50.0,0.0,2.0,2.0,0.0,0.0,0.0,0.0,0.0,1,1,4.0,4.0,0.0,0.0,0.0,0.0,0.0,2,2,37.0,30.0,0.0,0.0,2,1,0.0,30.0,28.0,1.0,6.0,3,1,1.0,Sunday,993005584.0,9,29,19272.0,-17.0,0,-1,0.4444444444444444,0,
202511609,2025-12-21T13:00:00,1,2025,16,LAC,DAL,AWAY,34.0,17.0,51.0,AT&T Stadium,7.0,14.0,3.0,10.0,0.0,34.0,27.0,34:27,24.0,9.0,15.0,0.0,62.0,452,7.3,4.0,33,152,4.6,2,29,23,300,2,0,10.3,13.0,79.3,132.76,11.0,7.0,63.6,1.0,0.0,0.0,4.0,2.0,0.0,0.0,4,34,1.0,0,0,0,3,2,1.0,55.0,55.0,0,1,1,7.0,10.0,0.0,0.0,0.0,25.0,33.0,25:33,18.0,4.0,13.0,1.0,56.0,340,6.1,2.0,23,91,4.0,0,32,23,249,2,0,7.8,10.8,71.9,115.23,9.0,4.0,44.4,3.0,1.0,33.3,3.0,1.0,0.0,0.0,5,40,1.0,1,1,6,5,3,1.0,42.0,42.0,1,0.0,-1.0,50.0,0.0,33.3,0.0,4.0,4.0,0.0,0.0,0.0,0.0,0.0,2,2,2.0,2.0,0.0,0.0,0.0,0.0,0.0,1,1,30.0,28.0,1.0,6.0,3,1,1.0,37.0,30.0,0.0,0.0,2,1,0.0,Sunday,993005583.0,29,9,19272.0,17.0,1,1,0.6363636363636364,0,
202511610,2025-12-21T16:05:00,1,2025,16,DEN,JAX,HOME,20.0,34.0,54.0,Empower Field at Mile High,0.0,10.0,7.0,3.0,0.0,26.0,47.0,26:47,21.0,5.0,14.0,2.0,65.0,445,6.8,2.0,17,101,5.9,1,47,28,344,1,1,7.3,12.3,59.6,80.45,14.0,5.0,35.7,3.0,1.0,33.3,2.0,1.0,0.0,0.0,6,61,1.0,1,1,8,14,6,3.0,132.0,44.0,2,0,-2,7.0,10.0,14.0,3.0,0.0,33.0,13.0,33:13,22.0,7.0,12.0,3.0,68.0,346,5.1,4.0,27,81,3.0,1,36,23,265,3,0,7.4,11.5,63.9,113.77,15.0,8.0,53.3,0.0,0.0,0.0,5.0,4.0,0.0,0.0,2,20,0.0,0,5,14,5,3,6.0,312.0,52.0,0,2.0,2.0,50.0,0.0,80.0,0.0,2.0,2.0,0.0,0.0,0.0,0.0,0.0,3,2,4.0,4.0,0.0,0.0,0.0,0.0,0.0,2,2,35.0,32.0,5.0,14.0,5,0,0.0,36.0,12.0,1.0,8.0,7,0,1.0,Sunday,993005586.0,10,15,19277.0,-14.0,0,-2,0.3571428571428571,0,
202511610,2025-12-21T16:05:00,1,2025,16,JAX,DEN,AWAY,34.0,20.0,54.0,Empower Field at Mile High,7.0,10.0,14.0,3.0,0.0,33.0,13.0,33:13,22.0,7.0,12.0,3.0,68.0,346,5.1,4.0,27,81,3.0,1,36,23,265,3,0,7.4,11.5,63.9,113.77,15.0,8.0,53.3,0.0,0.0,0.0,5.0,4.0,0.0,0.0,2,20,0.0,0,5,14,5,3,6.0,312.0,52.0,0,2,2,0.0,10.0,7.0,3.0,0.0,26.0,47.0,26:47,21.0,5.0,14.0,2.0,65.0,445,6.8,2.0,17,101,5.9,1,47,28,344,1,1,7.3,12.3,59.6,80.45,14.0,5.0,35.7,3.0,1.0,33.3,2.0,1.0,0.0,0.0,6,61,1.0,1,1,8,14,6,3.0,132.0,44.0,2,0.0,-2.0,80.0,0.0,50.0,0.0,4.0,4.0,0.0,0.0,0.0,0.0,0.0,2,2,2.0,2.0,0.0,0.0,0.0,0.0,0.0,3,2,36.0,12.0,1.0,8.0,7,0,1.0,35.0,32.0,5.0,14.0,5,0,0.0,Sunday,993005585.0,15,10,19277.0,14.0,1,2,0.5333333333333333,0,
202511611,2025-12-21T16:25:00,1,2025,16,DET,PIT,HOME,24.0,29.0,53.0,Ford Field,0.0,10.0,0.0,14.0,0.0,25.0,54.0,25:54,23.0,2.0,19.0,2.0,69.0,361,5.2,3.0,12,15,1.2,0,54,34,346,3,0,6.4,10.2,63.0,99.77,15.0,6.0,40.0,2.0,1.0,50.0,4.0,1.0,0.0,0.0,7,40,1.0,0,3,18,3,4,3.0,159.0,53.0,0,1,1,3.0,7.0,2.0,17.0,0.0,34.0,6.0,34:06,23.0,8.0,14.0,1.0,70.0,481,6.9,3.0,27,230,8.5,2,41,27,251,1,0,6.1,9.3,65.9,90.6,16.0,8.0,50.0,2.0,2.0,100.0,3.0,0.0,0.0,0.0,8,89,1.0,1,2,15,9,7,3.0,150.0,50.0,1,0.0,-1.0,25.0,0.0,0.0,0.0,3.0,3.0,0.0,0.0,0.0,0.0,0.0,1,1,3.0,3.0,0.0,0.0,0.0,0.0,0.0,3,2,37.0,28.0,2.0,15.0,5,1,1.0,34.0,21.0,3.0,18.0,6,1,0.0,Sunday,993005592.0,11,28,19278.0,-5.0,0,1,0.4,0,
202511611,2025-12-21T16:25:00,1,2025,16,PIT,DET,AWAY,29.0,24.0,53.0,Ford Field,3.0,7.0,2.0,17.0,0.0,34.0,6.0,34:06,23.0,8.0,14.0,1.0,70.0,481,6.9,3.0,27,230,8.5,2,41,27,251,1,0,6.1,9.3,65.9,90.6,16.0,8.0,50.0,2.0,2.0,100.0,3.0,0.0,0.0,0.0,8,89,1.0,1,2,15,9,7,3.0,150.0,50.0,1,0,-1,0.0,10.0,0.0,14.0,0.0,25.0,54.0,25:54,23.0,2.0,19.0,2.0,69.0,361,5.2,3.0,12,15,1.2,0,54,34,346,3,0,6.4,10.2,63.0,99.77,15.0,6.0,40.0,2.0,1.0,50.0,4.0,1.0,0.0,0.0,7,40,1.0,0,3,18,3,4,3.0,159.0,53.0,0,1.0,1.0,0.0,0.0,25.0,0.0,3.0,3.0,0.0,0.0,0.0,0.0,0.0,3,2,3.0,3.0,0.0,0.0,0.0,0.0,0.0,1,1,34.0,21.0,3.0,18.0,6,1,0.0,37.0,28.0,2.0,15.0,5,1,1.0,Sunday,993005591.0,28,11,19278.0,5.0,1,-1,0.5,0,
202511613,2025-12-21T16:25:00,1,2025,16,HOU,LV,HOME,23.0,21.0,44.0,NRG Stadium,7.0,6.0,3.0,7.0,0.0,31.0,46.0,31:46,16.0,4.0,10.0,2.0,61.0,270,4.4,2.0,26,83,3.2,0,35,23,187,1,0,5.3,8.1,65.7,88.63,15.0,7.0,46.7,0.0,0.0,0.0,2.0,1.0,0.0,0.0,4,29,1.0,0,0,0,2,4,5.0,258.0,51.6,0,1,1,0.0,7.0,7.0,7.0,0.0,28.0,14.0,28:14,12.0,3.0,8.0,1.0,53.0,315,5.9,3.0,27,145,5.4,1,23,16,170,2,1,7.4,10.6,69.6,101.72,14.0,6.0,42.9,0.0,0.0,0.0,1.0,1.0,0.0,0.0,9,85,1.0,0,3,31,4,6,7.0,293.0,41.9,1,0.0,-1.0,50.0,0.0,100.0,0.0,2.0,2.0,0.0,0.0,0.0,0.0,0.0,3,3,3.0,3.0,0.0,0.0,0.0,0.0,0.0,0,0,27.0,34.0,3.0,31.0,4,1,0.0,28.0,33.0,0.0,0.0,3,0,0.0,Sunday,993005590.0,13,25,19279.0,2.0,1,1,0.4666666666666667,0,
202511613,2025-12-21T16:25:00,1,2025,16,LV,HOU,AWAY,21.0,23.0,44.0,NRG Stadium,0.0,7.0,7.0,7.0,0.0,28.0,14.0,28:14,12.0,3.0,8.0,1.0,53.0,315,5.9,3.0,27,145,5.4,1,23,16,170,2,1,7.4,10.6,69.6,101.72,14.0,6.0,42.9,0.0,0.0,0.0,1.0,1.0,0.0,0.0,9,85,1.0,0,3,31,4,6,7.0,293.0,41.9,1,0,-1,7.0,6.0,3.0,7.0,0.0,31.0,46.0,31:46,16.0,4.0,10.0,2.0,61.0,270,4.4,2.0,26,83,3.2,0,35,23,187,1,0,5.3,8.1,65.7,88.63,15.0,7.0,46.7,0.0,0.0,0.0,2.0,1.0,0.0,0.0,4,29,1.0,0,0,0,2,4,5.0,258.0,51.6,0,1.0,1.0,100.0,0.0,50.0,0.0,3.0,3.0,0.0,0.0,0.0,0.0,0.0,0,0,2.0,2.0,0.0,0.0,0.0,0.0,0.0,3,3,28.0,33.0,0.0,0.0,3,0,0.0,27.0,34.0,3.0,31.0,4,1,0.0,Sunday,993005589.0,25,13,19279.0,-2.0,0,-1,0.4285714285714285,0,
202511614,2025-12-22T20:15:00,1,2025,16,IND,SF,HOME,27.0,48.0,75.0,Lucas Oil Stadium,7.0,10.0,3.0,7.0,0.0,26.0,55.0,26:55,19.0,4.0,13.0,2.0,58.0,312,5.4,3.0,20,58,2.9,1,36,23,254,2,1,7.1,11.0,63.9,91.67,10.0,5.0,50.0,1.0,0.0,0.0,2.0,2.0,0.0,0.0,6,45,2.0,1,2,23,1,3,2.0,101.0,50.5,2,1,-1,14.0,10.0,10.0,14.0,0.0,33.0,5.0,33:05,28.0,8.0,20.0,0.0,66.0,440,6.7,6.0,31,145,4.7,0,34,25,295,5,1,8.7,11.8,73.5,126.84,11.0,7.0,63.6,1.0,1.0,100.0,6.0,4.0,0.0,0.0,2,36,1.0,0,1,0,4,3,0.0,0.0,0.0,1,2.0,1.0,100.0,0.0,66.7,0.0,3.0,3.0,0.0,0.0,0.0,0.0,0.0,2,2,6.0,6.0,0.0,0.0,0.0,0.0,0.0,3,2,41.0,16.0,1.0,0.0,5,1,0.0,25.0,34.0,2.0,23.0,7,2,1.0,Monday,993005596.0,14,31,19281.0,-21.0,0,-1,0.5,0,
202511614,2025-12-22T20:15:00,1,2025,16,SF,IND,AWAY,48.0,27.0,75.0,Lucas Oil Stadium,14.0,10.0,10.0,14.0,0.0,33.0,5.0,33:05,28.0,8.0,20.0,0.0,66.0,440,6.7,6.0,31,145,4.7,0,34,25,295,5,1,8.7,11.8,73.5,126.84,11.0,7.0,63.6,1.0,1.0,100.0,6.0,4.0,0.0,0.0,2,36,1.0,0,1,0,4,3,0.0,0.0,0.0,1,2,1,7.0,10.0,3.0,7.0,0.0,26.0,55.0,26:55,19.0,4.0,13.0,2.0,58.0,312,5.4,3.0,20,58,2.9,1,36,23,254,2,1,7.1,11.0,63.9,91.67,10.0,5.0,50.0,1.0,0.0,0.0,2.0,2.0,0.0,0.0,6,45,2.0,1,2,23,1,3,2.0,101.0,50.5,2,1.0,-1.0,66.7,0.0,100.0,0.0,6.0,6.0,0.0,0.0,0.0,0.0,0.0,3,2,3.0,3.0,0.0,0.0,0.0,0.0,0.0,2,2,25.0,34.0,2.0,23.0,7,2,1.0,41.0,16.0,1.0,0.0,5,1,0.0,Monday,993005595.0,31,14,19281.0,21.0,1,1,0.6363636363636364,0,
202511619,2025-12-21T13:00:00,1,2025,16,CIN,MIA,AWAY,45.0,21.0,66.0,Hard Rock Stadium,7.0,10.0,21.0,7.0,0.0,31.0,32.0,31:32,23.0,6.0,16.0,1.0,61.0,407,6.7,6.0,26,105,4.0,2,33,26,302,4,0,9.2,11.6,78.8,144.38,12.0,6.0,50.0,1.0,1.0,100.0,6.0,6.0,0.0,0.0,2,10,0.0,0,2,11,4,3,4.0,208.0,52.0,0,3,3,7.0,7.0,0.0,7.0,0.0,28.0,28.0,28:28,19.0,5.0,14.0,0.0,58.0,389,6.7,3.0,28,129,4.6,3,30,20,260,0,2,8.7,13.0,66.7,65.97,10.0,2.0,20.0,2.0,1.0,50.0,2.0,2.0,0.0,0.0,3,20,2.0,1,0,0,5,2,4.0,201.0,50.2,3,0.0,-3.0,100.0,0.0,100.0,0.0,6.0,6.0,0.0,0.0,0.0,0.0,0.0,1,1,3.0,3.0,0.0,0.0,0.0,0.0,0.0,0,0,29.0,35.0,0.0,0.0,7,2,1.0,25.0,44.0,2.0,11.0,2,0,0.0,Sunday,993005571.0,7,19,19280.0,24.0,1,3,0.5,0,
202511619,2025-12-21T13:00:00,1,2025,16,MIA,CIN,HOME,21.0,45.0,66.0,Hard Rock Stadium,7.0,7.0,0.0,7.0,0.0,28.0,28.0,28:28,19.0,5.0,14.0,0.0,58.0,389,6.7,3.0,28,129,4.6,3,30,20,260,0,2,8.7,13.0,66.7,65.97,10.0,2.0,20.0,2.0,1.0,50.0,2.0,2.0,0.0,0.0,3,20,2.0,1,0,0,5,2,4.0,201.0,50.2,3,0,-3,7.0,10.0,21.0,7.0,0.0,31.0,32.0,31:32,23.0,6.0,16.0,1.0,61.0,407,6.7,6.0,26,105,4.0,2,33,26,302,4,0,9.2,11.6,78.8,144.38,12.0,6.0,50.0,1.0,1.0,100.0,6.0,6.0,0.0,0.0,2,10,0.0,0,2,11,4,3,4.0,208.0,52.0,0,3.0,3.0,100.0,0.0,100.0,0.0,3.0,3.0,0.0,0.0,0.0,0.0,0.0,0,0,6.0,6.0,0.0,0.0,0.0,0.0,0.0,1,1,25.0,44.0,2.0,11.0,2,0,0.0,29.0,35.0,0.0,0.0,7,2,1.0,Sunday,993005572.0,19,7,19280.0,-24.0,0,-3,0.2,0,
202511622,2025-12-21T13:00:00,1,2025,16,NO,NYJ,HOME,29.0,6.0,35.0,Caesars Superdome,3.0,6.0,7.0,13.0,0.0,31.0,18.0,31:18,23.0,6.0,17.0,0.0,78.0,412,5.3,2.0,25,84,3.4,0,50,33,328,2,0,6.6,9.9,66.0,97.75,17.0,8.0,47.1,2.0,1.0,50.0,3.0,0.0,0.0,0.0,3,30,1.0,1,3,18,9,11,1.0,46.0,46.0,1,2,1,3.0,3.0,0.0,0.0,0.0,28.0,42.0,28:42,12.0,5.0,6.0,1.0,63.0,195,3.1,0.0,20,64,3.2,0,35,22,131,0,1,3.7,6.0,62.9,58.15,15.0,2.0,13.3,4.0,2.0,50.0,2.0,0.0,0.0,0.0,7,54,1.0,1,8,57,5,3,5.0,231.0,46.2,2,1.0,-1.0,0.0,0.0,0.0,0.0,2.0,2.0,0.0,0.0,0.0,0.0,0.0,6,5,0.0,0.0,0.0,0.0,0.0,0.0,0.0,2,2,32.0,37.0,8.0,57.0,6,1,1.0,39.0,36.0,3.0,18.0,2,1,1.0,Sunday,993005574.0,22,24,19273.0,23.0,1,1,0.4705882352941176,0,
202511622,2025-12-21T13:00:00,1,2025,16,NYJ,NO,AWAY,6.0,29.0,35.0,Caesars Superdome,3.0,3.0,0.0,0.0,0.0,28.0,42.0,28:42,12.0,5.0,6.0,1.0,63.0,195,3.1,0.0,20,64,3.2,0,35,22,131,0,1,3.7,6.0,62.9,58.15,15.0,2.0,13.3,4.0,2.0,50.0,2.0,0.0,0.0,0.0,7,54,1.0,1,8,57,5,3,5.0,231.0,46.2,2,1,-1,3.0,6.0,7.0,13.0,0.0,31.0,18.0,31:18,23.0,6.0,17.0,0.0,78.0,412,5.3,2.0,25,84,3.4,0,50,33,328,2,0,6.6,9.9,66.0,97.75,17.0,8.0,47.1,2.0,1.0,50.0,3.0,0.0,0.0,0.0,3,30,1.0,1,3,18,9,11,1.0,46.0,46.0,1,2.0,1.0,0.0,0.0,0.0,0.0,0.0,0.0,0.0,0.0,0.0,0.0,0.0,2,2,2.0,2.0,0.0,0.0,0.0,0.0,0.0,6,5,39.0,36.0,3.0,18.0,2,1,1.0,32.0,37.0,8.0,57.0,6,1,1.0,Sunday,993005573.0,24,22,19273.0,-23.0,0,-1,0.1333333333333333,0,
202511623,2025-12-21T13:00:00,1,2025,16,MIN,NYG,AWAY,16.0,13.0,29.0,MetLife Stadium,3.0,10.0,0.0,3.0,0.0,31.0,1.0,31:01,17.0,7.0,8.0,2.0,58.0,240,4.1,1.0,31,114,3.7,1,23,16,126,0,1,5.5,7.9,69.6,64.76,12.0,7.0,58.3,1.0,1.0,100.0,3.0,1.0,0.0,0.0,11,90,1.0,1,4,34,6,6,1.0,29.0,29.0,2,1,-1,0.0,10.0,0.0,3.0,0.0,28.0,59.0,28:59,12.0,7.0,1.0,4.0,48.0,141,2.9,1.0,30,128,4.3,0,13,7,13,0,1,1.0,1.9,53.8,27.4,10.0,2.0,20.0,3.0,1.0,33.3,3.0,0.0,0.0,0.0,11,74,0.0,0,5,20,9,7,2.0,91.0,45.5,1,2.0,1.0,33.3,0.0,0.0,0.0,1.0,1.0,0.0,0.0,0.0,0.0,0.0,3,3,1.0,1.0,0.0,0.0,0.0,0.0,0.0,2,2,26.0,33.0,5.0,20.0,4,0,0.0,31.0,26.0,4.0,34.0,5,1,1.0,Sunday,993005581.0,20,23,19274.0,3.0,1,-1,0.5833333333333334,0,
202511623,2025-12-21T13:00:00,1,2025,16,NYG,MIN,HOME,13.0,16.0,29.0,MetLife Stadium,0.0,10.0,0.0,3.0,0.0,28.0,59.0,28:59,12.0,7.0,1.0,4.0,48.0,141,2.9,1.0,30,128,4.3,0,13,7,13,0,1,1.0,1.9,53.8,27.4,10.0,2.0,20.0,3.0,1.0,33.3,3.0,0.0,0.0,0.0,11,74,0.0,0,5,20,9,7,2.0,91.0,45.5,1,2,1,3.0,10.0,0.0,3.0,0.0,31.0,1.0,31:01,17.0,7.0,8.0,2.0,58.0,240,4.1,1.0,31,114,3.7,1,23,16,126,0,1,5.5,7.9,69.6,64.76,12.0,7.0,58.3,1.0,1.0,100.0,3.0,1.0,0.0,0.0,11,90,1.0,1,4,34,6,6,1.0,29.0,29.0,2,1.0,-1.0,0.0,0.0,33.3,0.0,1.0,1.0,0.0,0.0,0.0,0.0,0.0,2,2,1.0,1.0,0.0,0.0,0.0,0.0,0.0,3,3,31.0,26.0,4.0,34.0,5,1,1.0,26.0,33.0,5.0,20.0,4,0,0.0,Sunday,993005582.0,23,20,19274.0,-3.0,0,1,0.2,0,
202511630,2025-12-18T20:15:00,1,2025,16,LAR,SEA,AWAY,37.0,38.0,75.0,Lumen Field,3.0,10.0,10.0,7.0,7.0,40.0,33.0,40:33,26.0,7.0,17.0,2.0,88.0,581,6.6,4.0,39,124,3.2,1,49,29,457,3,0,9.3,15.8,59.2,110.67,20.0,8.0,40.0,3.0,2.0,66.7,6.0,3.0,0.0,0.0,8,54,0.0,0,0,0,7,3,4.0,155.0,38.8,0,3,3,7.0,0.0,7.0,16.0,8.0,26.0,14.0,26:14,22.0,9.0,11.0,2.0,63.0,415,6.6,5.0,25,171,6.8,2,34,22,244,2,2,7.2,11.1,64.7,81.0,11.0,4.0,36.4,0.0,0.0,0.0,3.0,2.0,0.0,0.0,5,40,1.0,1,4,26,4,2,5.0,240.0,48.0,3,0.0,-3.0,50.0,0.0,66.7,0.0,4.0,4.0,0.0,0.0,0.0,0.0,0.0,4,3,2.0,2.0,0.0,4.0,2.0,1.0,1.0,0,0,33.0,24.0,4.0,26.0,4,1,1.0,38.0,53.0,0.0,0.0,3,0,0.0,Thursday,993005565.0,32,30,19268.0,-1.0,0,3,0.4,0,
202511630,2025-12-18T20:15:00,1,2025,16,SEA,LAR,HOME,38.0,37.0,75.0,Lumen Field,7.0,0.0,7.0,16.0,8.0,26.0,14.0,26:14,22.0,9.0,11.0,2.0,63.0,415,6.6,5.0,25,171,6.8,2,34,22,244,2,2,7.2,11.1,64.7,81.0,11.0,4.0,36.4,0.0,0.0,0.0,3.0,2.0,0.0,0.0,5,40,1.0,1,4,26,4,2,5.0,240.0,48.0,3,0,-3,3.0,10.0,10.0,7.0,7.0,40.0,33.0,40:33,26.0,7.0,17.0,2.0,88.0,581,6.6,4.0,39,124,3.2,1,49,29,457,3,0,9.3,15.8,59.2,110.67,20.0,8.0,40.0,3.0,2.0,66.7,6.0,3.0,0.0,0.0,8,54,0.0,0,0,0,7,3,4.0,155.0,38.8,0,3.0,3.0,66.7,0.0,50.0,0.0,2.0,2.0,0.0,4.0,2.0,1.0,1.0,0,0,4.0,4.0,0.0,0.0,0.0,0.0,0.0,4,3,38.0,53.0,0.0,0.0,3,0,0.0,33.0,24.0,4.0,26.0,4,1,1.0,Thursday,993005566.0,30,32,19268.0,1.0,1,-3,0.3636363636363636,0,
202511634,2025-12-21T13:00:00,1,2025,16,KC,TEN,AWAY,9.0,26.0,35.0,Nissan Stadium,0.0,6.0,3.0,0.0,0.0,21.0,59.0,21:59,9.0,3.0,5.0,1.0,43.0,133,3.1,0.0,15,51,3.4,0,24,14,82,0,0,3.4,5.9,58.3,64.93,9.0,1.0,11.1,0.0,0.0,0.0,1.0,0.0,0.0,0.0,10,59,2.0,0,4,44,5,3,5.0,219.0,43.8,0,0,0,0.0,9.0,7.0,10.0,0.0,38.0,1.0,38:01,22.0,9.0,11.0,2.0,70.0,376,5.4,3.0,40,164,4.1,1,28,21,212,2,0,7.6,10.1,75.0,119.94,17.0,9.0,52.9,2.0,0.0,0.0,4.0,3.0,0.0,0.0,12,82,1.0,0,2,16,5,7,3.0,143.0,47.7,0,0.0,0.0,0.0,0.0,75.0,0.0,0.0,0.0,0.0,0.0,0.0,0.0,0.0,4,3,3.0,3.0,0.0,0.0,0.0,0.0,0.0,1,1,35.0,48.0,2.0,16.0,0,1,0.0,25.0,14.0,4.0,44.0,5,1,0.0,Sunday,993005577.0,16,34,19275.0,-17.0,0,0,0.1111111111111111,0,
202511634,2025-12-21T13:00:00,1,2025,16,TEN,KC,HOME,26.0,9.0,35.0,Nissan Stadium,0.0,9.0,7.0,10.0,0.0,38.0,1.0,38:01,22.0,9.0,11.0,2.0,70.0,376,5.4,3.0,40,164,4.1,1,28,21,212,2,0,7.6,10.1,75.0,119.94,17.0,9.0,52.9,2.0,0.0,0.0,4.0,3.0,0.0,0.0,12,82,1.0,0,2,16,5,7,3.0,143.0,47.7,0,0,0,0.0,6.0,3.0,0.0,0.0,21.0,59.0,21:59,9.0,3.0,5.0,1.0,43.0,133,3.1,0.0,15,51,3.4,0,24,14,82,0,0,3.4,5.9,58.3,64.93,9.0,1.0,11.1,0.0,0.0,0.0,1.0,0.0,0.0,0.0,10,59,2.0,0,4,44,5,3,5.0,219.0,43.8,0,0.0,0.0,75.0,0.0,0.0,0.0,3.0,3.0,0.0,0.0,0.0,0.0,0.0,1,1,0.0,0.0,0.0,0.0,0.0,0.0,0.0,4,3,25.0,14.0,4.0,44.0,5,1,0.0,35.0,48.0,2.0,16.0,0,1,0.0,Sunday,993005578.0,34,16,19275.0,17.0,1,0,0.5294117647058824,0,
202511635,2025-12-20T17:00:00,1,2025,16,PHI,WAS,AWAY,29.0,18.0,47.0,Northwest Stadium,7.0,0.0,7.0,15.0,0.0,34.0,7.0,34:07,26.0,12.0,11.0,3.0,66.0,385,5.8,4.0,34,207,6.1,2,30,22,178,2,0,5.9,8.1,73.3,110.14,9.0,4.0,44.4,0.0,0.0,0.0,3.0,3.0,0.0,0.0,5,61,2.0,1,2,7,4,5,2.0,87.0,43.5,1,1,0,3.0,7.0,0.0,8.0,0.0,25.0,53.0,25:53,15.0,7.0,7.0,1.0,51.0,220,4.3,2.0,26,90,3.5,2,23,12,130,0,1,5.7,10.8,52.2,51.0,10.0,2.0,20.0,1.0,1.0,100.0,3.0,2.0,0.0,0.0,5,44,1.0,0,2,8,1,4,5.0,220.0,44.0,1,1.0,0.0,100.0,0.0,66.7,0.0,3.0,3.0,0.0,0.0,0.0,1.0,1.0,2,0,1.0,1.0,0.0,0.0,0.0,1.0,1.0,1,1,27.0,19.0,2.0,8.0,6,0,0.0,43.0,20.0,2.0,7.0,2,2,1.0,Saturday,993005567.0,26,35,19040.0,11.0,1,0,0.4444444444444444,0,
202511635,2025-12-20T17:00:00,1,2025,16,WAS,PHI,HOME,18.0,29.0,47.0,Northwest Stadium,3.0,7.0,0.0,8.0,0.0,25.0,53.0,25:53,15.0,7.0,7.0,1.0,51.0,220,4.3,2.0,26,90,3.5,2,23,12,130,0,1,5.7,10.8,52.2,51.0,10.0,2.0,20.0,1.0,1.0,100.0,3.0,2.0,0.0,0.0,5,44,1.0,0,2,8,1,4,5.0,220.0,44.0,1,1,0,7.0,0.0,7.0,15.0,0.0,34.0,7.0,34:07,26.0,12.0,11.0,3.0,66.0,385,5.8,4.0,34,207,6.1,2,30,22,178,2,0,5.9,8.1,73.3,110.14,9.0,4.0,44.4,0.0,0.0,0.0,3.0,3.0,0.0,0.0,5,61,2.0,1,2,7,4,5,2.0,87.0,43.5,1,1.0,0.0,66.7,0.0,100.0,0.0,1.0,1.0,0.0,0.0,0.0,1.0,1.0,1,1,3.0,3.0,0.0,0.0,0.0,1.0,1.0,2,0,43.0,20.0,2.0,7.0,2,2,1.0,27.0,19.0,2.0,8.0,6,0,0.0,Saturday,993005568.0,35,26,19040.0,-11.0,0,0,0.2,0,
202511702,2025-12-29T20:15:00,1,2025,17,ATL,LAR,HOME,27.0,24.0,51.0,Mercedes-Benz Stadium,7.0,14.0,3.0,3.0,0.0,29.0,45.0,29:45,15.0,5.0,9.0,1.0,53.0,345,6.5,3.0,33,219,6.6,1,20,13,126,1,0,6.3,9.7,65.0,99.17,13.0,5.0,38.5,0.0,0.0,0.0,2.0,1.0,0.0,0.0,7,42,0.0,0,0,0,5,4,5.0,246.0,49.2,0,3,3,0.0,0.0,17.0,7.0,0.0,30.0,15.0,30:15,16.0,5.0,10.0,1.0,61.0,363,6.0,3.0,20,115,5.8,0,38,22,248,2,3,6.5,11.3,57.9,62.17,13.0,5.0,38.5,4.0,1.0,25.0,3.0,1.0,0.0,0.0,4,35,0.0,0,3,21,7,3,2.0,90.0,45.0,3,0.0,-3.0,50.0,0.0,33.3,0.0,3.0,3.0,0.0,0.0,0.0,0.0,0.0,3,2,3.0,3.0,0.0,0.0,0.0,0.0,0.0,1,1,33.0,20.0,3.0,21.0,8,0,0.0,23.0,44.0,0.0,0.0,1,0,0.0,Monday,993005628.0,2,32,19289.0,3.0,1,3,0.3846153846153846,0,
202511702,2025-12-29T20:15:00,1,2025,17,LAR,ATL,AWAY,24.0,27.0,51.0,Mercedes-Benz Stadium,0.0,0.0,17.0,7.0,0.0,30.0,15.0,30:15,16.0,5.0,10.0,1.0,61.0,363,6.0,3.0,20,115,5.8,0,38,22,248,2,3,6.5,11.3,57.9,62.17,13.0,5.0,38.5,4.0,1.0,25.0,3.0,1.0,0.0,0.0,4,35,0.0,0,3,21,7,3,2.0,90.0,45.0,3,0,-3,7.0,14.0,3.0,3.0,0.0,29.0,45.0,29:45,15.0,5.0,9.0,1.0,53.0,345,6.5,3.0,33,219,6.6,1,20,13,126,1,0,6.3,9.7,65.0,99.17,13.0,5.0,38.5,0.0,0.0,0.0,2.0,1.0,0.0,0.0,7,42,0.0,0,0,0,5,4,5.0,246.0,49.2,0,3.0,3.0,33.3,0.0,50.0,0.0,3.0,3.0,0.0,0.0,0.0,0.0,0.0,1,1,3.0,3.0,0.0,0.0,0.0,0.0,0.0,3,2,23.0,44.0,0.0,0.0,1,0,0.0,33.0,20.0,3.0,21.0,8,0,0.0,Monday,993005627.0,32,2,19289.0,-3.0,0,-3,0.3846153846153846,0,
202511704,2025-12-28T16:25:00,1,2025,17,BUF,PHI,HOME,12.0,13.0,25.0,Highmark Stadium,0.0,0.0,0.0,12.0,0.0,35.0,15.0,35:15,20.0,7.0,11.0,2.0,73.0,331,4.5,2.0,33,120,3.6,2,35,23,211,0,0,6.0,9.2,65.7,81.96,15.0,6.0,40.0,3.0,2.0,66.7,3.0,2.0,0.0,0.0,4,40,2.0,1,5,51,4,4,6.0,262.0,43.7,1,0,-1,7.0,6.0,0.0,0.0,0.0,24.0,45.0,24:45,11.0,4.0,6.0,1.0,54.0,190,3.5,1.0,26,82,3.2,0,27,13,108,1,0,4.0,8.3,48.1,71.22,13.0,3.0,23.1,0.0,0.0,0.0,2.0,1.0,0.0,0.0,3,36,0.0,0,1,2,6,7,7.0,388.0,55.4,0,1.0,1.0,66.7,0.0,50.0,0.0,1.0,0.0,1.0,2.0,0.0,0.0,0.0,0,0,1.0,1.0,0.0,0.0,0.0,0.0,0.0,2,2,29.0,16.0,1.0,2.0,3,0,0.0,44.0,25.0,5.0,51.0,3,1,1.0,Sunday,993005624.0,4,26,19287.0,-1.0,0,-1,0.4,0,
202511704,2025-12-28T16:25:00,1,2025,17,PHI,BUF,AWAY,13.0,12.0,25.0,Highmark Stadium,7.0,6.0,0.0,0.0,0.0,24.0,45.0,24:45,11.0,4.0,6.0,1.0,54.0,190,3.5,1.0,26,82,3.2,0,27,13,108,1,0,4.0,8.3,48.1,71.22,13.0,3.0,23.1,0.0,0.0,0.0,2.0,1.0,0.0,0.0,3,36,0.0,0,1,2,6,7,7.0,388.0,55.4,0,1,1,0.0,0.0,0.0,12.0,0.0,35.0,15.0,35:15,20.0,7.0,11.0,2.0,73.0,331,4.5,2.0,33,120,3.6,2,35,23,211,0,0,6.0,9.2,65.7,81.96,15.0,6.0,40.0,3.0,2.0,66.7,3.0,2.0,0.0,0.0,4,40,2.0,1,5,51,4,4,6.0,262.0,43.7,1,0.0,-1.0,50.0,0.0,66.7,0.0,1.0,1.0,0.0,0.0,0.0,0.0,0.0,2,2,1.0,0.0,1.0,2.0,0.0,0.0,0.0,0,0,44.0,25.0,5.0,51.0,3,1,1.0,29.0,16.0,1.0,2.0,3,0,0.0,Sunday,993005623.0,26,4,19287.0,1.0,1,1,0.2307692307692307,0,
202511705,2025-12-28T13:00:00,1,2025,17,CAR,SEA,HOME,10.0,27.0,37.0,Bank of America Stadium,0.0,3.0,0.0,7.0,0.0,25.0,42.0,25:42,10.0,6.0,3.0,1.0,52.0,139,2.7,1.0,26,99,3.8,1,24,14,40,0,1,1.7,2.9,58.3,45.83,11.0,1.0,9.1,5.0,2.0,40.0,2.0,1.0,0.0,0.0,3,20,2.0,1,2,14,4,5,3.0,141.0,47.0,2,2,0,3.0,0.0,14.0,10.0,0.0,34.0,18.0,34:18,19.0,9.0,8.0,2.0,66.0,288,4.4,3.0,36,163,4.5,2,27,18,125,1,1,4.6,6.9,66.7,73.84,16.0,9.0,56.2,1.0,0.0,0.0,6.0,3.0,0.0,0.0,4,40,3.0,1,3,22,4,5,2.0,88.0,44.0,2,2.0,0.0,50.0,0.0,50.0,0.0,1.0,1.0,0.0,0.0,0.0,0.0,0.0,1,1,3.0,3.0,0.0,0.0,0.0,0.0,0.0,2,2,32.0,39.0,3.0,22.0,4,1,1.0,26.0,24.0,2.0,14.0,3,2,1.0,Sunday,993005618.0,5,30,19294.0,-17.0,0,0,0.0909090909090909,0,
202511705,2025-12-28T13:00:00,1,2025,17,SEA,CAR,AWAY,27.0,10.0,37.0,Bank of America Stadium,3.0,0.0,14.0,10.0,0.0,34.0,18.0,34:18,19.0,9.0,8.0,2.0,66.0,288,4.4,3.0,36,163,4.5,2,27,18,125,1,1,4.6,6.9,66.7,73.84,16.0,9.0,56.2,1.0,0.0,0.0,6.0,3.0,0.0,0.0,4,40,3.0,1,3,22,4,5,2.0,88.0,44.0,2,2,0,0.0,3.0,0.0,7.0,0.0,25.0,42.0,25:42,10.0,6.0,3.0,1.0,52.0,139,2.7,1.0,26,99,3.8,1,24,14,40,0,1,1.7,2.9,58.3,45.83,11.0,1.0,9.1,5.0,2.0,40.0,2.0,1.0,0.0,0.0,3,20,2.0,1,2,14,4,5,3.0,141.0,47.0,2,2.0,0.0,50.0,0.0,50.0,0.0,3.0,3.0,0.0,0.0,0.0,0.0,0.0,2,2,1.0,1.0,0.0,0.0,0.0,0.0,0.0,1,1,26.0,24.0,2.0,14.0,3,2,1.0,32.0,39.0,3.0,22.0,4,1,1.0,Sunday,993005617.0,30,5,19294.0,17.0,1,0,0.5625,0,
202511707,2025-12-28T13:00:00,1,2025,17,ARI,CIN,AWAY,14.0,37.0,51.0,Paycor Stadium,0.0,7.0,0.0,7.0,0.0,19.0,4.0,19:04,12.0,3.0,9.0,0.0,54.0,233,4.3,2.0,13,42,3.2,0,37,21,191,2,0,5.2,9.1,56.8,88.91,13.0,3.0,23.1,4.0,3.0,75.0,2.0,1.0,0.0,0.0,6,51,0.0,0,4,21,5,3,6.0,326.0,54.3,0,0,0,7.0,16.0,14.0,0.0,0.0,40.0,56.0,40:56,29.0,10.0,17.0,2.0,74.0,429,5.8,5.0,35,120,3.4,3,36,27,309,2,0,8.6,11.4,75.0,118.87,15.0,10.0,66.7,1.0,1.0,100.0,5.0,5.0,0.0,0.0,5,38,0.0,0,3,20,8,4,2.0,85.0,42.5,0,0.0,0.0,50.0,0.0,100.0,0.0,2.0,2.0,0.0,0.0,0.0,0.0,0.0,0,0,5.0,4.0,0.0,0.0,0.0,0.0,0.0,1,1,35.0,40.0,3.0,20.0,4,0,0.0,24.0,20.0,4.0,21.0,6,0,0.0,Sunday,993005611.0,1,7,19290.0,-23.0,0,0,0.2307692307692307,0,
202511707,2025-12-28T13:00:00,1,2025,17,CIN,ARI,HOME,37.0,14.0,51.0,Paycor Stadium,7.0,16.0,14.0,0.0,0.0,40.0,56.0,40:56,29.0,10.0,17.0,2.0,74.0,429,5.8,5.0,35,120,3.4,3,36,27,309,2,0,8.6,11.4,75.0,118.87,15.0,10.0,66.7,1.0,1.0,100.0,5.0,5.0,0.0,0.0,5,38,0.0,0,3,20,8,4,2.0,85.0,42.5,0,0,0,0.0,7.0,0.0,7.0,0.0,19.0,4.0,19:04,12.0,3.0,9.0,0.0,54.0,233,4.3,2.0,13,42,3.2,0,37,21,191,2,0,5.2,9.1,56.8,88.91,13.0,3.0,23.1,4.0,3.0,75.0,2.0,1.0,0.0,0.0,6,51,0.0,0,4,21,5,3,6.0,326.0,54.3,0,0.0,0.0,100.0,0.0,50.0,0.0,5.0,4.0,0.0,0.0,0.0,0.0,0.0,1,1,2.0,2.0,0.0,0.0,0.0,0.0,0.0,0,0,24.0,20.0,4.0,21.0,6,0,0.0,35.0,40.0,3.0,20.0,4,0,0.0,Sunday,993005612.0,7,1,19290.0,23.0,1,0,0.6666666666666666,0,
202511708,2025-12-28T13:00:00,1,2025,17,CLE,PIT,HOME,13.0,6.0,19.0,Huntington Bank Field,10.0,0.0,0.0,3.0,0.0,29.0,21.0,29:21,11.0,1.0,9.0,1.0,50.0,262,5.2,1.0,25,78,3.1,0,23,17,184,1,2,8.0,10.8,73.9,75.27,11.0,4.0,36.4,1.0,0.0,0.0,1.0,0.0,0.0,0.0,6,45,0.0,0,2,2,5,7,4.0,228.0,57.0,2,0,-2,0.0,6.0,0.0,0.0,0.0,30.0,39.0,30:39,15.0,5.0,9.0,1.0,65.0,291,4.5,0.0,24,131,5.5,0,39,21,160,0,0,4.1,7.6,53.8,64.05,15.0,3.0,20.0,3.0,0.0,0.0,2.0,0.0,0.0,0.0,4,34,3.0,0,2,8,4,5,5.0,203.0,40.6,0,2.0,2.0,0.0,0.0,0.0,0.0,1.0,1.0,0.0,0.0,0.0,0.0,0.0,2,2,0.0,0.0,0.0,0.0,0.0,0.0,0.0,3,2,36.0,26.0,2.0,8.0,4,3,0.0,29.0,27.0,2.0,2.0,4,0,0.0,Sunday,993005610.0,8,28,19282.0,7.0,1,-2,0.3636363636363636,0,
202511708,2025-12-28T13:00:00,1,2025,17,PIT,CLE,AWAY,6.0,13.0,19.0,Huntington Bank Field,0.0,6.0,0.0,0.0,0.0,30.0,39.0,30:39,15.0,5.0,9.0,1.0,65.0,291,4.5,0.0,24,131,5.5,0,39,21,160,0,0,4.1,7.6,53.8,64.05,15.0,3.0,20.0,3.0,0.0,0.0,2.0,0.0,0.0,0.0,4,34,3.0,0,2,8,4,5,5.0,203.0,40.6,0,2,2,10.0,0.0,0.0,3.0,0.0,29.0,21.0,29:21,11.0,1.0,9.0,1.0,50.0,262,5.2,1.0,25,78,3.1,0,23,17,184,1,2,8.0,10.8,73.9,75.27,11.0,4.0,36.4,1.0,0.0,0.0,1.0,0.0,0.0,0.0,6,45,0.0,0,2,2,5,7,4.0,228.0,57.0,2,0.0,-2.0,0.0,0.0,0.0,0.0,0.0,0.0,0.0,0.0,0.0,0.0,0.0,3,2,1.0,1.0,0.0,0.0,0.0,0.0,0.0,2,2,29.0,27.0,2.0,2.0,4,0,0.0,36.0,26.0,2.0,8.0,4,3,0.0,Sunday,993005607.0,28,8,19282.0,-7.0,0,2,0.2,0,
202511712,2025-12-27T20:00:00,1,2025,17,BAL,GB,AWAY,41.0,24.0,65.0,Lambeau Field,7.0,20.0,0.0,14.0,0.0,40.0,16.0,40:16,30.0,22.0,6.0,2.0,74.0,414,5.6,5.0,53,307,5.8,4,20,16,107,1,0,5.4,6.7,80.0,105.62,14.0,10.0,71.4,0.0,0.0,0.0,6.0,4.0,0.0,0.0,6,45,0.0,0,1,0,4,1,1.0,42.0,42.0,0,2,2,7.0,7.0,10.0,0.0,0.0,19.0,44.0,19:44,18.0,4.0,12.0,2.0,44.0,363,8.2,3.0,17,79,4.6,2,25,19,284,1,1,11.4,14.9,76.0,109.42,6.0,3.0,50.0,2.0,0.0,0.0,2.0,1.0,0.0,0.0,5,38,1.0,1,2,12,4,2,0.0,0.0,0.0,2,0.0,-2.0,66.7,0.0,50.0,0.0,5.0,5.0,0.0,0.0,0.0,0.0,0.0,2,2,3.0,3.0,0.0,0.0,0.0,0.0,0.0,1,1,20.0,26.0,2.0,12.0,1,0,1.0,44.0,40.0,1.0,0.0,2,0,0.0,Saturday,993005605.0,3,12,19291.0,17.0,1,2,0.7142857142857143,0,
202511712,2025-12-27T20:00:00,1,2025,17,GB,BAL,HOME,24.0,41.0,65.0,Lambeau Field,7.0,7.0,10.0,0.0,0.0,19.0,44.0,19:44,18.0,4.0,12.0,2.0,44.0,363,8.2,3.0,17,79,4.6,2,25,19,284,1,1,11.4,14.9,76.0,109.42,6.0,3.0,50.0,2.0,0.0,0.0,2.0,1.0,0.0,0.0,5,38,1.0,1,2,12,4,2,0.0,0.0,0.0,2,0,-2,7.0,20.0,0.0,14.0,0.0,40.0,16.0,40:16,30.0,22.0,6.0,2.0,74.0,414,5.6,5.0,53,307,5.8,4,20,16,107,1,0,5.4,6.7,80.0,105.62,14.0,10.0,71.4,0.0,0.0,0.0,6.0,4.0,0.0,0.0,6,45,0.0,0,1,0,4,1,1.0,42.0,42.0,0,2.0,2.0,50.0,0.0,66.7,0.0,3.0,3.0,0.0,0.0,0.0,0.0,0.0,1,1,5.0,5.0,0.0,0.0,0.0,0.0,0.0,2,2,44.0,40.0,1.0,0.0,2,0,0.0,20.0,26.0,2.0,12.0,1,0,1.0,Saturday,993005606.0,12,3,19291.0,-17.0,0,-2,0.5,0,
202511714,2025-12-28T13:00:00,1,2025,17,IND,JAX,HOME,17.0,23.0,40.0,Lucas Oil Stadium,3.0,7.0,7.0,0.0,0.0,27.0,41.0,27:41,16.0,5.0,9.0,2.0,55.0,204,3.7,2.0,22,69,3.1,1,31,17,135,1,2,4.4,7.9,54.8,49.8,11.0,4.0,36.4,1.0,0.0,0.0,3.0,2.0,0.0,0.0,5,45,0.0,0,2,12,7,6,4.0,192.0,48.0,2,2,0,0.0,7.0,10.0,6.0,0.0,32.0,19.0,32:19,21.0,9.0,12.0,0.0,68.0,370,5.4,2.0,29,121,4.2,2,37,23,249,0,1,6.7,10.8,62.2,70.66,14.0,7.0,50.0,2.0,1.0,50.0,5.0,2.0,0.0,0.0,6,55,1.0,1,2,14,5,4,2.0,127.0,63.5,2,2.0,0.0,66.7,0.0,40.0,0.0,2.0,2.0,0.0,0.0,0.0,0.0,0.0,1,1,2.0,2.0,0.0,0.0,0.0,0.0,0.0,3,3,38.0,24.0,2.0,14.0,7,0,1.0,25.0,26.0,2.0,12.0,8,0,0.0,Sunday,993005616.0,14,15,19283.0,-6.0,0,0,0.3636363636363636,0,
202511714,2025-12-28T13:00:00,1,2025,17,JAX,IND,AWAY,23.0,17.0,40.0,Lucas Oil Stadium,0.0,7.0,10.0,6.0,0.0,32.0,19.0,32:19,21.0,9.0,12.0,0.0,68.0,370,5.4,2.0,29,121,4.2,2,37,23,249,0,1,6.7,10.8,62.2,70.66,14.0,7.0,50.0,2.0,1.0,50.0,5.0,2.0,0.0,0.0,6,55,1.0,1,2,14,5,4,2.0,127.0,63.5,2,2,0,3.0,7.0,7.0,0.0,0.0,27.0,41.0,27:41,16.0,5.0,9.0,2.0,55.0,204,3.7,2.0,22,69,3.1,1,31,17,135,1,2,4.4,7.9,54.8,49.8,11.0,4.0,36.4,1.0,0.0,0.0,3.0,2.0,0.0,0.0,5,45,0.0,0,2,12,7,6,4.0,192.0,48.0,2,2.0,0.0,40.0,0.0,66.7,0.0,2.0,2.0,0.0,0.0,0.0,0.0,0.0,3,3,2.0,2.0,0.0,0.0,0.0,0.0,0.0,1,1,25.0,26.0,2.0,12.0,8,0,0.0,38.0,24.0,2.0,14.0,7,0,1.0,Sunday,993005615.0,15,14,19283.0,6.0,1,0,0.5,0,
202511716,2025-12-25T20:15:00,1,2025,17,DEN,KC,AWAY,20.0,13.0,33.0,Arrowhead Stadium,3.0,3.0,7.0,7.0,0.0,39.0,28.0,39:28,22.0,9.0,12.0,1.0,71.0,303,4.3,2.0,32,128,4.0,1,38,26,175,1,1,4.6,6.7,68.4,76.1,18.0,11.0,61.1,1.0,1.0,100.0,4.0,2.0,0.0,0.0,5,57,0.0,0,1,7,7,2,2.0,103.0,51.5,1,0,-1,0.0,7.0,3.0,3.0,0.0,20.0,32.0,20:32,10.0,5.0,4.0,1.0,42.0,139,3.3,1.0,19,82,4.3,0,22,13,57,1,0,2.6,4.4,59.1,78.98,11.0,4.0,36.4,2.0,1.0,50.0,1.0,1.0,0.0,0.0,2,10,1.0,0,1,9,6,4,3.0,171.0,57.0,0,1.0,1.0,50.0,0.0,100.0,0.0,2.0,2.0,0.0,0.0,0.0,0.0,0.0,2,2,1.0,1.0,0.0,0.0,0.0,0.0,0.0,2,2,23.0,18.0,1.0,9.0,1,0,0.0,41.0,29.0,1.0,7.0,5,0,0.0,Thursday,993005601.0,10,16,19043.0,7.0,1,-1,0.6111111111111112,0,
202511716,2025-12-25T20:15:00,1,2025,17,KC,DEN,HOME,13.0,20.0,33.0,Arrowhead Stadium,0.0,7.0,3.0,3.0,0.0,20.0,32.0,20:32,10.0,5.0,4.0,1.0,42.0,139,3.3,1.0,19,82,4.3,0,22,13,57,1,0,2.6,4.4,59.1,78.98,11.0,4.0,36.4,2.0,1.0,50.0,1.0,1.0,0.0,0.0,2,10,1.0,0,1,9,6,4,3.0,171.0,57.0,0,1,1,3.0,3.0,7.0,7.0,0.0,39.0,28.0,39:28,22.0,9.0,12.0,1.0,71.0,303,4.3,2.0,32,128,4.0,1,38,26,175,1,1,4.6,6.7,68.4,76.1,18.0,11.0,61.1,1.0,1.0,100.0,4.0,2.0,0.0,0.0,5,57,0.0,0,1,7,7,2,2.0,103.0,51.5,1,0.0,-1.0,100.0,0.0,50.0,0.0,1.0,1.0,0.0,0.0,0.0,0.0,0.0,2,2,2.0,2.0,0.0,0.0,0.0,0.0,0.0,2,2,41.0,29.0,1.0,7.0,5,0,0.0,23.0,18.0,1.0,9.0,1,0,0.0,Thursday,993005602.0,16,10,19043.0,-7.0,0,1,0.3636363636363636,0,
202511719,2025-12-28T13:00:00,1,2025,17,MIA,TB,HOME,20.0,17.0,37.0,Hard Rock Stadium,7.0,10.0,0.0,3.0,0.0,27.0,54.0,27:54,13.0,7.0,6.0,0.0,54.0,298,5.5,2.0,30,145,4.8,0,22,14,153,2,0,7.0,10.9,63.6,114.39,12.0,4.0,33.3,0.0,0.0,0.0,3.0,1.0,0.0,0.0,10,77,1.0,0,2,19,4,6,5.0,236.0,47.2,0,3,3,7.0,0.0,3.0,7.0,0.0,32.0,6.0,32:06,21.0,5.0,14.0,2.0,63.0,380,6.0,2.0,16,53,3.3,0,44,33,327,2,2,7.4,9.9,75.0,91.76,13.0,6.0,46.2,2.0,2.0,100.0,3.0,2.0,0.0,0.0,5,45,2.0,1,3,19,3,6,3.0,126.0,42.0,3,0.0,-3.0,33.3,0.0,66.7,0.0,2.0,2.0,0.0,0.0,0.0,0.0,0.0,2,2,2.0,2.0,0.0,0.0,0.0,0.0,0.0,2,1,38.0,25.0,3.0,19.0,6,1,1.0,28.0,27.0,2.0,19.0,3,0,0.0,Sunday,993005620.0,19,33,19284.0,3.0,1,3,0.3333333333333333,0,
202511719,2025-12-28T13:00:00,1,2025,17,TB,MIA,AWAY,17.0,20.0,37.0,Hard Rock Stadium,7.0,0.0,3.0,7.0,0.0,32.0,6.0,32:06,21.0,5.0,14.0,2.0,63.0,380,6.0,2.0,16,53,3.3,0,44,33,327,2,2,7.4,9.9,75.0,91.76,13.0,6.0,46.2,2.0,2.0,100.0,3.0,2.0,0.0,0.0,5,45,2.0,1,3,19,3,6,3.0,126.0,42.0,3,0,-3,7.0,10.0,0.0,3.0,0.0,27.0,54.0,27:54,13.0,7.0,6.0,0.0,54.0,298,5.5,2.0,30,145,4.8,0,22,14,153,2,0,7.0,10.9,63.6,114.39,12.0,4.0,33.3,0.0,0.0,0.0,3.0,1.0,0.0,0.0,10,77,1.0,0,2,19,4,6,5.0,236.0,47.2,0,3.0,3.0,66.7,0.0,33.3,0.0,2.0,2.0,0.0,0.0,0.0,0.0,0.0,2,1,2.0,2.0,0.0,0.0,0.0,0.0,0.0,2,2,28.0,27.0,2.0,19.0,3,0,0.0,38.0,25.0,3.0,19.0,6,1,1.0,Sunday,993005619.0,33,19,19284.0,-3.0,0,-3,0.4615384615384615,0,
202511720,2025-12-25T16:30:00,1,2025,17,DET,MIN,AWAY,10.0,23.0,33.0,U.S. Bank Stadium,0.0,7.0,0.0,3.0,0.0,32.0,30.0,32:30,16.0,4.0,12.0,0.0,64.0,231,3.6,1.0,30,68,2.3,0,29,18,163,1,2,5.6,9.1,62.1,59.99,14.0,5.0,35.7,2.0,2.0,100.0,1.0,1.0,0.0,0.0,5,25,4.0,4,5,34,8,6,3.0,159.0,53.0,6,0,-6,7.0,0.0,6.0,10.0,0.0,27.0,30.0,27:30,11.0,6.0,2.0,3.0,51.0,161,3.2,2.0,28,158,5.6,2,16,9,3,0,0,0.2,0.3,56.2,61.46,13.0,3.0,23.1,0.0,0.0,0.0,1.0,1.0,0.0,0.0,3,20,1.0,0,7,48,8,8,7.0,358.0,51.1,0,6.0,6.0,100.0,0.0,100.0,0.0,1.0,1.0,0.0,0.0,0.0,0.0,0.0,1,1,2.0,2.0,0.0,0.0,0.0,0.0,0.0,3,3,25.0,32.0,7.0,48.0,2,0,0.0,34.0,35.0,5.0,34.0,5,2,4.0,Thursday,993005599.0,11,20,19053.0,-13.0,0,-6,0.3571428571428571,0,
202511720,2025-12-25T16:30:00,1,2025,17,MIN,DET,HOME,23.0,10.0,33.0,U.S. Bank Stadium,7.0,0.0,6.0,10.0,0.0,27.0,30.0,27:30,11.0,6.0,2.0,3.0,51.0,161,3.2,2.0,28,158,5.6,2,16,9,3,0,0,0.2,0.3,56.2,61.46,13.0,3.0,23.1,0.0,0.0,0.0,1.0,1.0,0.0,0.0,3,20,1.0,0,7,48,8,8,7.0,358.0,51.1,0,6,6,0.0,7.0,0.0,3.0,0.0,32.0,30.0,32:30,16.0,4.0,12.0,0.0,64.0,231,3.6,1.0,30,68,2.3,0,29,18,163,1,2,5.6,9.1,62.1,59.99,14.0,5.0,35.7,2.0,2.0,100.0,1.0,1.0,0.0,0.0,5,25,4.0,4,5,34,8,6,3.0,159.0,53.0,6,0.0,-6.0,100.0,0.0,100.0,0.0,2.0,2.0,0.0,0.0,0.0,0.0,0.0,3,3,1.0,1.0,0.0,0.0,0.0,0.0,0.0,1,1,34.0,35.0,5.0,34.0,5,2,4.0,25.0,32.0,7.0,48.0,2,0,0.0,Thursday,993005600.0,20,11,19053.0,13.0,1,6,0.2307692307692307,0,
202511724,2025-12-28T13:00:00,1,2025,17,NE,NYJ,AWAY,42.0,10.0,52.0,MetLife Stadium,14.0,21.0,7.0,0.0,0.0,31.0,55.0,31:55,28.0,9.0,16.0,3.0,62.0,440,7.1,6.0,36,155,4.3,1,25,22,285,5,0,11.4,13.0,88.0,153.75,9.0,4.0,44.4,2.0,2.0,100.0,5.0,5.0,0.0,0.0,2,20,0.0,0,1,1,5,5,2.0,93.0,46.5,0,1,1,0.0,3.0,0.0,7.0,0.0,28.0,5.0,28:05,14.0,7.0,6.0,1.0,63.0,307,4.9,1.0,28,164,5.9,1,34,20,143,0,1,4.2,7.2,58.8,56.37,16.0,5.0,31.2,6.0,2.0,33.3,2.0,0.0,0.0,0.0,5,53,1.0,0,1,12,3,5,2.0,98.0,49.0,1,0.0,-1.0,100.0,0.0,0.0,0.0,6.0,6.0,0.0,0.0,0.0,0.0,0.0,1,0,1.0,1.0,0.0,0.0,0.0,0.0,0.0,1,1,37.0,21.0,1.0,12.0,3,0,0.0,39.0,24.0,1.0,1.0,2,0,0.0,Sunday,993005608.0,21,24,19285.0,32.0,1,1,0.4444444444444444,0,
202511724,2025-12-28T13:00:00,1,2025,17,NYJ,NE,HOME,10.0,42.0,52.0,MetLife Stadium,0.0,3.0,0.0,7.0,0.0,28.0,5.0,28:05,14.0,7.0,6.0,1.0,63.0,307,4.9,1.0,28,164,5.9,1,34,20,143,0,1,4.2,7.2,58.8,56.37,16.0,5.0,31.2,6.0,2.0,33.3,2.0,0.0,0.0,0.0,5,53,1.0,0,1,12,3,5,2.0,98.0,49.0,1,0,-1,14.0,21.0,7.0,0.0,0.0,31.0,55.0,31:55,28.0,9.0,16.0,3.0,62.0,440,7.1,6.0,36,155,4.3,1,25,22,285,5,0,11.4,13.0,88.0,153.75,9.0,4.0,44.4,2.0,2.0,100.0,5.0,5.0,0.0,0.0,2,20,0.0,0,1,1,5,5,2.0,93.0,46.5,0,1.0,1.0,0.0,0.0,100.0,0.0,1.0,1.0,0.0,0.0,0.0,0.0,0.0,1,1,6.0,6.0,0.0,0.0,0.0,0.0,0.0,1,0,39.0,24.0,1.0,1.0,2,0,0.0,37.0,21.0,1.0,12.0,3,0,0.0,Sunday,993005609.0,24,21,19285.0,-32.0,0,-1,0.3125,0,
202511725,2025-12-28T16:05:00,1,2025,17,LV,NYG,HOME,10.0,34.0,44.0,Allegiant Stadium,0.0,3.0,7.0,0.0,0.0,29.0,12.0,29:12,14.0,5.0,8.0,1.0,54.0,231,4.3,1.0,20,63,3.2,0,30,22,168,1,2,5.6,7.6,73.3,69.86,13.0,3.0,23.1,5.0,4.0,80.0,2.0,1.0,0.0,0.0,5,41,0.0,0,4,24,7,4,3.0,171.0,57.0,2,0,-2,7.0,10.0,10.0,7.0,0.0,30.0,48.0,30:48,22.0,11.0,9.0,2.0,63.0,343,5.4,4.0,31,155,5.0,3,30,22,188,0,0,6.3,8.5,73.3,89.31,13.0,6.0,46.2,1.0,1.0,100.0,5.0,3.0,0.0,0.0,8,58,0.0,0,2,19,9,9,2.0,88.0,44.0,0,2.0,2.0,50.0,0.0,60.0,0.0,1.0,1.0,0.0,0.0,0.0,0.0,0.0,1,1,4.0,4.0,0.0,0.0,0.0,0.0,0.0,2,2,37.0,24.0,2.0,19.0,4,0,0.0,34.0,24.0,4.0,24.0,5,0,0.0,Sunday,993005622.0,25,23,19292.0,-24.0,0,-2,0.2307692307692307,0,
202511725,2025-12-28T16:05:00,1,2025,17,NYG,LV,AWAY,34.0,10.0,44.0,Allegiant Stadium,7.0,10.0,10.0,7.0,0.0,30.0,48.0,30:48,22.0,11.0,9.0,2.0,63.0,343,5.4,4.0,31,155,5.0,3,30,22,188,0,0,6.3,8.5,73.3,89.31,13.0,6.0,46.2,1.0,1.0,100.0,5.0,3.0,0.0,0.0,8,58,0.0,0,2,19,9,9,2.0,88.0,44.0,0,2,2,0.0,3.0,7.0,0.0,0.0,29.0,12.0,29:12,14.0,5.0,8.0,1.0,54.0,231,4.3,1.0,20,63,3.2,0,30,22,168,1,2,5.6,7.6,73.3,69.86,13.0,3.0,23.1,5.0,4.0,80.0,2.0,1.0,0.0,0.0,5,41,0.0,0,4,24,7,4,3.0,171.0,57.0,2,0.0,-2.0,60.0,0.0,50.0,0.0,4.0,4.0,0.0,0.0,0.0,0.0,0.0,2,2,1.0,1.0,0.0,0.0,0.0,0.0,0.0,1,1,34.0,24.0,4.0,24.0,5,0,0.0,37.0,24.0,2.0,19.0,4,0,0.0,Sunday,993005621.0,23,25,19292.0,24.0,1,2,0.4615384615384615,0,
202511729,2025-12-27T16:30:00,1,2025,17,HOU,LAC,AWAY,20.0,16.0,36.0,SoFi Stadium,14.0,0.0,3.0,3.0,0.0,30.0,21.0,30:21,16.0,5.0,8.0,3.0,62.0,362,5.8,2.0,34,118,3.5,0,28,16,244,2,2,8.7,15.2,57.1,80.06,11.0,3.0,27.3,0.0,0.0,0.0,0.0,0.0,0.0,0.0,8,70,1.0,0,0,0,8,8,5.0,252.0,50.4,2,1,-1,0.0,3.0,7.0,6.0,0.0,29.0,39.0,29:39,16.0,2.0,11.0,3.0,59.0,275,4.7,2.0,22,74,3.4,1,32,21,201,1,1,6.3,9.6,65.6,80.34,15.0,6.0,40.0,0.0,0.0,0.0,5.0,2.0,0.0,0.0,3,25,2.0,0,5,35,1,5,7.0,273.0,39.0,1,2.0,1.0,0.0,0.0,40.0,0.0,2.0,2.0,0.0,0.0,0.0,0.0,0.0,2,2,2.0,1.0,0.0,0.0,0.0,0.0,0.0,2,1,32.0,28.0,5.0,35.0,5,1,0.0,30.0,31.0,0.0,0.0,5,1,0.0,Saturday,993005603.0,13,29,19293.0,4.0,1,-1,0.2727272727272727,0,
202511729,2025-12-27T16:30:00,1,2025,17,LAC,HOU,HOME,16.0,20.0,36.0,SoFi Stadium,0.0,3.0,7.0,6.0,0.0,29.0,39.0,29:39,16.0,2.0,11.0,3.0,59.0,275,4.7,2.0,22,74,3.4,1,32,21,201,1,1,6.3,9.6,65.6,80.34,15.0,6.0,40.0,0.0,0.0,0.0,5.0,2.0,0.0,0.0,3,25,2.0,0,5,35,1,5,7.0,273.0,39.0,1,2,1,14.0,0.0,3.0,3.0,0.0,30.0,21.0,30:21,16.0,5.0,8.0,3.0,62.0,362,5.8,2.0,34,118,3.5,0,28,16,244,2,2,8.7,15.2,57.1,80.06,11.0,3.0,27.3,0.0,0.0,0.0,0.0,0.0,0.0,0.0,8,70,1.0,0,0,0,8,8,5.0,252.0,50.4,2,1.0,-1.0,40.0,0.0,0.0,0.0,2.0,1.0,0.0,0.0,0.0,0.0,0.0,2,1,2.0,2.0,0.0,0.0,0.0,0.0,0.0,2,2,30.0,31.0,0.0,0.0,5,1,0.0,32.0,28.0,5.0,35.0,5,1,0.0,Saturday,993005604.0,29,13,19293.0,-4.0,0,1,0.4,0,
202511731,2025-12-28T20:20:00,1,2025,17,CHI,SF,AWAY,38.0,42.0,80.0,Levi's Stadium,14.0,7.0,7.0,10.0,0.0,26.0,27.0,26:27,26.0,7.0,16.0,3.0,64.0,440,6.9,5.0,22,110,5.0,2,42,25,330,2,0,7.9,13.2,59.5,100.3,12.0,6.0,50.0,2.0,2.0,100.0,3.0,1.0,0.0,0.0,7,39,0.0,0,0,0,1,3,3.0,176.0,58.7,0,1,1,14.0,14.0,7.0,7.0,0.0,33.0,33.0,33:33,32.0,13.0,17.0,2.0,68.0,496,7.3,6.0,34,200,5.9,3,33,24,296,3,1,9.0,12.3,72.7,117.74,10.0,7.0,70.0,1.0,1.0,100.0,5.0,5.0,0.0,0.0,5,55,0.0,0,1,7,3,4,2.0,81.0,40.5,1,0.0,-1.0,33.3,0.0,100.0,0.0,5.0,5.0,0.0,0.0,0.0,0.0,0.0,1,1,6.0,6.0,0.0,0.0,0.0,0.0,0.0,0,0,37.0,33.0,1.0,7.0,6,0,0.0,32.0,21.0,0.0,0.0,5,0,0.0,Sunday,993005625.0,6,31,19288.0,-4.0,0,1,0.5,0,
202511731,2025-12-28T20:20:00,1,2025,17,SF,CHI,HOME,42.0,38.0,80.0,Levi's Stadium,14.0,14.0,7.0,7.0,0.0,33.0,33.0,33:33,32.0,13.0,17.0,2.0,68.0,496,7.3,6.0,34,200,5.9,3,33,24,296,3,1,9.0,12.3,72.7,117.74,10.0,7.0,70.0,1.0,1.0,100.0,5.0,5.0,0.0,0.0,5,55,0.0,0,1,7,3,4,2.0,81.0,40.5,1,0,-1,14.0,7.0,7.0,10.0,0.0,26.0,27.0,26:27,26.0,7.0,16.0,3.0,64.0,440,6.9,5.0,22,110,5.0,2,42,25,330,2,0,7.9,13.2,59.5,100.3,12.0,6.0,50.0,2.0,2.0,100.0,3.0,1.0,0.0,0.0,7,39,0.0,0,0,0,1,3,3.0,176.0,58.7,0,1.0,1.0,100.0,0.0,33.3,0.0,6.0,6.0,0.0,0.0,0.0,0.0,0.0,0,0,5.0,5.0,0.0,0.0,0.0,0.0,0.0,1,1,32.0,21.0,0.0,0.0,5,0,0.0,37.0,33.0,1.0,7.0,6,0,0.0,Sunday,993005626.0,31,6,19288.0,4.0,1,-1,0.7,0,
202511734,2025-12-28T13:00:00,1,2025,17,NO,TEN,AWAY,34.0,26.0,60.0,Nissan Stadium,0.0,10.0,10.0,14.0,0.0,28.0,19.0,28:19,16.0,5.0,11.0,0.0,52.0,423,8.1,4.0,23,103,4.5,1,27,22,320,2,0,11.9,14.5,81.5,140.74,11.0,5.0,45.5,0.0,0.0,0.0,2.0,2.0,0.0,0.0,6,84,2.0,1,2,13,8,6,3.0,96.0,32.0,1,1,0,6.0,14.0,3.0,3.0,0.0,31.0,41.0,31:41,18.0,5.0,12.0,1.0,72.0,336,4.7,2.0,28,108,3.9,0,40,21,228,2,0,5.7,10.9,52.5,86.25,15.0,5.0,33.3,3.0,2.0,66.7,2.0,1.0,0.0,0.0,4,35,2.0,1,4,23,6,4,3.0,151.0,50.3,1,1.0,0.0,100.0,0.0,50.0,0.0,4.0,4.0,0.0,0.0,0.0,0.0,0.0,3,2,2.0,2.0,0.0,0.0,0.0,0.0,0.0,4,4,37.0,29.0,4.0,23.0,7,2,1.0,35.0,19.0,2.0,13.0,1,2,1.0,Sunday,993005613.0,22,34,19286.0,8.0,1,0,0.4545454545454545,0,
202511734,2025-12-28T13:00:00,1,2025,17,TEN,NO,HOME,26.0,34.0,60.0,Nissan Stadium,6.0,14.0,3.0,3.0,0.0,31.0,41.0,31:41,18.0,5.0,12.0,1.0,72.0,336,4.7,2.0,28,108,3.9,0,40,21,228,2,0,5.7,10.9,52.5,86.25,15.0,5.0,33.3,3.0,2.0,66.7,2.0,1.0,0.0,0.0,4,35,2.0,1,4,23,6,4,3.0,151.0,50.3,1,1,0,0.0,10.0,10.0,14.0,0.0,28.0,19.0,28:19,16.0,5.0,11.0,0.0,52.0,423,8.1,4.0,23,103,4.5,1,27,22,320,2,0,11.9,14.5,81.5,140.74,11.0,5.0,45.5,0.0,0.0,0.0,2.0,2.0,0.0,0.0,6,84,2.0,1,2,13,8,6,3.0,96.0,32.0,1,1.0,0.0,50.0,0.0,100.0,0.0,2.0,2.0,0.0,0.0,0.0,0.0,0.0,4,4,4.0,4.0,0.0,0.0,0.0,0.0,0.0,3,2,35.0,19.0,2.0,13.0,1,2,1.0,37.0,29.0,4.0,23.0,7,2,1.0,Sunday,993005614.0,34,22,19286.0,-8.0,0,0,0.3333333333333333,0,
202511735,2025-12-25T13:00:00,1,2025,17,DAL,WAS,AWAY,30.0,23.0,53.0,Northwest Stadium,7.0,17.0,3.0,3.0,0.0,38.0,44.0,38:44,28.0,10.0,13.0,5.0,87.0,480,5.5,3.0,44,211,4.8,1,37,19,269,2,0,7.3,14.2,51.4,93.19,20.0,8.0,40.0,6.0,6.0,100.0,2.0,2.0,0.0,0.0,11,89,0.0,0,6,38,6,6,1.0,53.0,53.0,0,0,0,3.0,7.0,10.0,3.0,0.0,21.0,16.0,21:16,17.0,4.0,10.0,3.0,41.0,328,8.0,2.0,16,138,8.6,2,23,15,190,0,0,8.3,12.7,65.2,90.85,6.0,1.0,16.7,0.0,0.0,0.0,3.0,1.0,0.0,0.0,10,71,0.0,0,2,8,11,4,3.0,130.0,43.3,0,0.0,0.0,100.0,0.0,33.3,0.0,3.0,3.0,0.0,0.0,0.0,0.0,0.0,4,3,2.0,2.0,0.0,0.0,0.0,0.0,0.0,3,3,20.0,23.0,2.0,8.0,3,0,0.0,41.0,48.0,6.0,38.0,8,0,0.0,Thursday,993005597.0,9,35,19052.0,7.0,1,0,0.4,0,
202511735,2025-12-25T13:00:00,1,2025,17,WAS,DAL,HOME,23.0,30.0,53.0,Northwest Stadium,3.0,7.0,10.0,3.0,0.0,21.0,16.0,21:16,17.0,4.0,10.0,3.0,41.0,328,8.0,2.0,16,138,8.6,2,23,15,190,0,0,8.3,12.7,65.2,90.85,6.0,1.0,16.7,0.0,0.0,0.0,3.0,1.0,0.0,0.0,10,71,0.0,0,2,8,11,4,3.0,130.0,43.3,0,0,0,7.0,17.0,3.0,3.0,0.0,38.0,44.0,38:44,28.0,10.0,13.0,5.0,87.0,480,5.5,3.0,44,211,4.8,1,37,19,269,2,0,7.3,14.2,51.4,93.19,20.0,8.0,40.0,6.0,6.0,100.0,2.0,2.0,0.0,0.0,11,89,0.0,0,6,38,6,6,1.0,53.0,53.0,0,0.0,0.0,33.3,0.0,100.0,0.0,2.0,2.0,0.0,0.0,0.0,0.0,0.0,3,3,3.0,3.0,0.0,0.0,0.0,0.0,0.0,4,3,41.0,48.0,6.0,38.0,8,0,0.0,20.0,23.0,2.0,8.0,3,0,0.0,Thursday,993005598.0,35,9,19052.0,-7.0,0,0,0.1666666666666666,0,
202511802,2026-01-04T13:00:00,1,2025,18,ATL,NO,HOME,19.0,17.0,36.0,Mercedes-Benz Stadium,,,,,,,,,14.0,2.0,11.0,1.0,,208,,,25,49,2.0,0,32,18,159,1,1,,,,,14.0,4.0,,1.0,1.0,,,,,,5,42,,0,4,21,4,6,,,,1,2,1,,,,,,,,,16.0,5.0,10.0,1.0,,340,,,26,108,4.2,1,35,23,232,1,1,,,,,16.0,5.0,,3.0,3.0,,,,,,6,40,,1,4,27,9,9,,,,2,,,,,,,,,,,,,,4,4,,,,,,,,2,1,,,4.0,,8,1,,,,4.0,,8,0,,Sunday,,2,22,,2.0,1,1,0.2857142857142857,1,2025_18_NO_ATL
202511802,2026-01-04T13:00:00,1,2025,18,NO,ATL,AWAY,17.0,19.0,36.0,Mercedes-Benz Stadium,,,,,,,,,16.0,5.0,10.0,1.0,,340,,,26,108,4.2,1,35,23,232,1,1,,,,,16.0,5.0,,3.0,3.0,,,,,,6,40,,1,4,27,9,9,,,,2,1,-1,,,,,,,,,14.0,2.0,11.0,1.0,,208,,,25,49,2.0,0,32,18,159,1,1,,,,,14.0,4.0,,1.0,1.0,,,,,,5,42,,0,4,21,4,6,,,,1,,,,,,,,,,,,,,2,1,,,,,,,,4,4,,,4.0,,8,0,,,,4.0,,8,1,,Sunday,,22,2,,-2.0,0,-1,0.3125,0,2025_18_NO_ATL
202511804,2026-01-04T16:25:00,1,2025,18,BUF,NYJ,HOME,35.0,8.0,43.0,New Era Field,,,,,,,,,30.0,13.0,16.0,1.0,,470,,,43,211,4.9,1,29,22,259,4,0,,,,,13.0,6.0,,5.0,3.0,,,,,,3,28,,0,0,0,4,5,,,,0,0,0,,,,,,,,,9.0,3.0,5.0,1.0,,122,,,23,69,3.0,0,22,11,53,1,0,,,,,13.0,5.0,,3.0,1.0,,,,,,4,27,,0,1,7,0,2,,,,0,,,,,,,,,,,,,,0,0,,,,,,,,0,0,,,1.0,,2,0,,,,0.0,,2,0,,Sunday,,4,24,,27.0,1,0,0.46153846153846156,1,2025_18_NYJ_BUF
202511804,2026-01-04T16:25:00,1,2025,18,NYJ,BUF,AWAY,8.0,35.0,43.0,New Era Field,,,,,,,,,9.0,3.0,5.0,1.0,,122,,,23,69,3.0,0,22,11,53,1,0,,,,,13.0,5.0,,3.0,1.0,,,,,,4,27,,0,1,7,0,2,,,,0,0,0,,,,,,,,,30.0,13.0,16.0,1.0,,470,,,43,211,4.9,1,29,22,259,4,0,,,,,13.0,6.0,,5.0,3.0,,,,,,3,28,,0,0,0,4,5,,,,0,,,,,,,,,,,,,,0,0,,,,,,,,0,0,,,0.0,,2,0,,,,1.0,,2,0,,Sunday,,24,4,,-27.0,0,0,0.38461538461538464,0,2025_18_NYJ_BUF
202511806,2026-01-04T16:25:00,1,2025,18,CHI,DET,HOME,16.0,19.0,35.0,Soldier Field,,,,,,,,,16.0,4.0,10.0,2.0,,270,,,18,65,3.6,0,33,20,205,2,1,,,,,11.0,4.0,,2.0,1.0,,,,,,4,25,,0,1,7,8,3,,,,1,1,0,,,,,,,,,26.0,7.0,17.0,2.0,,433,,,27,122,4.5,0,42,27,311,1,1,,,,,13.0,6.0,,0.0,0.0,,,,,,6,35,,0,3,20,4,3,,,,1,,,,,,,,,,,,,,0,0,,,,,,,,5,4,,,3.0,,6,0,,,,1.0,,5,0,,Sunday,,6,11,,-3.0,0,0,0.36363636363636365,1,2025_18_DET_CHI
202511806,2026-01-04T16:25:00,1,2025,18,DET,CHI,AWAY,19.0,16.0,35.0,Soldier Field,,,,,,,,,26.0,7.0,17.0,2.0,,433,,,27,122,4.5,0,42,27,311,1,1,,,,,13.0,6.0,,0.0,0.0,,,,,,6,35,,0,3,20,4,3,,,,1,1,0,,,,,,,,,16.0,4.0,10.0,2.0,,270,,,18,65,3.6,0,33,20,205,2,1,,,,,11.0,4.0,,2.0,1.0,,,,,,4,25,,0,1,7,8,3,,,,1,,,,,,,,,,,,,,5,4,,,,,,,,0,0,,,1.0,,5,0,,,,3.0,,6,0,,Sunday,,11,6,,3.0,1,0,0.46153846153846156,0,2025_18_DET_CHI
202511807,2026-01-04T13:00:00,1,2025,18,CIN,CLE,HOME,18.0,20.0,38.0,Paycor Stadium,,,,,,,,,24.0,8.0,16.0,0.0,,364,,,25,142,5.7,0,39,29,222,3,1,,,,,11.0,5.0,,1.0,1.0,,,,,,6,40,,1,2,14,9,4,,,,2,1,-1,,,,,,,,,11.0,6.0,4.0,1.0,,200,,,24,118,4.9,0,22,11,82,0,0,,,,,14.0,5.0,,1.0,1.0,,,,,,4,40,,1,6,29,5,2,,,,1,,,,,,,,,,,,,,0,0,,,,,,,,2,2,,,6.0,,5,1,,,,2.0,,7,1,,Sunday,,7,8,,-2.0,0,-1,0.45454545454545453,1,2025_18_CLE_CIN
202511807,2026-01-04T13:00:00,1,2025,18,CLE,CIN,AWAY,20.0,18.0,38.0,Paycor Stadium,,,,,,,,,11.0,6.0,4.0,1.0,,200,,,24,118,4.9,0,22,11,82,0,0,,,,,14.0,5.0,,1.0,1.0,,,,,,4,40,,1,6,29,5,2,,,,1,2,1,,,,,,,,,24.0,8.0,16.0,0.0,,364,,,25,142,5.7,0,39,29,222,3,1,,,,,11.0,5.0,,1.0,1.0,,,,,,6,40,,1,2,14,9,4,,,,2,,,,,,,,,,,,,,2,2,,,,,,,,0,0,,,2.0,,7,1,,,,6.0,,5,1,,Sunday,,8,7,,2.0,1,1,0.35714285714285715,0,2025_18_CLE_CIN
202511810,2026-01-04T16:25:00,1,2025,18,DEN,LAC,HOME,19.0,3.0,22.0,Empower Field at Mile High,,,,,,,,,13.0,7.0,6.0,0.0,,240,,,31,116,3.7,0,23,14,124,0,0,,,,,15.0,5.0,,0.0,0.0,,,,,,1,5,,0,4,17,8,5,,,,0,2,2,,,,,,,,,13.0,6.0,7.0,0.0,,217,,,21,113,5.4,0,44,20,104,0,1,,,,,20.0,7.0,,5.0,3.0,,,,,,5,25,,1,4,32,7,7,,,,2,,,,,,,,,,,,,,4,4,,,,,,,,1,1,,,4.0,,8,1,,,,4.0,,3,0,,Sunday,,10,29,,16.0,1,2,0.3333333333333333,1,2025_18_LAC_DEN
202511810,2026-01-04T16:25:00,1,2025,18,LAC,DEN,AWAY,3.0,19.0,22.0,Empower Field at Mile High,,,,,,,,,13.0,6.0,7.0,0.0,,217,,,21,113,5.4,0,44,20,104,0,1,,,,,20.0,7.0,,5.0,3.0,,,,,,5,25,,1,4,32,7,7,,,,2,0,-2,,,,,,,,,13.0,7.0,6.0,0.0,,240,,,31,116,3.7,0,23,14,124,0,0,,,,,15.0,5.0,,0.0,0.0,,,,,,1,5,,0,4,17,8,5,,,,0,,,,,,,,,,,,,,1,1,,,,,,,,4,4,,,4.0,,3,0,,,,4.0,,8,1,,Sunday,,29,10,,-16.0,0,-2,0.35,0,2025_18_LAC_DEN
202511813,2026-01-04T13:00:00,1,2025,18,HOU,IND,HOME,38.0,30.0,68.0,NRG Stadium,,,,,,,,,22.0,10.0,9.0,3.0,,339,,,32,134,4.2,1,32,17,205,1,0,,,,,13.0,4.0,,0.0,0.0,,,,,,7,77,,0,0,0,3,6,,,,0,3,3,,,,,,,,,19.0,7.0,11.0,1.0,,354,,,28,76,2.7,1,35,22,278,2,1,,,,,15.0,8.0,,1.0,1.0,,,,,,7,81,,2,1,8,2,3,,,,3,,,,,,,,,,,,,,6,6,,,,,,,,3,3,,,1.0,,6,2,,,,0.0,,3,0,,Sunday,,13,14,,8.0,1,3,0.3076923076923077,1,2025_18_IND_HOU
202511813,2026-01-04T13:00:00,1,2025,18,IND,HOU,AWAY,30.0,38.0,68.0,NRG Stadium,,,,,,,,,19.0,7.0,11.0,1.0,,354,,,28,76,2.7,1,35,22,278,2,1,,,,,15.0,8.0,,1.0,1.0,,,,,,7,81,,2,1,8,2,3,,,,3,0,-3,,,,,,,,,22.0,10.0,9.0,3.0,,339,,,32,134,4.2,1,32,17,205,1,0,,,,,13.0,4.0,,0.0,0.0,,,,,,7,77,,0,0,0,3,6,,,,0,,,,,,,,,,,,,,3,3,,,,,,,,6,6,,,0.0,,3,0,,,,1.0,,6,2,,Sunday,,14,13,,-8.0,0,-3,0.5333333333333333,0,2025_18_IND_HOU
202511815,2026-01-04T13:00:00,1,2025,18,JAX,TEN,HOME,41.0,7.0,48.0,TIAA Bank Stadium,,,,,,,,,23.0,4.0,17.0,2.0,,319,,,24,64,2.7,1,32,24,255,3,0,,,,,9.0,4.0,,0.0,0.0,,,,,,3,20,,0,2,16,5,5,,,,0,1,1,,,,,,,,,10.0,5.0,5.0,0.0,,194,,,19,77,4.1,1,33,20,117,0,1,,,,,14.0,4.0,,3.0,1.0,,,,,,6,67,,0,1,7,2,5,,,,1,,,,,,,,,,,,,,2,2,,,,,,,,1,0,,,1.0,,4,0,,,,2.0,,3,0,,Sunday,,15,34,,34.0,1,1,0.4444444444444444,1,2025_18_TEN_JAX
202511815,2026-01-04T13:00:00,1,2025,18,TEN,JAX,AWAY,7.0,41.0,48.0,TIAA Bank Stadium,,,,,,,,,10.0,5.0,5.0,0.0,,194,,,19,77,4.1,1,33,20,117,0,1,,,,,14.0,4.0,,3.0,1.0,,,,,,6,67,,0,1,7,2,5,,,,1,0,-1,,,,,,,,,23.0,4.0,17.0,2.0,,319,,,24,64,2.7,1,32,24,255,3,0,,,,,9.0,4.0,,0.0,0.0,,,,,,3,20,,0,2,16,5,5,,,,0,,,,,,,,,,,,,,1,0,,,,,,,,2,2,,,2.0,,3,0,,,,1.0,,4,0,,Sunday,,34,15,,-34.0,0,-1,0.2857142857142857,0,2025_18_TEN_JAX
202511820,2026-01-04T13:00:00,1,2025,18,MIN,GB,HOME,16.0,3.0,19.0,U.S. Bank Stadium,,,,,,,,,23.0,8.0,14.0,1.0,,363,,,31,137,4.4,1,31,21,226,0,0,,,,,10.0,2.0,,1.0,1.0,,,,,,2,20,,1,2,13,5,8,,,,1,0,-1,,,,,,,,,12.0,10.0,1.0,1.0,,121,,,35,128,3.7,0,11,6,-7,0,0,,,,,12.0,3.0,,0.0,0.0,,,,,,4,47,,0,4,41,7,4,,,,0,,,,,,,,,,,,,,3,3,,,,,,,,1,1,,,4.0,,3,1,,,,2.0,,2,1,,Sunday,,20,12,,13.0,1,-1,0.2,1,2025_18_GB_MIN
202511820,2026-01-04T13:00:00,1,2025,18,GB,MIN,AWAY,3.0,16.0,19.0,U.S. Bank Stadium,,,,,,,,,12.0,10.0,1.0,1.0,,121,,,35,128,3.7,0,11,6,-7,0,0,,,,,12.0,3.0,,0.0,0.0,,,,,,4,47,,0,4,41,7,4,,,,0,1,1,,,,,,,,,23.0,8.0,14.0,1.0,,363,,,31,137,4.4,1,31,21,226,0,0,,,,,10.0,2.0,,1.0,1.0,,,,,,2,20,,1,2,13,5,8,,,,1,,,,,,,,,,,,,,1,1,,,,,,,,3,3,,,2.0,,2,1,,,,4.0,,3,1,,Sunday,,12,20,,-13.0,0,1,0.25,0,2025_18_GB_MIN
202511821,2026-01-04T16:25:00,1,2025,18,NE,MIA,HOME,38.0,10.0,48.0,Gillette Stadium,,,,,,,,,22.0,12.0,8.0,2.0,,457,,,34,243,7.1,4,22,17,214,1,0,,,,,10.0,5.0,,1.0,0.0,,,,,,4,52,,0,0,0,9,10,,,,0,2,2,,,,,,,,,13.0,5.0,7.0,1.0,,180,,,25,63,2.5,0,25,16,117,1,1,,,,,13.0,5.0,,1.0,0.0,,,,,,7,52,,1,4,20,3,1,,,,2,,,,,,,,,,,,,,2,1,,,,,,,,1,1,,,4.0,,4,2,,,,0.0,,1,0,,Sunday,,21,19,,28.0,1,2,0.5,1,2025_18_MIA_NE
202511821,2026-01-04T16:25:00,1,2025,18,MIA,NE,AWAY,10.0,38.0,48.0,Gillette Stadium,,,,,,,,,13.0,5.0,7.0,1.0,,180,,,25,63,2.5,0,25,16,117,1,1,,,,,13.0,5.0,,1.0,0.0,,,,,,7,52,,1,4,20,3,1,,,,2,0,-2,,,,,,,,,22.0,12.0,8.0,2.0,,457,,,34,243,7.1,4,22,17,214,1,0,,,,,10.0,5.0,,1.0,0.0,,,,,,4,52,,0,0,0,9,10,,,,0,,,,,,,,,,,,,,1,1,,,,,,,,2,1,,,0.0,,1,0,,,,4.0,,4,2,,Sunday,,19,21,,-28.0,0,-2,0.38461538461538464,0,2025_18_MIA_NE
202511823,2026-01-04T13:00:00,1,2025,18,NYG,DAL,HOME,34.0,17.0,51.0,MetLife Stadium,,,,,,,,,25.0,8.0,14.0,3.0,,380,,,32,161,5.0,1,33,22,219,2,0,,,,,14.0,8.0,,0.0,0.0,,,,,,7,63,,1,4,11,2,5,,,,1,2,1,,,,,,,,,18.0,9.0,8.0,1.0,,286,,,30,143,4.8,2,24,14,143,0,1,,,,,8.0,2.0,,2.0,1.0,,,,,,9,94,,1,0,0,9,7,,,,2,,,,,,,,,,,,,,4,4,,,,,,,,2,1,,,0.0,,4,0,,,,4.0,,2,2,,Sunday,,23,9,,17.0,1,1,0.5714285714285714,1,2025_18_DAL_NYG
202511823,2026-01-04T13:00:00,1,2025,18,DAL,NYG,AWAY,17.0,34.0,51.0,MetLife Stadium,,,,,,,,,18.0,9.0,8.0,1.0,,286,,,30,143,4.8,2,24,14,143,0,1,,,,,8.0,2.0,,2.0,1.0,,,,,,9,94,,1,0,0,9,7,,,,2,1,-1,,,,,,,,,25.0,8.0,14.0,3.0,,380,,,32,161,5.0,1,33,22,219,2,0,,,,,14.0,8.0,,0.0,0.0,,,,,,7,63,,1,4,11,2,5,,,,1,,,,,,,,,,,,,,2,1,,,,,,,,4,4,,,4.0,,2,2,,,,0.0,,4,0,,Sunday,,9,23,,-17.0,0,-1,0.25,0,2025_18_DAL_NYG
202511825,2026-01-04T16:25:00,1,2025,18,LV,KC,HOME,14.0,12.0,26.0,Allegiant Stadium,,,,,,,,,12.0,5.0,5.0,2.0,,204,,,32,118,3.7,0,26,11,86,0,1,,,,,16.0,4.0,,2.0,0.0,,,,,,2,10,,1,3,19,14,7,,,,2,2,0,,,,,,,,,10.0,4.0,6.0,0.0,,168,,,23,84,3.7,0,31,18,84,0,0,,,,,17.0,3.0,,1.0,1.0,,,,,,7,45,,2,8,62,5,8,,,,2,,,,,,,,,,,,,,4,4,,,,,,,,4,4,,,8.0,,5,3,,,,3.0,,7,1,,Sunday,,25,16,,2.0,1,0,0.25,1,2025_18_KC_LV
202511825,2026-01-04T16:25:00,1,2025,18,KC,LV,AWAY,12.0,14.0,26.0,Allegiant Stadium,,,,,,,,,10.0,4.0,6.0,0.0,,168,,,23,84,3.7,0,31,18,84,0,0,,,,,17.0,3.0,,1.0,1.0,,,,,,7,45,,2,8,62,5,8,,,,2,2,0,,,,,,,,,12.0,5.0,5.0,2.0,,204,,,32,118,3.7,0,26,11,86,0,1,,,,,16.0,4.0,,2.0,0.0,,,,,,2,10,,1,3,19,14,7,,,,2,,,,,,,,,,,,,,4,4,,,,,,,,4,4,,,3.0,,7,1,,,,8.0,,5,3,,Sunday,,16,25,,-2.0,0,0,0.17647058823529413,0,2025_18_KC_LV
202511826,2026-01-04T16:25:00,1,2025,18,PHI,WAS,HOME,17.0,24.0,41.0,Lincoln Financial Field,,,,,,,,,18.0,5.0,13.0,0.0,,307,,,19,80,4.2,1,40,21,227,1,1,,,,,14.0,6.0,,3.0,0.0,,,,,,9,123,,0,3,14,4,2,,,,1,2,1,,,,,,,,,25.0,10.0,9.0,6.0,,274,,,41,143,3.5,2,22,14,131,1,1,,,,,11.0,6.0,,1.0,1.0,,,,,,4,19,,1,0,0,6,3,,,,2,,,,,,,,,,,,,,1,1,,,,,,,,2,1,,,0.0,,5,1,,,,3.0,,3,0,,Sunday,,26,35,,-7.0,0,1,0.42857142857142855,1,2025_18_WAS_PHI
202511826,2026-01-04T16:25:00,1,2025,18,WAS,PHI,AWAY,24.0,17.0,41.0,Lincoln Financial Field,,,,,,,,,25.0,10.0,9.0,6.0,,274,,,41,143,3.5,2,22,14,131,1,1,,,,,11.0,6.0,,1.0,1.0,,,,,,4,19,,1,0,0,6,3,,,,2,1,-1,,,,,,,,,18.0,5.0,13.0,0.0,,307,,,19,80,4.2,1,40,21,227,1,1,,,,,14.0,6.0,,3.0,0.0,,,,,,9,123,,0,3,14,4,2,,,,1,,,,,,,,,,,,,,2,1,,,,,,,,1,1,,,3.0,,3,0,,,,0.0,,5,1,,Sunday,,35,26,,7.0,1,-1,0.5454545454545454,0,2025_18_WAS_PHI
202511828,2026-01-04T20:20:00,1,2025,18,PIT,BAL,HOME,26.0,24.0,50.0,Acrisure Stadium,,,,,,,,,24.0,8.0,14.0,2.0,,390,,,24,100,4.2,2,47,31,290,1,0,,,,,16.0,9.0,,2.0,1.0,,,,,,5,45,,0,2,4,5,3,,,,0,1,1,,,,,,,,,12.0,6.0,5.0,1.0,,359,,,27,137,5.1,0,18,11,222,3,1,,,,,12.0,4.0,,2.0,2.0,,,,,,9,78,,0,3,16,3,3,,,,1,,,,,,,,,,,,,,2,2,,,,,,,,2,1,,,3.0,,4,0,,,,2.0,,5,0,,Sunday,,28,3,,2.0,1,1,0.5625,1,2025_18_BAL_PIT
202511828,2026-01-04T20:20:00,1,2025,18,BAL,PIT,AWAY,24.0,26.0,50.0,Acrisure Stadium,,,,,,,,,12.0,6.0,5.0,1.0,,359,,,27,137,5.1,0,18,11,222,3,1,,,,,12.0,4.0,,2.0,2.0,,,,,,9,78,,0,3,16,3,3,,,,1,0,-1,,,,,,,,,24.0,8.0,14.0,2.0,,390,,,24,100,4.2,2,47,31,290,1,0,,,,,16.0,9.0,,2.0,1.0,,,,,,5,45,,0,2,4,5,3,,,,0,,,,,,,,,,,,,,2,1,,,,,,,,2,2,,,2.0,,5,0,,,,3.0,,4,0,,Sunday,,3,28,,-2.0,0,-1,0.3333333333333333,0,2025_18_BAL_PIT
202511831,2026-01-03T20:00:00,1,2025,18,SF,SEA,HOME,3.0,13.0,16.0,Levi's Stadium,,,,,,,,,9.0,1.0,8.0,0.0,,173,,,12,53,4.4,0,27,19,120,0,1,,,,,9.0,2.0,,2.0,0.0,,,,,,3,31,,0,3,7,3,5,,,,1,0,-1,,,,,,,,,23.0,10.0,11.0,2.0,,361,,,39,180,4.6,1,26,20,181,0,0,,,,,13.0,6.0,,1.0,0.0,,,,,,5,25,,0,2,17,8,4,,,,0,,,,,,,,,,,,,,1,1,,,,,,,,4,2,,,2.0,,3,0,,,,3.0,,5,0,,Saturday,,31,30,,-10.0,0,-1,0.2222222222222222,1,2025_18_SEA_SF
202511831,2026-01-03T20:00:00,1,2025,18,SEA,SF,AWAY,13.0,3.0,16.0,Levi's Stadium,,,,,,,,,23.0,10.0,11.0,2.0,,361,,,39,180,4.6,1,26,20,181,0,0,,,,,13.0,6.0,,1.0,0.0,,,,,,5,25,,0,2,17,8,4,,,,0,1,1,,,,,,,,,9.0,1.0,8.0,0.0,,173,,,12,53,4.4,0,27,19,120,0,1,,,,,9.0,2.0,,2.0,0.0,,,,,,3,31,,0,3,7,3,5,,,,1,,,,,,,,,,,,,,4,2,,,,,,,,1,1,,,3.0,,5,0,,,,2.0,,3,0,,Saturday,,30,31,,10.0,1,1,0.46153846153846156,0,2025_18_SEA_SF
202511832,2026-01-04T16:25:00,1,2025,18,LAR,ARI,HOME,37.0,20.0,57.0,SoFi Stadium,,,,,,,,,25.0,9.0,16.0,0.0,,395,,,31,143,4.6,0,40,25,252,4,0,,,,,16.0,9.0,,1.0,1.0,,,,,,4,20,,0,1,7,12,7,,,,0,2,2,,,,,,,,,17.0,4.0,13.0,0.0,,317,,,15,79,5.3,0,32,23,238,2,1,,,,,11.0,4.0,,2.0,1.0,,,,,,6,45,,1,6,33,4,4,,,,2,,,,,,,,,,,,,,3,3,,,,,,,,2,2,,,6.0,,3,1,,,,1.0,,4,0,,Sunday,,32,1,,17.0,1,2,0.5625,1,2025_18_ARI_LA
202511832,2026-01-04T16:25:00,1,2025,18,ARI,LAR,AWAY,20.0,37.0,57.0,SoFi Stadium,,,,,,,,,17.0,4.0,13.0,0.0,,317,,,15,79,5.3,0,32,23,238,2,1,,,,,11.0,4.0,,2.0,1.0,,,,,,6,45,,1,6,33,4,4,,,,2,0,-2,,,,,,,,,25.0,9.0,16.0,0.0,,395,,,31,143,4.6,0,40,25,252,4,0,,,,,16.0,9.0,,1.0,1.0,,,,,,4,20,,0,1,7,12,7,,,,0,,,,,,,,,,,,,,2,2,,,,,,,,3,3,,,1.0,,4,0,,,,6.0,,3,1,,Sunday,,1,32,,-17.0,0,-2,0.36363636363636365,0,2025_18_ARI_LA
202511833,2026-01-03T16:30:00,1,2025,18,TB,CAR,HOME,16.0,14.0,30.0,Raymond James Stadium,,,,,,,,,21.0,7.0,12.0,2.0,,338,,,42,140,3.3,0,22,16,198,1,1,,,,,15.0,8.0,,0.0,0.0,,,,,,6,45,,0,2,5,1,3,,,,1,3,2,,,,,,,,,16.0,1.0,13.0,2.0,,285,,,14,19,1.4,0,35,24,266,2,1,,,,,8.0,1.0,,2.0,2.0,,,,,,5,46,,2,0,0,4,5,,,,3,,,,,,,,,,,,,,4,3,,,,,,,,1,0,,,0.0,,2,0,,,,2.0,,3,1,,Saturday,,33,5,,2.0,1,2,0.5333333333333333,1,2025_18_CAR_TB
202511833,2026-01-03T16:30:00,1,2025,18,CAR,TB,AWAY,14.0,16.0,30.0,Raymond James Stadium,,,,,,,,,16.0,1.0,13.0,2.0,,285,,,14,19,1.4,0,35,24,266,2,1,,,,,8.0,1.0,,2.0,2.0,,,,,,5,46,,2,0,0,4,5,,,,3,1,-2,,,,,,,,,21.0,7.0,12.0,2.0,,338,,,42,140,3.3,0,22,16,198,1,1,,,,,15.0,8.0,,0.0,0.0,,,,,,6,45,,0,2,5,1,3,,,,1,,,,,,,,,,,,,,1,0,,,,,,,,4,3,,,2.0,,3,1,,,,0.0,,2,0,,Saturday,,5,33,,-2.0,0,-2,0.125,0,2025_18_CAR_TB
